t_s,x_m,y_m,heading_rad,mode,reason,v_m_s,w_rad_s,left_duty,right_duty,brush_duty,belt_duty,collected,battery_v,left_a,right_a,brush_a,belt_a,left_counts,right_counts,left_mps,right_mps
0.00,0.00000,0.00000,0.00000,AUTO,MODEL_PROPOSAL,0.1999,0.0666,0.0400,0.0400,0.0000,0.0000,0,25.60000,0.15000,0.15000,0.00000,0.00000,0,0,0.000000,0.000000
0.02,0.00003,0.00000,0.00000,AUTO,MODEL_PROPOSAL,0.1999,0.0666,0.0800,0.0800,0.0000,0.0000,0,25.60000,0.19000,0.19000,0.00000,0.00000,0,0,0.001728,0.001728
0.04,0.00011,0.00000,0.00000,AUTO,MODEL_PROPOSAL,0.1999,0.0666,0.1200,0.1200,0.0000,0.0000,0,25.60000,0.23000,0.23000,0.00000,0.00000,0,0,0.004998,0.004998
0.06,0.00028,0.00000,0.00000,AUTO,MODEL_PROPOSAL,0.1999,0.0667,0.1600,0.1600,0.0000,0.0000,0,25.60000,0.27000,0.27000,0.00000,0.00000,1,1,0.009644,0.009644
0.08,0.00056,0.00000,0.00000,AUTO,MODEL_PROPOSAL,0.1999,0.0667,0.2000,0.2000,0.0000,0.0000,0,25.60000,0.31000,0.31000,0.00000,0.00000,2,2,0.015516,0.015516
0.10,0.00098,0.00000,0.00000,AUTO,MODEL_PROPOSAL,0.1999,0.0667,0.2400,0.2400,0.0000,0.0000,0,25.60000,0.35000,0.35000,0.00000,0.00000,3,3,0.022481,0.022481
0.12,0.00155,0.00000,0.00000,AUTO,MODEL_PROPOSAL,0.1999,0.0667,0.2800,0.2800,0.0000,0.0000,0,25.60000,0.39000,0.39000,0.00000,0.00000,5,5,0.030423,0.030423
0.14,0.00229,0.00000,0.00000,AUTO,MODEL_PROPOSAL,0.1999,0.0667,0.3200,0.3200,0.0000,0.0000,0,25.59999,0.43000,0.43000,0.00000,0.00000,7,7,0.039236,0.039236
0.16,0.00322,0.00000,0.00000,AUTO,MODEL_PROPOSAL,0.1999,0.0668,0.3600,0.3600,0.0000,0.0000,0,25.59999,0.47000,0.47000,0.00000,0.00000,10,10,0.048824,0.048824
0.18,0.00435,0.00000,0.00000,AUTO,MODEL_PROPOSAL,0.1999,0.0668,0.4000,0.4000,0.0000,0.0000,0,25.59999,0.51000,0.51000,0.00000,0.00000,14,14,0.059106,0.059106
0.20,0.00570,0.00000,0.00000,AUTO,MODEL_PROPOSAL,0.1999,0.0669,0.4400,0.4400,0.0000,0.0000,0,25.59999,0.55000,0.55000,0.00000,0.00000,19,19,0.070005,0.070005
0.22,0.00727,0.00000,0.00000,AUTO,MODEL_PROPOSAL,0.1999,0.0670,0.4800,0.4800,0.0000,0.0000,0,25.59999,0.59000,0.59000,0.00000,0.00000,24,24,0.081455,0.081455
0.24,0.00908,0.00000,0.00000,AUTO,MODEL_PROPOSAL,0.1999,0.0670,0.5200,0.5200,0.0000,0.0000,0,25.59999,0.63000,0.63000,0.00000,0.00000,30,30,0.093396,0.093396
0.26,0.01114,0.00000,0.00000,AUTO,MODEL_PROPOSAL,0.1999,0.0671,0.5600,0.5600,0.0000,0.0000,0,25.59998,0.67000,0.67000,0.00000,0.00000,36,36,0.105776,0.105776
0.28,0.01345,0.00000,0.00000,AUTO,MODEL_PROPOSAL,0.1999,0.0672,0.5716,0.6000,0.0000,0.0000,0,25.59998,0.71000,0.71000,0.00000,0.00000,44,44,0.118548,0.118548
0.30,0.01601,0.00000,0.00004,AUTO,MODEL_PROPOSAL,0.1999,0.0673,0.5727,0.6400,0.0000,0.0000,0,25.59998,0.72157,0.75000,0.00000,0.00000,52,52,0.130439,0.131667
0.32,0.01881,0.00000,0.00017,AUTO,MODEL_PROPOSAL,0.1999,0.0671,0.5554,0.6800,0.0000,0.0000,0,25.59997,0.72274,0.79000,0.00000,0.00000,61,61,0.141097,0.145098
0.34,0.02184,0.00000,0.00048,AUTO,MODEL_PROPOSAL,0.1999,0.0667,0.5380,0.6547,0.0000,0.0000,0,25.59997,0.70537,0.83000,0.00000,0.00000,71,72,0.149852,0.158807
0.36,0.02507,0.00000,0.00096,AUTO,MODEL_PROPOSAL,0.1999,0.0658,0.5394,0.6736,0.0000,0.0000,0,25.59997,0.68801,0.80465,0.00000,0.00000,81,82,0.156912,0.169939
0.38,0.02847,0.00001,0.00162,AUTO,MODEL_PROPOSAL,0.1999,0.0647,0.5411,0.6363,0.0000,0.0000,0,25.59997,0.68938,0.82357,0.00000,0.00000,91,94,0.163268,0.180687
0.40,0.03201,0.00002,0.00238,AUTO,MODEL_PROPOSAL,0.1999,0.0633,0.5243,0.6357,0.0000,0.0000,0,25.59996,0.69107,0.78634,0.00000,0.00000,102,106,0.169010,0.188664
0.42,0.03567,0.00003,0.00325,AUTO,MODEL_PROPOSAL,0.1999,0.0617,0.5073,0.6162,0.0000,0.0000,0,25.59996,0.67426,0.78572,0.00000,0.00000,114,119,0.173406,0.195753
0.44,0.03943,0.00004,0.00421,AUTO,MODEL_PROPOSAL,0.1999,0.0600,0.5277,0.6149,0.0000,0.0000,0,25.59996,0.65734,0.76618,0.00000,0.00000,125,132,0.176596,0.201232
0.46,0.04327,0.00006,0.00523,AUTO,MODEL_PROPOSAL,0.1999,0.0581,0.5111,0.6135,0.0000,0.0000,0,25.59995,0.67773,0.76488,0.00000,0.00000,137,145,0.180322,0.206063
0.48,0.04719,0.00009,0.00631,AUTO,MODEL_PROPOSAL,0.1999,0.0561,0.5130,0.5932,0.0000,0.0000,0,25.59995,0.66111,0.76345,0.00000,0.00000,149,159,0.182928,0.210310
0.50,0.05116,0.00011,0.00742,AUTO,MODEL_PROPOSAL,0.1999,0.0540,0.5150,0.5913,0.0000,0.0000,0,25.59995,0.66302,0.74319,0.00000,0.00000,161,173,0.185335,0.213223
0.52,0.05518,0.00015,0.00854,AUTO,MODEL_PROPOSAL,0.1999,0.0519,0.5170,0.5893,0.0000,0.0000,0,25.59995,0.66501,0.74127,0.00000,0.00000,173,187,0.187567,0.215739
0.54,0.05925,0.00019,0.00967,AUTO,MODEL_PROPOSAL,0.1999,0.0498,0.5191,0.5873,0.0000,0.0000,0,25.59994,0.66703,0.73931,0.00000,0.00000,185,201,0.189646,0.217898
0.56,0.06335,0.00023,0.01080,AUTO,MODEL_PROPOSAL,0.1999,0.0477,0.5024,0.5853,0.0000,0.0000,0,25.59994,0.66908,0.73732,0.00000,0.00000,198,215,0.191589,0.219738
0.58,0.06748,0.00028,0.01194,AUTO,MODEL_PROPOSAL,0.1999,0.0455,0.5229,0.5646,0.0000,0.0000,0,25.59994,0.65242,0.73533,0.00000,0.00000,210,230,0.192602,0.221292
0.60,0.07164,0.00033,0.01305,AUTO,MODEL_PROPOSAL,0.2000,0.0434,0.5063,0.5810,0.0000,0.0000,0,25.59994,0.67293,0.71457,0.00000,0.00000,223,244,0.194392,0.221783
0.62,0.07582,0.00039,0.01416,AUTO,MODEL_PROPOSAL,0.2000,0.0413,0.5080,0.5603,0.0000,0.0000,0,25.59993,0.65626,0.73099,0.00000,0.00000,236,259,0.195268,0.222929
0.64,0.08000,0.00045,0.01524,AUTO,MODEL_PROPOSAL,0.2000,0.0393,0.5285,0.5767,0.0000,0.0000,0,25.59993,0.65801,0.71027,0.00000,0.00000,248,273,0.196125,0.223056
0.66,0.08421,0.00052,0.01629,AUTO,MODEL_PROPOSAL,0.2000,0.0373,0.5117,0.5560,0.0000,0.0000,0,25.59993,0.67845,0.72670,0.00000,0.00000,261,288,0.197773,0.223880
0.68,0.08844,0.00059,0.01731,AUTO,MODEL_PROPOSAL,0.2000,0.0354,0.5134,0.5726,0.0000,0.0000,0,25.59993,0.66173,0.70604,0.00000,0.00000,274,302,0.198521,0.223722
0.70,0.09267,0.00067,0.01831,AUTO,MODEL_PROPOSAL,0.2000,0.0335,0.5150,0.5520,0.0000,0.0000,0,25.59992,0.66336,0.72256,0.00000,0.00000,287,317,0.199257,0.224294
0.72,0.09690,0.00075,0.01928,AUTO,MODEL_PROPOSAL,0.2000,0.0316,0.5165,0.5498,0.0000,0.0000,0,25.59992,0.66497,0.70197,0.00000,0.00000,300,332,0.199985,0.223916
0.74,0.10114,0.00083,0.02020,AUTO,MODEL_PROPOSAL,0.2000,0.0299,0.5180,0.5665,0.0000,0.0000,0,25.59992,0.66654,0.69983,0.00000,0.00000,313,346,0.200701,0.223486
0.76,0.10539,0.00092,0.02110,AUTO,MODEL_PROPOSAL,0.2000,0.0282,0.5195,0.5460,0.0000,0.0000,0,25.59992,0.66803,0.71648,0.00000,0.00000,326,361,0.201404,0.223821
0.78,0.10965,0.00101,0.02196,AUTO,MODEL_PROPOSAL,0.2000,0.0265,0.5022,0.5628,0.0000,0.0000,0,25.59991,0.66950,0.69604,0.00000,0.00000,340,375,0.202095,0.223237
0.80,0.11390,0.00111,0.02282,AUTO,MODEL_PROPOSAL,0.2000,0.0249,0.5220,0.5424,0.0000,0.0000,0,25.59991,0.65218,0.71278,0.00000,0.00000,353,390,0.201963,0.223440
0.82,0.11815,0.00121,0.02363,AUTO,MODEL_PROPOSAL,0.2000,0.0233,0.5233,0.5592,0.0000,0.0000,0,25.59991,0.67199,0.69239,0.00000,0.00000,366,404,0.202701,0.222740
0.84,0.12241,0.00131,0.02441,AUTO,MODEL_PROPOSAL,0.2000,0.0218,0.5246,0.5389,0.0000,0.0000,0,25.59990,0.67334,0.70919,0.00000,0.00000,379,419,0.203418,0.222841
0.86,0.12667,0.00142,0.02515,AUTO,MODEL_PROPOSAL,0.2000,0.0204,0.5258,0.5558,0.0000,0.0000,0,25.59990,0.67463,0.68891,0.00000,0.00000,392,433,0.204113,0.222054
0.88,0.13094,0.00153,0.02584,AUTO,MODEL_PROPOSAL,0.2000,0.0191,0.5083,0.5357,0.0000,0.0000,0,25.59990,0.67584,0.70583,0.00000,0.00000,406,448,0.204785,0.222084
0.90,0.13520,0.00164,0.02652,AUTO,MODEL_PROPOSAL,0.2000,0.0178,0.5278,0.5527,0.0000,0.0000,0,25.59990,0.65828,0.68569,0.00000,0.00000,419,462,0.204626,0.221241
0.92,0.13946,0.00176,0.02716,AUTO,MODEL_PROPOSAL,0.2000,0.0166,0.5289,0.5326,0.0000,0.0000,0,25.59989,0.67781,0.70270,0.00000,0.00000,432,477,0.205328,0.221223
0.94,0.14372,0.00187,0.02775,AUTO,MODEL_PROPOSAL,0.2000,0.0154,0.5111,0.5498,0.0000,0.0000,0,25.59989,0.67888,0.68264,0.00000,0.00000,446,491,0.206000,0.220341
0.96,0.14798,0.00199,0.02832,AUTO,MODEL_PROPOSAL,0.2000,0.0143,0.5305,0.5485,0.0000,0.0000,0,25.59989,0.66115,0.69979,0.00000,0.00000,459,505,0.205834,0.220295
0.98,0.15225,0.00212,0.02888,AUTO,MODEL_PROPOSAL,0.2000,0.0133,0.5127,0.5286,0.0000,0.0000,0,25.59989,0.68052,0.69854,0.00000,0.00000,473,520,0.206523,0.220200
1.00,0.15650,0.00224,0.02940,AUTO,MODEL_PROPOSAL,0.2000,0.0123,0.5320,0.5459,0.0000,0.0000,0,25.59988,0.66274,0.67861,0.00000,0.00000,486,534,0.206369,0.219255
1.02,0.16076,0.00237,0.02989,AUTO,MODEL_PROPOSAL,0.2000,0.0113,0.5142,0.5447,0.0000,0.0000,0,25.59988,0.68204,0.69586,0.00000,0.00000,500,548,0.207065,0.219156
1.04,0.16502,0.00250,0.03038,AUTO,MODEL_PROPOSAL,0.2000,0.0104,0.5334,0.5249,0.0000,0.0000,0,25.59988,0.66415,0.69475,0.00000,0.00000,513,563,0.206913,0.219020
1.06,0.16927,0.00263,0.03081,AUTO,MODEL_PROPOSAL,0.2000,0.0095,0.5154,0.5423,0.0000,0.0000,0,25.59988,0.68339,0.67493,0.00000,0.00000,527,577,0.207609,0.218043
1.08,0.17353,0.00276,0.03123,AUTO,MODEL_PROPOSAL,0.2000,0.0087,0.5345,0.5413,0.0000,0.0000,0,25.59987,0.66541,0.69232,0.00000,0.00000,540,591,0.207453,0.217922
1.10,0.17778,0.00289,0.03162,AUTO,MODEL_PROPOSAL,0.2000,0.0080,0.5165,0.5404,0.0000,0.0000,0,25.59987,0.68454,0.69132,0.00000,0.00000,554,605,0.208140,0.217772
1.12,0.18204,0.00303,0.03201,AUTO,MODEL_PROPOSAL,0.2000,0.0072,0.5356,0.5207,0.0000,0.0000,0,25.59987,0.66650,0.69036,0.00000,0.00000,567,620,0.207974,0.217596
1.14,0.18629,0.00317,0.03234,AUTO,MODEL_PROPOSAL,0.2000,0.0066,0.5174,0.5382,0.0000,0.0000,0,25.59987,0.68557,0.67070,0.00000,0.00000,581,634,0.208649,0.216589
1.16,0.19054,0.00330,0.03266,AUTO,MODEL_PROPOSAL,0.2000,0.0060,0.5177,0.5374,0.0000,0.0000,0,25.59986,0.66743,0.68825,0.00000,0.00000,595,648,0.208468,0.216450
1.18,0.19478,0.00344,0.03298,AUTO,MODEL_PROPOSAL,0.2000,0.0053,0.5366,0.5366,0.0000,0.0000,0,25.59986,0.66768,0.68741,0.00000,0.00000,608,662,0.208318,0.216289
1.20,0.19903,0.00359,0.03327,AUTO,MODEL_PROPOSAL,0.2000,0.0048,0.5184,0.5358,0.0000,0.0000,0,25.59986,0.68665,0.68657,0.00000,0.00000,622,676,0.209003,0.216110
1.22,0.20327,0.00373,0.03356,AUTO,MODEL_PROPOSAL,0.2000,0.0042,0.5374,0.5350,0.0000,0.0000,0,25.59986,0.66845,0.68577,0.00000,0.00000,635,690,0.208827,0.215915
1.24,0.20752,0.00387,0.03381,AUTO,MODEL_PROPOSAL,0.2000,0.0037,0.5191,0.5342,0.0000,0.0000,0,25.59985,0.68736,0.68499,0.00000,0.00000,649,704,0.209488,0.215708
1.26,0.21177,0.00402,0.03406,AUTO,MODEL_PROPOSAL,0.2000,0.0032,0.5192,0.5335,0.0000,0.0000,0,25.59985,0.66910,0.68425,0.00000,0.00000,663,718,0.209289,0.215491
1.28,0.21601,0.00416,0.03431,AUTO,MODEL_PROPOSAL,0.2000,0.0028,0.5381,0.5328,0.0000,0.0000,0,25.59985,0.66924,0.68352,0.00000,0.00000,676,732,0.209117,0.215266
1.30,0.22026,0.00431,0.03453,AUTO,MODEL_PROPOSAL,0.2000,0.0023,0.5198,0.5321,0.0000,0.0000,0,25.59985,0.68809,0.68279,0.00000,0.00000,690,746,0.209778,0.215034
1.32,0.22450,0.00445,0.03474,AUTO,MODEL_PROPOSAL,0.2000,0.0019,0.5199,0.5314,0.0000,0.0000,0,25.59984,0.66978,0.68211,0.00000,0.00000,704,760,0.209576,0.214797
1.34,0.22874,0.00460,0.03494,AUTO,MODEL_PROPOSAL,0.2000,0.0015,0.5386,0.5308,0.0000,0.0000,0,25.59984,0.66985,0.68144,0.00000,0.00000,717,774,0.209399,0.214557
1.36,0.23298,0.00475,0.03512,AUTO,MODEL_PROPOSAL,0.2000,0.0011,0.5203,0.5302,0.0000,0.0000,0,25.59984,0.68864,0.68078,0.00000,0.00000,731,788,0.210054,0.214315
1.38,0.23721,0.00490,0.03529,AUTO,MODEL_PROPOSAL,0.2000,0.0008,0.5203,0.5296,0.0000,0.0000,0,25.59984,0.67026,0.68016,0.00000,0.00000,745,802,0.209843,0.214071
1.40,0.24145,0.00505,0.03546,AUTO,MODEL_PROPOSAL,0.2000,0.0005,0.5390,0.5290,0.0000,0.0000,0,25.59983,0.67027,0.67956,0.00000,0.00000,758,816,0.209656,0.213829
1.42,0.24568,0.00520,0.03560,AUTO,MODEL_PROPOSAL,0.2000,0.0002,0.5206,0.5284,0.0000,0.0000,0,25.59983,0.68900,0.67896,0.00000,0.00000,772,830,0.210298,0.213586
1.44,0.24991,0.00535,0.03573,AUTO,MODEL_PROPOSAL,0.2000,-0.0001,0.5205,0.5279,0.0000,0.0000,0,25.59983,0.67055,0.67841,0.00000,0.00000,786,844,0.210074,0.213346
1.46,0.25414,0.00550,0.03586,AUTO,MODEL_PROPOSAL,0.2000,-0.0003,0.5392,0.5273,0.0000,0.0000,0,25.59983,0.67050,0.67787,0.00000,0.00000,799,858,0.209871,0.213108
1.48,0.25837,0.00566,0.03596,AUTO,MODEL_PROPOSAL,0.2000,-0.0005,0.5207,0.5268,0.0000,0.0000,0,25.59982,0.68916,0.67733,0.00000,0.00000,813,872,0.210497,0.212873
1.50,0.26260,0.00581,0.03606,AUTO,MODEL_PROPOSAL,0.2000,-0.0007,0.5205,0.5264,0.0000,0.0000,0,25.59982,0.67066,0.67684,0.00000,0.00000,827,886,0.210256,0.212642
1.52,0.26682,0.00596,0.03615,AUTO,MODEL_PROPOSAL,0.2000,-0.0009,0.5204,0.5446,0.0000,0.0000,0,25.59982,0.67054,0.67636,0.00000,0.00000,841,899,0.210036,0.212416
1.54,0.27105,0.00611,0.03627,AUTO,MODEL_PROPOSAL,0.2000,-0.0012,0.5391,0.5257,0.0000,0.0000,0,25.59982,0.67043,0.69460,0.00000,0.00000,854,913,0.209834,0.213002
1.56,0.27528,0.00627,0.03637,AUTO,MODEL_PROPOSAL,0.2000,-0.0014,0.5206,0.5252,0.0000,0.0000,0,25.59981,0.68908,0.67567,0.00000,0.00000,868,927,0.210461,0.212706
1.58,0.27950,0.00642,0.03646,AUTO,MODEL_PROPOSAL,0.2000,-0.0015,0.5205,0.5247,0.0000,0.0000,0,25.59981,0.67057,0.67518,0.00000,0.00000,882,941,0.210219,0.212421
1.60,0.28372,0.00658,0.03655,AUTO,MODEL_PROPOSAL,0.2000,-0.0017,0.5390,0.5242,0.0000,0.0000,0,25.59981,0.67045,0.67471,0.00000,0.00000,895,955,0.209999,0.212147
1.62,0.28794,0.00673,0.03661,AUTO,MODEL_PROPOSAL,0.2000,-0.0018,0.5205,0.5238,0.0000,0.0000,0,25.59981,0.68904,0.67424,0.00000,0.00000,909,969,0.210606,0.211882
1.64,0.29216,0.00689,0.03666,AUTO,MODEL_PROPOSAL,0.2000,-0.0020,0.5203,0.5234,0.0000,0.0000,0,25.59980,0.67047,0.67382,0.00000,0.00000,923,983,0.210345,0.211628
1.66,0.29637,0.00704,0.03671,AUTO,MODEL_PROPOSAL,0.2000,-0.0021,0.5388,0.5417,0.0000,0.0000,0,25.59980,0.67028,0.67341,0.00000,0.00000,936,996,0.210104,0.211383
1.68,0.30059,0.00720,0.03676,AUTO,MODEL_PROPOSAL,0.2000,-0.0022,0.5202,0.5229,0.0000,0.0000,0,25.59980,0.68881,0.69172,0.00000,0.00000,950,1010,0.210689,0.211956
1.70,0.30481,0.00735,0.03681,AUTO,MODEL_PROPOSAL,0.2000,-0.0023,0.5200,0.5225,0.0000,0.0000,0,25.59980,0.67022,0.67290,0.00000,0.00000,964,1024,0.210408,0.211654
1.72,0.30903,0.00751,0.03686,AUTO,MODEL_PROPOSAL,0.2000,-0.0024,0.5199,0.5221,0.0000,0.0000,0,25.59979,0.67004,0.67250,0.00000,0.00000,978,1038,0.210150,0.211367
1.74,0.31323,0.00766,0.03691,AUTO,MODEL_PROPOSAL,0.2000,-0.0025,0.5384,0.5404,0.0000,0.0000,0,25.59979,0.66985,0.67209,0.00000,0.00000,991,1051,0.209911,0.211094
1.76,0.31745,0.00782,0.03695,AUTO,MODEL_PROPOSAL,0.2000,-0.0026,0.5198,0.5216,0.0000,0.0000,0,25.59979,0.68838,0.69040,0.00000,0.00000,1005,1065,0.210499,0.211641
1.78,0.32166,0.00797,0.03700,AUTO,MODEL_PROPOSAL,0.2000,-0.0027,0.5196,0.5212,0.0000,0.0000,0,25.59979,0.66979,0.67159,0.00000,0.00000,1019,1079,0.210220,0.211317
1.80,0.32587,0.00813,0.03704,AUTO,MODEL_PROPOSAL,0.2000,-0.0028,0.5381,0.5208,0.0000,0.0000,0,25.59978,0.66959,0.67119,0.00000,0.00000,1032,1093,0.209963,0.211010
1.82,0.33008,0.00829,0.03706,AUTO,MODEL_PROPOSAL,0.2000,-0.0028,0.5195,0.5204,0.0000,0.0000,0,25.59978,0.68812,0.67080,0.00000,0.00000,1046,1107,0.210533,0.210719
1.84,0.33429,0.00844,0.03706,AUTO,MODEL_PROPOSAL,0.2000,-0.0029,0.5192,0.5388,0.0000,0.0000,0,25.59978,0.66947,0.67045,0.00000,0.00000,1060,1120,0.210237,0.210445
1.86,0.33849,0.00860,0.03710,AUTO,MODEL_PROPOSAL,0.2000,-0.0029,0.5190,0.5200,0.0000,0.0000,0,25.59978,0.66921,0.68883,0.00000,0.00000,1074,1134,0.209961,0.210994
1.88,0.34269,0.00875,0.03714,AUTO,MODEL_PROPOSAL,0.2000,-0.0030,0.5375,0.5196,0.0000,0.0000,0,25.59977,0.66900,0.67004,0.00000,0.00000,1087,1148,0.209706,0.210672
1.90,0.34690,0.00891,0.03715,AUTO,MODEL_PROPOSAL,0.2000,-0.0031,0.5189,0.5380,0.0000,0.0000,0,25.59977,0.68752,0.66965,0.00000,0.00000,1101,1161,0.210278,0.210368
1.92,0.35110,0.00907,0.03718,AUTO,MODEL_PROPOSAL,0.2000,-0.0031,0.5186,0.5192,0.0000,0.0000,0,25.59977,0.66886,0.68802,0.00000,0.00000,1115,1175,0.209983,0.210891
1.94,0.35530,0.00922,0.03721,AUTO,MODEL_PROPOSAL,0.2000,-0.0032,0.5372,0.5189,0.0000,0.0000,0,25.59977,0.66865,0.66924,0.00000,0.00000,1128,1189,0.209710,0.210546
1.96,0.35951,0.00938,0.03722,AUTO,MODEL_PROPOSAL,0.2000,-0.0032,0.5185,0.5185,0.0000,0.0000,0,25.59976,0.68715,0.66885,0.00000,0.00000,1142,1203,0.210267,0.210221
1.98,0.36370,0.00954,0.03722,AUTO,MODEL_PROPOSAL,0.2000,-0.0032,0.5182,0.5369,0.0000,0.0000,0,25.59976,0.66849,0.66852,0.00000,0.00000,1156,1216,0.209957,0.209917
2.00,0.36790,0.00969,0.03724,AUTO,MODEL_PROPOSAL,0.1980,-0.0033,0.5292,0.5106,0.0000,0.0000,0,25.59976,0.66822,0.68691,0.00000,0.00000,1169,1230,0.209668,0.210441
2.02,0.37210,0.00985,0.03724,AUTO,MODEL_PROPOSAL,0.1950,-0.0033,0.4995,0.4993,0.0000,0.0000,0,25.59976,0.67916,0.66059,0.00000,0.00000,1183,1244,0.209884,0.209771
2.04,0.37627,0.01000,0.03724,AUTO,MODEL_PROPOSAL,0.1921,-0.0033,0.4883,0.5067,0.0000,0.0000,0,25.59975,0.64953,0.64929,0.00000,0.00000,1197,1257,0.208796,0.208685
2.06,0.38043,0.01016,0.03726,AUTO,MODEL_PROPOSAL,0.1892,-0.0034,0.4958,0.4770,0.0000,0.0000,0,25.59975,0.63827,0.65671,0.00000,0.00000,1210,1271,0.207339,0.208036
2.08,0.38456,0.01031,0.03726,AUTO,MODEL_PROPOSAL,0.1863,-0.0034,0.4661,0.4844,0.0000,0.0000,0,25.59975,0.64576,0.62695,0.00000,0.00000,1224,1284,0.206363,0.206172
2.10,0.38865,0.01046,0.03728,AUTO,MODEL_PROPOSAL,0.1834,-0.0034,0.4736,0.4547,0.0000,0.0000,0,25.59975,0.61611,0.63436,0.00000,0.00000,1237,1298,0.204211,0.204830
2.12,0.39271,0.01062,0.03727,AUTO,MODEL_PROPOSAL,0.1806,-0.0034,0.4628,0.4621,0.0000,0.0000,0,25.59974,0.62365,0.60465,0.00000,0.00000,1250,1311,0.202618,0.202349
2.14,0.39673,0.01077,0.03726,AUTO,MODEL_PROPOSAL,0.1778,-0.0034,0.4519,0.4513,0.0000,0.0000,0,25.59974,0.61278,0.61214,0.00000,0.00000,1263,1324,0.200727,0.200459
2.16,0.40071,0.01091,0.03725,AUTO,MODEL_PROPOSAL,0.1750,-0.0034,0.4412,0.4405,0.0000,0.0000,0,25.59974,0.60194,0.60129,0.00000,0.00000,1276,1337,0.198572,0.198305
2.18,0.40464,0.01106,0.03724,AUTO,MODEL_PROPOSAL,0.1722,-0.0034,0.4304,0.4297,0.0000,0.0000,0,25.59974,0.59116,0.59049,0.00000,0.00000,1289,1350,0.196183,0.195916
2.20,0.40851,0.01121,0.03723,AUTO,MODEL_PROPOSAL,0.1695,-0.0034,0.4198,0.4378,0.0000,0.0000,0,25.59974,0.58044,0.57975,0.00000,0.00000,1302,1362,0.193590,0.193322
2.22,0.41234,0.01135,0.03725,AUTO,MODEL_PROPOSAL,0.1668,-0.0034,0.4280,0.4088,0.0000,0.0000,0,25.59973,0.56979,0.58780,0.00000,0.00000,1314,1375,0.190816,0.191356
2.24,0.41613,0.01149,0.03724,AUTO,MODEL_PROPOSAL,0.1642,-0.0034,0.3991,0.4170,0.0000,0.0000,0,25.59973,0.57798,0.55876,0.00000,0.00000,1327,1387,0.188697,0.188347
2.26,0.41985,0.01163,0.03725,AUTO,MODEL_PROPOSAL,0.1616,-0.0035,0.4074,0.4068,0.0000,0.0000,0,25.59973,0.54909,0.56696,0.00000,0.00000,1339,1399,0.185557,0.186017
2.28,0.42353,0.01176,0.03727,AUTO,MODEL_PROPOSAL,0.1590,-0.0035,0.3975,0.3967,0.0000,0.0000,0,25.59973,0.55744,0.55680,0.00000,0.00000,1351,1411,0.183118,0.183501
2.30,0.42715,0.01190,0.03728,AUTO,MODEL_PROPOSAL,0.1565,-0.0036,0.3876,0.3867,0.0000,0.0000,0,25.59973,0.54747,0.54671,0.00000,0.00000,1363,1423,0.180511,0.180820
2.32,0.43072,0.01203,0.03729,AUTO,MODEL_PROPOSAL,0.1540,-0.0036,0.3965,0.3768,0.0000,0.0000,0,25.59972,0.53758,0.53672,0.00000,0.00000,1374,1435,0.177759,0.177997
2.34,0.43424,0.01216,0.03727,AUTO,MODEL_PROPOSAL,0.1515,-0.0036,0.3683,0.3858,0.0000,0.0000,0,25.59972,0.54649,0.52682,0.00000,0.00000,1386,1446,0.175689,0.175051
2.36,0.43770,0.01229,0.03727,AUTO,MODEL_PROPOSAL,0.1491,-0.0036,0.3774,0.3577,0.0000,0.0000,0,25.59972,0.51831,0.53577,0.00000,0.00000,1397,1458,0.172625,0.172810
2.38,0.44111,0.01242,0.03725,AUTO,MODEL_PROPOSAL,0.1467,-0.0036,0.3681,0.3668,0.0000,0.0000,0,25.59972,0.52737,0.50765,0.00000,0.00000,1408,1469,0.170283,0.169596
2.40,0.44447,0.01255,0.03723,AUTO,MODEL_PROPOSAL,0.1443,-0.0035,0.3589,0.3576,0.0000,0.0000,0,25.59972,0.51809,0.51679,0.00000,0.00000,1419,1480,0.167793,0.167125
2.42,0.44778,0.01267,0.03720,AUTO,MODEL_PROPOSAL,0.1420,-0.0035,0.3497,0.3485,0.0000,0.0000,0,25.59971,0.50887,0.50762,0.00000,0.00000,1430,1491,0.165174,0.164524
2.44,0.45103,0.01279,0.03717,AUTO,MODEL_PROPOSAL,0.1397,-0.0034,0.3407,0.3583,0.0000,0.0000,0,25.59971,0.49974,0.49853,0.00000,0.00000,1441,1501,0.162444,0.161811
2.46,0.45424,0.01291,0.03717,AUTO,MODEL_PROPOSAL,0.1375,-0.0034,0.3505,0.3309,0.0000,0.0000,0,25.59971,0.49071,0.50825,0.00000,0.00000,1451,1512,0.159618,0.159811
2.48,0.45739,0.01303,0.03716,AUTO,MODEL_PROPOSAL,0.1353,-0.0034,0.3420,0.3408,0.0000,0.0000,0,25.59971,0.50052,0.48089,0.00000,0.00000,1461,1522,0.157521,0.156845
2.50,0.46050,0.01314,0.03713,AUTO,MODEL_PROPOSAL,0.1331,-0.0034,0.3335,0.3323,0.0000,0.0000,0,25.59971,0.49198,0.49077,0.00000,0.00000,1471,1532,0.155282,0.154627
2.52,0.46356,0.01326,0.03710,AUTO,MODEL_PROPOSAL,0.1310,-0.0033,0.3251,0.3240,0.0000,0.0000,0,25.59971,0.48350,0.48233,0.00000,0.00000,1481,1542,0.152918,0.152283
2.54,0.46657,0.01337,0.03708,AUTO,MODEL_PROPOSAL,0.1289,-0.0033,0.3168,0.3157,0.0000,0.0000,0,25.59970,0.47509,0.47397,0.00000,0.00000,1491,1552,0.150447,0.149832
2.56,0.46953,0.01348,0.03705,AUTO,MODEL_PROPOSAL,0.1268,-0.0033,0.3085,0.3262,0.0000,0.0000,0,25.59970,0.46677,0.46569,0.00000,0.00000,1501,1561,0.147882,0.147287
2.58,0.47245,0.01358,0.03706,AUTO,MODEL_PROPOSAL,0.1247,-0.0033,0.3192,0.2997,0.0000,0.0000,0,25.59970,0.45854,0.47622,0.00000,0.00000,1510,1571,0.145240,0.145472
2.60,0.47532,0.01369,0.03704,AUTO,MODEL_PROPOSAL,0.1227,-0.0032,0.2927,0.3103,0.0000,0.0000,0,25.59970,0.46916,0.44965,0.00000,0.00000,1520,1580,0.143341,0.142705
2.62,0.47814,0.01380,0.03704,AUTO,MODEL_PROPOSAL,0.1208,-0.0032,0.3035,0.3026,0.0000,0.0000,0,25.59970,0.44269,0.46032,0.00000,0.00000,1529,1589,0.140504,0.140699
2.64,0.48092,0.01390,0.03705,AUTO,MODEL_PROPOSAL,0.1188,-0.0033,0.2959,0.2763,0.0000,0.0000,0,25.59970,0.45346,0.45264,0.00000,0.00000,1538,1599,0.138438,0.138577
2.66,0.48365,0.01400,0.03702,AUTO,MODEL_PROPOSAL,0.1169,-0.0032,0.2884,0.3059,0.0000,0.0000,0,25.59970,0.44591,0.42630,0.00000,0.00000,1547,1607,0.136270,0.135546
2.68,0.48634,0.01410,0.03702,AUTO,MODEL_PROPOSAL,0.1150,-0.0032,0.2810,0.2801,0.0000,0.0000,0,25.59969,0.43840,0.45594,0.00000,0.00000,1556,1616,0.134011,0.134123
2.70,0.48898,0.01420,0.03702,AUTO,MODEL_PROPOSAL,0.1132,-0.0033,0.2924,0.2727,0.0000,0.0000,0,25.59969,0.43099,0.43009,0.00000,0.00000,1564,1625,0.131676,0.131737
2.72,0.49158,0.01429,0.03700,COLLECT,PICKUP_START,0.0800,0.0000,0.2524,0.2327,0.6000,0.4500,0,25.59969,0.44238,0.42271,0.00000,0.00000,1573,1633,0.130086,0.129290
2.74,0.49412,0.01439,0.03695,COLLECT,PICKUP_ACTIVE,0.0800,0.0000,0.2124,0.1927,0.6000,0.4500,0,25.59969,0.40238,0.38271,0.90000,0.60000,1581,1641,0.126939,0.125379
2.76,0.49657,0.01448,0.03686,COLLECT,PICKUP_ACTIVE,0.0800,0.0000,0.1724,0.1689,0.6000,0.4500,0,25.59968,0.36238,0.34271,0.90000,0.60000,1589,1649,0.122403,0.120161
2.78,0.49891,0.01456,0.03678,COLLECT,PICKUP_ACTIVE,0.0800,0.0000,0.1630,0.1680,0.6000,0.4500,0,25.59968,0.32238,0.31888,0.90000,0.60000,1597,1657,0.116630,0.114478
2.80,0.50113,0.01465,0.03670,COLLECT,PICKUP_ACTIVE,0.0800,0.0000,0.1808,0.1859,0.6000,0.4500,0,25.59968,0.31297,0.31802,0.90000,0.60000,1604,1664,0.111073,0.109372
2.82,0.50328,0.01472,0.03665,COLLECT,PICKUP_ACTIVE,0.0800,0.0000,0.1803,0.1853,0.6000,0.4500,0,25.59967,0.33083,0.33588,0.90000,0.60000,1611,1671,0.106888,0.105589
2.84,0.50535,0.01480,0.03661,COLLECT,PICKUP_ACTIVE,0.0800,0.0000,0.1797,0.1848,0.6000,0.4500,0,25.59967,0.33028,0.33534,0.90000,0.60000,1618,1678,0.103131,0.102191
2.86,0.50735,0.01487,0.03658,COLLECT,PICKUP_ACTIVE,0.0800,0.0000,0.1792,0.2030,0.6000,0.4500,0,25.59967,0.32973,0.33479,0.90000,0.60000,1625,1684,0.099757,0.099137
2.88,0.50930,0.01494,0.03659,COLLECT,PICKUP_ACTIVE,0.0800,0.0000,0.1974,0.1840,0.6000,0.4500,0,25.59966,0.32919,0.35295,0.90000,0.60000,1631,1691,0.096723,0.097197
2.90,0.51120,0.01501,0.03659,COLLECT,PICKUP_ACTIVE,0.0800,0.0000,0.1971,0.2022,0.6000,0.4500,0,25.59966,0.34735,0.33400,0.90000,0.60000,1637,1697,0.094802,0.094648
2.92,0.51307,0.01508,0.03659,COLLECT,PICKUP_ACTIVE,0.0800,0.0000,0.1969,0.2019,0.6000,0.4500,0,25.59966,0.34711,0.35217,0.90000,0.60000,1643,1703,0.093078,0.093159
2.94,0.51491,0.01515,0.03660,COLLECT,PICKUP_ACTIVE,0.0800,0.0000,0.1966,0.2017,0.6000,0.4500,0,25.59965,0.34687,0.35193,0.90000,0.60000,1649,1709,0.091530,0.091821
2.96,0.51672,0.01522,0.03661,COLLECT,PICKUP_ACTIVE,0.0800,0.0000,0.1964,0.2014,0.6000,0.4500,0,25.59965,0.34663,0.35168,0.90000,0.60000,1655,1715,0.090139,0.090617
2.98,0.51851,0.01528,0.03664,COLLECT,PICKUP_ACTIVE,0.0800,0.0000,0.1961,0.2012,0.6000,0.4500,0,25.59965,0.34639,0.35144,0.90000,0.60000,1661,1721,0.088888,0.089532
3.00,0.52028,0.01535,0.03667,COLLECT,PICKUP_ACTIVE,0.0800,0.0000,0.1959,0.2010,0.6000,0.4500,0,25.59964,0.34615,0.35120,0.90000,0.60000,1667,1727,0.087761,0.088554
3.02,0.52203,0.01541,0.03670,COLLECT,PICKUP_ACTIVE,0.0800,0.0000,0.2144,0.2194,0.6000,0.4500,0,25.59964,0.34591,0.35096,0.90000,0.60000,1672,1732,0.086746,0.087672
3.04,0.52377,0.01548,0.03674,COLLECT,PICKUP_ACTIVE,0.0800,0.0000,0.1957,0.2008,0.6000,0.4500,0,25.59964,0.36438,0.36944,0.90000,0.60000,1678,1738,0.086639,0.087683
3.06,0.52550,0.01554,0.03679,COLLECT,PICKUP_ACTIVE,0.0800,0.0000,0.1955,0.2005,0.6000,0.4500,0,25.59963,0.34573,0.35079,0.90000,0.60000,1684,1744,0.085737,0.086887
3.08,0.52721,0.01560,0.03684,COLLECT,PICKUP_ACTIVE,0.0800,0.0000,0.2140,0.2190,0.6000,0.4500,0,25.59963,0.34549,0.35055,0.90000,0.60000,1689,1749,0.084923,0.086167
3.10,0.52892,0.01567,0.03689,COLLECT,PICKUP_ACTIVE,0.0800,0.0000,0.1953,0.2004,0.6000,0.4500,0,25.59963,0.36397,0.36902,0.90000,0.60000,1695,1755,0.084995,0.086322
3.12,0.53063,0.01573,0.03695,COLLECT,PICKUP_ACTIVE,0.0800,0.0000,0.2138,0.2001,0.6000,0.4500,0,25.59962,0.34532,0.35037,0.90000,0.60000,1700,1761,0.084253,0.085656
3.14,0.53232,0.01579,0.03698,COLLECT,PICKUP_ACTIVE,0.0800,0.0000,0.1951,0.2186,0.6000,0.4500,0,25.59962,0.36379,0.35013,0.90000,0.60000,1706,1766,0.084389,0.085050
3.16,0.53401,0.01585,0.03704,COLLECT,PICKUP_ACTIVE,0.0800,0.0000,0.2136,0.2000,0.6000,0.4500,0,25.59962,0.34514,0.36860,0.90000,0.60000,1711,1772,0.083705,0.085309
3.18,0.53570,0.01592,0.03708,COLLECT,PICKUP_ACTIVE,0.0800,0.0000,0.1950,0.2184,0.6000,0.4500,0,25.59961,0.36362,0.34996,0.90000,0.60000,1717,1777,0.083893,0.084733
3.20,0.53738,0.01598,0.03714,COLLECT,PICKUP_ACTIVE,0.0800,0.0000,0.2134,0.1998,0.6000,0.4500,0,25.59961,0.34497,0.36843,0.90000,0.60000,1722,1783,0.083255,0.085018
3.22,0.53906,0.01604,0.03718,COLLECT,PICKUP_ACTIVE,0.0800,0.0000,0.1948,0.2183,0.6000,0.4500,0,25.59960,0.36344,0.34978,0.90000,0.60000,1728,1788,0.083485,0.084467
3.24,0.54073,0.01610,0.03725,COLLECT,PICKUP_ACTIVE,0.0800,0.0000,0.2133,0.1996,0.6000,0.4500,0,25.59960,0.34479,0.36826,0.90000,0.60000,1733,1794,0.082883,0.084773
3.26,0.54241,0.01617,0.03730,COLLECT,PICKUP_ACTIVE,0.0800,0.0000,0.2133,0.2181,0.6000,0.4500,0,25.59960,0.36327,0.34961,0.90000,0.60000,1738,1799,0.083145,0.084240
3.28,0.54408,0.01623,0.03735,COLLECT,PICKUP_ACTIVE,0.0800,0.0000,0.1947,0.1994,0.6000,0.4500,0,25.59959,0.36333,0.36808,0.90000,0.60000,1744,1805,0.083381,0.084564
3.30,0.54575,0.01629,0.03740,COLLECT,PICKUP_ACTIVE,0.0800,0.0000,0.2132,0.2179,0.6000,0.4500,0,25.59959,0.34469,0.34943,0.90000,0.60000,1749,1810,0.082786,0.084046
3.32,0.54743,0.01635,0.03745,COLLECT,PICKUP_ACTIVE,0.0800,0.0000,0.1945,0.1993,0.6000,0.4500,0,25.59959,0.36316,0.36791,0.90000,0.60000,1755,1816,0.083054,0.084383
3.34,0.54909,0.01642,0.03751,COLLECT,PICKUP_ACTIVE,0.0800,0.0000,0.2130,0.2177,0.6000,0.4500,0,25.59958,0.34451,0.34926,0.90000,0.60000,1760,1821,0.082487,0.083877
3.36,0.55076,0.01648,0.03756,COLLECT,PICKUP_ACTIVE,0.0800,0.0000,0.2131,0.1991,0.6000,0.4500,0,25.59958,0.36298,0.36773,0.90000,0.60000,1765,1827,0.082779,0.084225
3.38,0.55242,0.01654,0.03760,COLLECT,PICKUP_ACTIVE,0.0800,0.0000,0.1944,0.2176,0.6000,0.4500,0,25.59958,0.36305,0.34908,0.90000,0.60000,1771,1832,0.083043,0.083729
3.40,0.55409,0.01660,0.03765,COLLECT,PICKUP_ACTIVE,0.0800,0.0000,0.2129,0.1989,0.6000,0.4500,0,25.59957,0.34440,0.36756,0.90000,0.60000,1776,1838,0.082472,0.084084
3.42,0.55575,0.01667,0.03769,COLLECT,PICKUP_ACTIVE,0.0800,0.0000,0.1942,0.2174,0.6000,0.4500,0,25.59957,0.36288,0.34891,0.90000,0.60000,1782,1843,0.082762,0.083596
3.44,0.55741,0.01673,0.03776,COLLECT,PICKUP_ACTIVE,0.0800,0.0000,0.2127,0.1987,0.6000,0.4500,0,25.59957,0.34423,0.36738,0.90000,0.60000,1787,1849,0.082214,0.083959
3.46,0.55907,0.01679,0.03780,COLLECT,PICKUP_ACTIVE,0.0800,0.0000,0.2128,0.2172,0.6000,0.4500,0,25.59956,0.36270,0.34873,0.90000,0.60000,1792,1854,0.082523,0.083476
3.48,0.56074,0.01685,0.03784,COLLECT,PICKUP_ACTIVE,0.0800,0.0000,0.1941,0.2173,0.6000,0.4500,0,25.59956,0.36277,0.36721,0.90000,0.60000,1798,1859,0.082803,0.083844
3.50,0.56240,0.01692,0.03791,COLLECT,PICKUP_ACTIVE,0.0800,0.0000,0.2126,0.1986,0.6000,0.4500,0,25.59956,0.34412,0.36727,0.90000,0.60000,1803,1865,0.082246,0.084175
3.52,0.56406,0.01698,0.03796,COLLECT,PICKUP_ACTIVE,0.0800,0.0000,0.1939,0.2171,0.6000,0.4500,0,25.59955,0.36259,0.34862,0.90000,0.60000,1809,1870,0.082547,0.083665
3.54,0.56572,0.01704,0.03803,COLLECT,PICKUP_ACTIVE,0.0800,0.0000,0.2124,0.1984,0.6000,0.4500,0,25.59955,0.34394,0.36710,0.90000,0.60000,1814,1876,0.082010,0.084008
3.56,0.56738,0.01711,0.03809,COLLECT,PICKUP_ACTIVE,0.0800,0.0000,0.2125,0.2169,0.6000,0.4500,0,25.59955,0.36242,0.34845,0.90000,0.60000,1819,1881,0.082330,0.083508
3.58,0.56904,0.01717,0.03814,COLLECT,PICKUP_ACTIVE,0.0800,0.0000,0.1938,0.1983,0.6000,0.4500,0,25.59954,0.36248,0.36692,0.90000,0.60000,1825,1887,0.082617,0.083860
3.60,0.57070,0.01723,0.03819,COLLECT,PICKUP_ACTIVE,0.0800,0.0000,0.2123,0.2167,0.6000,0.4500,0,25.59954,0.34383,0.34827,0.90000,0.60000,1830,1892,0.082068,0.083369
3.62,0.57235,0.01730,0.03824,COLLECT,PICKUP_ACTIVE,0.0800,0.0000,0.2124,0.1981,0.6000,0.4500,0,25.59953,0.36231,0.36675,0.90000,0.60000,1835,1898,0.082377,0.083728
3.64,0.57401,0.01736,0.03828,COLLECT,PICKUP_ACTIVE,0.0800,0.0000,0.1937,0.2166,0.6000,0.4500,0,25.59953,0.36237,0.34810,0.90000,0.60000,1841,1903,0.082655,0.083244
3.66,0.57567,0.01742,0.03833,COLLECT,PICKUP_ACTIVE,0.0800,0.0000,0.2122,0.1979,0.6000,0.4500,0,25.59953,0.34373,0.36657,0.90000,0.60000,1846,1909,0.082097,0.083609
3.68,0.57732,0.01749,0.03836,COLLECT,PICKUP_ACTIVE,0.0800,0.0000,0.1936,0.2164,0.6000,0.4500,0,25.59952,0.36220,0.34793,0.90000,0.60000,1852,1914,0.082397,0.083130
3.70,0.57898,0.01755,0.03842,COLLECT,PICKUP_ACTIVE,0.0800,0.0000,0.2120,0.2165,0.6000,0.4500,0,25.59952,0.34355,0.36640,0.90000,0.60000,1857,1919,0.081860,0.083500
3.72,0.58063,0.01762,0.03849,COLLECT,PICKUP_ACTIVE,0.0800,0.0000,0.2121,0.1978,0.6000,0.4500,0,25.59952,0.36202,0.36647,0.90000,0.60000,1862,1925,0.082178,0.083834
3.74,0.58229,0.01768,0.03853,COLLECT,PICKUP_ACTIVE,0.0800,0.0000,0.1934,0.2163,0.6000,0.4500,0,25.59951,0.36209,0.34782,0.90000,0.60000,1868,1930,0.082466,0.083325
3.76,0.58395,0.01774,0.03859,COLLECT,PICKUP_ACTIVE,0.0800,0.0000,0.2119,0.1976,0.6000,0.4500,0,25.59951,0.34344,0.36629,0.90000,0.60000,1873,1936,0.081916,0.083670
3.78,0.58560,0.01781,0.03864,COLLECT,PICKUP_ACTIVE,0.0800,0.0000,0.2120,0.2161,0.6000,0.4500,0,25.59951,0.36192,0.34764,0.90000,0.60000,1878,1941,0.082224,0.083172
3.80,0.58726,0.01787,0.03868,COLLECT,PICKUP_ACTIVE,0.0800,0.0000,0.1933,0.1975,0.6000,0.4500,0,25.59950,0.36198,0.36612,0.90000,0.60000,1884,1947,0.082501,0.083525
3.82,0.58891,0.01793,0.03872,COLLECT,PICKUP_ACTIVE,0.0800,0.0000,0.2118,0.2159,0.6000,0.4500,0,25.59950,0.34333,0.34747,0.90000,0.60000,1889,1952,0.081943,0.083035
3.84,0.59056,0.01800,0.03876,COLLECT,PICKUP_ACTIVE,0.0800,0.0000,0.2119,0.1973,0.6000,0.4500,0,25.59950,0.36181,0.36594,0.90000,0.60000,1894,1958,0.082243,0.083396
3.86,0.59221,0.01806,0.03879,COLLECT,PICKUP_ACTIVE,0.0800,0.0000,0.1932,0.2158,0.6000,0.4500,0,25.59949,0.36187,0.34729,0.90000,0.60000,1900,1963,0.082514,0.082912
3.88,0.59387,0.01813,0.03883,COLLECT,PICKUP_ACTIVE,0.0800,0.0000,0.2117,0.2158,0.6000,0.4500,0,25.59949,0.34322,0.36577,0.90000,0.60000,1905,1968,0.081950,0.083279
3.90,0.59552,0.01819,0.03889,COLLECT,PICKUP_ACTIVE,0.0800,0.0000,0.2118,0.1972,0.6000,0.4500,0,25.59949,0.36170,0.36583,0.90000,0.60000,1910,1974,0.082245,0.083609
3.92,0.59718,0.01826,0.03892,COLLECT,PICKUP_ACTIVE,0.0800,0.0000,0.1931,0.2157,0.6000,0.4500,0,25.59948,0.36176,0.34718,0.90000,0.60000,1916,1979,0.082510,0.083097
3.94,0.59883,0.01832,0.03897,COLLECT,PICKUP_ACTIVE,0.0800,0.0000,0.2116,0.1970,0.6000,0.4500,0,25.59948,0.34312,0.36566,0.90000,0.60000,1921,1985,0.081942,0.083439
3.96,0.60048,0.01839,0.03900,COLLECT,PICKUP_ACTIVE,0.0800,0.0000,0.1929,0.2155,0.6000,0.4500,0,25.59947,0.36159,0.34701,0.90000,0.60000,1927,1990,0.082233,0.082938
3.98,0.60213,0.01845,0.03906,COLLECT,PICKUP_ACTIVE,0.0800,0.0000,0.2114,0.1968,0.6000,0.4500,0,25.59947,0.34294,0.36548,0.90000,0.60000,1932,1996,0.081687,0.083290
4.00,0.60378,0.01851,0.03910,COLLECT,PICKUP_ACTIVE,0.0800,0.0000,0.2115,0.2153,0.6000,0.4500,0,25.59947,0.36142,0.34683,0.90000,0.60000,1937,2001,0.081998,0.082798
4.02,0.60543,0.01858,0.03913,COLLECT,PICKUP_ACTIVE,0.0800,0.0000,0.1928,0.2154,0.6000,0.4500,0,25.59946,0.36148,0.36531,0.90000,0.60000,1943,2006,0.082278,0.083157
4.04,0.60708,0.01864,0.03920,COLLECT,PICKUP_ACTIVE,0.0800,0.0000,0.2113,0.1967,0.6000,0.4500,0,25.59946,0.34283,0.36537,0.90000,0.60000,1948,2012,0.081722,0.083480
4.06,0.60873,0.01871,0.03924,COLLECT,PICKUP_ACTIVE,0.0800,0.0000,0.2114,0.2152,0.6000,0.4500,0,25.59946,0.36131,0.34673,0.90000,0.60000,1953,2017,0.082025,0.082963
4.08,0.61038,0.01877,0.03928,COLLECT,PICKUP_ACTIVE,0.0800,0.0000,0.1927,0.1966,0.6000,0.4500,0,25.59945,0.36137,0.36520,0.90000,0.60000,1959,2023,0.082297,0.083299
4.10,0.61203,0.01884,0.03932,COLLECT,PICKUP_ACTIVE,0.0800,0.0000,0.2112,0.2150,0.6000,0.4500,0,25.59945,0.34272,0.34655,0.90000,0.60000,1964,2028,0.081735,0.082794
4.12,0.61368,0.01890,0.03937,COLLECT,PICKUP_ACTIVE,0.0800,0.0000,0.2113,0.2151,0.6000,0.4500,0,25.59945,0.36120,0.36502,0.90000,0.60000,1969,2033,0.082031,0.083141
4.14,0.61533,0.01897,0.03941,COLLECT,PICKUP_ACTIVE,0.0800,0.0000,0.1926,0.1964,0.6000,0.4500,0,25.59944,0.36126,0.36509,0.90000,0.60000,1975,2039,0.082299,0.083454
4.16,0.61698,0.01903,0.03946,COLLECT,PICKUP_ACTIVE,0.0800,0.0000,0.2111,0.2149,0.6000,0.4500,0,25.59944,0.34262,0.34644,0.90000,0.60000,1980,2044,0.081731,0.082927
4.18,0.61863,0.01910,0.03951,COLLECT,PICKUP_ACTIVE,0.0800,0.0000,0.2112,0.1963,0.6000,0.4500,0,25.59944,0.36109,0.36492,0.90000,0.60000,1985,2050,0.082023,0.083256
4.20,0.62028,0.01916,0.03953,COLLECT,PICKUP_ACTIVE,0.0800,0.0000,0.1925,0.2147,0.6000,0.4500,0,25.59943,0.36115,0.34627,0.90000,0.60000,1991,2055,0.082287,0.082743
4.22,0.62193,0.01923,0.03958,COLLECT,PICKUP_ACTIVE,0.0800,0.0000,0.2110,0.1961,0.6000,0.4500,0,25.59943,0.34251,0.36474,0.90000,0.60000,1996,2061,0.081716,0.083083
4.24,0.62357,0.01929,0.03961,COLLECT,PICKUP_ACTIVE,0.0800,0.0000,0.2110,0.2146,0.6000,0.4500,0,25.59943,0.36098,0.34609,0.90000,0.60000,2001,2066,0.082005,0.082581
4.26,0.62522,0.01936,0.03964,COLLECT,PICKUP_ACTIVE,0.0800,0.0000,0.1924,0.2146,0.6000,0.4500,0,25.59942,0.36105,0.36457,0.90000,0.60000,2007,2071,0.082266,0.082932
4.28,0.62687,0.01942,0.03969,COLLECT,PICKUP_ACTIVE,0.0800,0.0000,0.2109,0.1960,0.6000,0.4500,0,25.59942,0.34240,0.36463,0.90000,0.60000,2012,2077,0.081692,0.083247
4.30,0.62852,0.01949,0.03973,COLLECT,PICKUP_ACTIVE,0.0800,0.0000,0.2109,0.2145,0.6000,0.4500,0,25.59942,0.36087,0.34598,0.90000,0.60000,2017,2082,0.081979,0.082723
4.32,0.63017,0.01956,0.03976,COLLECT,PICKUP_ACTIVE,0.0800,0.0000,0.1923,0.1958,0.6000,0.4500,0,25.59941,0.36094,0.36446,0.90000,0.60000,2023,2088,0.082238,0.083054
4.34,0.63181,0.01962,0.03979,COLLECT,PICKUP_ACTIVE,0.0800,0.0000,0.2108,0.2143,0.6000,0.4500,0,25.59941,0.34229,0.34581,0.90000,0.60000,2028,2093,0.081663,0.082543
4.36,0.63346,0.01969,0.03983,COLLECT,PICKUP_ACTIVE,0.0800,0.0000,0.2108,0.2143,0.6000,0.4500,0,25.59940,0.36076,0.36428,0.90000,0.60000,2033,2098,0.081949,0.082885
4.38,0.63511,0.01975,0.03987,COLLECT,PICKUP_ACTIVE,0.0800,0.0000,0.1922,0.1957,0.6000,0.4500,0,25.59940,0.36083,0.36435,0.90000,0.60000,2039,2104,0.082206,0.083193
4.40,0.63675,0.01982,0.03991,COLLECT,PICKUP_ACTIVE,0.0800,0.0000,0.2107,0.2142,0.6000,0.4500,0,25.59940,0.34218,0.34570,0.90000,0.60000,2044,2109,0.081630,0.082663
4.42,0.63840,0.01988,0.03995,COLLECT,PICKUP_ACTIVE,0.0800,0.0000,0.2107,0.1955,0.6000,0.4500,0,25.59939,0.36065,0.36417,0.90000,0.60000,2049,2115,0.081914,0.082987
4.44,0.64004,0.01995,0.03997,COLLECT,PICKUP_ACTIVE,0.0800,0.0000,0.1921,0.2140,0.6000,0.4500,0,25.59939,0.36072,0.34553,0.90000,0.60000,2055,2120,0.082171,0.082471
4.46,0.64169,0.02002,0.04001,COLLECT,PICKUP_ACTIVE,0.0800,0.0000,0.2105,0.2141,0.6000,0.4500,0,25.59939,0.34207,0.36400,0.90000,0.60000,2060,2125,0.081593,0.082809
4.48,0.64333,0.02008,0.04006,COLLECT,PICKUP_ACTIVE,0.0800,0.0000,0.2106,0.1954,0.6000,0.4500,0,25.59938,0.36055,0.36407,0.90000,0.60000,2065,2131,0.081877,0.083114
4.50,0.64498,0.02015,0.04009,COLLECT,PICKUP_ACTIVE,0.0800,0.0000,0.1920,0.2139,0.6000,0.4500,0,25.59938,0.36061,0.34542,0.90000,0.60000,2071,2136,0.082133,0.082579
4.52,0.64662,0.02021,0.04013,COLLECT,PICKUP_ACTIVE,0.0800,0.0000,0.2104,0.1952,0.6000,0.4500,0,25.59938,0.34196,0.36389,0.90000,0.60000,2076,2142,0.081555,0.082901
4.54,0.64827,0.02028,0.04016,COLLECT,PICKUP_ACTIVE,0.0800,0.0000,0.2105,0.2137,0.6000,0.4500,0,25.59937,0.36044,0.34524,0.90000,0.60000,2081,2147,0.081838,0.082382
4.56,0.64991,0.02035,0.04019,COLLECT,PICKUP_ACTIVE,0.0800,0.0000,0.1919,0.2138,0.6000,0.4500,0,25.59937,0.36050,0.36372,0.90000,0.60000,2087,2152,0.082093,0.082717
4.58,0.65156,0.02041,0.04024,COLLECT,PICKUP_ACTIVE,0.0800,0.0000,0.2103,0.1951,0.6000,0.4500,0,25.59937,0.34185,0.36378,0.90000,0.60000,2092,2158,0.081515,0.083019
4.60,0.65320,0.02048,0.04027,COLLECT,PICKUP_ACTIVE,0.0800,0.0000,0.2104,0.2136,0.6000,0.4500,0,25.59936,0.36033,0.34513,0.90000,0.60000,2097,2163,0.081798,0.082483
4.62,0.65484,0.02054,0.04030,COLLECT,PICKUP_ACTIVE,0.0800,0.0000,0.1917,0.2137,0.6000,0.4500,0,25.59936,0.36039,0.36361,0.90000,0.60000,2103,2168,0.082053,0.082802
4.64,0.65649,0.02061,0.04036,COLLECT,PICKUP_ACTIVE,0.0800,0.0000,0.2102,0.1950,0.6000,0.4500,0,25.59936,0.34175,0.36367,0.90000,0.60000,2108,2174,0.081474,0.083091
4.66,0.65813,0.02068,0.04040,COLLECT,PICKUP_ACTIVE,0.0800,0.0000,0.2103,0.2135,0.6000,0.4500,0,25.59935,0.36022,0.34502,0.90000,0.60000,2113,2179,0.081757,0.082542
4.68,0.65978,0.02074,0.04043,COLLECT,PICKUP_ACTIVE,0.0800,0.0000,0.1916,0.1948,0.6000,0.4500,0,25.59935,0.36029,0.36350,0.90000,0.60000,2119,2185,0.082011,0.082850
4.70,0.66142,0.02081,0.04047,COLLECT,PICKUP_ACTIVE,0.0800,0.0000,0.2101,0.2133,0.6000,0.4500,0,25.59935,0.34164,0.34485,0.90000,0.60000,2124,2190,0.081433,0.082320
4.72,0.66306,0.02088,0.04050,COLLECT,PICKUP_ACTIVE,0.0800,0.0000,0.2102,0.2134,0.6000,0.4500,0,25.59934,0.36011,0.36332,0.90000,0.60000,2129,2195,0.081715,0.082645
4.74,0.66470,0.02094,0.04054,COLLECT,PICKUP_ACTIVE,0.0800,0.0000,0.1915,0.1947,0.6000,0.4500,0,25.59934,0.36018,0.36339,0.90000,0.60000,2135,2201,0.081969,0.082938
4.76,0.66634,0.02101,0.04058,COLLECT,PICKUP_ACTIVE,0.0800,0.0000,0.2100,0.2132,0.6000,0.4500,0,25.59933,0.34153,0.34474,0.90000,0.60000,2140,2206,0.081390,0.082393
4.78,0.66798,0.02108,0.04062,COLLECT,PICKUP_ACTIVE,0.0800,0.0000,0.2101,0.1946,0.6000,0.4500,0,25.59933,0.36000,0.36321,0.90000,0.60000,2145,2212,0.081672,0.082706
4.80,0.66962,0.02114,0.04064,COLLECT,PICKUP_ACTIVE,0.0800,0.0000,0.1914,0.2130,0.6000,0.4500,0,25.59933,0.36007,0.34457,0.90000,0.60000,2151,2217,0.081927,0.082179
4.82,0.67126,0.02121,0.04068,COLLECT,PICKUP_ACTIVE,0.0800,0.0000,0.2099,0.2131,0.6000,0.4500,0,25.59932,0.34142,0.36304,0.90000,0.60000,2156,2222,0.081348,0.082507
4.84,0.67290,0.02128,0.04072,COLLECT,PICKUP_ACTIVE,0.0800,0.0000,0.2100,0.1945,0.6000,0.4500,0,25.59932,0.35989,0.36311,0.90000,0.60000,2161,2228,0.081630,0.082802
4.86,0.67454,0.02134,0.04075,COLLECT,PICKUP_ACTIVE,0.0800,0.0000,0.1913,0.2129,0.6000,0.4500,0,25.59932,0.35996,0.34446,0.90000,0.60000,2167,2233,0.081884,0.082260
4.88,0.67618,0.02141,0.04079,COLLECT,PICKUP_ACTIVE,0.0800,0.0000,0.2098,0.2130,0.6000,0.4500,0,25.59931,0.34131,0.36293,0.90000,0.60000,2172,2238,0.081305,0.082575
4.90,0.67782,0.02148,0.04084,COLLECT,PICKUP_ACTIVE,0.0800,0.0000,0.2099,0.1943,0.6000,0.4500,0,25.59931,0.35978,0.36300,0.90000,0.60000,2177,2244,0.081587,0.082858
4.92,0.67946,0.02154,0.04087,COLLECT,PICKUP_ACTIVE,0.0800,0.0000,0.1912,0.2128,0.6000,0.4500,0,25.59931,0.35985,0.34435,0.90000,0.60000,2183,2249,0.081841,0.082305
4.94,0.68110,0.02161,0.04091,COLLECT,PICKUP_ACTIVE,0.0800,0.0000,0.2097,0.1942,0.6000,0.4500,0,25.59930,0.34120,0.36282,0.90000,0.60000,2188,2255,0.081262,0.082610
4.96,0.68274,0.02168,0.04094,COLLECT,PICKUP_ACTIVE,0.0800,0.0000,0.2097,0.2126,0.6000,0.4500,0,25.59930,0.35968,0.34417,0.90000,0.60000,2193,2260,0.081544,0.082076
4.98,0.68438,0.02175,0.04096,COLLECT,PICKUP_ACTIVE,0.0800,0.0000,0.1911,0.2127,0.6000,0.4500,0,25.59930,0.35974,0.36265,0.90000,0.60000,2199,2265,0.081798,0.082399
5.00,0.68602,0.02181,0.04101,COLLECT,PICKUP_ACTIVE,0.0800,0.0000,0.2096,0.1941,0.6000,0.4500,0,25.59929,0.34109,0.36271,0.90000,0.60000,2204,2271,0.081219,0.082689
5.02,0.68765,0.02188,0.04105,COLLECT,PICKUP_ACTIVE,0.0800,0.0000,0.2096,0.2125,0.6000,0.4500,0,25.59929,0.35957,0.34407,0.90000,0.60000,2209,2276,0.081500,0.082142
5.04,0.68929,0.02195,0.04108,COLLECT,PICKUP_ACTIVE,0.0800,0.0000,0.1910,0.2126,0.6000,0.4500,0,25.59929,0.35963,0.36254,0.90000,0.60000,2215,2281,0.081755,0.082452
5.06,0.69093,0.02201,0.04113,COLLECT,PICKUP_ACTIVE,0.0800,0.0000,0.2095,0.1940,0.6000,0.4500,0,25.59928,0.34098,0.36260,0.90000,0.60000,2220,2287,0.081175,0.082732
5.08,0.69256,0.02208,0.04117,COLLECT,PICKUP_ACTIVE,0.0800,0.0000,0.2095,0.2124,0.6000,0.4500,0,25.59928,0.35946,0.34396,0.90000,0.60000,2225,2292,0.081457,0.082176
5.10,0.69420,0.02215,0.04120,COLLECT,PICKUP_ACTIVE,0.0800,0.0000,0.2096,0.1938,0.6000,0.4500,0,25.59927,0.35952,0.36243,0.90000,0.60000,2230,2298,0.081711,0.082478
5.12,0.69584,0.02222,0.04120,COLLECT,PICKUP_ACTIVE,0.0800,0.0000,0.1909,0.2123,0.6000,0.4500,0,25.59927,0.35959,0.34378,0.90000,0.60000,2236,2303,0.081941,0.081942
5.14,0.69748,0.02228,0.04123,COLLECT,PICKUP_ACTIVE,0.0800,0.0000,0.2094,0.2123,0.6000,0.4500,0,25.59927,0.34094,0.36226,0.90000,0.60000,2241,2308,0.081340,0.082261
5.16,0.69912,0.02235,0.04127,COLLECT,PICKUP_ACTIVE,0.0800,0.0000,0.2095,0.1937,0.6000,0.4500,0,25.59926,0.35942,0.36232,0.90000,0.60000,2246,2314,0.081602,0.082549
5.18,0.70075,0.02242,0.04128,COLLECT,PICKUP_ACTIVE,0.0800,0.0000,0.1908,0.2121,0.6000,0.4500,0,25.59926,0.35948,0.34367,0.90000,0.60000,2252,2319,0.081838,0.082001
5.20,0.70239,0.02249,0.04132,COLLECT,PICKUP_ACTIVE,0.0800,0.0000,0.2093,0.2122,0.6000,0.4500,0,25.59926,0.34083,0.36215,0.90000,0.60000,2257,2324,0.081244,0.082309
5.22,0.70403,0.02256,0.04136,COLLECT,PICKUP_ACTIVE,0.0800,0.0000,0.2094,0.1936,0.6000,0.4500,0,25.59925,0.35931,0.36221,0.90000,0.60000,2262,2330,0.081512,0.082588
5.24,0.70566,0.02262,0.04138,COLLECT,PICKUP_ACTIVE,0.0800,0.0000,0.1907,0.2120,0.6000,0.4500,0,25.59925,0.35937,0.34356,0.90000,0.60000,2268,2335,0.081753,0.082030
5.26,0.70730,0.02269,0.04142,COLLECT,PICKUP_ACTIVE,0.0800,0.0000,0.2092,0.1934,0.6000,0.4500,0,25.59925,0.34072,0.36204,0.90000,0.60000,2273,2341,0.081163,0.082331
5.28,0.70893,0.02276,0.04144,COLLECT,PICKUP_ACTIVE,0.0800,0.0000,0.2093,0.2119,0.6000,0.4500,0,25.59924,0.35920,0.34339,0.90000,0.60000,2278,2346,0.081435,0.081793
5.30,0.71056,0.02283,0.04146,COLLECT,PICKUP_ACTIVE,0.0800,0.0000,0.1906,0.2119,0.6000,0.4500,0,25.59924,0.35926,0.36186,0.90000,0.60000,2284,2351,0.081680,0.082112
5.32,0.71220,0.02289,0.04150,COLLECT,PICKUP_ACTIVE,0.0800,0.0000,0.2091,0.1933,0.6000,0.4500,0,25.59924,0.34062,0.36193,0.90000,0.60000,2289,2357,0.081093,0.082400
5.34,0.71383,0.02296,0.04153,COLLECT,PICKUP_ACTIVE,0.0800,0.0000,0.2092,0.2118,0.6000,0.4500,0,25.59923,0.35909,0.34328,0.90000,0.60000,2294,2362,0.081368,0.081850
5.36,0.71547,0.02303,0.04155,COLLECT,PICKUP_ACTIVE,0.0800,0.0000,0.1905,0.2118,0.6000,0.4500,0,25.59923,0.35915,0.36175,0.90000,0.60000,2300,2367,0.081616,0.082158
5.38,0.71710,0.02310,0.04160,COLLECT,PICKUP_ACTIVE,0.0800,0.0000,0.2090,0.1932,0.6000,0.4500,0,25.59923,0.34051,0.36182,0.90000,0.60000,2305,2373,0.081031,0.082436
5.40,0.71873,0.02317,0.04163,COLLECT,PICKUP_ACTIVE,0.0800,0.0000,0.2090,0.2116,0.6000,0.4500,0,25.59922,0.35898,0.34317,0.90000,0.60000,2310,2378,0.081307,0.081878
5.42,0.72037,0.02323,0.04165,COLLECT,PICKUP_ACTIVE,0.0800,0.0000,0.2091,0.2117,0.6000,0.4500,0,25.59922,0.35905,0.36165,0.90000,0.60000,2315,2383,0.081557,0.082178
5.44,0.72200,0.02330,0.04168,COLLECT,PICKUP_ACTIVE,0.0800,0.0000,0.1905,0.1931,0.6000,0.4500,0,25.59922,0.35911,0.36171,0.90000,0.60000,2321,2389,0.081783,0.082449
5.46,0.72364,0.02337,0.04171,COLLECT,PICKUP_ACTIVE,0.0800,0.0000,0.2089,0.2115,0.6000,0.4500,0,25.59921,0.34046,0.34306,0.90000,0.60000,2326,2394,0.081178,0.081884
5.48,0.72527,0.02344,0.04174,COLLECT,PICKUP_ACTIVE,0.0800,0.0000,0.2090,0.2116,0.6000,0.4500,0,25.59921,0.35894,0.36154,0.90000,0.60000,2331,2399,0.081437,0.082179
5.50,0.72691,0.02351,0.04177,COLLECT,PICKUP_ACTIVE,0.0800,0.0000,0.1904,0.1930,0.6000,0.4500,0,25.59920,0.35900,0.36160,0.90000,0.60000,2337,2405,0.081671,0.082445
5.52,0.72854,0.02358,0.04180,COLLECT,PICKUP_ACTIVE,0.0800,0.0000,0.2088,0.2114,0.6000,0.4500,0,25.59920,0.34035,0.34295,0.90000,0.60000,2342,2410,0.081074,0.081877
5.54,0.73017,0.02364,0.04183,COLLECT,PICKUP_ACTIVE,0.0800,0.0000,0.2089,0.2115,0.6000,0.4500,0,25.59920,0.35883,0.36143,0.90000,0.60000,2347,2415,0.081339,0.082168
5.56,0.73181,0.02371,0.04186,COLLECT,PICKUP_ACTIVE,0.0800,0.0000,0.1902,0.1928,0.6000,0.4500,0,25.59919,0.35889,0.36149,0.90000,0.60000,2353,2421,0.081579,0.082430
5.58,0.73344,0.02378,0.04190,COLLECT,PICKUP_ACTIVE,0.0800,0.0000,0.2087,0.2113,0.6000,0.4500,0,25.59919,0.34025,0.34285,0.90000,0.60000,2358,2426,0.080987,0.081859
5.60,0.73507,0.02385,0.04193,COLLECT,PICKUP_ACTIVE,0.0800,0.0000,0.2088,0.1927,0.6000,0.4500,0,25.59919,0.35872,0.36132,0.90000,0.60000,2363,2432,0.081257,0.082147
5.62,0.73670,0.02392,0.04195,COLLECT,PICKUP_ACTIVE,0.0800,0.0000,0.2089,0.2111,0.6000,0.4500,0,25.59918,0.35879,0.34267,0.90000,0.60000,2368,2437,0.081501,0.081598
5.64,0.73833,0.02399,0.04195,COLLECT,PICKUP_ACTIVE,0.0800,0.0000,0.1902,0.2112,0.6000,0.4500,0,25.59918,0.35885,0.36114,0.90000,0.60000,2374,2442,0.081721,0.081907
5.66,0.73997,0.02405,0.04199,COLLECT,PICKUP_ACTIVE,0.0800,0.0000,0.2087,0.1926,0.6000,0.4500,0,25.59918,0.34020,0.36121,0.90000,0.60000,2379,2448,0.081112,0.082186
5.68,0.74160,0.02412,0.04201,COLLECT,PICKUP_ACTIVE,0.0800,0.0000,0.2087,0.2110,0.6000,0.4500,0,25.59917,0.35868,0.34256,0.90000,0.60000,2384,2453,0.081367,0.081628
5.70,0.74323,0.02419,0.04202,COLLECT,PICKUP_ACTIVE,0.0800,0.0000,0.1901,0.2111,0.6000,0.4500,0,25.59917,0.35874,0.36104,0.90000,0.60000,2390,2458,0.081597,0.081929
5.72,0.74486,0.02426,0.04206,COLLECT,PICKUP_ACTIVE,0.0800,0.0000,0.2086,0.1925,0.6000,0.4500,0,25.59917,0.34009,0.36110,0.90000,0.60000,2395,2464,0.080996,0.082200
5.74,0.74649,0.02433,0.04208,COLLECT,PICKUP_ACTIVE,0.0800,0.0000,0.2086,0.2109,0.6000,0.4500,0,25.59916,0.35857,0.34245,0.90000,0.60000,2400,2469,0.081259,0.081637
5.76,0.74812,0.02440,0.04210,COLLECT,PICKUP_ACTIVE,0.0800,0.0000,0.1900,0.2110,0.6000,0.4500,0,25.59916,0.35863,0.36093,0.90000,0.60000,2406,2474,0.081496,0.081932
5.78,0.74975,0.02447,0.04214,COLLECT,PICKUP_ACTIVE,0.0800,0.0000,0.2085,0.1923,0.6000,0.4500,0,25.59916,0.33999,0.36099,0.90000,0.60000,2411,2480,0.080902,0.082198
5.80,0.75138,0.02453,0.04217,COLLECT,PICKUP_ACTIVE,0.0000,0.0000,0.1685,0.1523,0.0000,0.4500,0,25.59915,0.35846,0.34234,0.90000,0.60000,2416,2485,0.081170,0.081630
5.82,0.75298,0.02460,0.04216,COLLECT,PICKUP_ACTIVE,0.0000,0.0000,0.1285,0.1123,0.0000,0.4500,0,25.59915,0.31846,0.30234,0.00000,0.60000,2421,2490,0.079681,0.079395
5.84,0.75451,0.02467,0.04213,COLLECT,PICKUP_ACTIVE,0.0000,0.0000,0.0885,0.0723,0.0000,0.4500,0,25.59915,0.27846,0.26234,0.00000,0.60000,2426,2495,0.076624,0.075673
5.86,0.75596,0.02473,0.04208,COLLECT,PICKUP_ACTIVE,0.0000,0.0000,0.0485,0.0323,0.0000,0.4500,0,25.59915,0.23846,0.22234,0.00000,0.60000,2431,2500,0.072169,0.070624
5.88,0.75730,0.02478,0.04200,COLLECT,PICKUP_ACTIVE,0.0000,0.0000,0.0085,-0.0077,0.0000,0.4500,0,25.59915,0.19846,0.18234,0.00000,0.60000,2436,2504,0.066467,0.064393
5.90,0.75850,0.02483,0.04190,COLLECT,PICKUP_ACTIVE,0.0000,0.0000,-0.0315,-0.0477,0.0000,0.4500,0,25.59915,0.15846,0.15766,0.00000,0.60000,2440,2508,0.059652,0.057106
5.92,0.75955,0.02488,0.04179,COLLECT,PICKUP_ACTIVE,0.0000,0.0000,-0.0605,-0.0579,0.0000,0.4500,0,25.59914,0.18154,0.19766,0.00000,0.60000,2443,2511,0.051846,0.048878
5.94,0.76043,0.02492,0.04168,COLLECT,PICKUP_ACTIVE,0.0000,0.0000,-0.0615,-0.0589,0.0000,0.4500,0,25.59914,0.21054,0.20794,0.00000,0.60000,2446,2514,0.043629,0.041094
5.96,0.76117,0.02495,0.04159,COLLECT,PICKUP_ACTIVE,0.0000,0.0000,-0.0624,-0.0411,0.0000,0.4500,0,25.59914,0.21146,0.20886,0.00000,0.60000,2449,2516,0.036260,0.034111
5.98,0.76178,0.02497,0.04154,COLLECT,PICKUP_ACTIVE,0.0000,0.0000,-0.0446,-0.0417,0.0000,0.4500,0,25.59914,0.21238,0.19107,0.00000,0.60000,2451,2518,0.029648,0.028652
6.00,0.76229,0.02499,0.04151,COLLECT,PICKUP_ACTIVE,0.0000,0.0000,-0.0265,-0.0423,0.0000,0.4500,0,25.59914,0.19459,0.19168,0.00000,0.60000,2452,2520,0.024518,0.023756
6.02,0.76271,0.02501,0.04146,COLLECT,PICKUP_ACTIVE,0.0000,0.0000,-0.0455,-0.0242,0.0000,0.4500,0,25.59914,0.17649,0.19230,0.00000,0.60000,2454,2521,0.020725,0.019362
6.04,0.76305,0.02502,0.04144,COLLECT,PICKUP_ACTIVE,0.0000,0.0000,-0.0274,-0.0245,0.0000,0.4500,0,25.59914,0.19551,0.17420,0.00000,0.60000,2455,2522,0.016520,0.016225
6.06,0.76334,0.02504,0.04143,COLLECT,PICKUP_ACTIVE,0.0000,0.0000,-0.0277,-0.0248,0.0000,0.4500,0,25.59913,0.17741,0.17450,0.00000,0.60000,2456,2523,0.013551,0.013413
6.08,0.76357,0.02505,0.04143,COLLECT,PICKUP_ACTIVE,0.0000,0.0000,-0.0280,-0.0251,0.0000,0.4500,0,25.59913,0.17772,0.17481,0.00000,0.60000,2457,2524,0.010890,0.010893
6.10,0.76375,0.02505,0.04143,COLLECT,PICKUP_ACTIVE,0.0000,0.0000,-0.0096,-0.0254,0.0000,0.4500,0,25.59913,0.17802,0.17512,0.00000,0.60000,2457,2525,0.008502,0.008631
6.12,0.76389,0.02506,0.04142,COLLECT,PICKUP_ACTIVE,0.0000,0.0000,-0.0283,-0.0070,0.0000,0.4500,0,25.59913,0.15961,0.17542,0.00000,0.60000,2458,2525,0.007169,0.006600
6.14,0.76401,0.02506,0.04142,COLLECT,PICKUP_ACTIVE,0.0000,0.0000,-0.0099,-0.0257,0.0000,0.4500,0,25.59913,0.17833,0.15701,0.00000,0.60000,2458,2526,0.005170,0.005584
6.16,0.76410,0.02507,0.04142,COLLECT,PICKUP_ACTIVE,0.0000,0.0000,-0.0099,-0.0073,0.0000,0.4500,0,25.59913,0.15992,0.17573,0.00000,0.60000,2458,2526,0.004183,0.003869
6.18,0.76416,0.02507,0.04141,COLLECT,PICKUP_ACTIVE,0.0000,0.0000,-0.0286,-0.0073,0.0000,0.4500,0,25.59913,0.15992,0.15732,0.00000,0.60000,2459,2526,0.003302,0.003135
6.20,0.76421,0.02507,0.04143,COLLECT,PICKUP_ACTIVE,0.0000,0.0000,-0.0102,-0.0073,0.0000,0.4500,0,25.59913,0.17864,0.15732,0.00000,0.60000,2459,2526,0.001708,0.002480
6.22,0.76424,0.02507,0.04146,COLLECT,PICKUP_ACTIVE,0.0000,0.0000,-0.0102,-0.0073,0.0000,0.4500,0,25.59913,0.16023,0.15732,0.00000,0.60000,2459,2526,0.001082,0.001895
6.24,0.76427,0.02507,0.04150,COLLECT,PICKUP_ACTIVE,0.0000,0.0000,-0.0102,-0.0073,0.0000,0.4500,0,25.59912,0.16023,0.15732,0.00000,0.60000,2459,2526,0.000523,0.001374
6.26,0.76428,0.02508,0.04153,COLLECT,PICKUP_ACTIVE,0.0000,0.0000,-0.0102,-0.0073,0.0000,0.4500,0,25.59912,0.16023,0.15732,0.00000,0.60000,2459,2526,0.000025,0.000909
6.28,0.76428,0.02508,0.04157,COLLECT,PICKUP_ACTIVE,0.0000,0.0000,-0.0102,-0.0260,0.0000,0.4500,0,25.59912,0.16023,0.15732,0.00000,0.60000,2459,2527,-0.000420,0.000495
6.30,0.76427,0.02507,0.04158,COLLECT,PICKUP_ACTIVE,0.0000,0.0000,-0.0102,0.0111,0.0000,0.4500,0,25.59912,0.16023,0.17604,0.00000,0.60000,2459,2526,-0.000817,-0.000684
6.32,0.76426,0.02507,0.04161,COLLECT,PICKUP_ACTIVE,0.0000,0.0000,-0.0102,-0.0073,0.0000,0.4500,0,25.59912,0.16023,0.16109,0.00000,0.60000,2459,2526,-0.001170,-0.000131
6.34,0.76424,0.02507,0.04166,COLLECT,PICKUP_ACTIVE,0.0000,0.0000,-0.0102,-0.0073,0.0000,0.4500,0,25.59912,0.16023,0.15732,0.00000,0.60000,2459,2526,-0.001486,-0.000433
6.36,0.76422,0.02507,0.04170,COLLECT,PICKUP_ACTIVE,0.0000,0.0000,0.0085,-0.0073,0.0000,0.4500,0,25.59912,0.16023,0.15732,0.00000,0.60000,2458,2526,-0.001767,-0.000703
6.38,0.76419,0.02507,0.04172,COLLECT,PICKUP_ACTIVE,0.0000,0.0000,-0.0099,-0.0073,0.0000,0.4500,0,25.59912,0.15849,0.15732,0.00000,0.60000,2458,2526,-0.001210,-0.000943
6.40,0.76417,0.02507,0.04173,COLLECT,PICKUP_ACTIVE,0.0000,0.0000,-0.0099,-0.0073,0.0000,0.4500,0,25.59912,0.15992,0.15732,0.00000,0.60000,2458,2526,-0.001508,-0.001157
6.42,0.76414,0.02507,0.04175,COLLECT,PICKUP_ACTIVE,0.0000,0.0000,-0.0099,-0.0073,0.0000,0.4500,0,25.59911,0.15992,0.15732,0.00000,0.60000,2458,2526,-0.001773,-0.001349
6.44,0.76410,0.02507,0.04177,COLLECT,PICKUP_ACTIVE,0.0000,0.0000,-0.0099,-0.0073,0.0000,0.4500,0,25.59911,0.15992,0.15732,0.00000,0.60000,2458,2526,-0.002011,-0.001519
6.46,0.76407,0.02507,0.04179,COLLECT,PICKUP_ACTIVE,0.0000,0.0000,-0.0099,-0.0073,0.0000,0.4500,0,25.59911,0.15992,0.15732,0.00000,0.60000,2458,2526,-0.002222,-0.001672
6.48,0.76402,0.02506,0.04181,COLLECT,PICKUP_ACTIVE,0.0000,0.0000,-0.0099,-0.0073,0.0000,0.4500,0,25.59911,0.15992,0.15732,0.00000,0.60000,2458,2526,-0.002411,-0.001807
6.50,0.76398,0.02506,0.04184,COLLECT,PICKUP_ACTIVE,0.0000,0.0000,-0.0099,-0.0073,0.0000,0.4500,0,25.59911,0.15992,0.15732,0.00000,0.60000,2458,2526,-0.002579,-0.001929
6.52,0.76393,0.02506,0.04186,COLLECT,PICKUP_ACTIVE,0.0000,0.0000,0.0088,-0.0073,0.0000,0.4500,0,25.59911,0.15992,0.15732,0.00000,0.60000,2457,2526,-0.002729,-0.002037
6.54,0.76389,0.02506,0.04187,COLLECT,PICKUP_ACTIVE,0.0000,0.0000,-0.0096,0.0114,0.0000,0.4500,0,25.59911,0.15879,0.15732,0.00000,0.60000,2457,2525,-0.002054,-0.002133
6.56,0.76385,0.02506,0.04189,COLLECT,PICKUP_ACTIVE,0.0000,0.0000,-0.0096,-0.0070,0.0000,0.4500,0,25.59911,0.15961,0.16139,0.00000,0.60000,2457,2525,-0.002248,-0.001410
6.58,0.76381,0.02506,0.04193,COLLECT,PICKUP_ACTIVE,0.0000,0.0000,-0.0096,-0.0070,0.0000,0.4500,0,25.59911,0.15961,0.15701,0.00000,0.60000,2457,2525,-0.002420,-0.001561
6.60,0.76377,0.02505,0.04196,COLLECT,PICKUP_ACTIVE,0.0000,0.0000,-0.0096,-0.0070,0.0000,0.4500,0,25.59910,0.15961,0.15701,0.00000,0.60000,2457,2525,-0.002574,-0.001695
6.62,0.76373,0.02505,0.04200,COLLECT,PICKUP_ACTIVE,0.0000,0.0000,-0.0096,-0.0070,0.0000,0.4500,0,25.59910,0.15961,0.15701,0.00000,0.60000,2457,2525,-0.002712,-0.001815
6.64,0.76368,0.02505,0.04203,COLLECT,PICKUP_ACTIVE,0.0000,0.0000,0.0091,-0.0070,0.0000,0.4500,0,25.59910,0.15961,0.15701,0.00000,0.60000,2456,2525,-0.002834,-0.001922
6.66,0.76364,0.02505,0.04205,COLLECT,PICKUP_ACTIVE,0.0000,0.0000,-0.0093,-0.0070,0.0000,0.4500,0,25.59910,0.15910,0.15701,0.00000,0.60000,2456,2525,-0.002135,-0.002018
6.68,0.76359,0.02505,0.04205,COLLECT,PICKUP_ACTIVE,0.0000,0.0000,-0.0093,-0.0070,0.0000,0.4500,0,25.59910,0.15931,0.15701,0.00000,0.60000,2456,2525,-0.002306,-0.002103
6.70,0.76355,0.02504,0.04206,COLLECT,PICKUP_ACTIVE,0.0000,0.0000,-0.0093,-0.0070,0.0000,0.4500,0,25.59910,0.15931,0.15701,0.00000,0.60000,2456,2525,-0.002459,-0.002179
6.72,0.76350,0.02504,0.04208,COLLECT,PICKUP_ACTIVE,0.0000,0.0000,-0.0093,0.0117,0.0000,0.4500,0,25.59910,0.15931,0.15701,0.00000,0.60000,2456,2524,-0.002596,-0.002247
6.74,0.76346,0.02504,0.04212,COLLECT,PICKUP_ACTIVE,0.0000,0.0000,-0.0093,-0.0067,0.0000,0.4500,0,25.59910,0.15931,0.16170,0.00000,0.60000,2456,2524,-0.002718,-0.001498
6.76,0.76341,0.02504,0.04217,COLLECT,PICKUP_ACTIVE,0.0000,0.0000,0.0094,-0.0067,0.0000,0.4500,0,25.59910,0.15931,0.15671,0.00000,0.60000,2455,2524,-0.002826,-0.001626
6.78,0.76337,0.02504,0.04219,COLLECT,PICKUP_ACTIVE,0.0000,0.0000,-0.0090,-0.0067,0.0000,0.4500,0,25.59909,0.15941,0.15671,0.00000,0.60000,2455,2524,-0.002114,-0.001740
6.80,0.76333,0.02504,0.04220,COLLECT,PICKUP_ACTIVE,0.0000,0.0000,-0.0090,-0.0067,0.0000,0.4500,0,25.59909,0.15900,0.15671,0.00000,0.60000,2455,2524,-0.002275,-0.001842
6.82,0.76329,0.02503,0.04222,COLLECT,PICKUP_ACTIVE,0.0000,0.0000,-0.0090,-0.0067,0.0000,0.4500,0,25.59909,0.15900,0.15671,0.00000,0.60000,2455,2524,-0.002418,-0.001933
6.84,0.76324,0.02503,0.04224,COLLECT,PICKUP_ACTIVE,0.0000,0.0000,-0.0090,-0.0067,0.0000,0.4500,0,25.59909,0.15900,0.15671,0.00000,0.60000,2455,2524,-0.002546,-0.002014
6.86,0.76320,0.02503,0.04227,COLLECT,PICKUP_ACTIVE,0.0000,0.0000,-0.0090,-0.0067,0.0000,0.4500,0,25.59909,0.15900,0.15671,0.00000,0.60000,2455,2524,-0.002660,-0.002086
6.88,0.76315,0.02503,0.04229,COLLECT,PICKUP_ACTIVE,0.0000,0.0000,0.0097,0.0120,0.0000,0.4500,0,25.59909,0.15900,0.15671,0.00000,0.60000,2454,2523,-0.002761,-0.002151
6.90,0.76311,0.02503,0.04232,COLLECT,PICKUP_ACTIVE,0.0000,0.0000,-0.0087,-0.0064,0.0000,0.4500,0,25.59909,0.15971,0.16201,0.00000,0.60000,2454,2523,-0.002043,-0.001400
6.92,0.76307,0.02502,0.04234,COLLECT,PICKUP_ACTIVE,0.0000,0.0000,-0.0087,-0.0064,0.0000,0.4500,0,25.59909,0.15869,0.15640,0.00000,0.60000,2454,2523,-0.002198,-0.001525
6.94,0.76303,0.02502,0.04237,COLLECT,PICKUP_ACTIVE,0.0000,0.0000,-0.0087,-0.0064,0.0000,0.4500,0,25.59909,0.15869,0.15640,0.00000,0.60000,2454,2523,-0.002336,-0.001637
6.96,0.76299,0.02502,0.04240,COLLECT,PICKUP_ACTIVE,0.0000,0.0000,-0.0087,-0.0064,0.0000,0.4500,0,25.59908,0.15869,0.15640,0.00000,0.60000,2454,2523,-0.002460,-0.001737
6.98,0.76295,0.02502,0.04243,COLLECT,PICKUP_ACTIVE,0.0000,0.0000,-0.0087,-0.0064,0.0000,0.4500,0,25.59908,0.15869,0.15640,0.00000,0.60000,2454,2523,-0.002570,-0.001826
7.00,0.76290,0.02502,0.04246,COLLECT,PICKUP_ACTIVE,0.0000,0.0000,-0.0087,-0.0064,0.0000,0.4500,0,25.59908,0.15869,0.15640,0.00000,0.60000,2454,2523,-0.002668,-0.001905
7.02,0.76286,0.02502,0.04249,COLLECT,PICKUP_ACTIVE,0.0000,0.0000,0.0100,-0.0064,0.0000,0.4500,0,25.59908,0.15869,0.15640,0.00000,0.60000,2453,2523,-0.002755,-0.001976
7.04,0.76281,0.02501,0.04250,COLLECT,PICKUP_ACTIVE,0.0000,0.0000,-0.0084,0.0123,0.0000,0.4500,0,25.59908,0.16002,0.15640,0.00000,0.60000,2453,2522,-0.002025,-0.002039
7.06,0.76278,0.02501,0.04252,COLLECT,PICKUP_ACTIVE,0.0000,0.0000,-0.0084,-0.0061,0.0000,0.4500,0,25.59908,0.15839,0.16231,0.00000,0.60000,2453,2522,-0.002168,-0.001287
7.08,0.76274,0.02501,0.04256,COLLECT,PICKUP_ACTIVE,0.0000,0.0000,-0.0084,-0.0061,0.0000,0.4500,0,25.59908,0.15839,0.15609,0.00000,0.60000,2453,2522,-0.002296,-0.001411
7.10,0.76270,0.02501,0.04260,COLLECT,PICKUP_ACTIVE,0.0000,0.0000,-0.0084,-0.0061,0.0000,0.4500,0,25.59908,0.15839,0.15609,0.00000,0.60000,2453,2522,-0.002411,-0.001522
7.12,0.76266,0.02501,0.04263,COLLECT,PICKUP_ACTIVE,0.0000,0.0000,-0.0084,-0.0061,0.0000,0.4500,0,25.59908,0.15839,0.15609,0.00000,0.60000,2453,2522,-0.002513,-0.001621
7.14,0.76262,0.02501,0.04267,COLLECT,PICKUP_ACTIVE,0.0000,0.0000,0.0103,-0.0061,0.0000,0.4500,0,25.59907,0.15839,0.15609,0.00000,0.60000,2452,2522,-0.002604,-0.001709
7.16,0.76258,0.02500,0.04268,COLLECT,PICKUP_ACTIVE,0.0000,0.0000,-0.0081,-0.0061,0.0000,0.4500,0,25.59907,0.16033,0.15609,0.00000,0.60000,2452,2522,-0.001876,-0.001788
7.18,0.76254,0.02500,0.04268,COLLECT,PICKUP_ACTIVE,0.0000,0.0000,-0.0081,-0.0061,0.0000,0.4500,0,25.59907,0.15808,0.15609,0.00000,0.60000,2452,2522,-0.002023,-0.001858
7.20,0.76250,0.02500,0.04269,COLLECT,PICKUP_ACTIVE,0.0000,0.0000,-0.0081,-0.0061,0.0000,0.4500,0,25.59907,0.15808,0.15609,0.00000,0.60000,2452,2522,-0.002153,-0.001921
7.22,0.76246,0.02500,0.04270,COLLECT,PICKUP_ACTIVE,0.0000,0.0000,-0.0081,-0.0061,0.0000,0.4500,0,25.59907,0.15808,0.15609,0.00000,0.60000,2452,2522,-0.002270,-0.001976
7.24,0.76242,0.02500,0.04272,COLLECT,PICKUP_ACTIVE,0.0000,0.0000,-0.0081,0.0126,0.0000,0.4500,0,25.59907,0.15808,0.15609,0.00000,0.60000,2452,2521,-0.002374,-0.002026
7.26,0.76238,0.02499,0.04276,COLLECT,PICKUP_ACTIVE,0.0000,0.0000,-0.0081,-0.0058,0.0000,0.4500,0,25.59907,0.15808,0.16262,0.00000,0.60000,2452,2521,-0.002466,-0.001262
7.28,0.76234,0.02499,0.04280,COLLECT,PICKUP_ACTIVE,0.0000,0.0000,0.0106,-0.0058,0.0000,0.4500,0,25.59907,0.15808,0.15579,0.00000,0.60000,2451,2521,-0.002549,-0.001376
7.30,0.76231,0.02499,0.04283,COLLECT,PICKUP_ACTIVE,0.0000,0.0000,-0.0078,-0.0058,0.0000,0.4500,0,25.59907,0.16063,0.15579,0.00000,0.60000,2451,2521,-0.001814,-0.001477
7.32,0.76227,0.02499,0.04284,COLLECT,PICKUP_ACTIVE,0.0000,0.0000,-0.0078,-0.0058,0.0000,0.4500,0,25.59906,0.15777,0.15579,0.00000,0.60000,2451,2521,-0.001954,-0.001568
7.34,0.76223,0.02499,0.04286,COLLECT,PICKUP_ACTIVE,0.0000,0.0000,-0.0078,-0.0058,0.0000,0.4500,0,25.59906,0.15777,0.15579,0.00000,0.60000,2451,2521,-0.002079,-0.001648
7.36,0.76220,0.02499,0.04288,COLLECT,PICKUP_ACTIVE,0.0000,0.0000,-0.0078,-0.0058,0.0000,0.4500,0,25.59906,0.15777,0.15579,0.00000,0.60000,2451,2521,-0.002190,-0.001720
7.38,0.76216,0.02499,0.04290,COLLECT,PICKUP_ACTIVE,0.0000,0.0000,-0.0078,-0.0058,0.0000,0.4500,0,25.59906,0.15777,0.15579,0.00000,0.60000,2451,2521,-0.002290,-0.001785
7.40,0.76211,0.02498,0.04292,COLLECT,PICKUP_ACTIVE,0.0000,0.0000,-0.0078,-0.0058,0.0000,0.4500,0,25.59906,0.15777,0.15579,0.00000,0.60000,2451,2521,-0.002378,-0.001842
7.42,0.76207,0.02498,0.04294,COLLECT,PICKUP_ACTIVE,0.0000,0.0000,0.0109,0.0129,0.0000,0.4500,0,25.59906,0.15777,0.15579,0.00000,0.60000,2450,2520,-0.002457,-0.001893
7.44,0.76204,0.02498,0.04296,COLLECT,PICKUP_ACTIVE,0.0000,0.0000,-0.0075,-0.0055,0.0000,0.4500,0,25.59906,0.16094,0.16293,0.00000,0.60000,2450,2520,-0.001719,-0.001130
7.46,0.76201,0.02498,0.04299,COLLECT,PICKUP_ACTIVE,0.0000,0.0000,-0.0075,-0.0055,0.0000,0.4500,0,25.59906,0.15747,0.15548,0.00000,0.60000,2450,2520,-0.001856,-0.001245
7.48,0.76198,0.02498,0.04301,COLLECT,PICKUP_ACTIVE,0.0000,0.0000,-0.0075,-0.0055,0.0000,0.4500,0,25.59905,0.15747,0.15548,0.00000,0.60000,2450,2520,-0.001978,-0.001347
7.50,0.76194,0.02498,0.04304,COLLECT,PICKUP_ACTIVE,0.0000,0.0000,-0.0075,-0.0055,0.0000,0.4500,0,25.59905,0.15747,0.15548,0.00000,0.60000,2450,2520,-0.002087,-0.001438
7.52,0.76190,0.02497,0.04306,COLLECT,PICKUP_ACTIVE,0.0000,0.0000,-0.0075,-0.0055,0.0000,0.4500,0,25.59905,0.15747,0.15548,0.00000,0.60000,2450,2520,-0.002184,-0.001520
7.54,0.76187,0.02497,0.04309,COLLECT,PICKUP_ACTIVE,0.0000,0.0000,-0.0075,-0.0055,0.0000,0.4500,0,25.59905,0.15747,0.15548,0.00000,0.60000,2450,2520,-0.002271,-0.001592
7.56,0.76183,0.02497,0.04312,COLLECT,PICKUP_ACTIVE,0.0000,0.0000,-0.0075,-0.0055,0.0000,0.4500,0,25.59905,0.15747,0.15548,0.00000,0.60000,2450,2520,-0.002348,-0.001657
7.58,0.76179,0.02497,0.04315,COLLECT,PICKUP_ACTIVE,0.0000,0.0000,0.0112,-0.0055,0.0000,0.4500,0,25.59905,0.15747,0.15548,0.00000,0.60000,2449,2520,-0.002417,-0.001715
7.60,0.76175,0.02497,0.04315,COLLECT,PICKUP_ACTIVE,0.0000,0.0000,-0.0072,-0.0055,0.0000,0.4500,0,25.59905,0.16125,0.15548,0.00000,0.60000,2449,2520,-0.001670,-0.001767
7.62,0.76171,0.02497,0.04315,COLLECT,PICKUP_ACTIVE,0.0000,0.0000,-0.0072,0.0132,0.0000,0.4500,0,25.59905,0.15716,0.15548,0.00000,0.60000,2449,2519,-0.001799,-0.001813
7.64,0.76168,0.02496,0.04318,COLLECT,PICKUP_ACTIVE,0.0000,0.0000,-0.0072,-0.0052,0.0000,0.4500,0,25.59905,0.15716,0.16323,0.00000,0.60000,2449,2519,-0.001914,-0.001045
7.66,0.76165,0.02496,0.04321,COLLECT,PICKUP_ACTIVE,0.0000,0.0000,-0.0072,-0.0052,0.0000,0.4500,0,25.59904,0.15716,0.15517,0.00000,0.60000,2449,2519,-0.002017,-0.001156
7.68,0.76162,0.02496,0.04324,COLLECT,PICKUP_ACTIVE,0.0000,0.0000,-0.0072,-0.0052,0.0000,0.4500,0,25.59904,0.15716,0.15517,0.00000,0.60000,2449,2519,-0.002108,-0.001254
7.70,0.76158,0.02496,0.04328,COLLECT,PICKUP_ACTIVE,0.0000,0.0000,-0.0072,-0.0052,0.0000,0.4500,0,25.59904,0.15716,0.15517,0.00000,0.60000,2449,2519,-0.002190,-0.001342
7.72,0.76155,0.02496,0.04331,COLLECT,PICKUP_ACTIVE,0.0000,0.0000,0.0116,-0.0052,0.0000,0.4500,0,25.59904,0.15716,0.15517,0.00000,0.60000,2448,2519,-0.002263,-0.001421
7.74,0.76151,0.02496,0.04332,COLLECT,PICKUP_ACTIVE,0.0000,0.0000,-0.0069,-0.0052,0.0000,0.4500,0,25.59904,0.16155,0.15517,0.00000,0.60000,2448,2519,-0.001519,-0.001491
7.76,0.76148,0.02496,0.04332,COLLECT,PICKUP_ACTIVE,0.0000,0.0000,-0.0069,-0.0052,0.0000,0.4500,0,25.59904,0.15685,0.15517,0.00000,0.60000,2448,2519,-0.001651,-0.001553
7.78,0.76145,0.02495,0.04333,COLLECT,PICKUP_ACTIVE,0.0000,0.0000,-0.0069,-0.0052,0.0000,0.4500,0,25.59904,0.15685,0.15517,0.00000,0.60000,2448,2519,-0.001769,-0.001609
7.80,0.76142,0.02495,0.04334,COLLECT,PICKUP_ACTIVE,0.0000,0.0000,-0.0069,-0.0052,0.0000,0.4500,0,25.59904,0.15685,0.15517,0.00000,0.60000,2448,2519,-0.001874,-0.001659
7.82,0.76138,0.02495,0.04335,COLLECT,PICKUP_ACTIVE,0.0000,0.0000,-0.0069,-0.0052,0.0000,0.4500,0,25.59904,0.15685,0.15517,0.00000,0.60000,2448,2519,-0.001967,-0.001703
7.84,0.76134,0.02495,0.04336,COLLECT,PICKUP_ACTIVE,0.0000,0.0000,-0.0069,0.0135,0.0000,0.4500,0,25.59903,0.15685,0.15517,0.00000,0.60000,2448,2518,-0.002051,-0.001743
7.86,0.76131,0.02495,0.04340,COLLECT,PICKUP_ACTIVE,0.0000,0.0000,-0.0069,-0.0049,0.0000,0.4500,0,25.59903,0.15685,0.16354,0.00000,0.60000,2448,2518,-0.002126,-0.000969
7.88,0.76128,0.02495,0.04344,COLLECT,PICKUP_ACTIVE,0.0000,0.0000,0.0119,-0.0049,0.0000,0.4500,0,25.59903,0.15685,0.15487,0.00000,0.60000,2447,2518,-0.002192,-0.001075
7.90,0.76125,0.02495,0.04346,COLLECT,PICKUP_ACTIVE,0.0000,0.0000,-0.0065,-0.0049,0.0000,0.4500,0,25.59903,0.16186,0.15487,0.00000,0.60000,2447,2518,-0.001443,-0.001169
7.92,0.76122,0.02494,0.04347,COLLECT,PICKUP_ACTIVE,0.0000,0.0000,-0.0065,-0.0049,0.0000,0.4500,0,25.59903,0.15655,0.15487,0.00000,0.60000,2447,2518,-0.001570,-0.001253
7.94,0.76119,0.02494,0.04349,COLLECT,PICKUP_ACTIVE,0.0000,0.0000,-0.0065,-0.0049,0.0000,0.4500,0,25.59903,0.15655,0.15487,0.00000,0.60000,2447,2518,-0.001683,-0.001328
7.96,0.76116,0.02494,0.04350,COLLECT,PICKUP_ACTIVE,0.0000,0.0000,-0.0065,-0.0049,0.0000,0.4500,0,25.59903,0.15655,0.15487,0.00000,0.60000,2447,2518,-0.001784,-0.001395
7.98,0.76113,0.02494,0.04352,COLLECT,PICKUP_ACTIVE,0.0000,0.0000,-0.0065,-0.0049,0.0000,0.4500,0,25.59903,0.15655,0.15487,0.00000,0.60000,2447,2518,-0.001874,-0.001455
8.00,0.76109,0.02494,0.04354,COLLECT,PICKUP_ACTIVE,0.0000,0.0000,-0.0065,-0.0049,0.0000,0.4500,0,25.59903,0.15655,0.15487,0.00000,0.60000,2447,2518,-0.001955,-0.001508
8.02,0.76106,0.02494,0.04356,COLLECT,PICKUP_ACTIVE,0.0000,0.0000,-0.0065,-0.0049,0.0000,0.4500,0,25.59902,0.15655,0.15487,0.00000,0.60000,2447,2518,-0.002026,-0.001555
8.04,0.76102,0.02494,0.04358,COLLECT,PICKUP_ACTIVE,0.0000,0.0000,-0.0065,-0.0049,0.0000,0.4500,0,25.59902,0.15655,0.15487,0.00000,0.60000,2447,2518,-0.002090,-0.001597
8.06,0.76098,0.02493,0.04360,COLLECT,PICKUP_ACTIVE,0.0000,0.0000,0.0122,0.0138,0.0000,0.4500,0,25.59902,0.15655,0.15487,0.00000,0.60000,2446,2517,-0.002147,-0.001635
8.08,0.76096,0.02493,0.04362,COLLECT,PICKUP_ACTIVE,0.0000,0.0000,-0.0062,-0.0046,0.0000,0.4500,0,25.59902,0.16217,0.16385,0.00000,0.60000,2446,2517,-0.001390,-0.000860
8.10,0.76093,0.02493,0.04364,COLLECT,PICKUP_ACTIVE,0.0000,0.0000,-0.0062,-0.0046,0.0000,0.4500,0,25.59902,0.15624,0.15456,0.00000,0.60000,2446,2517,-0.001509,-0.000964
8.12,0.76091,0.02493,0.04366,COLLECT,PICKUP_ACTIVE,0.0000,0.0000,-0.0062,-0.0046,0.0000,0.4500,0,25.59902,0.15624,0.15456,0.00000,0.60000,2446,2517,-0.001616,-0.001057
8.14,0.76088,0.02493,0.04368,COLLECT,PICKUP_ACTIVE,0.0000,0.0000,-0.0062,-0.0046,0.0000,0.4500,0,25.59902,0.15624,0.15456,0.00000,0.60000,2446,2517,-0.001711,-0.001140
8.16,0.76085,0.02493,0.04371,COLLECT,PICKUP_ACTIVE,0.0000,0.0000,-0.0062,-0.0046,0.0000,0.4500,0,25.59902,0.15624,0.15456,0.00000,0.60000,2446,2517,-0.001796,-0.001214
8.18,0.76082,0.02493,0.04373,COLLECT,PICKUP_ACTIVE,0.0000,0.0000,-0.0062,-0.0046,0.0000,0.4500,0,25.59902,0.15624,0.15456,0.00000,0.60000,2446,2517,-0.001871,-0.001280
8.20,0.76079,0.02493,0.04375,COLLECT,PICKUP_ACTIVE,0.0000,0.0000,-0.0062,-0.0046,0.0000,0.4500,0,25.59901,0.15624,0.15456,0.00000,0.60000,2446,2517,-0.001939,-0.001339
8.22,0.76075,0.02492,0.04378,COLLECT,PICKUP_ACTIVE,0.0000,0.0000,0.0125,-0.0046,0.0000,0.4500,0,25.59901,0.15624,0.15456,0.00000,0.60000,2445,2517,-0.001999,-0.001391
8.24,0.76072,0.02492,0.04378,COLLECT,PICKUP_ACTIVE,0.0000,0.0000,-0.0059,-0.0046,0.0000,0.4500,0,25.59901,0.16248,0.15456,0.00000,0.60000,2445,2517,-0.001244,-0.001438
8.26,0.76070,0.02492,0.04377,COLLECT,PICKUP_ACTIVE,0.0000,0.0000,-0.0059,-0.0046,0.0000,0.4500,0,25.59901,0.15593,0.15456,0.00000,0.60000,2445,2517,-0.001366,-0.001480
8.28,0.76067,0.02492,0.04377,COLLECT,PICKUP_ACTIVE,0.0000,0.0000,-0.0059,-0.0046,0.0000,0.4500,0,25.59901,0.15593,0.15456,0.00000,0.60000,2445,2517,-0.001475,-0.001517
8.30,0.76063,0.02492,0.04377,COLLECT,PICKUP_ACTIVE,0.0000,0.0000,-0.0059,0.0142,0.0000,0.4500,0,25.59901,0.15593,0.15456,0.00000,0.60000,2445,2516,-0.001572,-0.001550
8.32,0.76061,0.02492,0.04380,COLLECT,PICKUP_ACTIVE,0.0000,0.0000,-0.0059,-0.0043,0.0000,0.4500,0,25.59901,0.15593,0.16415,0.00000,0.60000,2445,2516,-0.001658,-0.000771
8.34,0.76058,0.02492,0.04383,COLLECT,PICKUP_ACTIVE,0.0000,0.0000,-0.0059,-0.0043,0.0000,0.4500,0,25.59901,0.15593,0.15425,0.00000,0.60000,2445,2516,-0.001735,-0.000871
8.36,0.76056,0.02492,0.04387,COLLECT,PICKUP_ACTIVE,0.0000,0.0000,-0.0059,-0.0043,0.0000,0.4500,0,25.59901,0.15593,0.15425,0.00000,0.60000,2445,2516,-0.001804,-0.000961
8.38,0.76053,0.02491,0.04390,COLLECT,PICKUP_ACTIVE,0.0000,0.0000,-0.0059,-0.0043,0.0000,0.4500,0,25.59900,0.15593,0.15425,0.00000,0.60000,2445,2516,-0.001866,-0.001041
8.40,0.76050,0.02491,0.04393,COLLECT,PICKUP_ACTIVE,0.0000,0.0000,-0.0059,-0.0043,0.0000,0.4500,0,25.59900,0.15593,0.15425,0.00000,0.60000,2445,2516,-0.001921,-0.001112
8.42,0.76047,0.02491,0.04396,COLLECT,PICKUP_ACTIVE,0.0000,0.0000,0.0128,-0.0043,0.0000,0.4500,0,25.59900,0.15593,0.15425,0.00000,0.60000,2444,2516,-0.001969,-0.001176
8.44,0.76044,0.02491,0.04397,COLLECT,PICKUP_ACTIVE,0.0000,0.0000,-0.0056,-0.0043,0.0000,0.4500,0,25.59900,0.16278,0.15425,0.00000,0.60000,2444,2516,-0.001204,-0.001233
8.46,0.76041,0.02491,0.04397,COLLECT,PICKUP_ACTIVE,0.0000,0.0000,-0.0056,-0.0043,0.0000,0.4500,0,25.59900,0.15563,0.15425,0.00000,0.60000,2444,2516,-0.001317,-0.001283
8.48,0.76039,0.02491,0.04397,COLLECT,PICKUP_ACTIVE,0.0000,0.0000,-0.0056,-0.0043,0.0000,0.4500,0,25.59900,0.15563,0.15425,0.00000,0.60000,2444,2516,-0.001418,-0.001329
8.50,0.76036,0.02491,0.04398,COLLECT,PICKUP_ACTIVE,0.0000,0.0000,-0.0056,-0.0043,0.0000,0.4500,0,25.59900,0.15563,0.15425,0.00000,0.60000,2444,2516,-0.001508,-0.001369
8.52,0.76033,0.02491,0.04399,COLLECT,PICKUP_ACTIVE,0.0000,0.0000,-0.0056,-0.0043,0.0000,0.4500,0,25.59900,0.15563,0.15425,0.00000,0.60000,2444,2516,-0.001588,-0.001405
8.54,0.76030,0.02490,0.04399,COLLECT,PICKUP_ACTIVE,0.0000,0.0000,-0.0056,-0.0043,0.0000,0.4500,0,25.59900,0.15563,0.15425,0.00000,0.60000,2444,2516,-0.001660,-0.001437
8.56,0.76027,0.02490,0.04400,COLLECT,PICKUP_ACTIVE,0.0000,0.0000,-0.0056,0.0145,0.0000,0.4500,0,25.59900,0.15563,0.15425,0.00000,0.60000,2444,2515,-0.001724,-0.001465
8.58,0.76024,0.02490,0.04404,COLLECT,PICKUP_ACTIVE,0.0000,0.0000,-0.0056,-0.0039,0.0000,0.4500,0,25.59899,0.15563,0.16446,0.00000,0.60000,2444,2515,-0.001780,-0.000682
8.60,0.76021,0.02490,0.04408,COLLECT,PICKUP_ACTIVE,0.0000,0.0000,0.0131,-0.0039,0.0000,0.4500,0,25.59899,0.15563,0.15395,0.00000,0.60000,2443,2515,-0.001831,-0.000779
8.62,0.76019,0.02490,0.04410,COLLECT,PICKUP_ACTIVE,0.0000,0.0000,-0.0053,-0.0039,0.0000,0.4500,0,25.59899,0.16309,0.15395,0.00000,0.60000,2443,2515,-0.001068,-0.000865
8.64,0.76017,0.02490,0.04411,COLLECT,PICKUP_ACTIVE,0.0000,0.0000,-0.0053,-0.0039,0.0000,0.4500,0,25.59899,0.15532,0.15395,0.00000,0.60000,2443,2515,-0.001182,-0.000942
8.66,0.76015,0.02490,0.04412,COLLECT,PICKUP_ACTIVE,0.0000,0.0000,-0.0053,-0.0039,0.0000,0.4500,0,25.59899,0.15532,0.15395,0.00000,0.60000,2443,2515,-0.001284,-0.001011
8.68,0.76013,0.02490,0.04413,COLLECT,PICKUP_ACTIVE,0.0000,0.0000,-0.0053,-0.0039,0.0000,0.4500,0,25.59899,0.15532,0.15395,0.00000,0.60000,2443,2515,-0.001375,-0.001072
8.70,0.76010,0.02490,0.04414,COLLECT,PICKUP_ACTIVE,0.0000,0.0000,-0.0053,-0.0039,0.0000,0.4500,0,25.59899,0.15532,0.15395,0.00000,0.60000,2443,2515,-0.001457,-0.001127
8.72,0.76007,0.02489,0.04416,COLLECT,PICKUP_ACTIVE,0.0000,0.0000,-0.0053,-0.0039,0.0000,0.4500,0,25.59899,0.15532,0.15395,0.00000,0.60000,2443,2515,-0.001529,-0.001176
8.74,0.76005,0.02489,0.04417,COLLECT,PICKUP_ACTIVE,0.0000,0.0000,-0.0053,-0.0039,0.0000,0.4500,0,25.59899,0.15532,0.15395,0.00000,0.60000,2443,2515,-0.001594,-0.001219
8.76,0.76002,0.02489,0.04419,COLLECT,PICKUP_ACTIVE,0.0000,0.0000,-0.0053,-0.0039,0.0000,0.4500,0,25.59898,0.15532,0.15395,0.00000,0.60000,2443,2515,-0.001651,-0.001258
8.78,0.75999,0.02489,0.04420,COLLECT,PICKUP_ACTIVE,0.0000,0.0000,-0.0053,-0.0039,0.0000,0.4500,0,25.59898,0.15532,0.15395,0.00000,0.60000,2443,2515,-0.001703,-0.001293
8.80,0.75996,0.02489,0.04422,COLLECT,PICKUP_ACTIVE,0.0000,0.0000,-0.0053,-0.0039,0.0000,0.4500,0,25.59898,0.15532,0.15395,0.00000,0.60000,2443,2515,-0.001749,-0.001324
8.82,0.75993,0.02489,0.04424,COLLECT,PICKUP_ACTIVE,0.0000,0.0000,0.0134,0.0148,0.0000,0.4500,0,25.59898,0.15532,0.15395,0.00000,0.60000,2442,2514,-0.001790,-0.001351
8.84,0.75991,0.02489,0.04426,COLLECT,PICKUP_ACTIVE,0.0000,0.0000,-0.0050,-0.0036,0.0000,0.4500,0,25.59898,0.16340,0.16477,0.00000,0.60000,2442,2514,-0.001018,-0.000567
8.86,0.75989,0.02489,0.04428,COLLECT,PICKUP_ACTIVE,0.0000,0.0000,-0.0050,-0.0036,0.0000,0.4500,0,25.59898,0.15501,0.15364,0.00000,0.60000,2442,2514,-0.001124,-0.000663
8.88,0.75987,0.02489,0.04429,COLLECT,PICKUP_ACTIVE,0.0000,0.0000,-0.0050,-0.0036,0.0000,0.4500,0,25.59898,0.15501,0.15364,0.00000,0.60000,2442,2514,-0.001219,-0.000749
8.90,0.75985,0.02488,0.04431,COLLECT,PICKUP_ACTIVE,0.0000,0.0000,-0.0050,-0.0036,0.0000,0.4500,0,25.59898,0.15501,0.15364,0.00000,0.60000,2442,2514,-0.001304,-0.000825
8.92,0.75983,0.02488,0.04433,COLLECT,PICKUP_ACTIVE,0.0000,0.0000,-0.0050,-0.0036,0.0000,0.4500,0,25.59898,0.15501,0.15364,0.00000,0.60000,2442,2514,-0.001380,-0.000893
8.94,0.75980,0.02488,0.04435,COLLECT,PICKUP_ACTIVE,0.0000,0.0000,-0.0050,-0.0036,0.0000,0.4500,0,25.59897,0.15501,0.15364,0.00000,0.60000,2442,2514,-0.001447,-0.000954
8.96,0.75978,0.02488,0.04437,COLLECT,PICKUP_ACTIVE,0.0000,0.0000,-0.0050,-0.0036,0.0000,0.4500,0,25.59897,0.15501,0.15364,0.00000,0.60000,2442,2514,-0.001508,-0.001008
8.98,0.75975,0.02488,0.04439,COLLECT,PICKUP_ACTIVE,0.0000,0.0000,-0.0050,-0.0036,0.0000,0.4500,0,25.59897,0.15501,0.15364,0.00000,0.60000,2442,2514,-0.001561,-0.001057
9.00,0.75973,0.02488,0.04441,COLLECT,PICKUP_ACTIVE,0.0000,0.0000,-0.0050,-0.0036,0.0000,0.4500,0,25.59897,0.15501,0.15364,0.00000,0.60000,2442,2514,-0.001609,-0.001100
9.02,0.75970,0.02488,0.04443,COLLECT,PICKUP_ACTIVE,0.0000,0.0000,0.0137,-0.0036,0.0000,0.4500,0,25.59897,0.15501,0.15364,0.00000,0.60000,2441,2514,-0.001652,-0.001138
9.04,0.75968,0.02488,0.04443,COLLECT,PICKUP_ACTIVE,0.0000,0.0000,-0.0047,-0.0036,0.0000,0.4500,0,25.59897,0.16370,0.15364,0.00000,0.60000,2441,2514,-0.000881,-0.001173
9.06,0.75965,0.02488,0.04442,COLLECT,PICKUP_ACTIVE,0.0000,0.0000,-0.0047,-0.0036,0.0000,0.4500,0,25.59897,0.15471,0.15364,0.00000,0.60000,2441,2514,-0.000990,-0.001203
9.08,0.75963,0.02488,0.04441,COLLECT,PICKUP_ACTIVE,0.0000,0.0000,-0.0047,-0.0036,0.0000,0.4500,0,25.59897,0.15471,0.15364,0.00000,0.60000,2441,2514,-0.001086,-0.001230
9.10,0.75961,0.02487,0.04441,COLLECT,PICKUP_ACTIVE,0.0000,0.0000,-0.0047,-0.0036,0.0000,0.4500,0,25.59897,0.15471,0.15364,0.00000,0.60000,2441,2514,-0.001172,-0.001255
9.12,0.75958,0.02487,0.04441,COLLECT,PICKUP_ACTIVE,0.0000,0.0000,-0.0047,-0.0036,0.0000,0.4500,0,25.59896,0.15471,0.15364,0.00000,0.60000,2441,2514,-0.001249,-0.001277
9.14,0.75956,0.02487,0.04441,COLLECT,PICKUP_ACTIVE,0.0000,0.0000,-0.0047,0.0151,0.0000,0.4500,0,25.59896,0.15471,0.15364,0.00000,0.60000,2441,2513,-0.001317,-0.001296
9.16,0.75954,0.02487,0.04443,COLLECT,PICKUP_ACTIVE,0.0000,0.0000,-0.0047,-0.0033,0.0000,0.4500,0,25.59896,0.15471,0.16507,0.00000,0.60000,2441,2513,-0.001378,-0.000505
9.18,0.75952,0.02487,0.04447,COLLECT,PICKUP_ACTIVE,0.0000,0.0000,-0.0047,-0.0033,0.0000,0.4500,0,25.59896,0.15471,0.15333,0.00000,0.60000,2441,2513,-0.001433,-0.000594
9.20,0.75949,0.02487,0.04450,COLLECT,PICKUP_ACTIVE,0.0000,0.0000,-0.0047,-0.0033,0.0000,0.4500,0,25.59896,0.15471,0.15333,0.00000,0.60000,2441,2513,-0.001481,-0.000674
9.22,0.75947,0.02487,0.04453,COLLECT,PICKUP_ACTIVE,0.0000,0.0000,-0.0047,-0.0033,0.0000,0.4500,0,25.59896,0.15471,0.15333,0.00000,0.60000,2441,2513,-0.001524,-0.000745
9.24,0.75945,0.02487,0.04456,COLLECT,PICKUP_ACTIVE,0.0000,0.0000,-0.0047,-0.0033,0.0000,0.4500,0,25.59896,0.15471,0.15333,0.00000,0.60000,2441,2513,-0.001563,-0.000809
9.26,0.75942,0.02487,0.04459,COLLECT,PICKUP_ACTIVE,0.0000,0.0000,0.0140,-0.0033,0.0000,0.4500,0,25.59896,0.15471,0.15333,0.00000,0.60000,2440,2513,-0.001598,-0.000865
9.28,0.75941,0.02486,0.04460,COLLECT,PICKUP_ACTIVE,0.0000,0.0000,-0.0044,-0.0033,0.0000,0.4500,0,25.59896,0.16401,0.15333,0.00000,0.60000,2440,2513,-0.000820,-0.000916
9.30,0.75939,0.02486,0.04459,COLLECT,PICKUP_ACTIVE,0.0000,0.0000,-0.0044,-0.0033,0.0000,0.4500,0,25.59895,0.15440,0.15333,0.00000,0.60000,2440,2513,-0.000921,-0.000961
9.32,0.75937,0.02486,0.04459,COLLECT,PICKUP_ACTIVE,0.0000,0.0000,-0.0044,-0.0033,0.0000,0.4500,0,25.59895,0.15440,0.15333,0.00000,0.60000,2440,2513,-0.001012,-0.001001
9.34,0.75935,0.02486,0.04460,COLLECT,PICKUP_ACTIVE,0.0000,0.0000,-0.0044,-0.0033,0.0000,0.4500,0,25.59895,0.15440,0.15333,0.00000,0.60000,2440,2513,-0.001092,-0.001037
9.36,0.75932,0.02486,0.04460,COLLECT,PICKUP_ACTIVE,0.0000,0.0000,-0.0044,-0.0033,0.0000,0.4500,0,25.59895,0.15440,0.15333,0.00000,0.60000,2440,2513,-0.001165,-0.001069
9.38,0.75930,0.02486,0.04460,COLLECT,PICKUP_ACTIVE,0.0000,0.0000,-0.0044,-0.0033,0.0000,0.4500,0,25.59895,0.15440,0.15333,0.00000,0.60000,2440,2513,-0.001229,-0.001098
9.40,0.75928,0.02486,0.04461,COLLECT,PICKUP_ACTIVE,0.0000,0.0000,-0.0044,-0.0033,0.0000,0.4500,0,25.59895,0.15440,0.15333,0.00000,0.60000,2440,2513,-0.001286,-0.001123
9.42,0.75925,0.02486,0.04462,COLLECT,PICKUP_ACTIVE,0.0000,0.0000,-0.0044,-0.0033,0.0000,0.4500,0,25.59895,0.15440,0.15333,0.00000,0.60000,2440,2513,-0.001337,-0.001146
9.44,0.75923,0.02486,0.04463,COLLECT,PICKUP_ACTIVE,0.0000,0.0000,-0.0044,-0.0033,0.0000,0.4500,0,25.59895,0.15440,0.15333,0.00000,0.60000,2440,2513,-0.001383,-0.001166
9.46,0.75920,0.02486,0.04464,COLLECT,PICKUP_ACTIVE,0.0000,0.0000,-0.0044,0.0154,0.0000,0.4500,0,25.59895,0.15440,0.15333,0.00000,0.60000,2440,2512,-0.001424,-0.001184
9.48,0.75918,0.02485,0.04467,COLLECT,PICKUP_ACTIVE,0.0000,0.0000,-0.0044,-0.0030,0.0000,0.4500,0,25.59894,0.15440,0.16538,0.00000,0.60000,2440,2512,-0.001460,-0.000391
9.50,0.75916,0.02485,0.04471,COLLECT,PICKUP_ACTIVE,0.0000,0.0000,-0.0044,-0.0030,0.0000,0.4500,0,25.59894,0.15440,0.15303,0.00000,0.60000,2440,2512,-0.001492,-0.000480
9.52,0.75914,0.02485,0.04475,COLLECT,PICKUP_ACTIVE,0.0000,0.0000,0.0143,-0.0030,0.0000,0.4500,0,25.59894,0.15440,0.15303,0.00000,0.60000,2439,2512,-0.001521,-0.000559
9.54,0.75913,0.02485,0.04476,COLLECT,PICKUP_ACTIVE,0.0000,0.0000,-0.0041,-0.0030,0.0000,0.4500,0,25.59894,0.16432,0.15303,0.00000,0.60000,2439,2512,-0.000738,-0.000629
9.56,0.75911,0.02485,0.04477,COLLECT,PICKUP_ACTIVE,0.0000,0.0000,-0.0041,-0.0030,0.0000,0.4500,0,25.59894,0.15409,0.15303,0.00000,0.60000,2439,2512,-0.000835,-0.000692
9.58,0.75909,0.02485,0.04478,COLLECT,PICKUP_ACTIVE,0.0000,0.0000,-0.0041,-0.0030,0.0000,0.4500,0,25.59894,0.15409,0.15303,0.00000,0.60000,2439,2512,-0.000922,-0.000748
9.60,0.75908,0.02485,0.04478,COLLECT,PICKUP_ACTIVE,0.0000,0.0000,-0.0041,-0.0030,0.0000,0.4500,0,25.59894,0.15409,0.15303,0.00000,0.60000,2439,2512,-0.000999,-0.000798
9.62,0.75906,0.02485,0.04479,COLLECT,PICKUP_ACTIVE,0.0000,0.0000,-0.0041,-0.0030,0.0000,0.4500,0,25.59894,0.15409,0.15303,0.00000,0.60000,2439,2512,-0.001068,-0.000843
9.64,0.75904,0.02485,0.04480,COLLECT,PICKUP_ACTIVE,0.0000,0.0000,-0.0041,-0.0030,0.0000,0.4500,0,25.59894,0.15409,0.15303,0.00000,0.60000,2439,2512,-0.001129,-0.000882
9.66,0.75902,0.02485,0.04481,COLLECT,PICKUP_ACTIVE,0.0000,0.0000,-0.0041,-0.0030,0.0000,0.4500,0,25.59893,0.15409,0.15303,0.00000,0.60000,2439,2512,-0.001184,-0.000918
9.68,0.75900,0.02485,0.04482,COLLECT,PICKUP_ACTIVE,0.0000,0.0000,-0.0041,-0.0030,0.0000,0.4500,0,25.59893,0.15409,0.15303,0.00000,0.60000,2439,2512,-0.001233,-0.000949
9.70,0.75897,0.02485,0.04484,COLLECT,PICKUP_ACTIVE,0.0000,0.0000,-0.0041,-0.0030,0.0000,0.4500,0,25.59893,0.15409,0.15303,0.00000,0.60000,2439,2512,-0.001277,-0.000978
9.72,0.75895,0.02484,0.04485,COLLECT,PICKUP_ACTIVE,0.0000,0.0000,-0.0041,-0.0030,0.0000,0.4500,0,25.59893,0.15409,0.15303,0.00000,0.60000,2439,2512,-0.001316,-0.001003
9.74,0.75893,0.02484,0.04486,COLLECT,PICKUP_ACTIVE,0.0000,0.0000,-0.0041,-0.0030,0.0000,0.4500,0,25.59893,0.15409,0.15303,0.00000,0.60000,2439,2512,-0.001350,-0.001025
9.76,0.75890,0.02484,0.04487,COLLECT,PICKUP_ACTIVE,0.0000,0.0000,-0.0041,-0.0030,0.0000,0.4500,0,25.59893,0.15409,0.15303,0.00000,0.60000,2439,2512,-0.001381,-0.001045
9.78,0.75888,0.02484,0.04489,COLLECT,PICKUP_ACTIVE,0.0000,0.0000,0.0146,-0.0030,0.0000,0.4500,0,25.59893,0.15409,0.15303,0.00000,0.60000,2438,2512,-0.001409,-0.001063
9.80,0.75886,0.02484,0.04488,AUTO,PICKUP_CONFIRMED,0.0000,0.0000,0.0000,0.0000,0.0000,0.0000,1,25.59893,0.16462,0.15303,0.00000,0.60000,2438,2512,-0.000625,-0.001079
9.82,0.75886,0.02484,0.04488,AUTO,MODEL_PROPOSAL,0.1990,-0.1977,0.0400,0.0400,0.0000,0.0000,1,25.59893,0.15000,0.15000,0.00000,0.00000,2438,2512,0.000000,0.000000
9.84,0.75889,0.02484,0.04488,AUTO,MODEL_PROPOSAL,0.1990,-0.1977,0.0800,0.0800,0.0000,0.0000,1,25.59893,0.19000,0.19000,0.00000,0.00000,2438,2512,0.001728,0.001728
9.86,0.75897,0.02485,0.04488,AUTO,MODEL_PROPOSAL,0.1990,-0.1977,0.1200,0.1200,0.0000,0.0000,1,25.59893,0.23000,0.23000,0.00000,0.00000,2439,2512,0.004998,0.004998
9.88,0.75914,0.02485,0.04488,AUTO,MODEL_PROPOSAL,0.1990,-0.1977,0.1600,0.1600,0.0000,0.0000,1,25.59893,0.27000,0.27000,0.00000,0.00000,2439,2512,0.009644,0.009644
9.90,0.75942,0.02487,0.04488,AUTO,MODEL_PROPOSAL,0.1990,-0.1977,0.2000,0.2000,0.0000,0.0000,1,25.59892,0.31000,0.31000,0.00000,0.00000,2440,2513,0.015516,0.015516
9.92,0.75984,0.02488,0.04488,AUTO,MODEL_PROPOSAL,0.1990,-0.1978,0.2400,0.2400,0.0000,0.0000,1,25.59892,0.35000,0.35000,0.00000,0.00000,2442,2515,0.022481,0.022481
9.94,0.76041,0.02491,0.04488,AUTO,MODEL_PROPOSAL,0.1990,-0.1978,0.2800,0.2800,0.0000,0.0000,1,25.59892,0.39000,0.39000,0.00000,0.00000,2443,2517,0.030423,0.030423
9.96,0.76115,0.02494,0.04488,AUTO,MODEL_PROPOSAL,0.1990,-0.1979,0.3200,0.3200,0.0000,0.0000,1,25.59892,0.43000,0.43000,0.00000,0.00000,2446,2519,0.039236,0.039236
9.98,0.76208,0.02498,0.04488,AUTO,MODEL_PROPOSAL,0.1990,-0.1980,0.3600,0.3600,0.0000,0.0000,1,25.59892,0.47000,0.47000,0.00000,0.00000,2449,2522,0.048824,0.048824
10.00,0.76321,0.02504,0.04488,AUTO,MODEL_PROPOSAL,0.1990,-0.1981,0.4000,0.4000,0.0000,0.0000,1,25.59892,0.51000,0.51000,0.00000,0.00000,2453,2526,0.059106,0.059106
10.02,0.76455,0.02510,0.04488,AUTO,MODEL_PROPOSAL,0.1990,-0.1982,0.4400,0.4400,0.0000,0.0000,1,25.59892,0.55000,0.55000,0.00000,0.00000,2457,2530,0.070005,0.070005
10.04,0.76612,0.02517,0.04488,AUTO,MODEL_PROPOSAL,0.1990,-0.1984,0.4800,0.4800,0.0000,0.0000,1,25.59891,0.59000,0.59000,0.00000,0.00000,2462,2535,0.081455,0.081455
10.06,0.76793,0.02525,0.04488,AUTO,MODEL_PROPOSAL,0.1990,-0.1986,0.5200,0.4722,0.0000,0.0000,1,25.59891,0.63000,0.63000,0.00000,0.00000,2468,2541,0.093396,0.093396
10.08,0.76997,0.02534,0.04481,AUTO,MODEL_PROPOSAL,0.1990,-0.1987,0.5600,0.4545,0.0000,0.0000,1,25.59891,0.67000,0.62219,0.00000,0.00000,2475,2548,0.105776,0.103711
10.10,0.77222,0.02544,0.04460,AUTO,MODEL_PROPOSAL,0.1990,-0.1985,0.6000,0.4556,0.0000,0.0000,1,25.59891,0.71000,0.60454,0.00000,0.00000,2482,2555,0.118548,0.112148
10.12,0.77468,0.02555,0.04418,AUTO,MODEL_PROPOSAL,0.1990,-0.1979,0.6400,0.4383,0.0000,0.0000,1,25.59890,0.75000,0.60557,0.00000,0.00000,2491,2563,0.131667,0.119718
10.14,0.77734,0.02567,0.04347,AUTO,MODEL_PROPOSAL,0.1990,-0.1968,0.6800,0.4399,0.0000,0.0000,1,25.59890,0.79000,0.58827,0.00000,0.00000,2500,2571,0.145098,0.125723
10.16,0.78019,0.02579,0.04245,AUTO,MODEL_PROPOSAL,0.1991,-0.1950,0.7200,0.4421,0.0000,0.0000,1,25.59890,0.83000,0.58990,0.00000,0.00000,2510,2579,0.158807,0.131150
10.18,0.78323,0.02591,0.04107,AUTO,MODEL_PROPOSAL,0.1991,-0.1925,0.7600,0.4264,0.0000,0.0000,1,25.59890,0.87000,0.59215,0.00000,0.00000,2521,2588,0.172763,0.136088
10.20,0.78646,0.02604,0.03928,AUTO,MODEL_PROPOSAL,0.1991,-0.1893,0.7611,0.4298,0.0000,0.0000,1,25.59889,0.91000,0.57636,0.00000,0.00000,2533,2597,0.186940,0.139810
10.22,0.78984,0.02617,0.03712,AUTO,MODEL_PROPOSAL,0.1991,-0.1853,0.7400,0.4339,0.0000,0.0000,1,25.59889,0.91106,0.57975,0.00000,0.00000,2546,2606,0.199631,0.143277
10.24,0.79337,0.02629,0.03465,AUTO,MODEL_PROPOSAL,0.1992,-0.1807,0.7368,0.4199,0.0000,0.0000,1,25.59889,0.89001,0.58388,0.00000,0.00000,2559,2616,0.210042,0.146547
10.26,0.79702,0.02641,0.03190,AUTO,MODEL_PROPOSAL,0.1992,-0.1755,0.7144,0.4436,0.0000,0.0000,1,25.59888,0.88681,0.56990,0.00000,0.00000,2573,2625,0.219190,0.148861
10.28,0.80078,0.02652,0.02897,AUTO,MODEL_PROPOSAL,0.1993,-0.1700,0.6912,0.4306,0.0000,0.0000,1,25.59888,0.86437,0.59360,0.00000,0.00000,2588,2635,0.226380,0.151948
10.30,0.80462,0.02663,0.02589,AUTO,MODEL_PROPOSAL,0.1993,-0.1642,0.6863,0.4362,0.0000,0.0000,1,25.59888,0.84125,0.58055,0.00000,0.00000,2603,2645,0.231794,0.154138
10.32,0.80853,0.02672,0.02271,AUTO,MODEL_PROPOSAL,0.1994,-0.1581,0.6810,0.4421,0.0000,0.0000,1,25.59888,0.83626,0.58621,0.00000,0.00000,2618,2655,0.236407,0.156336
10.34,0.81250,0.02680,0.01946,AUTO,MODEL_PROPOSAL,0.1994,-0.1520,0.6569,0.4294,0.0000,0.0000,1,25.59887,0.83103,0.59210,0.00000,0.00000,2634,2666,0.240297,0.158551
10.36,0.81652,0.02687,0.01616,AUTO,MODEL_PROPOSAL,0.1995,-0.1457,0.6511,0.4540,0.0000,0.0000,1,25.59887,0.80692,0.57944,0.00000,0.00000,2650,2676,0.242724,0.159979
10.38,0.82058,0.02692,0.01286,AUTO,MODEL_PROPOSAL,0.1995,-0.1394,0.6452,0.4415,0.0000,0.0000,1,25.59887,0.80109,0.60403,0.00000,0.00000,2666,2687,0.244638,0.162316
10.40,0.82467,0.02697,0.00957,AUTO,MODEL_PROPOSAL,0.1996,-0.1331,0.6393,0.4662,0.0000,0.0000,1,25.59887,0.79521,0.59153,0.00000,0.00000,2682,2697,0.246090,0.163861
10.42,0.82880,0.02699,0.00632,AUTO,MODEL_PROPOSAL,0.1996,-0.1269,0.6334,0.4536,0.0000,0.0000,1,25.59886,0.78930,0.61617,0.00000,0.00000,2698,2708,0.247131,0.166303
10.44,0.83295,0.02701,0.00312,AUTO,MODEL_PROPOSAL,0.1996,-0.1207,0.6276,0.4595,0.0000,0.0000,1,25.59886,0.78342,0.60364,0.00000,0.00000,2714,2719,0.247805,0.167939
10.46,0.83712,0.02701,-0.00003,AUTO,MODEL_PROPOSAL,0.1997,-0.1147,0.6218,0.4652,0.0000,0.0000,1,25.59886,0.77758,0.60947,0.00000,0.00000,2730,2730,0.248153,0.169651
10.48,0.84131,0.02700,-0.00312,AUTO,MODEL_PROPOSAL,0.1997,-0.1088,0.6160,0.4709,0.0000,0.0000,1,25.59886,0.77177,0.61524,0.00000,0.00000,2746,2741,0.248213,0.171428
10.50,0.84552,0.02698,-0.00613,AUTO,MODEL_PROPOSAL,0.1997,-0.1030,0.5917,0.4578,0.0000,0.0000,1,25.59885,0.76604,0.62092,0.00000,0.00000,2763,2753,0.248019,0.173258
10.52,0.84973,0.02695,-0.00905,AUTO,MODEL_PROPOSAL,0.1998,-0.0974,0.6046,0.4816,0.0000,0.0000,1,25.59885,0.74169,0.60778,0.00000,0.00000,2779,2764,0.246794,0.174322
10.54,0.85396,0.02690,-0.01188,AUTO,MODEL_PROPOSAL,0.1998,-0.0919,0.5992,0.4869,0.0000,0.0000,1,25.59885,0.75458,0.63162,0.00000,0.00000,2795,2775,0.246257,0.176302
10.56,0.85819,0.02684,-0.01459,AUTO,MODEL_PROPOSAL,0.1998,-0.0867,0.5940,0.4733,0.0000,0.0000,1,25.59885,0.74919,0.63690,0.00000,0.00000,2811,2787,0.245547,0.178296
10.58,0.86243,0.02677,-0.01722,AUTO,MODEL_PROPOSAL,0.1998,-0.0816,0.5889,0.4780,0.0000,0.0000,1,25.59884,0.74396,0.62330,0.00000,0.00000,2827,2799,0.244687,0.179486
10.60,0.86667,0.02669,-0.01976,AUTO,MODEL_PROPOSAL,0.1999,-0.0767,0.5839,0.5012,0.0000,0.0000,1,25.59884,0.73885,0.62797,0.00000,0.00000,2843,2810,0.243699,0.180750
10.62,0.87092,0.02660,-0.02218,AUTO,MODEL_PROPOSAL,0.1999,-0.0721,0.5978,0.4872,0.0000,0.0000,1,25.59884,0.73386,0.65122,0.00000,0.00000,2858,2822,0.242602,0.182883
10.64,0.87519,0.02650,-0.02452,AUTO,MODEL_PROPOSAL,0.1999,-0.0676,0.5747,0.4914,0.0000,0.0000,1,25.59884,0.74777,0.63715,0.00000,0.00000,2874,2834,0.242224,0.184176
10.66,0.87945,0.02638,-0.02676,AUTO,MODEL_PROPOSAL,0.1999,-0.0632,0.5701,0.4954,0.0000,0.0000,1,25.59883,0.72467,0.64137,0.00000,0.00000,2890,2846,0.240890,0.185513
10.68,0.88371,0.02626,-0.02889,AUTO,MODEL_PROPOSAL,0.1999,-0.0591,0.5657,0.4806,0.0000,0.0000,1,25.59883,0.72012,0.64543,0.00000,0.00000,2906,2859,0.239502,0.186880
10.70,0.88797,0.02613,-0.03093,AUTO,MODEL_PROPOSAL,0.1999,-0.0551,0.5802,0.5027,0.0000,0.0000,1,25.59883,0.71574,0.63059,0.00000,0.00000,2921,2871,0.238076,0.187459
10.72,0.89222,0.02600,-0.03289,AUTO,MODEL_PROPOSAL,0.1999,-0.0513,0.5577,0.5064,0.0000,0.0000,1,25.59882,0.73020,0.65274,0.00000,0.00000,2937,2883,0.237428,0.188932
10.74,0.89649,0.02585,-0.03474,AUTO,MODEL_PROPOSAL,0.1999,-0.0478,0.5724,0.5098,0.0000,0.0000,1,25.59882,0.70766,0.65635,0.00000,0.00000,2952,2895,0.235877,0.190402
10.76,0.90075,0.02570,-0.03650,AUTO,MODEL_PROPOSAL,0.2000,-0.0444,0.5689,0.4943,0.0000,0.0000,1,25.59882,0.72243,0.65978,0.00000,0.00000,2967,2908,0.235131,0.191862
10.78,0.90502,0.02553,-0.03818,AUTO,MODEL_PROPOSAL,0.2000,-0.0411,0.5468,0.5159,0.0000,0.0000,1,25.59882,0.71893,0.64433,0.00000,0.00000,2983,2920,0.234314,0.192496
10.80,0.90928,0.02537,-0.03976,AUTO,MODEL_PROPOSAL,0.2000,-0.0380,0.5620,0.5002,0.0000,0.0000,1,25.59881,0.69682,0.66591,0.00000,0.00000,2998,2933,0.232630,0.193994
10.82,0.91354,0.02519,-0.04126,AUTO,MODEL_PROPOSAL,0.2000,-0.0351,0.5589,0.5027,0.0000,0.0000,1,25.59881,0.71200,0.65017,0.00000,0.00000,3013,2946,0.231785,0.194650
10.84,0.91780,0.02501,-0.04270,AUTO,MODEL_PROPOSAL,0.2000,-0.0323,0.5559,0.5239,0.0000,0.0000,1,25.59881,0.70890,0.65272,0.00000,0.00000,3028,2958,0.230896,0.195346
10.86,0.92206,0.02482,-0.04404,AUTO,MODEL_PROPOSAL,0.2000,-0.0297,0.5530,0.5078,0.0000,0.0000,1,25.59881,0.70589,0.67389,0.00000,0.00000,3043,2971,0.229974,0.196881
10.88,0.92632,0.02463,-0.04532,AUTO,MODEL_PROPOSAL,0.2000,-0.0272,0.5503,0.5100,0.0000,0.0000,1,25.59880,0.70303,0.65779,0.00000,0.00000,3058,2984,0.229027,0.197554
10.90,0.93058,0.02444,-0.04653,AUTO,MODEL_PROPOSAL,0.2000,-0.0249,0.5476,0.5121,0.0000,0.0000,1,25.59880,0.70028,0.65997,0.00000,0.00000,3073,2997,0.228064,0.198250
10.92,0.93484,0.02423,-0.04767,AUTO,MODEL_PROPOSAL,0.2000,-0.0226,0.5451,0.5140,0.0000,0.0000,1,25.59880,0.69763,0.66205,0.00000,0.00000,3088,3010,0.227090,0.198959
10.94,0.93909,0.02403,-0.04874,AUTO,MODEL_PROPOSAL,0.2000,-0.0205,0.5614,0.5159,0.0000,0.0000,1,25.59880,0.69509,0.66402,0.00000,0.00000,3102,3023,0.226112,0.199678
10.96,0.94335,0.02382,-0.04977,AUTO,MODEL_PROPOSAL,0.2000,-0.0185,0.5406,0.5177,0.0000,0.0000,1,25.59879,0.71137,0.66588,0.00000,0.00000,3117,3036,0.225943,0.200398
10.98,0.94761,0.02360,-0.05074,AUTO,MODEL_PROPOSAL,0.2000,-0.0166,0.5383,0.5194,0.0000,0.0000,1,25.59879,0.69060,0.66767,0.00000,0.00000,3132,3049,0.224895,0.201119
11.00,0.95186,0.02338,-0.05164,AUTO,MODEL_PROPOSAL,0.2000,-0.0149,0.5549,0.5209,0.0000,0.0000,1,25.59879,0.68833,0.66935,0.00000,0.00000,3146,3062,0.223862,0.201834
11.02,0.95611,0.02316,-0.05249,AUTO,MODEL_PROPOSAL,0.2000,-0.0132,0.5344,0.5037,0.0000,0.0000,1,25.59879,0.70490,0.67092,0.00000,0.00000,3161,3076,0.223657,0.202540
11.04,0.96036,0.02293,-0.05331,AUTO,MODEL_PROPOSAL,0.2000,-0.0116,0.5324,0.5236,0.0000,0.0000,1,25.59878,0.68441,0.65371,0.00000,0.00000,3176,3089,0.222588,0.202426
11.06,0.96460,0.02271,-0.05406,AUTO,MODEL_PROPOSAL,0.2000,-0.0101,0.5492,0.5249,0.0000,0.0000,1,25.59878,0.68239,0.67355,0.00000,0.00000,3190,3102,0.221548,0.203182
11.08,0.96885,0.02247,-0.05477,AUTO,MODEL_PROPOSAL,0.2000,-0.0087,0.5477,0.5261,0.0000,0.0000,1,25.59878,0.69919,0.67489,0.00000,0.00000,3204,3115,0.221345,0.203913
11.10,0.97310,0.02224,-0.05544,AUTO,MODEL_PROPOSAL,0.2000,-0.0074,0.5275,0.5086,0.0000,0.0000,1,25.59878,0.69765,0.67614,0.00000,0.00000,3219,3129,0.221098,0.204620
11.12,0.97734,0.02200,-0.05607,AUTO,MODEL_PROPOSAL,0.2000,-0.0062,0.5445,0.5282,0.0000,0.0000,1,25.59877,0.67746,0.65862,0.00000,0.00000,3233,3142,0.220006,0.204494
11.14,0.98158,0.02176,-0.05666,AUTO,MODEL_PROPOSAL,0.2000,-0.0050,0.5244,0.5292,0.0000,0.0000,1,25.59877,0.69446,0.67816,0.00000,0.00000,3248,3155,0.219766,0.205225
11.16,0.98582,0.02152,-0.05718,AUTO,MODEL_PROPOSAL,0.2000,-0.0039,0.5416,0.5115,0.0000,0.0000,1,25.59877,0.67439,0.67923,0.00000,0.00000,3262,3169,0.218684,0.205924
11.18,0.99006,0.02127,-0.05769,AUTO,MODEL_PROPOSAL,0.2000,-0.0029,0.5403,0.5308,0.0000,0.0000,1,25.59877,0.69156,0.66148,0.00000,0.00000,3276,3182,0.218462,0.205780
11.20,0.99430,0.02103,-0.05817,AUTO,MODEL_PROPOSAL,0.2000,-0.0020,0.5392,0.5130,0.0000,0.0000,1,25.59876,0.69035,0.68082,0.00000,0.00000,3290,3196,0.218211,0.206487
11.22,0.99853,0.02078,-0.05863,AUTO,MODEL_PROPOSAL,0.2000,-0.0011,0.5193,0.5323,0.0000,0.0000,1,25.59876,0.68918,0.66298,0.00000,0.00000,3305,3209,0.217937,0.206348
11.24,1.00276,0.02053,-0.05904,AUTO,MODEL_PROPOSAL,0.2000,-0.0002,0.5367,0.5330,0.0000,0.0000,1,25.59876,0.66932,0.68226,0.00000,0.00000,3319,3222,0.216834,0.207056
11.26,1.00700,0.02028,-0.05941,AUTO,MODEL_PROPOSAL,0.2000,0.0005,0.5357,0.5150,0.0000,0.0000,1,25.59876,0.68668,0.68302,0.00000,0.00000,3333,3236,0.216600,0.207720
11.28,1.01123,0.02003,-0.05976,AUTO,MODEL_PROPOSAL,0.2000,0.0012,0.5347,0.5154,0.0000,0.0000,1,25.59875,0.68571,0.66500,0.00000,0.00000,3347,3250,0.216350,0.207534
11.30,1.01546,0.01977,-0.06011,AUTO,MODEL_PROPOSAL,0.2000,0.0019,0.5338,0.5344,0.0000,0.0000,1,25.59875,0.68475,0.66536,0.00000,0.00000,3361,3263,0.216085,0.207384
11.32,1.01969,0.01952,-0.06043,AUTO,MODEL_PROPOSAL,0.2000,0.0025,0.5329,0.5163,0.0000,0.0000,1,25.59875,0.68379,0.68444,0.00000,0.00000,3375,3277,0.215808,0.208075
11.34,1.02392,0.01926,-0.06073,AUTO,MODEL_PROPOSAL,0.2000,0.0032,0.5320,0.5354,0.0000,0.0000,1,25.59875,0.68289,0.66635,0.00000,0.00000,3389,3290,0.215521,0.207909
11.36,1.02815,0.01900,-0.06101,AUTO,MODEL_PROPOSAL,0.2000,0.0037,0.5312,0.5172,0.0000,0.0000,1,25.59874,0.68201,0.68535,0.00000,0.00000,3403,3304,0.215228,0.208582
11.38,1.03237,0.01874,-0.06127,AUTO,MODEL_PROPOSAL,0.2000,0.0043,0.5304,0.5361,0.0000,0.0000,1,25.59874,0.68118,0.66719,0.00000,0.00000,3417,3317,0.214930,0.208397
11.40,1.03660,0.01848,-0.06150,AUTO,MODEL_PROPOSAL,0.2000,0.0047,0.5296,0.5179,0.0000,0.0000,1,25.59874,0.68036,0.68612,0.00000,0.00000,3431,3331,0.214629,0.209051
11.42,1.04083,0.01822,-0.06172,AUTO,MODEL_PROPOSAL,0.2000,0.0052,0.5289,0.5180,0.0000,0.0000,1,25.59874,0.67960,0.66788,0.00000,0.00000,3445,3345,0.214328,0.208846
11.44,1.04505,0.01796,-0.06194,AUTO,MODEL_PROPOSAL,0.2000,0.0056,0.5281,0.5369,0.0000,0.0000,1,25.59873,0.67886,0.66803,0.00000,0.00000,3459,3358,0.214027,0.208670
11.46,1.04927,0.01770,-0.06213,AUTO,MODEL_PROPOSAL,0.2000,0.0060,0.5274,0.5186,0.0000,0.0000,1,25.59873,0.67813,0.68689,0.00000,0.00000,3473,3372,0.213727,0.209327
11.48,1.05349,0.01743,-0.06230,AUTO,MODEL_PROPOSAL,0.2000,0.0064,0.5268,0.5374,0.0000,0.0000,1,25.59873,0.67745,0.66857,0.00000,0.00000,3487,3385,0.213430,0.209122
11.50,1.05771,0.01717,-0.06244,AUTO,MODEL_PROPOSAL,0.2000,0.0067,0.5262,0.5190,0.0000,0.0000,1,25.59873,0.67678,0.68736,0.00000,0.00000,3501,3399,0.213137,0.209751
11.52,1.06192,0.01691,-0.06258,AUTO,MODEL_PROPOSAL,0.2000,0.0070,0.5256,0.5190,0.0000,0.0000,1,25.59872,0.67617,0.66897,0.00000,0.00000,3515,3413,0.212849,0.209517
11.54,1.06613,0.01664,-0.06271,AUTO,MODEL_PROPOSAL,0.2000,0.0073,0.5250,0.5377,0.0000,0.0000,1,25.59872,0.67558,0.66898,0.00000,0.00000,3529,3426,0.212566,0.209309
11.56,1.07035,0.01638,-0.06281,AUTO,MODEL_PROPOSAL,0.2000,0.0075,0.5432,0.5192,0.0000,0.0000,1,25.59872,0.67498,0.68769,0.00000,0.00000,3542,3440,0.212288,0.209932
11.58,1.07456,0.01611,-0.06293,AUTO,MODEL_PROPOSAL,0.2000,0.0077,0.5242,0.5192,0.0000,0.0000,1,25.59872,0.69316,0.66923,0.00000,0.00000,3556,3454,0.212825,0.209690
11.60,1.07878,0.01585,-0.06305,AUTO,MODEL_PROPOSAL,0.2000,0.0080,0.5236,0.5379,0.0000,0.0000,1,25.59871,0.67418,0.66921,0.00000,0.00000,3570,3467,0.212485,0.209474
11.62,1.08299,0.01558,-0.06314,AUTO,MODEL_PROPOSAL,0.2000,0.0082,0.5231,0.5194,0.0000,0.0000,1,25.59871,0.67360,0.68792,0.00000,0.00000,3584,3481,0.212156,0.210089
11.64,1.08720,0.01531,-0.06322,AUTO,MODEL_PROPOSAL,0.2000,0.0084,0.5226,0.5194,0.0000,0.0000,1,25.59871,0.67307,0.66944,0.00000,0.00000,3598,3495,0.211840,0.209839
11.66,1.09140,0.01505,-0.06330,AUTO,MODEL_PROPOSAL,0.2000,0.0086,0.5221,0.5380,0.0000,0.0000,1,25.59871,0.67257,0.66936,0.00000,0.00000,3612,3508,0.211536,0.209613
11.68,1.09561,0.01478,-0.06335,AUTO,MODEL_PROPOSAL,0.2000,0.0087,0.5403,0.5194,0.0000,0.0000,1,25.59870,0.67207,0.68799,0.00000,0.00000,3625,3522,0.211243,0.210216
11.70,1.09982,0.01451,-0.06342,AUTO,MODEL_PROPOSAL,0.2000,0.0088,0.5214,0.5193,0.0000,0.0000,1,25.59870,0.69033,0.66944,0.00000,0.00000,3639,3536,0.211771,0.209952
11.72,1.10402,0.01425,-0.06348,AUTO,MODEL_PROPOSAL,0.2000,0.0090,0.5209,0.5192,0.0000,0.0000,1,25.59870,0.67144,0.66933,0.00000,0.00000,3653,3550,0.211426,0.209712
11.74,1.10822,0.01398,-0.06355,AUTO,MODEL_PROPOSAL,0.2000,0.0092,0.5205,0.5378,0.0000,0.0000,1,25.59870,0.67095,0.66923,0.00000,0.00000,3667,3563,0.211097,0.209494
11.76,1.11242,0.01371,-0.06359,AUTO,MODEL_PROPOSAL,0.2000,0.0093,0.5200,0.5193,0.0000,0.0000,1,25.59869,0.67046,0.68784,0.00000,0.00000,3681,3577,0.210782,0.210103
11.78,1.11662,0.01344,-0.06361,AUTO,MODEL_PROPOSAL,0.2000,0.0093,0.5383,0.5191,0.0000,0.0000,1,25.59869,0.67003,0.66927,0.00000,0.00000,3694,3591,0.210483,0.209845
11.80,1.12081,0.01318,-0.06366,AUTO,MODEL_PROPOSAL,0.2000,0.0095,0.5195,0.5377,0.0000,0.0000,1,25.59869,0.68833,0.66909,0.00000,0.00000,3708,3604,0.211007,0.209606
11.82,1.12501,0.01291,-0.06369,AUTO,MODEL_PROPOSAL,0.2000,0.0095,0.5191,0.5191,0.0000,0.0000,1,25.59869,0.66947,0.68767,0.00000,0.00000,3722,3618,0.210659,0.210196
11.84,1.12921,0.01264,-0.06371,AUTO,MODEL_PROPOSAL,0.2000,0.0096,0.5374,0.5189,0.0000,0.0000,1,25.59868,0.66905,0.66909,0.00000,0.00000,3735,3632,0.210331,0.209920
11.86,1.13340,0.01237,-0.06374,AUTO,MODEL_PROPOSAL,0.2000,0.0097,0.5185,0.5375,0.0000,0.0000,1,25.59868,0.68737,0.66890,0.00000,0.00000,3749,3645,0.210830,0.209665
11.88,1.13760,0.01211,-0.06376,AUTO,MODEL_PROPOSAL,0.2000,0.0098,0.5181,0.5189,0.0000,0.0000,1,25.59868,0.66852,0.68746,0.00000,0.00000,3763,3659,0.210460,0.210239
11.90,1.14179,0.01184,-0.06377,AUTO,MODEL_PROPOSAL,0.2000,0.0098,0.5177,0.5187,0.0000,0.0000,1,25.59868,0.66812,0.66887,0.00000,0.00000,3777,3673,0.210113,0.209948
11.92,1.14598,0.01157,-0.06377,AUTO,MODEL_PROPOSAL,0.2000,0.0098,0.5361,0.5372,0.0000,0.0000,1,25.59867,0.66774,0.66866,0.00000,0.00000,3790,3686,0.209787,0.209680
11.94,1.15018,0.01130,-0.06378,AUTO,MODEL_PROPOSAL,0.2000,0.0099,0.5173,0.5185,0.0000,0.0000,1,25.59867,0.68607,0.68716,0.00000,0.00000,3804,3700,0.210289,0.210240
11.96,1.15437,0.01103,-0.06378,AUTO,MODEL_PROPOSAL,0.2000,0.0099,0.5169,0.5183,0.0000,0.0000,1,25.59867,0.66729,0.66853,0.00000,0.00000,3818,3714,0.209925,0.209935
11.98,1.15855,0.01077,-0.06378,AUTO,MODEL_PROPOSAL,0.2000,0.0099,0.5353,0.5368,0.0000,0.0000,1,25.59867,0.66692,0.66831,0.00000,0.00000,3831,3727,0.209584,0.209653
12.00,1.16275,0.01050,-0.06377,AUTO,MODEL_PROPOSAL,0.2000,0.0099,0.5165,0.5182,0.0000,0.0000,1,25.59866,0.68527,0.68680,0.00000,0.00000,3845,3741,0.210073,0.210200
12.02,1.16693,0.01023,-0.06376,AUTO,MODEL_PROPOSAL,0.2000,0.0099,0.5161,0.5179,0.0000,0.0000,1,25.59866,0.66650,0.66817,0.00000,0.00000,3859,3755,0.209698,0.209883
12.04,1.17112,0.00997,-0.06375,AUTO,MODEL_PROPOSAL,0.2000,0.0100,0.5345,0.5364,0.0000,0.0000,1,25.59866,0.66615,0.66793,0.00000,0.00000,3872,3768,0.209348,0.209591
12.06,1.17531,0.00970,-0.06374,AUTO,MODEL_PROPOSAL,0.2000,0.0100,0.5157,0.5178,0.0000,0.0000,1,25.59866,0.68451,0.68641,0.00000,0.00000,3886,3782,0.209829,0.210128
12.08,1.17949,0.00943,-0.06373,AUTO,MODEL_PROPOSAL,0.2000,0.0100,0.5154,0.5175,0.0000,0.0000,1,25.59865,0.66575,0.66776,0.00000,0.00000,3900,3796,0.209448,0.209801
12.10,1.18367,0.00916,-0.06371,AUTO,MODEL_PROPOSAL,0.2000,0.0100,0.5338,0.5360,0.0000,0.0000,1,25.59865,0.66540,0.66752,0.00000,0.00000,3913,3809,0.209093,0.209499
12.12,1.18785,0.00890,-0.06370,AUTO,MODEL_PROPOSAL,0.2000,0.0099,0.5150,0.5173,0.0000,0.0000,1,25.59865,0.68378,0.68598,0.00000,0.00000,3927,3823,0.209570,0.210028
12.14,1.19204,0.00863,-0.06368,AUTO,MODEL_PROPOSAL,0.2000,0.0099,0.5147,0.5171,0.0000,0.0000,1,25.59865,0.66503,0.66732,0.00000,0.00000,3941,3837,0.209186,0.209693
12.16,1.19621,0.00836,-0.06365,AUTO,MODEL_PROPOSAL,0.2000,0.0099,0.5331,0.5168,0.0000,0.0000,1,25.59864,0.66470,0.66706,0.00000,0.00000,3954,3851,0.208829,0.209383
12.18,1.20039,0.00810,-0.06366,AUTO,MODEL_PROPOSAL,0.2000,0.0100,0.5143,0.5353,0.0000,0.0000,1,25.59864,0.68308,0.66680,0.00000,0.00000,3968,3864,0.209304,0.209096
12.20,1.20456,0.00783,-0.06364,AUTO,MODEL_PROPOSAL,0.2000,0.0099,0.5140,0.5166,0.0000,0.0000,1,25.59864,0.66430,0.68530,0.00000,0.00000,3982,3878,0.208917,0.209639
12.22,1.20874,0.00757,-0.06361,AUTO,MODEL_PROPOSAL,0.2000,0.0099,0.5324,0.5351,0.0000,0.0000,1,25.59864,0.66397,0.66664,0.00000,0.00000,3995,3891,0.208558,0.209316
12.24,1.21291,0.00730,-0.06357,AUTO,MODEL_PROPOSAL,0.2000,0.0099,0.5136,0.5164,0.0000,0.0000,1,25.59863,0.68237,0.68508,0.00000,0.00000,4009,3905,0.209032,0.209826
12.26,1.21709,0.00703,-0.06354,AUTO,MODEL_PROPOSAL,0.2000,0.0098,0.5321,0.5161,0.0000,0.0000,1,25.59863,0.66365,0.66639,0.00000,0.00000,4022,3919,0.208646,0.209472
12.28,1.22126,0.00677,-0.06353,AUTO,MODEL_PROPOSAL,0.2000,0.0098,0.5133,0.5346,0.0000,0.0000,1,25.59863,0.68206,0.66611,0.00000,0.00000,4036,3932,0.209097,0.209145
12.30,1.22544,0.00650,-0.06350,AUTO,MODEL_PROPOSAL,0.2000,0.0098,0.5130,0.5159,0.0000,0.0000,1,25.59862,0.66329,0.68459,0.00000,0.00000,4050,3946,0.208689,0.209652
12.32,1.22961,0.00624,-0.06346,AUTO,MODEL_PROPOSAL,0.2000,0.0098,0.5314,0.5156,0.0000,0.0000,1,25.59862,0.66298,0.66590,0.00000,0.00000,4063,3960,0.208311,0.209296
12.34,1.23377,0.00597,-0.06345,AUTO,MODEL_PROPOSAL,0.2000,0.0098,0.5126,0.5341,0.0000,0.0000,1,25.59862,0.68140,0.66561,0.00000,0.00000,4077,3973,0.208770,0.208966
12.36,1.23794,0.00571,-0.06341,AUTO,MODEL_PROPOSAL,0.2000,0.0097,0.5311,0.5154,0.0000,0.0000,1,25.59862,0.66265,0.68407,0.00000,0.00000,4090,3987,0.208369,0.209470
12.38,1.24212,0.00544,-0.06339,AUTO,MODEL_PROPOSAL,0.2000,0.0097,0.5123,0.5151,0.0000,0.0000,1,25.59861,0.68106,0.66538,0.00000,0.00000,4104,4001,0.208807,0.209112
12.40,1.24628,0.00518,-0.06338,AUTO,MODEL_PROPOSAL,0.2000,0.0097,0.5120,0.5336,0.0000,0.0000,1,25.59861,0.66232,0.66512,0.00000,0.00000,4118,4014,0.208388,0.208781
12.42,1.25044,0.00492,-0.06333,AUTO,MODEL_PROPOSAL,0.2000,0.0096,0.5304,0.5149,0.0000,0.0000,1,25.59861,0.66198,0.68359,0.00000,0.00000,4131,4028,0.208000,0.209284
12.44,1.25461,0.00465,-0.06331,AUTO,MODEL_PROPOSAL,0.2000,0.0096,0.5117,0.5146,0.0000,0.0000,1,25.59861,0.68040,0.66488,0.00000,0.00000,4145,4042,0.208449,0.208924
12.46,1.25877,0.00439,-0.06329,AUTO,MODEL_PROPOSAL,0.2000,0.0096,0.5301,0.5331,0.0000,0.0000,1,25.59861,0.66167,0.66461,0.00000,0.00000,4158,4055,0.208041,0.208591
12.48,1.26293,0.00412,-0.06326,AUTO,MODEL_PROPOSAL,0.2000,0.0096,0.5113,0.5144,0.0000,0.0000,1,25.59860,0.68006,0.68306,0.00000,0.00000,4172,4069,0.208471,0.209092
12.50,1.26710,0.00386,-0.06324,AUTO,MODEL_PROPOSAL,0.2000,0.0096,0.5297,0.5328,0.0000,0.0000,1,25.59860,0.66133,0.66439,0.00000,0.00000,4185,4082,0.208045,0.208731
12.52,1.27126,0.00360,-0.06321,AUTO,MODEL_PROPOSAL,0.2000,0.0095,0.5110,0.5141,0.0000,0.0000,1,25.59860,0.67972,0.68283,0.00000,0.00000,4199,4096,0.208461,0.209207
12.54,1.27542,0.00333,-0.06318,AUTO,MODEL_PROPOSAL,0.2000,0.0095,0.5107,0.5139,0.0000,0.0000,1,25.59859,0.66100,0.66415,0.00000,0.00000,4213,4110,0.208022,0.208824
12.56,1.27958,0.00307,-0.06314,AUTO,MODEL_PROPOSAL,0.2000,0.0094,0.5291,0.5323,0.0000,0.0000,1,25.59859,0.66069,0.66387,0.00000,0.00000,4226,4123,0.207618,0.208470
12.58,1.28374,0.00281,-0.06311,AUTO,MODEL_PROPOSAL,0.2000,0.0094,0.5104,0.5136,0.0000,0.0000,1,25.59859,0.67910,0.68230,0.00000,0.00000,4240,4137,0.208052,0.208950
12.60,1.28789,0.00255,-0.06307,AUTO,MODEL_PROPOSAL,0.2000,0.0094,0.5288,0.5320,0.0000,0.0000,1,25.59859,0.66039,0.66360,0.00000,0.00000,4253,4150,0.207631,0.208571
12.62,1.29205,0.00228,-0.06303,AUTO,MODEL_PROPOSAL,0.2000,0.0093,0.5101,0.5133,0.0000,0.0000,1,25.59858,0.67881,0.68202,0.00000,0.00000,4267,4164,0.208052,0.209029
12.64,1.29621,0.00202,-0.06299,AUTO,MODEL_PROPOSAL,0.2000,0.0093,0.5285,0.5130,0.0000,0.0000,1,25.59858,0.66010,0.66332,0.00000,0.00000,4280,4178,0.207618,0.208629
12.66,1.30036,0.00176,-0.06297,AUTO,MODEL_PROPOSAL,0.2000,0.0093,0.5098,0.5315,0.0000,0.0000,1,25.59858,0.67853,0.66302,0.00000,0.00000,4294,4191,0.208028,0.208260
12.68,1.30452,0.00150,-0.06294,AUTO,MODEL_PROPOSAL,0.2000,0.0092,0.5282,0.5128,0.0000,0.0000,1,25.59858,0.65978,0.68148,0.00000,0.00000,4307,4205,0.207583,0.208728
12.70,1.30867,0.00124,-0.06291,AUTO,MODEL_PROPOSAL,0.2000,0.0092,0.5095,0.5312,0.0000,0.0000,1,25.59858,0.67820,0.66278,0.00000,0.00000,4321,4218,0.207983,0.208338
12.72,1.31283,0.00097,-0.06287,AUTO,MODEL_PROPOSAL,0.2000,0.0091,0.5279,0.5125,0.0000,0.0000,1,25.59857,0.65946,0.68123,0.00000,0.00000,4334,4232,0.207529,0.208787
12.74,1.31698,0.00071,-0.06285,AUTO,MODEL_PROPOSAL,0.2000,0.0091,0.5092,0.5123,0.0000,0.0000,1,25.59857,0.67789,0.66253,0.00000,0.00000,4348,4246,0.207921,0.208379
12.76,1.32113,0.00045,-0.06283,AUTO,MODEL_PROPOSAL,0.2000,0.0091,0.5088,0.5307,0.0000,0.0000,1,25.59857,0.65916,0.66225,0.00000,0.00000,4362,4259,0.207461,0.208003
12.78,1.32528,0.00019,-0.06278,AUTO,MODEL_PROPOSAL,0.2000,0.0090,0.5273,0.5120,0.0000,0.0000,1,25.59857,0.65884,0.68071,0.00000,0.00000,4375,4273,0.207037,0.208465
12.80,1.32943,-0.00007,-0.06274,AUTO,MODEL_PROPOSAL,0.2000,0.0090,0.5086,0.5304,0.0000,0.0000,1,25.59856,0.67728,0.66198,0.00000,0.00000,4389,4286,0.207456,0.208069
12.82,1.33357,-0.00033,-0.06269,AUTO,MODEL_PROPOSAL,0.2000,0.0089,0.5270,0.5117,0.0000,0.0000,1,25.59856,0.65856,0.68041,0.00000,0.00000,4402,4300,0.207020,0.208511
12.84,1.33772,-0.00059,-0.06266,AUTO,MODEL_PROPOSAL,0.2000,0.0089,0.5083,0.5301,0.0000,0.0000,1,25.59856,0.67701,0.66168,0.00000,0.00000,4416,4313,0.207429,0.208097
12.86,1.34187,-0.00085,-0.06261,AUTO,MODEL_PROPOSAL,0.2000,0.0088,0.5267,0.5114,0.0000,0.0000,1,25.59856,0.65830,0.68011,0.00000,0.00000,4429,4327,0.206985,0.208523
12.88,1.34601,-0.00111,-0.06257,AUTO,MODEL_PROPOSAL,0.2000,0.0087,0.5080,0.5111,0.0000,0.0000,1,25.59855,0.67675,0.66138,0.00000,0.00000,4443,4341,0.207386,0.208094
12.90,1.35015,-0.00137,-0.06254,AUTO,MODEL_PROPOSAL,0.2000,0.0087,0.5265,0.5295,0.0000,0.0000,1,25.59855,0.65804,0.66108,0.00000,0.00000,4456,4354,0.206936,0.207698
12.92,1.35430,-0.00163,-0.06251,AUTO,MODEL_PROPOSAL,0.2000,0.0087,0.5077,0.5108,0.0000,0.0000,1,25.59855,0.67645,0.67952,0.00000,0.00000,4470,4368,0.207330,0.208142
12.94,1.35844,-0.00189,-0.06247,AUTO,MODEL_PROPOSAL,0.2000,0.0086,0.5262,0.5292,0.0000,0.0000,1,25.59855,0.65774,0.66082,0.00000,0.00000,4483,4381,0.206872,0.207730
12.96,1.36258,-0.00215,-0.06244,AUTO,MODEL_PROPOSAL,0.2000,0.0086,0.5074,0.5105,0.0000,0.0000,1,25.59854,0.67615,0.67925,0.00000,0.00000,4497,4395,0.207260,0.208159
12.98,1.36672,-0.00241,-0.06240,AUTO,MODEL_PROPOSAL,0.2000,0.0085,0.5259,0.5290,0.0000,0.0000,1,25.59854,0.65745,0.66054,0.00000,0.00000,4510,4408,0.206798,0.207733
13.00,1.37087,-0.00266,-0.06236,AUTO,MODEL_PROPOSAL,0.2000,0.0085,0.5072,0.5103,0.0000,0.0000,1,25.59854,0.67587,0.67896,0.00000,0.00000,4524,4422,0.207181,0.208149
13.02,1.37500,-0.00292,-0.06232,AUTO,MODEL_PROPOSAL,0.2000,0.0084,0.5256,0.5100,0.0000,0.0000,1,25.59854,0.65717,0.66026,0.00000,0.00000,4537,4436,0.206715,0.207712
13.04,1.37914,-0.00318,-0.06231,AUTO,MODEL_PROPOSAL,0.2000,0.0084,0.5069,0.5284,0.0000,0.0000,1,25.59853,0.67560,0.65995,0.00000,0.00000,4551,4449,0.207096,0.207309
13.06,1.38328,-0.00344,-0.06227,AUTO,MODEL_PROPOSAL,0.2000,0.0084,0.5253,0.5097,0.0000,0.0000,1,25.59853,0.65686,0.67841,0.00000,0.00000,4564,4463,0.206626,0.207747
13.08,1.38741,-0.00370,-0.06225,AUTO,MODEL_PROPOSAL,0.2000,0.0084,0.5065,0.5282,0.0000,0.0000,1,25.59853,0.67528,0.65971,0.00000,0.00000,4578,4476,0.207002,0.207330
13.10,1.39155,-0.00395,-0.06221,AUTO,MODEL_PROPOSAL,0.2000,0.0083,0.5250,0.5094,0.0000,0.0000,1,25.59853,0.65655,0.67815,0.00000,0.00000,4591,4490,0.206529,0.207754
13.12,1.39568,-0.00421,-0.06219,AUTO,MODEL_PROPOSAL,0.2000,0.0083,0.5063,0.5279,0.0000,0.0000,1,25.59852,0.67498,0.65944,0.00000,0.00000,4605,4503,0.206903,0.207325
13.14,1.39981,-0.00447,-0.06214,AUTO,MODEL_PROPOSAL,0.2000,0.0082,0.5247,0.5092,0.0000,0.0000,1,25.59852,0.65625,0.67788,0.00000,0.00000,4618,4517,0.206427,0.207738
13.16,1.40395,-0.00473,-0.06211,AUTO,MODEL_PROPOSAL,0.2000,0.0082,0.5247,0.5276,0.0000,0.0000,1,25.59852,0.67469,0.65916,0.00000,0.00000,4631,4530,0.206800,0.207298
13.18,1.40809,-0.00498,-0.06209,AUTO,MODEL_PROPOSAL,0.2000,0.0082,0.5060,0.5089,0.0000,0.0000,1,25.59852,0.67469,0.67760,0.00000,0.00000,4645,4544,0.207132,0.207702
13.20,1.41222,-0.00524,-0.06207,AUTO,MODEL_PROPOSAL,0.2000,0.0082,0.5244,0.5274,0.0000,0.0000,1,25.59851,0.65596,0.65892,0.00000,0.00000,4658,4557,0.206619,0.207256
13.22,1.41636,-0.00550,-0.06204,AUTO,MODEL_PROPOSAL,0.2000,0.0081,0.5056,0.5087,0.0000,0.0000,1,25.59851,0.67436,0.67736,0.00000,0.00000,4672,4571,0.206956,0.207654
13.24,1.42049,-0.00575,-0.06201,AUTO,MODEL_PROPOSAL,0.2000,0.0081,0.5241,0.5271,0.0000,0.0000,1,25.59851,0.65564,0.65867,0.00000,0.00000,4685,4584,0.206449,0.207202
13.26,1.42462,-0.00601,-0.06198,AUTO,MODEL_PROPOSAL,0.2000,0.0081,0.5053,0.5084,0.0000,0.0000,1,25.59851,0.67405,0.67710,0.00000,0.00000,4699,4598,0.206791,0.207594
13.28,1.42875,-0.00627,-0.06194,AUTO,MODEL_PROPOSAL,0.2000,0.0080,0.5238,0.5268,0.0000,0.0000,1,25.59850,0.65534,0.65840,0.00000,0.00000,4712,4611,0.206289,0.207137
13.30,1.43288,-0.00652,-0.06191,AUTO,MODEL_PROPOSAL,0.2000,0.0080,0.5051,0.5081,0.0000,0.0000,1,25.59850,0.67376,0.67682,0.00000,0.00000,4726,4625,0.206636,0.207525
13.32,1.43701,-0.00678,-0.06187,AUTO,MODEL_PROPOSAL,0.2000,0.0079,0.5235,0.5265,0.0000,0.0000,1,25.59850,0.65506,0.65812,0.00000,0.00000,4739,4638,0.206138,0.207063
13.34,1.44114,-0.00703,-0.06183,AUTO,MODEL_PROPOSAL,0.2000,0.0079,0.5048,0.5078,0.0000,0.0000,1,25.59850,0.67348,0.67653,0.00000,0.00000,4753,4652,0.206489,0.207446
13.36,1.44526,-0.00729,-0.06180,AUTO,MODEL_PROPOSAL,0.2000,0.0078,0.5232,0.5262,0.0000,0.0000,1,25.59849,0.65479,0.65782,0.00000,0.00000,4766,4665,0.205995,0.206980
13.38,1.44939,-0.00754,-0.06176,AUTO,MODEL_PROPOSAL,0.2000,0.0078,0.5045,0.5075,0.0000,0.0000,1,25.59849,0.67321,0.67623,0.00000,0.00000,4780,4679,0.206351,0.207359
13.40,1.45351,-0.00780,-0.06171,AUTO,MODEL_PROPOSAL,0.2000,0.0077,0.5230,0.5259,0.0000,0.0000,1,25.59849,0.65452,0.65752,0.00000,0.00000,4793,4692,0.205860,0.206889
13.42,1.45764,-0.00805,-0.06167,AUTO,MODEL_PROPOSAL,0.2000,0.0077,0.5230,0.5072,0.0000,0.0000,1,25.59849,0.67296,0.67592,0.00000,0.00000,4806,4706,0.206219,0.207265
13.44,1.46176,-0.00831,-0.06166,AUTO,MODEL_PROPOSAL,0.2000,0.0076,0.5043,0.5257,0.0000,0.0000,1,25.59848,0.67298,0.65721,0.00000,0.00000,4820,4719,0.206540,0.206792
13.46,1.46589,-0.00856,-0.06162,AUTO,MODEL_PROPOSAL,0.2000,0.0076,0.5227,0.5069,0.0000,0.0000,1,25.59848,0.65425,0.67565,0.00000,0.00000,4833,4733,0.206017,0.207167
13.48,1.47001,-0.00882,-0.06160,AUTO,MODEL_PROPOSAL,0.2000,0.0076,0.5040,0.5254,0.0000,0.0000,1,25.59848,0.67268,0.65694,0.00000,0.00000,4847,4746,0.206347,0.206692
13.50,1.47413,-0.00907,-0.06156,AUTO,MODEL_PROPOSAL,0.2000,0.0075,0.5224,0.5067,0.0000,0.0000,1,25.59848,0.65395,0.67538,0.00000,0.00000,4860,4760,0.205833,0.207066
13.52,1.47825,-0.00933,-0.06153,AUTO,MODEL_PROPOSAL,0.2000,0.0075,0.5037,0.5251,0.0000,0.0000,1,25.59847,0.67239,0.65667,0.00000,0.00000,4874,4773,0.206170,0.206591
13.54,1.48237,-0.00958,-0.06149,AUTO,MODEL_PROPOSAL,0.2000,0.0074,0.5221,0.5064,0.0000,0.0000,1,25.59847,0.65367,0.67510,0.00000,0.00000,4887,4787,0.205662,0.206964
13.56,1.48649,-0.00983,-0.06146,AUTO,MODEL_PROPOSAL,0.2000,0.0074,0.5221,0.5248,0.0000,0.0000,1,25.59847,0.67211,0.65638,0.00000,0.00000,4900,4800,0.206006,0.206487
13.58,1.49061,-0.01009,-0.06144,AUTO,MODEL_PROPOSAL,0.2000,0.0074,0.5034,0.5061,0.0000,0.0000,1,25.59847,0.67211,0.67481,0.00000,0.00000,4914,4814,0.206312,0.206858
13.60,1.49473,-0.01034,-0.06142,AUTO,MODEL_PROPOSAL,0.2000,0.0074,0.5218,0.5246,0.0000,0.0000,1,25.59846,0.65339,0.65613,0.00000,0.00000,4927,4827,0.205777,0.206382
13.62,1.49885,-0.01059,-0.06139,AUTO,MODEL_PROPOSAL,0.2000,0.0073,0.5031,0.5059,0.0000,0.0000,1,25.59846,0.67179,0.67456,0.00000,0.00000,4941,4841,0.206094,0.206754
13.64,1.50296,-0.01085,-0.06136,AUTO,MODEL_PROPOSAL,0.2000,0.0073,0.5215,0.5243,0.0000,0.0000,1,25.59846,0.65308,0.65587,0.00000,0.00000,4954,4854,0.205569,0.206278
13.66,1.50707,-0.01110,-0.06133,AUTO,MODEL_PROPOSAL,0.2000,0.0073,0.5028,0.5056,0.0000,0.0000,1,25.59846,0.67149,0.67430,0.00000,0.00000,4968,4868,0.205896,0.206650
13.68,1.51118,-0.01135,-0.06130,AUTO,MODEL_PROPOSAL,0.2000,0.0072,0.5212,0.5240,0.0000,0.0000,1,25.59845,0.65278,0.65560,0.00000,0.00000,4981,4881,0.205379,0.206173
13.70,1.51530,-0.01160,-0.06127,AUTO,MODEL_PROPOSAL,0.2000,0.0072,0.5212,0.5053,0.0000,0.0000,1,25.59845,0.67120,0.67402,0.00000,0.00000,4994,4895,0.205714,0.206545
13.72,1.51941,-0.01186,-0.06126,AUTO,MODEL_PROPOSAL,0.2000,0.0072,0.5025,0.5238,0.0000,0.0000,1,25.59845,0.67121,0.65532,0.00000,0.00000,5008,4908,0.206013,0.206067
13.74,1.52352,-0.01211,-0.06123,AUTO,MODEL_PROPOSAL,0.2000,0.0072,0.5209,0.5238,0.0000,0.0000,1,25.59845,0.65247,0.67378,0.00000,0.00000,5021,4921,0.205470,0.206439
13.76,1.52764,-0.01236,-0.06119,AUTO,MODEL_PROPOSAL,0.2000,0.0071,0.5022,0.5051,0.0000,0.0000,1,25.59844,0.67088,0.67379,0.00000,0.00000,5035,4935,0.205782,0.206772
13.78,1.53175,-0.01261,-0.06115,AUTO,MODEL_PROPOSAL,0.2000,0.0071,0.5206,0.5235,0.0000,0.0000,1,25.59844,0.65219,0.65508,0.00000,0.00000,5048,4948,0.205252,0.206260
13.80,1.53586,-0.01286,-0.06111,AUTO,MODEL_PROPOSAL,0.2000,0.0070,0.5207,0.5048,0.0000,0.0000,1,25.59844,0.67063,0.67348,0.00000,0.00000,5061,4962,0.205576,0.206598
13.82,1.53997,-0.01311,-0.06109,AUTO,MODEL_PROPOSAL,0.2000,0.0070,0.5019,0.5232,0.0000,0.0000,1,25.59844,0.67066,0.65476,0.00000,0.00000,5075,4975,0.205866,0.206091
13.84,1.54408,-0.01337,-0.06106,AUTO,MODEL_PROPOSAL,0.2000,0.0069,0.5204,0.5045,0.0000,0.0000,1,25.59843,0.65193,0.67320,0.00000,0.00000,5088,4989,0.205316,0.206435
13.86,1.54819,-0.01362,-0.06103,AUTO,MODEL_PROPOSAL,0.2000,0.0069,0.5016,0.5229,0.0000,0.0000,1,25.59843,0.67036,0.65449,0.00000,0.00000,5102,5002,0.205621,0.205934
13.88,1.55230,-0.01387,-0.06100,AUTO,MODEL_PROPOSAL,0.2000,0.0069,0.5201,0.5042,0.0000,0.0000,1,25.59843,0.65164,0.67293,0.00000,0.00000,5115,5016,0.205085,0.206284
13.90,1.55640,-0.01412,-0.06097,AUTO,MODEL_PROPOSAL,0.2000,0.0069,0.5201,0.5226,0.0000,0.0000,1,25.59843,0.67007,0.65421,0.00000,0.00000,5128,5029,0.205403,0.205787
13.92,1.56051,-0.01437,-0.06095,AUTO,MODEL_PROPOSAL,0.2000,0.0068,0.5013,0.5227,0.0000,0.0000,1,25.59842,0.67007,0.67265,0.00000,0.00000,5142,5042,0.205686,0.206141
13.94,1.56462,-0.01462,-0.06091,AUTO,MODEL_PROPOSAL,0.2000,0.0068,0.5198,0.5040,0.0000,0.0000,1,25.59842,0.65134,0.67268,0.00000,0.00000,5155,5056,0.205130,0.206458
13.96,1.56873,-0.01487,-0.06088,AUTO,MODEL_PROPOSAL,0.1982,0.0067,0.4944,0.5157,0.0000,0.0000,1,25.59842,0.66979,0.65395,0.00000,0.00000,5169,5069,0.205431,0.205931
13.98,1.57283,-0.01512,-0.06084,AUTO,MODEL_PROPOSAL,0.1953,0.0067,0.5021,0.4862,0.0000,0.0000,1,25.59842,0.64439,0.66569,0.00000,0.00000,5182,5083,0.204602,0.205968
14.00,1.57691,-0.01537,-0.06081,AUTO,MODEL_PROPOSAL,0.1925,0.0066,0.4914,0.4939,0.0000,0.0000,1,25.59841,0.65211,0.63622,0.00000,0.00000,5195,5096,0.204195,0.204728
14.02,1.58098,-0.01562,-0.06078,AUTO,MODEL_PROPOSAL,0.1896,0.0066,0.4806,0.4831,0.0000,0.0000,1,25.59841,0.64136,0.64389,0.00000,0.00000,5208,5109,0.203369,0.203953
14.04,1.58503,-0.01586,-0.06076,AUTO,MODEL_PROPOSAL,0.1868,0.0066,0.4511,0.4537,0.0000,0.0000,1,25.59841,0.63059,0.63315,0.00000,0.00000,5222,5123,0.202167,0.202798
14.06,1.58904,-0.01611,-0.06073,AUTO,MODEL_PROPOSAL,0.1840,0.0066,0.4588,0.4614,0.0000,0.0000,1,25.59841,0.60111,0.60369,0.00000,0.00000,5235,5136,0.199820,0.200495
14.08,1.59301,-0.01635,-0.06070,AUTO,MODEL_PROPOSAL,0.1812,0.0065,0.4481,0.4507,0.0000,0.0000,1,25.59841,0.60881,0.61139,0.00000,0.00000,5248,5149,0.198060,0.198773
14.10,1.59694,-0.01659,-0.06067,AUTO,MODEL_PROPOSAL,0.1784,0.0065,0.4375,0.4401,0.0000,0.0000,1,25.59840,0.59814,0.60073,0.00000,0.00000,5261,5162,0.196029,0.196777
14.12,1.60083,-0.01682,-0.06064,AUTO,MODEL_PROPOSAL,0.1757,0.0065,0.4457,0.4483,0.0000,0.0000,1,25.59840,0.58753,0.59011,0.00000,0.00000,5273,5174,0.193758,0.194537
14.14,1.60468,-0.01706,-0.06061,AUTO,MODEL_PROPOSAL,0.1730,0.0064,0.4168,0.4193,0.0000,0.0000,1,25.59840,0.59568,0.59826,0.00000,0.00000,5286,5187,0.192086,0.192892
14.16,1.60848,-0.01729,-0.06058,AUTO,MODEL_PROPOSAL,0.1703,0.0064,0.4250,0.4276,0.0000,0.0000,1,25.59840,0.56676,0.56933,0.00000,0.00000,5298,5199,0.189344,0.190174
14.18,1.61223,-0.01751,-0.06054,AUTO,MODEL_PROPOSAL,0.1677,0.0063,0.4150,0.3988,0.0000,0.0000,1,25.59839,0.57504,0.57759,0.00000,0.00000,5310,5212,0.187256,0.188106
14.20,1.61594,-0.01774,-0.06053,AUTO,MODEL_PROPOSAL,0.1651,0.0063,0.4049,0.4072,0.0000,0.0000,1,25.59839,0.56498,0.54879,0.00000,0.00000,5322,5224,0.184959,0.185018
14.22,1.61960,-0.01796,-0.06053,AUTO,MODEL_PROPOSAL,0.1625,0.0063,0.3950,0.3974,0.0000,0.0000,1,25.59839,0.55495,0.55723,0.00000,0.00000,5334,5236,0.182476,0.182628
14.24,1.62320,-0.01818,-0.06052,AUTO,MODEL_PROPOSAL,0.1600,0.0063,0.3851,0.3876,0.0000,0.0000,1,25.59839,0.54499,0.54736,0.00000,0.00000,5346,5248,0.179832,0.180069
14.26,1.62675,-0.01839,-0.06051,AUTO,MODEL_PROPOSAL,0.1575,0.0063,0.3753,0.3966,0.0000,0.0000,1,25.59839,0.53512,0.53756,0.00000,0.00000,5358,5259,0.177046,0.177364
14.28,1.63025,-0.01861,-0.06047,AUTO,MODEL_PROPOSAL,0.1551,0.0063,0.3844,0.3685,0.0000,0.0000,1,25.59839,0.52534,0.54656,0.00000,0.00000,5369,5271,0.174139,0.175339
14.30,1.63370,-0.01882,-0.06045,AUTO,MODEL_PROPOSAL,0.1526,0.0063,0.3751,0.3776,0.0000,0.0000,1,25.59838,0.53442,0.51846,0.00000,0.00000,5380,5282,0.171939,0.172319
14.32,1.63710,-0.01902,-0.06043,AUTO,MODEL_PROPOSAL,0.1503,0.0062,0.3659,0.3684,0.0000,0.0000,1,25.59838,0.52514,0.52761,0.00000,0.00000,5391,5293,0.169575,0.170021
14.34,1.64046,-0.01922,-0.06041,AUTO,MODEL_PROPOSAL,0.1479,0.0062,0.3568,0.3593,0.0000,0.0000,1,25.59838,0.51593,0.51843,0.00000,0.00000,5402,5304,0.167068,0.167574
14.36,1.64376,-0.01942,-0.06039,AUTO,MODEL_PROPOSAL,0.1456,0.0062,0.3478,0.3503,0.0000,0.0000,1,25.59838,0.50680,0.50933,0.00000,0.00000,5413,5315,0.164438,0.164999
14.38,1.64700,-0.01962,-0.06036,AUTO,MODEL_PROPOSAL,0.1433,0.0062,0.3388,0.3601,0.0000,0.0000,1,25.59838,0.49776,0.50031,0.00000,0.00000,5424,5325,0.161701,0.162312
14.40,1.65020,-0.01981,-0.06031,AUTO,MODEL_PROPOSAL,0.1411,0.0061,0.3487,0.3328,0.0000,0.0000,1,25.59837,0.48882,0.51009,0.00000,0.00000,5434,5336,0.158874,0.160337
14.42,1.65335,-0.02000,-0.06028,AUTO,MODEL_PROPOSAL,0.1389,0.0060,0.3403,0.3427,0.0000,0.0000,1,25.59837,0.49873,0.48279,0.00000,0.00000,5444,5346,0.156780,0.157397
14.44,1.65645,-0.02019,-0.06025,AUTO,MODEL_PROPOSAL,0.1367,0.0060,0.3132,0.3343,0.0000,0.0000,1,25.59837,0.49029,0.49272,0.00000,0.00000,5455,5356,0.154548,0.155203
14.46,1.65950,-0.02037,-0.06020,AUTO,MODEL_PROPOSAL,0.1345,0.0059,0.3421,0.3260,0.0000,0.0000,1,25.59837,0.46319,0.48434,0.00000,0.00000,5464,5366,0.151386,0.152884
14.48,1.66251,-0.02055,-0.06017,AUTO,MODEL_PROPOSAL,0.1324,0.0059,0.3155,0.3178,0.0000,0.0000,1,25.59837,0.49207,0.47599,0.00000,0.00000,5474,5376,0.149813,0.150455
14.50,1.66547,-0.02073,-0.06014,AUTO,MODEL_PROPOSAL,0.1304,0.0058,0.3073,0.3096,0.0000,0.0000,1,25.59837,0.46546,0.46776,0.00000,0.00000,5484,5386,0.147260,0.147932
14.52,1.66838,-0.02091,-0.06011,AUTO,MODEL_PROPOSAL,0.1283,0.0058,0.3180,0.3203,0.0000,0.0000,1,25.59837,0.45732,0.45961,0.00000,0.00000,5493,5395,0.144632,0.145330
14.54,1.67124,-0.02108,-0.06009,AUTO,MODEL_PROPOSAL,0.1263,0.0058,0.2916,0.2939,0.0000,0.0000,1,25.59836,0.46800,0.47028,0.00000,0.00000,5503,5405,0.142749,0.143470
14.56,1.67406,-0.02125,-0.06006,AUTO,MODEL_PROPOSAL,0.1243,0.0057,0.3025,0.3047,0.0000,0.0000,1,25.59836,0.44162,0.44388,0.00000,0.00000,5512,5414,0.139930,0.140670
14.58,1.67683,-0.02142,-0.06003,AUTO,MODEL_PROPOSAL,0.1224,0.0057,0.2950,0.2972,0.0000,0.0000,1,25.59836,0.45247,0.45470,0.00000,0.00000,5521,5423,0.137883,0.138640
14.60,1.67955,-0.02158,-0.06000,AUTO,MODEL_PROPOSAL,0.1205,0.0056,0.2876,0.2897,0.0000,0.0000,1,25.59836,0.44498,0.44719,0.00000,0.00000,5530,5432,0.135734,0.136505
14.62,1.68224,-0.02174,-0.05996,AUTO,MODEL_PROPOSAL,0.1186,0.0056,0.2989,0.2824,0.0000,0.0000,1,25.59836,0.43756,0.43974,0.00000,0.00000,5538,5441,0.133497,0.134279
14.64,1.68488,-0.02190,-0.05996,AUTO,MODEL_PROPOSAL,0.1167,0.0056,0.2732,0.2938,0.0000,0.0000,1,25.59836,0.44894,0.43237,0.00000,0.00000,5547,5449,0.131994,0.131975
14.66,1.68749,-0.02206,-0.05993,AUTO,MODEL_PROPOSAL,0.1149,0.0055,0.2660,0.2682,0.0000,0.0000,1,25.59836,0.42322,0.44383,0.00000,0.00000,5556,5458,0.129541,0.130414
14.68,1.69004,-0.02221,-0.05990,AUTO,MODEL_PROPOSAL,0.1131,0.0055,0.2776,0.2797,0.0000,0.0000,1,25.59835,0.41601,0.41819,0.00000,0.00000,5564,5466,0.127041,0.127915
14.70,1.69256,-0.02236,-0.05986,COLLECT,PICKUP_START,0.0800,0.0000,0.2376,0.2397,0.6000,0.4500,1,25.59835,0.42761,0.42975,0.00000,0.00000,5572,5475,0.125313,0.126185
14.72,1.69502,-0.02251,-0.05983,COLLECT,PICKUP_ACTIVE,0.0800,0.0000,0.1976,0.1997,0.6000,0.4500,1,25.59835,0.38761,0.38975,0.90000,0.60000,5580,5483,0.122043,0.122913
14.74,1.69740,-0.02265,-0.05979,COLLECT,PICKUP_ACTIVE,0.0800,0.0000,0.1576,0.1680,0.6000,0.4500,1,25.59835,0.34761,0.34975,0.90000,0.60000,5588,5490,0.117399,0.118267
14.76,1.69967,-0.02279,-0.05975,COLLECT,PICKUP_ACTIVE,0.0800,0.0000,0.1754,0.1487,0.6000,0.4500,1,25.59834,0.30761,0.31796,0.90000,0.60000,5595,5498,0.111527,0.112749
14.78,1.70183,-0.02292,-0.05974,COLLECT,PICKUP_ACTIVE,0.0800,0.0000,0.1749,0.1666,0.6000,0.4500,1,25.59834,0.32541,0.29870,0.90000,0.60000,5602,5505,0.107059,0.106995
14.80,1.70390,-0.02304,-0.05975,COLLECT,PICKUP_ACTIVE,0.0800,0.0000,0.1743,0.1660,0.6000,0.4500,1,25.59834,0.32486,0.31656,0.90000,0.60000,5609,5512,0.103050,0.102634
14.82,1.70590,-0.02316,-0.05978,COLLECT,PICKUP_ACTIVE,0.0800,0.0000,0.1738,0.1842,0.6000,0.4500,1,25.59833,0.32432,0.31601,0.90000,0.60000,5616,5518,0.099450,0.098720
14.84,1.70783,-0.02327,-0.05979,COLLECT,PICKUP_ACTIVE,0.0800,0.0000,0.1919,0.1839,0.6000,0.4500,1,25.59833,0.32377,0.33418,0.90000,0.60000,5622,5524,0.096215,0.096014
14.86,1.70971,-0.02339,-0.05981,COLLECT,PICKUP_ACTIVE,0.0800,0.0000,0.1917,0.1650,0.6000,0.4500,1,25.59833,0.34193,0.33394,0.90000,0.60000,5628,5531,0.094115,0.093591
14.88,1.71155,-0.02350,-0.05986,COLLECT,PICKUP_ACTIVE,0.0800,0.0000,0.1915,0.1832,0.6000,0.4500,1,25.59832,0.34169,0.31499,0.90000,0.60000,5634,5537,0.092231,0.090609
14.90,1.71335,-0.02361,-0.05993,COLLECT,PICKUP_ACTIVE,0.0800,0.0000,0.1912,0.2016,0.6000,0.4500,1,25.59832,0.34145,0.33315,0.90000,0.60000,5640,5542,0.090541,0.088735
14.92,1.71512,-0.02371,-0.05998,COLLECT,PICKUP_ACTIVE,0.0800,0.0000,0.1910,0.1830,0.6000,0.4500,1,25.59832,0.34121,0.35163,0.90000,0.60000,5646,5548,0.089022,0.087862
14.94,1.71686,-0.02382,-0.06004,COLLECT,PICKUP_ACTIVE,0.0800,0.0000,0.1907,0.1827,0.6000,0.4500,1,25.59831,0.34097,0.33298,0.90000,0.60000,5652,5554,0.087658,0.086277
14.96,1.71858,-0.02392,-0.06010,COLLECT,PICKUP_ACTIVE,0.0800,0.0000,0.2092,0.2012,0.6000,0.4500,1,25.59831,0.34073,0.33274,0.90000,0.60000,5657,5559,0.086430,0.084853
14.98,1.72028,-0.02402,-0.06017,COLLECT,PICKUP_ACTIVE,0.0800,0.0000,0.1906,0.1826,0.6000,0.4500,1,25.59830,0.35920,0.35121,0.90000,0.60000,5663,5565,0.086133,0.084381
15.00,1.72197,-0.02412,-0.06024,COLLECT,PICKUP_ACTIVE,0.0800,0.0000,0.2090,0.2010,0.6000,0.4500,1,25.59830,0.34056,0.33256,0.90000,0.60000,5668,5570,0.085062,0.083155
15.02,1.72364,-0.02422,-0.06032,COLLECT,PICKUP_ACTIVE,0.0800,0.0000,0.1904,0.1824,0.6000,0.4500,1,25.59830,0.35903,0.35104,0.90000,0.60000,5674,5576,0.084906,0.082859
15.04,1.72530,-0.02433,-0.06041,COLLECT,PICKUP_ACTIVE,0.0800,0.0000,0.2089,0.2009,0.6000,0.4500,1,25.59829,0.34038,0.33239,0.90000,0.60000,5679,5581,0.083960,0.081789
15.06,1.72696,-0.02443,-0.06050,COLLECT,PICKUP_ACTIVE,0.0800,0.0000,0.1902,0.2009,0.6000,0.4500,1,25.59829,0.35886,0.35086,0.90000,0.60000,5685,5586,0.083915,0.081633
15.08,1.72860,-0.02453,-0.06057,COLLECT,PICKUP_ACTIVE,0.0800,0.0000,0.2087,0.1823,0.6000,0.4500,1,25.59829,0.34021,0.35093,0.90000,0.60000,5690,5592,0.083069,0.081496
15.10,1.73024,-0.02462,-0.06066,COLLECT,PICKUP_ACTIVE,0.0800,0.0000,0.1900,0.2008,0.6000,0.4500,1,25.59828,0.35868,0.33228,0.90000,0.60000,5696,5597,0.083113,0.080569
15.12,1.73187,-0.02472,-0.06074,COLLECT,PICKUP_ACTIVE,0.0800,0.0000,0.2085,0.2008,0.6000,0.4500,1,25.59828,0.34003,0.35075,0.90000,0.60000,5701,5602,0.082346,0.080540
15.14,1.73349,-0.02482,-0.06082,COLLECT,PICKUP_ACTIVE,0.0800,0.0000,0.1899,0.2009,0.6000,0.4500,1,25.59828,0.35851,0.35082,0.90000,0.60000,5707,5607,0.082460,0.080517
15.16,1.73511,-0.02492,-0.06087,COLLECT,PICKUP_ACTIVE,0.0800,0.0000,0.2083,0.1822,0.6000,0.4500,1,25.59827,0.33986,0.35088,0.90000,0.60000,5712,5613,0.081756,0.080500
15.18,1.73673,-0.02502,-0.06095,COLLECT,PICKUP_ACTIVE,0.0800,0.0000,0.2084,0.2007,0.6000,0.4500,1,25.59827,0.35833,0.33224,0.90000,0.60000,5717,5618,0.081926,0.079678
15.20,1.73834,-0.02512,-0.06105,COLLECT,PICKUP_ACTIVE,0.0800,0.0000,0.1897,0.2008,0.6000,0.4500,1,25.59827,0.35840,0.35071,0.90000,0.60000,5723,5623,0.082081,0.079743
15.22,1.73995,-0.02522,-0.06112,COLLECT,PICKUP_ACTIVE,0.0800,0.0000,0.2082,0.2008,0.6000,0.4500,1,25.59826,0.33975,0.35078,0.90000,0.60000,5728,5628,0.081413,0.079805
15.24,1.74156,-0.02532,-0.06119,COLLECT,PICKUP_ACTIVE,0.0800,0.0000,0.2083,0.2009,0.6000,0.4500,1,25.59826,0.35822,0.35084,0.90000,0.60000,5733,5633,0.081616,0.079862
15.26,1.74318,-0.02541,-0.06126,COLLECT,PICKUP_ACTIVE,0.0800,0.0000,0.1896,0.1823,0.6000,0.4500,1,25.59826,0.35829,0.35091,0.90000,0.60000,5739,5639,0.081799,0.079916
15.28,1.74478,-0.02551,-0.06134,COLLECT,PICKUP_ACTIVE,0.0800,0.0000,0.2081,0.2007,0.6000,0.4500,1,25.59825,0.33964,0.33226,0.90000,0.60000,5744,5644,0.081157,0.079159
15.30,1.74638,-0.02561,-0.06142,COLLECT,PICKUP_ACTIVE,0.0800,0.0000,0.2082,0.2008,0.6000,0.4500,1,25.59825,0.35811,0.35073,0.90000,0.60000,5749,5649,0.081383,0.079281
15.32,1.74799,-0.02571,-0.06151,COLLECT,PICKUP_ACTIVE,0.0800,0.0000,0.2082,0.2009,0.6000,0.4500,1,25.59825,0.35818,0.35080,0.90000,0.60000,5754,5654,0.081587,0.079394
15.34,1.74960,-0.02581,-0.06160,COLLECT,PICKUP_ACTIVE,0.0800,0.0000,0.1896,0.2009,0.6000,0.4500,1,25.59824,0.35825,0.35087,0.90000,0.60000,5760,5659,0.081772,0.079496
15.36,1.75121,-0.02591,-0.06167,COLLECT,PICKUP_ACTIVE,0.0800,0.0000,0.2081,0.1823,0.6000,0.4500,1,25.59824,0.33960,0.35093,0.90000,0.60000,5765,5665,0.081131,0.079591
15.38,1.75281,-0.02601,-0.06176,COLLECT,PICKUP_ACTIVE,0.0800,0.0000,0.2081,0.2008,0.6000,0.4500,1,25.59824,0.35807,0.33228,0.90000,0.60000,5770,5670,0.081357,0.078870
15.40,1.75441,-0.02611,-0.06186,COLLECT,PICKUP_ACTIVE,0.0800,0.0000,0.1895,0.2008,0.6000,0.4500,1,25.59823,0.35814,0.35076,0.90000,0.60000,5776,5675,0.081562,0.079025
15.42,1.75601,-0.02621,-0.06194,COLLECT,PICKUP_ACTIVE,0.0800,0.0000,0.2080,0.2009,0.6000,0.4500,1,25.59823,0.33949,0.35082,0.90000,0.60000,5781,5680,0.080939,0.079165
15.44,1.75761,-0.02631,-0.06201,COLLECT,PICKUP_ACTIVE,0.0800,0.0000,0.2080,0.2010,0.6000,0.4500,1,25.59822,0.35796,0.35089,0.90000,0.60000,5786,5685,0.081182,0.079294
15.46,1.75921,-0.02640,-0.06209,COLLECT,PICKUP_ACTIVE,0.0800,0.0000,0.1894,0.2010,0.6000,0.4500,1,25.59822,0.35803,0.35095,0.90000,0.60000,5792,5690,0.081401,0.079412
15.48,1.76081,-0.02650,-0.06215,COLLECT,PICKUP_ACTIVE,0.0800,0.0000,0.2079,0.1824,0.6000,0.4500,1,25.59822,0.33938,0.35102,0.90000,0.60000,5797,5696,0.080791,0.079519
15.50,1.76241,-0.02660,-0.06223,COLLECT,PICKUP_ACTIVE,0.0800,0.0000,0.2079,0.2008,0.6000,0.4500,1,25.59821,0.35785,0.33237,0.90000,0.60000,5802,5701,0.081045,0.078809
15.52,1.76401,-0.02670,-0.06232,COLLECT,PICKUP_ACTIVE,0.0800,0.0000,0.2080,0.2009,0.6000,0.4500,1,25.59821,0.35792,0.35085,0.90000,0.60000,5807,5706,0.081274,0.078975
15.54,1.76561,-0.02680,-0.06241,COLLECT,PICKUP_ACTIVE,0.0800,0.0000,0.1893,0.2010,0.6000,0.4500,1,25.59821,0.35799,0.35091,0.90000,0.60000,5813,5711,0.081481,0.079125
15.56,1.76721,-0.02690,-0.06248,COLLECT,PICKUP_ACTIVE,0.0800,0.0000,0.2078,0.2010,0.6000,0.4500,1,25.59820,0.33934,0.35098,0.90000,0.60000,5818,5716,0.080861,0.079262
15.58,1.76881,-0.02700,-0.06255,COLLECT,PICKUP_ACTIVE,0.0800,0.0000,0.2079,0.2011,0.6000,0.4500,1,25.59820,0.35781,0.35104,0.90000,0.60000,5823,5721,0.081105,0.079386
15.60,1.77041,-0.02710,-0.06262,COLLECT,PICKUP_ACTIVE,0.0800,0.0000,0.1892,0.1825,0.6000,0.4500,1,25.59820,0.35788,0.35111,0.90000,0.60000,5829,5727,0.081326,0.079501
15.62,1.77201,-0.02720,-0.06270,COLLECT,PICKUP_ACTIVE,0.0800,0.0000,0.2077,0.2009,0.6000,0.4500,1,25.59819,0.33923,0.33246,0.90000,0.60000,5834,5732,0.080717,0.078797
15.64,1.77360,-0.02730,-0.06278,COLLECT,PICKUP_ACTIVE,0.0800,0.0000,0.2078,0.2010,0.6000,0.4500,1,25.59819,0.35770,0.35094,0.90000,0.60000,5839,5737,0.080973,0.078967
15.66,1.77520,-0.02741,-0.06286,COLLECT,PICKUP_ACTIVE,0.0800,0.0000,0.2078,0.2011,0.6000,0.4500,1,25.59819,0.35777,0.35100,0.90000,0.60000,5844,5742,0.081203,0.079122
15.68,1.77681,-0.02751,-0.06295,COLLECT,PICKUP_ACTIVE,0.0800,0.0000,0.1892,0.2011,0.6000,0.4500,1,25.59818,0.35783,0.35107,0.90000,0.60000,5850,5747,0.081412,0.079263
15.70,1.77841,-0.02761,-0.06301,COLLECT,PICKUP_ACTIVE,0.0800,0.0000,0.2077,0.2012,0.6000,0.4500,1,25.59818,0.33919,0.35113,0.90000,0.60000,5855,5752,0.080792,0.079392
15.72,1.78001,-0.02771,-0.06307,COLLECT,PICKUP_ACTIVE,0.0800,0.0000,0.2077,0.2013,0.6000,0.4500,1,25.59818,0.35766,0.35120,0.90000,0.60000,5860,5757,0.081037,0.079509
15.74,1.78161,-0.02781,-0.06313,COLLECT,PICKUP_ACTIVE,0.0800,0.0000,0.1891,0.1826,0.6000,0.4500,1,25.59817,0.35772,0.35127,0.90000,0.60000,5866,5763,0.081259,0.079617
15.76,1.78321,-0.02791,-0.06320,COLLECT,PICKUP_ACTIVE,0.0800,0.0000,0.2076,0.2011,0.6000,0.4500,1,25.59817,0.33908,0.33262,0.90000,0.60000,5871,5768,0.080651,0.078907
15.78,1.78480,-0.02801,-0.06328,COLLECT,PICKUP_ACTIVE,0.0800,0.0000,0.2076,0.2012,0.6000,0.4500,1,25.59817,0.35755,0.35109,0.90000,0.60000,5876,5773,0.080907,0.079072
15.80,1.78640,-0.02811,-0.06335,COLLECT,PICKUP_ACTIVE,0.0800,0.0000,0.2077,0.2012,0.6000,0.4500,1,25.59816,0.35762,0.35116,0.90000,0.60000,5881,5778,0.081138,0.079223
15.82,1.78801,-0.02822,-0.06343,COLLECT,PICKUP_ACTIVE,0.0800,0.0000,0.1890,0.2013,0.6000,0.4500,1,25.59816,0.35768,0.35122,0.90000,0.60000,5887,5783,0.081347,0.079359
15.84,1.78961,-0.02832,-0.06349,COLLECT,PICKUP_ACTIVE,0.0800,0.0000,0.2075,0.2014,0.6000,0.4500,1,25.59816,0.33903,0.35129,0.90000,0.60000,5892,5788,0.080728,0.079484
15.86,1.79121,-0.02842,-0.06354,COLLECT,PICKUP_ACTIVE,0.0800,0.0000,0.2076,0.1827,0.6000,0.4500,1,25.59815,0.35751,0.35135,0.90000,0.60000,5897,5794,0.080974,0.079598
15.88,1.79281,-0.02852,-0.06362,COLLECT,PICKUP_ACTIVE,0.0800,0.0000,0.1889,0.2012,0.6000,0.4500,1,25.59815,0.35757,0.33271,0.90000,0.60000,5903,5799,0.081196,0.078895
15.90,1.79440,-0.02862,-0.06369,COLLECT,PICKUP_ACTIVE,0.0800,0.0000,0.2074,0.2012,0.6000,0.4500,1,25.59814,0.33892,0.35118,0.90000,0.60000,5908,5804,0.080588,0.079065
15.92,1.79600,-0.02872,-0.06376,COLLECT,PICKUP_ACTIVE,0.0800,0.0000,0.2075,0.2013,0.6000,0.4500,1,25.59814,0.35740,0.35125,0.90000,0.60000,5913,5809,0.080844,0.079220
15.94,1.79760,-0.02883,-0.06382,COLLECT,PICKUP_ACTIVE,0.0800,0.0000,0.2075,0.2014,0.6000,0.4500,1,25.59814,0.35746,0.35131,0.90000,0.60000,5918,5814,0.081075,0.079361
15.96,1.79920,-0.02893,-0.06390,COLLECT,PICKUP_ACTIVE,0.0800,0.0000,0.1889,0.1827,0.6000,0.4500,1,25.59813,0.35753,0.35138,0.90000,0.60000,5924,5820,0.081285,0.079489
15.98,1.80080,-0.02903,-0.06397,COLLECT,PICKUP_ACTIVE,0.0800,0.0000,0.2074,0.2012,0.6000,0.4500,1,25.59813,0.33888,0.33273,0.90000,0.60000,5929,5825,0.080666,0.078798
16.00,1.80239,-0.02913,-0.06405,COLLECT,PICKUP_ACTIVE,0.0800,0.0000,0.2074,0.2013,0.6000,0.4500,1,25.59813,0.35736,0.35120,0.90000,0.60000,5934,5830,0.080911,0.078980
16.02,1.80399,-0.02924,-0.06413,COLLECT,PICKUP_ACTIVE,0.0800,0.0000,0.2075,0.2013,0.6000,0.4500,1,25.59812,0.35742,0.35127,0.90000,0.60000,5939,5835,0.081134,0.079145
16.04,1.80559,-0.02934,-0.06421,COLLECT,PICKUP_ACTIVE,0.0800,0.0000,0.1888,0.2014,0.6000,0.4500,1,25.59812,0.35749,0.35134,0.90000,0.60000,5945,5840,0.081335,0.079295
16.06,1.80719,-0.02944,-0.06426,COLLECT,PICKUP_ACTIVE,0.0800,0.0000,0.2073,0.2015,0.6000,0.4500,1,25.59812,0.33884,0.35140,0.90000,0.60000,5950,5845,0.080708,0.079432
16.08,1.80879,-0.02954,-0.06432,COLLECT,PICKUP_ACTIVE,0.0800,0.0000,0.2074,0.2015,0.6000,0.4500,1,25.59811,0.35731,0.35147,0.90000,0.60000,5955,5850,0.080948,0.079557
16.10,1.81040,-0.02965,-0.06438,COLLECT,PICKUP_ACTIVE,0.0800,0.0000,0.1887,0.1829,0.6000,0.4500,1,25.59811,0.35738,0.35153,0.90000,0.60000,5961,5856,0.081164,0.079671
16.12,1.81199,-0.02975,-0.06444,COLLECT,PICKUP_ACTIVE,0.0800,0.0000,0.2072,0.2014,0.6000,0.4500,1,25.59811,0.33873,0.33288,0.90000,0.60000,5966,5861,0.080552,0.078967
16.14,1.81359,-0.02985,-0.06451,COLLECT,PICKUP_ACTIVE,0.0800,0.0000,0.2073,0.2014,0.6000,0.4500,1,25.59810,0.35720,0.35136,0.90000,0.60000,5971,5866,0.080803,0.079137
16.16,1.81518,-0.02996,-0.06458,COLLECT,PICKUP_ACTIVE,0.0800,0.0000,0.2073,0.2015,0.6000,0.4500,1,25.59810,0.35727,0.35142,0.90000,0.60000,5976,5871,0.081031,0.079292
16.18,1.81679,-0.03006,-0.06465,COLLECT,PICKUP_ACTIVE,0.0800,0.0000,0.1887,0.2016,0.6000,0.4500,1,25.59810,0.35734,0.35149,0.90000,0.60000,5982,5876,0.081236,0.079433
16.20,1.81839,-0.03016,-0.06470,COLLECT,PICKUP_ACTIVE,0.0800,0.0000,0.2072,0.1829,0.6000,0.4500,1,25.59809,0.33869,0.35156,0.90000,0.60000,5987,5882,0.080614,0.079561
16.22,1.81998,-0.03027,-0.06477,COLLECT,PICKUP_ACTIVE,0.0800,0.0000,0.2072,0.2014,0.6000,0.4500,1,25.59809,0.35716,0.33291,0.90000,0.60000,5992,5887,0.080857,0.078870
16.24,1.82158,-0.03037,-0.06485,COLLECT,PICKUP_ACTIVE,0.0800,0.0000,0.1886,0.2014,0.6000,0.4500,1,25.59809,0.35723,0.35138,0.90000,0.60000,5998,5892,0.081077,0.079052
16.26,1.82317,-0.03048,-0.06490,COLLECT,PICKUP_ACTIVE,0.0800,0.0000,0.2071,0.2015,0.6000,0.4500,1,25.59808,0.33858,0.35145,0.90000,0.60000,6003,5897,0.080467,0.079217
16.28,1.82477,-0.03058,-0.06496,COLLECT,PICKUP_ACTIVE,0.0800,0.0000,0.2071,0.2016,0.6000,0.4500,1,25.59808,0.35705,0.35151,0.90000,0.60000,6008,5902,0.080721,0.079367
16.30,1.82637,-0.03068,-0.06502,COLLECT,PICKUP_ACTIVE,0.0800,0.0000,0.2072,0.2016,0.6000,0.4500,1,25.59808,0.35712,0.35158,0.90000,0.60000,6013,5907,0.080951,0.079504
16.32,1.82797,-0.03079,-0.06508,COLLECT,PICKUP_ACTIVE,0.0800,0.0000,0.1885,0.1830,0.6000,0.4500,1,25.59807,0.35719,0.35165,0.90000,0.60000,6019,5913,0.081159,0.079628
16.34,1.82957,-0.03089,-0.06514,COLLECT,PICKUP_ACTIVE,0.0800,0.0000,0.2070,0.2015,0.6000,0.4500,1,25.59807,0.33854,0.33300,0.90000,0.60000,6024,5918,0.080538,0.078934
16.36,1.83116,-0.03100,-0.06521,COLLECT,PICKUP_ACTIVE,0.0800,0.0000,0.2071,0.2015,0.6000,0.4500,1,25.59806,0.35701,0.35147,0.90000,0.60000,6029,5923,0.080783,0.079113
16.38,1.83276,-0.03110,-0.06527,COLLECT,PICKUP_ACTIVE,0.0800,0.0000,0.2071,0.2016,0.6000,0.4500,1,25.59806,0.35708,0.35154,0.90000,0.60000,6034,5928,0.081004,0.079275
16.40,1.83436,-0.03121,-0.06534,COLLECT,PICKUP_ACTIVE,0.0800,0.0000,0.1885,0.2017,0.6000,0.4500,1,25.59806,0.35714,0.35160,0.90000,0.60000,6040,5933,0.081204,0.079422
16.42,1.83596,-0.03131,-0.06539,COLLECT,PICKUP_ACTIVE,0.0800,0.0000,0.2070,0.2017,0.6000,0.4500,1,25.59805,0.33849,0.35167,0.90000,0.60000,6045,5938,0.080577,0.079557
16.44,1.83756,-0.03142,-0.06544,COLLECT,PICKUP_ACTIVE,0.0800,0.0000,0.2070,0.1831,0.6000,0.4500,1,25.59805,0.35697,0.35174,0.90000,0.60000,6050,5944,0.080816,0.079680
16.46,1.83916,-0.03152,-0.06551,COLLECT,PICKUP_ACTIVE,0.0800,0.0000,0.2071,0.2016,0.6000,0.4500,1,25.59805,0.35703,0.33309,0.90000,0.60000,6055,5949,0.081032,0.078984
16.48,1.84076,-0.03162,-0.06559,COLLECT,PICKUP_ACTIVE,0.0800,0.0000,0.1885,0.2016,0.6000,0.4500,1,25.59804,0.35710,0.35156,0.90000,0.60000,6061,5954,0.081227,0.079161
16.50,1.84236,-0.03173,-0.06565,COLLECT,PICKUP_ACTIVE,0.0800,0.0000,0.2069,0.2017,0.6000,0.4500,1,25.59804,0.33845,0.35163,0.90000,0.60000,6066,5959,0.080595,0.079322
16.52,1.84396,-0.03184,-0.06570,COLLECT,PICKUP_ACTIVE,0.0800,0.0000,0.2070,0.2018,0.6000,0.4500,1,25.59804,0.35692,0.35169,0.90000,0.60000,6071,5964,0.080830,0.079468
16.54,1.84556,-0.03194,-0.06576,COLLECT,PICKUP_ACTIVE,0.0800,0.0000,0.1883,0.2018,0.6000,0.4500,1,25.59803,0.35699,0.35176,0.90000,0.60000,6077,5969,0.081043,0.079602
16.56,1.84716,-0.03205,-0.06580,COLLECT,PICKUP_ACTIVE,0.0800,0.0000,0.2068,0.1832,0.6000,0.4500,1,25.59803,0.33834,0.35182,0.90000,0.60000,6082,5975,0.080426,0.079723
16.58,1.84875,-0.03215,-0.06585,COLLECT,PICKUP_ACTIVE,0.0800,0.0000,0.2069,0.2016,0.6000,0.4500,1,25.59803,0.35682,0.33318,0.90000,0.60000,6087,5980,0.080675,0.079026
16.60,1.85035,-0.03226,-0.06592,COLLECT,PICKUP_ACTIVE,0.0800,0.0000,0.2069,0.2017,0.6000,0.4500,1,25.59802,0.35688,0.35165,0.90000,0.60000,6092,5985,0.080899,0.079203
16.62,1.85195,-0.03236,-0.06599,COLLECT,PICKUP_ACTIVE,0.0800,0.0000,0.1883,0.2018,0.6000,0.4500,1,25.59802,0.35695,0.35172,0.90000,0.60000,6098,5990,0.081102,0.079363
16.64,1.85355,-0.03247,-0.06604,COLLECT,PICKUP_ACTIVE,0.0800,0.0000,0.2068,0.2018,0.6000,0.4500,1,25.59802,0.33830,0.35178,0.90000,0.60000,6103,5995,0.080478,0.079509
16.66,1.85515,-0.03257,-0.06608,COLLECT,PICKUP_ACTIVE,0.0800,0.0000,0.2068,0.2019,0.6000,0.4500,1,25.59801,0.35677,0.35185,0.90000,0.60000,6108,6000,0.080719,0.079642
16.68,1.85675,-0.03268,-0.06612,COLLECT,PICKUP_ACTIVE,0.0800,0.0000,0.2069,0.1833,0.6000,0.4500,1,25.59801,0.35684,0.35191,0.90000,0.60000,6113,6006,0.080937,0.079763
16.70,1.85835,-0.03279,-0.06620,COLLECT,PICKUP_ACTIVE,0.0800,0.0000,0.1883,0.2017,0.6000,0.4500,1,25.59801,0.35691,0.33327,0.90000,0.60000,6119,6011,0.081134,0.079066
16.72,1.85994,-0.03289,-0.06626,COLLECT,PICKUP_ACTIVE,0.0800,0.0000,0.2067,0.2018,0.6000,0.4500,1,25.59800,0.33826,0.35174,0.90000,0.60000,6124,6016,0.080504,0.079242
16.74,1.86154,-0.03300,-0.06631,COLLECT,PICKUP_ACTIVE,0.0800,0.0000,0.2068,0.2019,0.6000,0.4500,1,25.59800,0.35673,0.35181,0.90000,0.60000,6129,6021,0.080740,0.079402
16.76,1.86314,-0.03310,-0.06637,COLLECT,PICKUP_ACTIVE,0.0800,0.0000,0.1881,0.2019,0.6000,0.4500,1,25.59800,0.35680,0.35187,0.90000,0.60000,6135,6026,0.080954,0.079547
16.78,1.86474,-0.03321,-0.06640,COLLECT,PICKUP_ACTIVE,0.0800,0.0000,0.2066,0.1833,0.6000,0.4500,1,25.59799,0.33815,0.35194,0.90000,0.60000,6140,6032,0.080339,0.079680
16.80,1.86633,-0.03332,-0.06645,COLLECT,PICKUP_ACTIVE,0.0800,0.0000,0.2067,0.2018,0.6000,0.4500,1,25.59799,0.35662,0.33329,0.90000,0.60000,6145,6037,0.080588,0.078992
16.82,1.86793,-0.03342,-0.06652,COLLECT,PICKUP_ACTIVE,0.0800,0.0000,0.2068,0.2018,0.6000,0.4500,1,25.59798,0.35669,0.35176,0.90000,0.60000,6150,6042,0.080814,0.079177
16.84,1.86953,-0.03353,-0.06659,COLLECT,PICKUP_ACTIVE,0.0800,0.0000,0.1881,0.2019,0.6000,0.4500,1,25.59798,0.35675,0.35183,0.90000,0.60000,6156,6047,0.081018,0.079345
16.86,1.87112,-0.03364,-0.06663,COLLECT,PICKUP_ACTIVE,0.0800,0.0000,0.2066,0.2020,0.6000,0.4500,1,25.59798,0.33811,0.35189,0.90000,0.60000,6161,6052,0.080394,0.079498
16.88,1.87272,-0.03374,-0.06667,COLLECT,PICKUP_ACTIVE,0.0800,0.0000,0.2066,0.2020,0.6000,0.4500,1,25.59797,0.35658,0.35196,0.90000,0.60000,6166,6057,0.080636,0.079637
16.90,1.87432,-0.03385,-0.06671,COLLECT,PICKUP_ACTIVE,0.0800,0.0000,0.2067,0.1834,0.6000,0.4500,1,25.59797,0.35665,0.35203,0.90000,0.60000,6171,6063,0.080854,0.079764
16.92,1.87592,-0.03396,-0.06678,COLLECT,PICKUP_ACTIVE,0.0800,0.0000,0.1881,0.2019,0.6000,0.4500,1,25.59797,0.35671,0.33338,0.90000,0.60000,6177,6068,0.081052,0.079071
16.94,1.87752,-0.03406,-0.06684,COLLECT,PICKUP_ACTIVE,0.0800,0.0000,0.2065,0.2019,0.6000,0.4500,1,25.59796,0.33806,0.35185,0.90000,0.60000,6182,6073,0.080422,0.079251
16.96,1.87911,-0.03417,-0.06688,COLLECT,PICKUP_ACTIVE,0.0800,0.0000,0.2066,0.2020,0.6000,0.4500,1,25.59796,0.35654,0.35192,0.90000,0.60000,6187,6078,0.080659,0.079415
16.98,1.88071,-0.03428,-0.06694,COLLECT,PICKUP_ACTIVE,0.0800,0.0000,0.2067,0.2020,0.6000,0.4500,1,25.59796,0.35660,0.35198,0.90000,0.60000,6192,6083,0.080873,0.079564
17.00,1.88232,-0.03438,-0.06699,COLLECT,PICKUP_ACTIVE,0.0800,0.0000,0.1880,0.2021,0.6000,0.4500,1,25.59795,0.35667,0.35205,0.90000,0.60000,6198,6088,0.081067,0.079700
17.02,1.88392,-0.03449,-0.06702,COLLECT,PICKUP_ACTIVE,0.0800,0.0000,0.2065,0.1835,0.6000,0.4500,1,25.59795,0.33802,0.35212,0.90000,0.60000,6203,6094,0.080434,0.079823
17.04,1.88551,-0.03460,-0.06707,COLLECT,PICKUP_ACTIVE,0.0800,0.0000,0.2066,0.2019,0.6000,0.4500,1,25.59795,0.35649,0.33347,0.90000,0.60000,6208,6099,0.080668,0.079128
17.06,1.88711,-0.03471,-0.06714,COLLECT,PICKUP_ACTIVE,0.0800,0.0000,0.2066,0.2020,0.6000,0.4500,1,25.59794,0.35656,0.35194,0.90000,0.60000,6213,6104,0.080879,0.079306
17.08,1.88871,-0.03481,-0.06720,COLLECT,PICKUP_ACTIVE,0.0800,0.0000,0.1880,0.2021,0.6000,0.4500,1,25.59794,0.35663,0.35201,0.90000,0.60000,6219,6109,0.081071,0.079468
17.10,1.89031,-0.03492,-0.06724,COLLECT,PICKUP_ACTIVE,0.0800,0.0000,0.2065,0.2021,0.6000,0.4500,1,25.59794,0.33798,0.35207,0.90000,0.60000,6224,6114,0.080435,0.079615
17.12,1.89191,-0.03503,-0.06728,COLLECT,PICKUP_ACTIVE,0.0800,0.0000,0.2065,0.1835,0.6000,0.4500,1,25.59793,0.35645,0.35214,0.90000,0.60000,6229,6120,0.080667,0.079749
17.14,1.89350,-0.03514,-0.06734,COLLECT,PICKUP_ACTIVE,0.0800,0.0000,0.2066,0.2020,0.6000,0.4500,1,25.59793,0.35652,0.33349,0.90000,0.60000,6234,6125,0.080877,0.079063
17.16,1.89510,-0.03525,-0.06741,COLLECT,PICKUP_ACTIVE,0.0800,0.0000,0.1879,0.2020,0.6000,0.4500,1,25.59793,0.35658,0.35196,0.90000,0.60000,6240,6130,0.081066,0.079249
17.18,1.89670,-0.03535,-0.06746,COLLECT,PICKUP_ACTIVE,0.0800,0.0000,0.2064,0.2021,0.6000,0.4500,1,25.59792,0.33793,0.35203,0.90000,0.60000,6245,6135,0.080430,0.079418
17.20,1.89830,-0.03546,-0.06751,COLLECT,PICKUP_ACTIVE,0.0800,0.0000,0.2065,0.2022,0.6000,0.4500,1,25.59792,0.35641,0.35210,0.90000,0.60000,6250,6140,0.080660,0.079571
17.22,1.89990,-0.03557,-0.06755,COLLECT,PICKUP_ACTIVE,0.0800,0.0000,0.1878,0.2022,0.6000,0.4500,1,25.59792,0.35647,0.35216,0.90000,0.60000,6256,6145,0.080869,0.079711
17.24,1.90150,-0.03568,-0.06757,COLLECT,PICKUP_ACTIVE,0.0800,0.0000,0.2063,0.1836,0.6000,0.4500,1,25.59791,0.33783,0.35223,0.90000,0.60000,6261,6151,0.080249,0.079839
17.26,1.90309,-0.03579,-0.06762,COLLECT,PICKUP_ACTIVE,0.0800,0.0000,0.2064,0.2021,0.6000,0.4500,1,25.59791,0.35630,0.33358,0.90000,0.60000,6266,6156,0.080494,0.079146
17.28,1.90469,-0.03589,-0.06767,COLLECT,PICKUP_ACTIVE,0.0800,0.0000,0.2064,0.2021,0.6000,0.4500,1,25.59790,0.35637,0.35205,0.90000,0.60000,6271,6161,0.080716,0.079327
17.30,1.90628,-0.03600,-0.06773,COLLECT,PICKUP_ACTIVE,0.0800,0.0000,0.1878,0.2022,0.6000,0.4500,1,25.59790,0.35643,0.35212,0.90000,0.60000,6277,6166,0.080916,0.079492
17.32,1.90788,-0.03611,-0.06776,COLLECT,PICKUP_ACTIVE,0.0800,0.0000,0.2063,0.2023,0.6000,0.4500,1,25.59790,0.33778,0.35219,0.90000,0.60000,6282,6171,0.080290,0.079641
17.34,1.90948,-0.03622,-0.06779,COLLECT,PICKUP_ACTIVE,0.0800,0.0000,0.2063,0.1836,0.6000,0.4500,1,25.59789,0.35626,0.35225,0.90000,0.60000,6287,6177,0.080529,0.079777
17.36,1.91108,-0.03633,-0.06785,COLLECT,PICKUP_ACTIVE,0.0800,0.0000,0.2064,0.2021,0.6000,0.4500,1,25.59789,0.35632,0.33360,0.90000,0.60000,6292,6182,0.080745,0.079093
17.38,1.91267,-0.03644,-0.06792,COLLECT,PICKUP_ACTIVE,0.0800,0.0000,0.1877,0.2021,0.6000,0.4500,1,25.59789,0.35639,0.35208,0.90000,0.60000,6298,6187,0.080940,0.079280
17.40,1.91427,-0.03654,-0.06796,COLLECT,PICKUP_ACTIVE,0.0800,0.0000,0.2062,0.2022,0.6000,0.4500,1,25.59788,0.33774,0.35214,0.90000,0.60000,6303,6192,0.080309,0.079451
17.42,1.91587,-0.03665,-0.06800,COLLECT,PICKUP_ACTIVE,0.0800,0.0000,0.2063,0.2023,0.6000,0.4500,1,25.59788,0.35621,0.35221,0.90000,0.60000,6308,6197,0.080544,0.079606
17.44,1.91747,-0.03676,-0.06804,COLLECT,PICKUP_ACTIVE,0.0800,0.0000,0.2063,0.2023,0.6000,0.4500,1,25.59788,0.35628,0.35228,0.90000,0.60000,6313,6202,0.080757,0.079746
17.46,1.91907,-0.03687,-0.06808,COLLECT,PICKUP_ACTIVE,0.0800,0.0000,0.1877,0.1837,0.6000,0.4500,1,25.59787,0.35635,0.35234,0.90000,0.60000,6319,6208,0.080949,0.079875
17.48,1.92066,-0.03698,-0.06812,COLLECT,PICKUP_ACTIVE,0.0800,0.0000,0.2062,0.2022,0.6000,0.4500,1,25.59787,0.33770,0.33369,0.90000,0.60000,6324,6213,0.080315,0.079184
17.50,1.92226,-0.03709,-0.06817,COLLECT,PICKUP_ACTIVE,0.0800,0.0000,0.2062,0.2022,0.6000,0.4500,1,25.59787,0.35617,0.35217,0.90000,0.60000,6329,6218,0.080548,0.079366
17.52,1.92386,-0.03720,-0.06822,COLLECT,PICKUP_ACTIVE,0.0800,0.0000,0.2063,0.2023,0.6000,0.4500,1,25.59786,0.35624,0.35223,0.90000,0.60000,6334,6223,0.080758,0.079531
17.54,1.92546,-0.03731,-0.06827,COLLECT,PICKUP_ACTIVE,0.0800,0.0000,0.1877,0.2024,0.6000,0.4500,1,25.59786,0.35630,0.35230,0.90000,0.60000,6340,6228,0.080949,0.079681
17.56,1.92706,-0.03742,-0.06830,COLLECT,PICKUP_ACTIVE,0.0800,0.0000,0.2061,0.1837,0.6000,0.4500,1,25.59786,0.33766,0.35236,0.90000,0.60000,6345,6234,0.080313,0.079817
17.58,1.92865,-0.03753,-0.06834,COLLECT,PICKUP_ACTIVE,0.0800,0.0000,0.2062,0.2022,0.6000,0.4500,1,25.59785,0.35613,0.33372,0.90000,0.60000,6350,6239,0.080544,0.079133
17.60,1.93025,-0.03764,-0.06840,COLLECT,PICKUP_ACTIVE,0.0800,0.0000,0.2063,0.2023,0.6000,0.4500,1,25.59785,0.35619,0.35219,0.90000,0.60000,6355,6244,0.080753,0.079322
17.62,1.93185,-0.03775,-0.06846,COLLECT,PICKUP_ACTIVE,0.0800,0.0000,0.1876,0.2023,0.6000,0.4500,1,25.59785,0.35626,0.35226,0.90000,0.60000,6361,6249,0.080942,0.079492
17.64,1.93344,-0.03785,-0.06849,COLLECT,PICKUP_ACTIVE,0.0800,0.0000,0.2061,0.2024,0.6000,0.4500,1,25.59784,0.33761,0.35232,0.90000,0.60000,6366,6254,0.080305,0.079648
17.66,1.93504,-0.03796,-0.06852,COLLECT,PICKUP_ACTIVE,0.0800,0.0000,0.2062,0.2025,0.6000,0.4500,1,25.59784,0.35609,0.35239,0.90000,0.60000,6371,6259,0.080535,0.079789
17.68,1.93664,-0.03807,-0.06855,COLLECT,PICKUP_ACTIVE,0.0800,0.0000,0.2062,0.1838,0.6000,0.4500,1,25.59784,0.35615,0.35245,0.90000,0.60000,6376,6265,0.080743,0.079918
17.70,1.93824,-0.03818,-0.06861,COLLECT,PICKUP_ACTIVE,0.0800,0.0000,0.1876,0.2023,0.6000,0.4500,1,25.59783,0.35622,0.33381,0.90000,0.60000,6382,6270,0.080931,0.079227
17.72,1.93984,-0.03829,-0.06866,COLLECT,PICKUP_ACTIVE,0.0800,0.0000,0.2060,0.2023,0.6000,0.4500,1,25.59783,0.33757,0.35228,0.90000,0.60000,6387,6275,0.080294,0.079409
17.74,1.94143,-0.03840,-0.06869,COLLECT,PICKUP_ACTIVE,0.0800,0.0000,0.2061,0.2024,0.6000,0.4500,1,25.59782,0.35604,0.35235,0.90000,0.60000,6392,6280,0.080523,0.079574
17.76,1.94303,-0.03851,-0.06873,COLLECT,PICKUP_ACTIVE,0.0800,0.0000,0.2062,0.2025,0.6000,0.4500,1,25.59782,0.35611,0.35241,0.90000,0.60000,6397,6285,0.080731,0.079724
17.78,1.94464,-0.03862,-0.06878,COLLECT,PICKUP_ACTIVE,0.0800,0.0000,0.1875,0.1838,0.6000,0.4500,1,25.59782,0.35618,0.35248,0.90000,0.60000,6403,6291,0.080918,0.079861
17.80,1.94623,-0.03873,-0.06882,COLLECT,PICKUP_ACTIVE,0.0800,0.0000,0.2060,0.2023,0.6000,0.4500,1,25.59781,0.33753,0.33383,0.90000,0.60000,6408,6296,0.080280,0.079177
17.82,1.94783,-0.03884,-0.06886,COLLECT,PICKUP_ACTIVE,0.0800,0.0000,0.2061,0.2024,0.6000,0.4500,1,25.59781,0.35600,0.35230,0.90000,0.60000,6413,6301,0.080509,0.079366
17.84,1.94942,-0.03895,-0.06891,COLLECT,PICKUP_ACTIVE,0.0800,0.0000,0.2061,0.2024,0.6000,0.4500,1,25.59781,0.35607,0.35237,0.90000,0.60000,6418,6306,0.080716,0.079536
17.86,1.95102,-0.03906,-0.06896,COLLECT,PICKUP_ACTIVE,0.0800,0.0000,0.1875,0.2025,0.6000,0.4500,1,25.59780,0.35613,0.35243,0.90000,0.60000,6424,6311,0.080904,0.079692
17.88,1.95262,-0.03918,-0.06898,COLLECT,PICKUP_ACTIVE,0.0000,0.0000,0.1475,0.1625,0.0000,0.4500,1,25.59780,0.33748,0.35250,0.90000,0.60000,6429,6317,0.080266,0.079833
17.90,1.95419,-0.03928,-0.06898,COLLECT,PICKUP_ACTIVE,0.0000,0.0000,0.1075,0.1225,0.0000,0.4500,1,25.59780,0.29748,0.31250,0.00000,0.60000,6434,6322,0.077968,0.078231
17.92,1.95570,-0.03939,-0.06895,COLLECT,PICKUP_ACTIVE,0.0000,0.0000,0.0675,0.0825,0.0000,0.4500,1,25.59780,0.25748,0.27250,0.00000,0.60000,6439,6327,0.074190,0.075073
17.94,1.95711,-0.03949,-0.06890,COLLECT,PICKUP_ACTIVE,0.0000,0.0000,0.0275,0.0425,0.0000,0.4500,1,25.59780,0.21748,0.23250,0.00000,0.60000,6444,6331,0.069091,0.070528
17.96,1.95841,-0.03958,-0.06883,COLLECT,PICKUP_ACTIVE,0.0000,0.0000,-0.0125,0.0025,0.0000,0.4500,1,25.59779,0.17748,0.19250,0.00000,0.60000,6448,6336,0.062815,0.064746
17.98,1.95958,-0.03966,-0.06874,COLLECT,PICKUP_ACTIVE,0.0000,0.0000,-0.0525,-0.0375,0.0000,0.4500,1,25.59779,0.16252,0.15250,0.00000,0.60000,6452,6339,0.055489,0.057860
18.00,1.96059,-0.03972,-0.06863,COLLECT,PICKUP_ACTIVE,0.0000,0.0000,-0.0628,-0.0775,0.0000,0.4500,1,25.59779,0.20252,0.18750,0.00000,0.60000,6455,6343,0.047226,0.049989
18.02,1.96143,-0.03978,-0.06855,COLLECT,PICKUP_ACTIVE,0.0000,0.0000,-0.0450,-0.0674,0.0000,0.4500,1,25.59779,0.21280,0.22750,0.00000,0.60000,6457,6346,0.039410,0.041240
18.04,1.96214,-0.03983,-0.06851,COLLECT,PICKUP_ACTIVE,0.0000,0.0000,-0.0643,-0.0496,0.0000,0.4500,1,25.59779,0.19501,0.21742,0.00000,0.60000,6460,6348,0.033208,0.033872
18.06,1.96271,-0.03987,-0.06847,COLLECT,PICKUP_ACTIVE,0.0000,0.0000,-0.0465,-0.0502,0.0000,0.4500,1,25.59779,0.21434,0.19963,0.00000,0.60000,6462,6350,0.026841,0.028069
18.08,1.96318,-0.03990,-0.06843,COLLECT,PICKUP_ACTIVE,0.0000,0.0000,-0.0284,-0.0509,0.0000,0.4500,1,25.59779,0.19654,0.20024,0.00000,0.60000,6463,6352,0.021930,0.022866
18.10,1.96357,-0.03993,-0.06842,COLLECT,PICKUP_ACTIVE,0.0000,0.0000,-0.0287,-0.0328,0.0000,0.4500,1,25.59779,0.17844,0.20085,0.00000,0.60000,6464,6353,0.018332,0.018198
18.12,1.96388,-0.03995,-0.06843,COLLECT,PICKUP_ACTIVE,0.0000,0.0000,-0.0291,-0.0331,0.0000,0.4500,1,25.59778,0.17875,0.18275,0.00000,0.60000,6465,6354,0.015110,0.014817
18.14,1.96414,-0.03997,-0.06845,COLLECT,PICKUP_ACTIVE,0.0000,0.0000,-0.0294,-0.0334,0.0000,0.4500,1,25.59778,0.17906,0.18306,0.00000,0.60000,6466,6355,0.012222,0.011788
18.16,1.96434,-0.03998,-0.06847,COLLECT,PICKUP_ACTIVE,0.0000,0.0000,-0.0297,-0.0150,0.0000,0.4500,1,25.59778,0.17936,0.18337,0.00000,0.60000,6467,6355,0.009633,0.009073
18.18,1.96449,-0.03999,-0.06847,COLLECT,PICKUP_ACTIVE,0.0000,0.0000,-0.0113,-0.0337,0.0000,0.4500,1,25.59778,0.17967,0.16496,0.00000,0.60000,6467,6356,0.007310,0.007446
18.20,1.96461,-0.04000,-0.06849,COLLECT,PICKUP_ACTIVE,0.0000,0.0000,-0.0300,-0.0153,0.0000,0.4500,1,25.59778,0.16126,0.18367,0.00000,0.60000,6468,6356,0.006034,0.005187
18.22,1.96470,-0.04001,-0.06851,COLLECT,PICKUP_ACTIVE,0.0000,0.0000,-0.0116,-0.0153,0.0000,0.4500,1,25.59778,0.17998,0.16527,0.00000,0.60000,6468,6356,0.004087,0.003967
18.24,1.96477,-0.04001,-0.06851,COLLECT,PICKUP_ACTIVE,0.0000,0.0000,-0.0116,-0.0340,0.0000,0.4500,1,25.59778,0.16157,0.16527,0.00000,0.60000,6468,6357,0.003146,0.002879
18.26,1.96481,-0.04001,-0.06855,COLLECT,PICKUP_ACTIVE,0.0000,0.0000,-0.0116,-0.0156,0.0000,0.4500,1,25.59778,0.16157,0.18398,0.00000,0.60000,6468,6357,0.002306,0.001099
18.28,1.96483,-0.04002,-0.06860,COLLECT,PICKUP_ACTIVE,0.0000,0.0000,-0.0303,-0.0156,0.0000,0.4500,1,25.59777,0.16157,0.16557,0.00000,0.60000,6469,6357,0.001557,0.000308
18.30,1.96483,-0.04002,-0.06863,COLLECT,PICKUP_ACTIVE,0.0000,0.0000,-0.0119,-0.0156,0.0000,0.4500,1,25.59777,0.18028,0.16557,0.00000,0.60000,6469,6357,0.000080,-0.000399
18.32,1.96482,-0.04002,-0.06865,COLLECT,PICKUP_ACTIVE,0.0000,0.0000,-0.0119,-0.0156,0.0000,0.4500,1,25.59777,0.16188,0.16557,0.00000,0.60000,6469,6357,-0.000442,-0.001028
18.34,1.96480,-0.04001,-0.06868,COLLECT,PICKUP_ACTIVE,0.0000,0.0000,-0.0119,-0.0156,0.0000,0.4500,1,25.59777,0.16188,0.16557,0.00000,0.60000,6469,6357,-0.000907,-0.001590
18.36,1.96477,-0.04001,-0.06871,COLLECT,PICKUP_ACTIVE,0.0000,0.0000,0.0068,0.0031,0.0000,0.4500,1,25.59777,0.16188,0.16557,0.00000,0.60000,6468,6356,-0.001322,-0.002091
18.38,1.96474,-0.04001,-0.06874,COLLECT,PICKUP_ACTIVE,0.0000,0.0000,-0.0116,-0.0153,0.0000,0.4500,1,25.59777,0.15684,0.15314,0.00000,0.60000,6468,6356,-0.000884,-0.001730
18.40,1.96471,-0.04001,-0.06878,COLLECT,PICKUP_ACTIVE,0.0000,0.0000,-0.0116,-0.0153,0.0000,0.4500,1,25.59777,0.16157,0.16527,0.00000,0.60000,6468,6356,-0.001288,-0.002203
18.42,1.96466,-0.04000,-0.06882,COLLECT,PICKUP_ACTIVE,0.0000,0.0000,-0.0116,-0.0153,0.0000,0.4500,1,25.59777,0.16157,0.16527,0.00000,0.60000,6468,6356,-0.001649,-0.002624
18.44,1.96462,-0.04000,-0.06886,COLLECT,PICKUP_ACTIVE,0.0000,0.0000,-0.0116,-0.0153,0.0000,0.4500,1,25.59777,0.16157,0.16527,0.00000,0.60000,6468,6356,-0.001971,-0.003000
18.46,1.96456,-0.04000,-0.06890,COLLECT,PICKUP_ACTIVE,0.0000,0.0000,-0.0116,-0.0153,0.0000,0.4500,1,25.59776,0.16157,0.16527,0.00000,0.60000,6468,6356,-0.002258,-0.003336
18.48,1.96450,-0.03999,-0.06894,COLLECT,PICKUP_ACTIVE,0.0000,0.0000,-0.0116,0.0034,0.0000,0.4500,1,25.59776,0.16157,0.16527,0.00000,0.60000,6468,6355,-0.002514,-0.003635
18.50,1.96444,-0.03999,-0.06897,COLLECT,PICKUP_ACTIVE,0.0000,0.0000,-0.0116,-0.0150,0.0000,0.4500,1,25.59776,0.16157,0.15345,0.00000,0.60000,6468,6355,-0.002742,-0.003094
18.52,1.96438,-0.03998,-0.06898,COLLECT,PICKUP_ACTIVE,0.0000,0.0000,0.0071,-0.0150,0.0000,0.4500,1,25.59776,0.16157,0.16496,0.00000,0.60000,6467,6355,-0.002946,-0.003406
18.54,1.96432,-0.03998,-0.06903,COLLECT,PICKUP_ACTIVE,0.0000,0.0000,-0.0113,-0.0150,0.0000,0.4500,1,25.59776,0.15715,0.16496,0.00000,0.60000,6467,6355,-0.002319,-0.003684
18.56,1.96426,-0.03998,-0.06908,COLLECT,PICKUP_ACTIVE,0.0000,0.0000,-0.0113,0.0038,0.0000,0.4500,1,25.59776,0.16126,0.16496,0.00000,0.60000,6467,6354,-0.002555,-0.003933
18.58,1.96419,-0.03997,-0.06911,COLLECT,PICKUP_ACTIVE,0.0000,0.0000,-0.0113,-0.0147,0.0000,0.4500,1,25.59776,0.16126,0.15375,0.00000,0.60000,6467,6354,-0.002765,-0.003346
18.60,1.96413,-0.03997,-0.06914,COLLECT,PICKUP_ACTIVE,0.0000,0.0000,-0.0113,-0.0147,0.0000,0.4500,1,25.59776,0.16126,0.16465,0.00000,0.60000,6467,6354,-0.002953,-0.003617
18.62,1.96406,-0.03996,-0.06917,COLLECT,PICKUP_ACTIVE,0.0000,0.0000,0.0075,-0.0147,0.0000,0.4500,1,25.59775,0.16126,0.16465,0.00000,0.60000,6466,6354,-0.003121,-0.003860
18.64,1.96400,-0.03996,-0.06923,COLLECT,PICKUP_ACTIVE,0.0000,0.0000,-0.0110,-0.0147,0.0000,0.4500,1,25.59775,0.15745,0.16465,0.00000,0.60000,6466,6354,-0.002462,-0.004076
18.66,1.96393,-0.03995,-0.06929,COLLECT,PICKUP_ACTIVE,0.0000,0.0000,-0.0110,0.0041,0.0000,0.4500,1,25.59775,0.16095,0.16465,0.00000,0.60000,6466,6353,-0.002669,-0.004269
18.68,1.96386,-0.03995,-0.06933,COLLECT,PICKUP_ACTIVE,0.0000,0.0000,-0.0110,-0.0143,0.0000,0.4500,1,25.59775,0.16095,0.15406,0.00000,0.60000,6466,6353,-0.002854,-0.003632
18.70,1.96379,-0.03994,-0.06936,COLLECT,PICKUP_ACTIVE,0.0000,0.0000,-0.0110,-0.0143,0.0000,0.4500,1,25.59775,0.16095,0.16435,0.00000,0.60000,6466,6353,-0.003019,-0.003860
18.72,1.96372,-0.03994,-0.06940,COLLECT,PICKUP_ACTIVE,0.0000,0.0000,-0.0110,0.0044,0.0000,0.4500,1,25.59775,0.16095,0.16435,0.00000,0.60000,6466,6352,-0.003166,-0.004063
18.74,1.96365,-0.03993,-0.06941,COLLECT,PICKUP_ACTIVE,0.0000,0.0000,0.0078,-0.0140,0.0000,0.4500,1,25.59775,0.16095,0.15437,0.00000,0.60000,6465,6352,-0.003298,-0.003435
18.76,1.96359,-0.03993,-0.06944,COLLECT,PICKUP_ACTIVE,0.0000,0.0000,-0.0106,-0.0140,0.0000,0.4500,1,25.59775,0.15776,0.16404,0.00000,0.60000,6465,6352,-0.002606,-0.003671
18.78,1.96352,-0.03993,-0.06949,COLLECT,PICKUP_ACTIVE,0.0000,0.0000,-0.0106,-0.0140,0.0000,0.4500,1,25.59775,0.16065,0.16404,0.00000,0.60000,6465,6352,-0.002785,-0.003881
18.80,1.96346,-0.03992,-0.06953,COLLECT,PICKUP_ACTIVE,0.0000,0.0000,-0.0106,0.0047,0.0000,0.4500,1,25.59774,0.16065,0.16404,0.00000,0.60000,6465,6351,-0.002944,-0.004068
18.82,1.96339,-0.03992,-0.06955,COLLECT,PICKUP_ACTIVE,0.0000,0.0000,-0.0106,-0.0137,0.0000,0.4500,1,25.59774,0.16065,0.15468,0.00000,0.60000,6465,6351,-0.003086,-0.003427
18.84,1.96332,-0.03991,-0.06957,COLLECT,PICKUP_ACTIVE,0.0000,0.0000,0.0081,-0.0137,0.0000,0.4500,1,25.59774,0.16065,0.16373,0.00000,0.60000,6464,6351,-0.003213,-0.003650
18.86,1.96326,-0.03991,-0.06961,COLLECT,PICKUP_ACTIVE,0.0000,0.0000,-0.0103,-0.0137,0.0000,0.4500,1,25.59774,0.15807,0.16373,0.00000,0.60000,6464,6351,-0.002517,-0.003849
18.88,1.96319,-0.03990,-0.06967,COLLECT,PICKUP_ACTIVE,0.0000,0.0000,-0.0103,-0.0137,0.0000,0.4500,1,25.59774,0.16034,0.16373,0.00000,0.60000,6464,6351,-0.002692,-0.004027
18.90,1.96312,-0.03990,-0.06972,COLLECT,PICKUP_ACTIVE,0.0000,0.0000,-0.0103,0.0050,0.0000,0.4500,1,25.59774,0.16034,0.16373,0.00000,0.60000,6464,6350,-0.002848,-0.004185
18.92,1.96306,-0.03989,-0.06975,COLLECT,PICKUP_ACTIVE,0.0000,0.0000,-0.0103,-0.0134,0.0000,0.4500,1,25.59774,0.16034,0.15498,0.00000,0.60000,6464,6350,-0.002987,-0.003518
18.94,1.96299,-0.03989,-0.06977,COLLECT,PICKUP_ACTIVE,0.0000,0.0000,0.0084,-0.0134,0.0000,0.4500,1,25.59774,0.16034,0.16343,0.00000,0.60000,6463,6350,-0.003111,-0.003718
18.96,1.96292,-0.03988,-0.06982,COLLECT,PICKUP_ACTIVE,0.0000,0.0000,-0.0100,-0.0134,0.0000,0.4500,1,25.59774,0.15837,0.16343,0.00000,0.60000,6463,6350,-0.002413,-0.003896
18.98,1.96286,-0.03988,-0.06988,COLLECT,PICKUP_ACTIVE,0.0000,0.0000,-0.0100,0.0053,0.0000,0.4500,1,25.59773,0.16003,0.16343,0.00000,0.60000,6463,6349,-0.002586,-0.004056
19.00,1.96280,-0.03987,-0.06992,COLLECT,PICKUP_ACTIVE,0.0000,0.0000,-0.0100,-0.0131,0.0000,0.4500,1,25.59773,0.16003,0.15529,0.00000,0.60000,6463,6349,-0.002741,-0.003389
19.02,1.96273,-0.03987,-0.06994,COLLECT,PICKUP_ACTIVE,0.0000,0.0000,-0.0100,-0.0131,0.0000,0.4500,1,25.59773,0.16003,0.16312,0.00000,0.60000,6463,6349,-0.002878,-0.003590
19.04,1.96267,-0.03987,-0.06997,COLLECT,PICKUP_ACTIVE,0.0000,0.0000,-0.0100,-0.0131,0.0000,0.4500,1,25.59773,0.16003,0.16312,0.00000,0.60000,6463,6349,-0.003001,-0.003769
19.06,1.96260,-0.03986,-0.07001,COLLECT,PICKUP_ACTIVE,0.0000,0.0000,0.0087,0.0056,0.0000,0.4500,1,25.59773,0.16003,0.16312,0.00000,0.60000,6462,6348,-0.003110,-0.003929
19.08,1.96254,-0.03986,-0.07004,COLLECT,PICKUP_ACTIVE,0.0000,0.0000,-0.0097,-0.0128,0.0000,0.4500,1,25.59773,0.15868,0.15560,0.00000,0.60000,6462,6348,-0.002399,-0.003262
19.10,1.96248,-0.03985,-0.07008,COLLECT,PICKUP_ACTIVE,0.0000,0.0000,-0.0097,-0.0128,0.0000,0.4500,1,25.59773,0.15973,0.16281,0.00000,0.60000,6462,6348,-0.002560,-0.003464
19.12,1.96241,-0.03985,-0.07011,COLLECT,PICKUP_ACTIVE,0.0000,0.0000,-0.0097,-0.0128,0.0000,0.4500,1,25.59773,0.15973,0.16281,0.00000,0.60000,6462,6348,-0.002704,-0.003643
19.14,1.96235,-0.03984,-0.07015,COLLECT,PICKUP_ACTIVE,0.0000,0.0000,-0.0097,0.0059,0.0000,0.4500,1,25.59773,0.15973,0.16281,0.00000,0.60000,6462,6347,-0.002832,-0.003803
19.16,1.96229,-0.03984,-0.07017,COLLECT,PICKUP_ACTIVE,0.0000,0.0000,-0.0097,-0.0125,0.0000,0.4500,1,25.59772,0.15973,0.15590,0.00000,0.60000,6462,6347,-0.002947,-0.003137
19.18,1.96222,-0.03983,-0.07018,COLLECT,PICKUP_ACTIVE,0.0000,0.0000,0.0090,-0.0125,0.0000,0.4500,1,25.59772,0.15973,0.16251,0.00000,0.60000,6461,6347,-0.003049,-0.003339
19.20,1.96216,-0.03983,-0.07022,COLLECT,PICKUP_ACTIVE,0.0000,0.0000,-0.0094,-0.0125,0.0000,0.4500,1,25.59772,0.15899,0.16251,0.00000,0.60000,6461,6347,-0.002331,-0.003518
19.22,1.96210,-0.03983,-0.07026,COLLECT,PICKUP_ACTIVE,0.0000,0.0000,-0.0094,0.0062,0.0000,0.4500,1,25.59772,0.15942,0.16251,0.00000,0.60000,6461,6346,-0.002486,-0.003679
19.24,1.96205,-0.03982,-0.07029,COLLECT,PICKUP_ACTIVE,0.0000,0.0000,-0.0094,-0.0122,0.0000,0.4500,1,25.59772,0.15942,0.15621,0.00000,0.60000,6461,6346,-0.002625,-0.003013
19.26,1.96199,-0.03982,-0.07031,COLLECT,PICKUP_ACTIVE,0.0000,0.0000,-0.0094,-0.0122,0.0000,0.4500,1,25.59772,0.15942,0.16220,0.00000,0.60000,6461,6346,-0.002748,-0.003215
19.28,1.96193,-0.03981,-0.07033,COLLECT,PICKUP_ACTIVE,0.0000,0.0000,0.0093,-0.0122,0.0000,0.4500,1,25.59772,0.15942,0.16220,0.00000,0.60000,6460,6346,-0.002858,-0.003394
19.30,1.96187,-0.03981,-0.07037,COLLECT,PICKUP_ACTIVE,0.0000,0.0000,-0.0091,-0.0122,0.0000,0.4500,1,25.59772,0.15929,0.16220,0.00000,0.60000,6460,6346,-0.002148,-0.003555
19.32,1.96181,-0.03981,-0.07043,COLLECT,PICKUP_ACTIVE,0.0000,0.0000,-0.0091,0.0065,0.0000,0.4500,1,25.59772,0.15911,0.16220,0.00000,0.60000,6460,6345,-0.002310,-0.003698
19.34,1.96175,-0.03980,-0.07046,COLLECT,PICKUP_ACTIVE,0.0000,0.0000,-0.0091,-0.0119,0.0000,0.4500,1,25.59771,0.15911,0.15652,0.00000,0.60000,6460,6345,-0.002454,-0.003017
19.36,1.96170,-0.03980,-0.07049,COLLECT,PICKUP_ACTIVE,0.0000,0.0000,-0.0091,-0.0119,0.0000,0.4500,1,25.59771,0.15911,0.16189,0.00000,0.60000,6460,6345,-0.002583,-0.003205
19.38,1.96164,-0.03979,-0.07051,COLLECT,PICKUP_ACTIVE,0.0000,0.0000,-0.0091,-0.0119,0.0000,0.4500,1,25.59771,0.15911,0.16189,0.00000,0.60000,6460,6345,-0.002698,-0.003373
19.40,1.96157,-0.03979,-0.07054,COLLECT,PICKUP_ACTIVE,0.0000,0.0000,0.0096,-0.0119,0.0000,0.4500,1,25.59771,0.15911,0.16189,0.00000,0.60000,6459,6345,-0.002800,-0.003522
19.42,1.96151,-0.03978,-0.07059,COLLECT,PICKUP_ACTIVE,0.0000,0.0000,-0.0088,0.0068,0.0000,0.4500,1,25.59771,0.15960,0.16189,0.00000,0.60000,6459,6344,-0.002083,-0.003655
19.44,1.96146,-0.03978,-0.07063,COLLECT,PICKUP_ACTIVE,0.0000,0.0000,-0.0088,-0.0116,0.0000,0.4500,1,25.59771,0.15881,0.15682,0.00000,0.60000,6459,6344,-0.002238,-0.002966
19.46,1.96141,-0.03978,-0.07066,COLLECT,PICKUP_ACTIVE,0.0000,0.0000,-0.0088,-0.0116,0.0000,0.4500,1,25.59771,0.15881,0.16159,0.00000,0.60000,6459,6344,-0.002377,-0.003146
19.48,1.96135,-0.03977,-0.07069,COLLECT,PICKUP_ACTIVE,0.0000,0.0000,-0.0088,-0.0116,0.0000,0.4500,1,25.59771,0.15881,0.16159,0.00000,0.60000,6459,6344,-0.002501,-0.003307
19.50,1.96129,-0.03977,-0.07073,COLLECT,PICKUP_ACTIVE,0.0000,0.0000,-0.0088,0.0071,0.0000,0.4500,1,25.59771,0.15881,0.16159,0.00000,0.60000,6459,6343,-0.002611,-0.003450
19.52,1.96123,-0.03976,-0.07074,COLLECT,PICKUP_ACTIVE,0.0000,0.0000,-0.0088,-0.0113,0.0000,0.4500,1,25.59770,0.15881,0.15713,0.00000,0.60000,6459,6343,-0.002710,-0.002769
19.54,1.96118,-0.03976,-0.07074,COLLECT,PICKUP_ACTIVE,0.0000,0.0000,0.0099,-0.0113,0.0000,0.4500,1,25.59770,0.15881,0.16128,0.00000,0.60000,6458,6343,-0.002798,-0.002958
19.56,1.96112,-0.03976,-0.07078,COLLECT,PICKUP_ACTIVE,0.0000,0.0000,-0.0085,-0.0113,0.0000,0.4500,1,25.59770,0.15991,0.16128,0.00000,0.60000,6458,6343,-0.002067,-0.003125
19.58,1.96107,-0.03975,-0.07082,COLLECT,PICKUP_ACTIVE,0.0000,0.0000,-0.0085,-0.0113,0.0000,0.4500,1,25.59770,0.15850,0.16128,0.00000,0.60000,6458,6343,-0.002211,-0.003275
19.60,1.96101,-0.03975,-0.07086,COLLECT,PICKUP_ACTIVE,0.0000,0.0000,-0.0085,0.0074,0.0000,0.4500,1,25.59770,0.15850,0.16128,0.00000,0.60000,6458,6342,-0.002340,-0.003409
19.62,1.96096,-0.03975,-0.07088,COLLECT,PICKUP_ACTIVE,0.0000,0.0000,-0.0085,-0.0110,0.0000,0.4500,1,25.59770,0.15850,0.15744,0.00000,0.60000,6458,6342,-0.002454,-0.002719
19.64,1.96091,-0.03974,-0.07089,COLLECT,PICKUP_ACTIVE,0.0000,0.0000,-0.0085,-0.0110,0.0000,0.4500,1,25.59770,0.15850,0.16097,0.00000,0.60000,6458,6342,-0.002556,-0.002899
19.66,1.96085,-0.03974,-0.07091,COLLECT,PICKUP_ACTIVE,0.0000,0.0000,0.0102,-0.0110,0.0000,0.4500,1,25.59770,0.15850,0.16097,0.00000,0.60000,6457,6342,-0.002648,-0.003060
19.68,1.96080,-0.03973,-0.07095,COLLECT,PICKUP_ACTIVE,0.0000,0.0000,-0.0082,-0.0110,0.0000,0.4500,1,25.59770,0.16021,0.16097,0.00000,0.60000,6457,6342,-0.001920,-0.003204
19.70,1.96074,-0.03973,-0.07100,COLLECT,PICKUP_ACTIVE,0.0000,0.0000,-0.0082,0.0077,0.0000,0.4500,1,25.59769,0.15819,0.16097,0.00000,0.60000,6457,6341,-0.002067,-0.003332
19.72,1.96069,-0.03973,-0.07103,COLLECT,PICKUP_ACTIVE,0.0000,0.0000,-0.0082,-0.0107,0.0000,0.4500,1,25.59769,0.15819,0.15774,0.00000,0.60000,6457,6341,-0.002198,-0.002637
19.74,1.96064,-0.03972,-0.07105,COLLECT,PICKUP_ACTIVE,0.0000,0.0000,-0.0082,-0.0107,0.0000,0.4500,1,25.59769,0.15819,0.16066,0.00000,0.60000,6457,6341,-0.002314,-0.002813
19.76,1.96059,-0.03972,-0.07107,COLLECT,PICKUP_ACTIVE,0.0000,0.0000,-0.0082,-0.0107,0.0000,0.4500,1,25.59769,0.15819,0.16066,0.00000,0.60000,6457,6341,-0.002418,-0.002970
19.78,1.96054,-0.03971,-0.07109,COLLECT,PICKUP_ACTIVE,0.0000,0.0000,-0.0082,-0.0107,0.0000,0.4500,1,25.59769,0.15819,0.16066,0.00000,0.60000,6457,6341,-0.002511,-0.003110
19.80,1.96048,-0.03971,-0.07112,COLLECT,PICKUP_ACTIVE,0.0000,0.0000,0.0105,0.0080,0.0000,0.4500,1,25.59769,0.15819,0.16066,0.00000,0.60000,6456,6340,-0.002594,-0.003235
19.82,1.96043,-0.03971,-0.07114,COLLECT,PICKUP_ACTIVE,0.0000,0.0000,-0.0079,-0.0104,0.0000,0.4500,1,25.59769,0.16052,0.15805,0.00000,0.60000,6456,6340,-0.001859,-0.002538
19.84,1.96038,-0.03970,-0.07117,COLLECT,PICKUP_ACTIVE,0.0000,0.0000,-0.0079,-0.0104,0.0000,0.4500,1,25.59769,0.15789,0.16036,0.00000,0.60000,6456,6340,-0.001999,-0.002711
19.86,1.96034,-0.03970,-0.07120,COLLECT,PICKUP_ACTIVE,0.0000,0.0000,-0.0079,-0.0104,0.0000,0.4500,1,25.59768,0.15789,0.16036,0.00000,0.60000,6456,6340,-0.002124,-0.002866
19.88,1.96028,-0.03970,-0.07123,COLLECT,PICKUP_ACTIVE,0.0000,0.0000,-0.0079,-0.0104,0.0000,0.4500,1,25.59768,0.15789,0.16036,0.00000,0.60000,6456,6340,-0.002235,-0.003004
19.90,1.96023,-0.03969,-0.07126,COLLECT,PICKUP_ACTIVE,0.0000,0.0000,-0.0079,-0.0104,0.0000,0.4500,1,25.59768,0.15789,0.16036,0.00000,0.60000,6456,6340,-0.002335,-0.003127
19.92,1.96017,-0.03969,-0.07130,COLLECT,PICKUP_ACTIVE,0.0000,0.0000,-0.0079,0.0084,0.0000,0.4500,1,25.59768,0.15789,0.16036,0.00000,0.60000,6456,6339,-0.002423,-0.003237
19.94,1.96012,-0.03969,-0.07131,COLLECT,PICKUP_ACTIVE,0.0000,0.0000,0.0108,-0.0101,0.0000,0.4500,1,25.59768,0.15789,0.15836,0.00000,0.60000,6455,6339,-0.002502,-0.002526
19.96,1.96008,-0.03968,-0.07133,COLLECT,PICKUP_ACTIVE,0.0000,0.0000,-0.0076,-0.0101,0.0000,0.4500,1,25.59768,0.16083,0.16005,0.00000,0.60000,6455,6339,-0.001764,-0.002687
19.98,1.96003,-0.03968,-0.07137,COLLECT,PICKUP_ACTIVE,0.0000,0.0000,-0.0076,-0.0101,0.0000,0.4500,1,25.59768,0.15758,0.16005,0.00000,0.60000,6455,6339,-0.001901,-0.002831
20.00,1.95998,-0.03968,-0.07141,COLLECT,PICKUP_ACTIVE,0.0000,0.0000,-0.0076,-0.0101,0.0000,0.4500,1,25.59768,0.15758,0.16005,0.00000,0.60000,6455,6339,-0.002023,-0.002960
20.02,1.95993,-0.03967,-0.07145,COLLECT,PICKUP_ACTIVE,0.0000,0.0000,-0.0076,0.0087,0.0000,0.4500,1,25.59768,0.15758,0.16005,0.00000,0.60000,6455,6338,-0.002132,-0.003074
20.04,1.95988,-0.03967,-0.07146,COLLECT,PICKUP_ACTIVE,0.0000,0.0000,-0.0076,-0.0097,0.0000,0.4500,1,25.59767,0.15758,0.15866,0.00000,0.60000,6455,6338,-0.002229,-0.002368
20.06,1.95983,-0.03966,-0.07147,COLLECT,PICKUP_ACTIVE,0.0000,0.0000,-0.0076,-0.0097,0.0000,0.4500,1,25.59767,0.15758,0.15974,0.00000,0.60000,6455,6338,-0.002316,-0.002533
20.08,1.95978,-0.03966,-0.07148,COLLECT,PICKUP_ACTIVE,0.0000,0.0000,0.0111,-0.0097,0.0000,0.4500,1,25.59767,0.15758,0.15974,0.00000,0.60000,6454,6338,-0.002393,-0.002681
20.10,1.95974,-0.03966,-0.07152,COLLECT,PICKUP_ACTIVE,0.0000,0.0000,-0.0073,-0.0097,0.0000,0.4500,1,25.59767,0.16113,0.15974,0.00000,0.60000,6454,6338,-0.001654,-0.002812
20.12,1.95969,-0.03965,-0.07156,COLLECT,PICKUP_ACTIVE,0.0000,0.0000,-0.0073,-0.0097,0.0000,0.4500,1,25.59767,0.15727,0.15974,0.00000,0.60000,6454,6338,-0.001789,-0.002929
20.14,1.95964,-0.03965,-0.07161,COLLECT,PICKUP_ACTIVE,0.0000,0.0000,-0.0073,0.0090,0.0000,0.4500,1,25.59767,0.15727,0.15974,0.00000,0.60000,6454,6337,-0.001910,-0.003034
20.16,1.95960,-0.03965,-0.07163,COLLECT,PICKUP_ACTIVE,0.0000,0.0000,-0.0073,-0.0094,0.0000,0.4500,1,25.59767,0.15727,0.15897,0.00000,0.60000,6454,6337,-0.002018,-0.002319
20.18,1.95955,-0.03964,-0.07164,COLLECT,PICKUP_ACTIVE,0.0000,0.0000,-0.0073,-0.0094,0.0000,0.4500,1,25.59767,0.15727,0.15944,0.00000,0.60000,6454,6337,-0.002114,-0.002476
20.20,1.95951,-0.03964,-0.07166,COLLECT,PICKUP_ACTIVE,0.0000,0.0000,-0.0073,-0.0094,0.0000,0.4500,1,25.59767,0.15727,0.15944,0.00000,0.60000,6454,6337,-0.002200,-0.002616
20.22,1.95946,-0.03964,-0.07167,COLLECT,PICKUP_ACTIVE,0.0000,0.0000,0.0114,-0.0094,0.0000,0.4500,1,25.59766,0.15727,0.15944,0.00000,0.60000,6453,6337,-0.002277,-0.002741
20.24,1.95941,-0.03963,-0.07172,COLLECT,PICKUP_ACTIVE,0.0000,0.0000,-0.0070,0.0093,0.0000,0.4500,1,25.59766,0.16144,0.15944,0.00000,0.60000,6453,6336,-0.001537,-0.002853
20.26,1.95937,-0.03963,-0.07175,COLLECT,PICKUP_ACTIVE,0.0000,0.0000,-0.0070,-0.0091,0.0000,0.4500,1,25.59766,0.15697,0.15928,0.00000,0.60000,6453,6336,-0.001672,-0.002144
20.28,1.95933,-0.03963,-0.07177,COLLECT,PICKUP_ACTIVE,0.0000,0.0000,-0.0070,-0.0091,0.0000,0.4500,1,25.59766,0.15697,0.15913,0.00000,0.60000,6453,6336,-0.001792,-0.002307
20.30,1.95929,-0.03963,-0.07179,COLLECT,PICKUP_ACTIVE,0.0000,0.0000,-0.0070,-0.0091,0.0000,0.4500,1,25.59766,0.15697,0.15913,0.00000,0.60000,6453,6336,-0.001899,-0.002452
20.32,1.95924,-0.03962,-0.07181,COLLECT,PICKUP_ACTIVE,0.0000,0.0000,-0.0070,-0.0091,0.0000,0.4500,1,25.59766,0.15697,0.15913,0.00000,0.60000,6453,6336,-0.001995,-0.002582
20.34,1.95920,-0.03962,-0.07184,COLLECT,PICKUP_ACTIVE,0.0000,0.0000,-0.0070,-0.0091,0.0000,0.4500,1,25.59766,0.15697,0.15913,0.00000,0.60000,6453,6336,-0.002081,-0.002698
20.36,1.95915,-0.03962,-0.07186,COLLECT,PICKUP_ACTIVE,0.0000,0.0000,-0.0070,-0.0091,0.0000,0.4500,1,25.59766,0.15697,0.15913,0.00000,0.60000,6453,6336,-0.002157,-0.002801
20.38,1.95910,-0.03961,-0.07189,COLLECT,PICKUP_ACTIVE,0.0000,0.0000,0.0117,0.0096,0.0000,0.4500,1,25.59766,0.15697,0.15913,0.00000,0.60000,6452,6335,-0.002225,-0.002893
20.40,1.95906,-0.03961,-0.07191,COLLECT,PICKUP_ACTIVE,0.0000,0.0000,-0.0067,-0.0088,0.0000,0.4500,1,25.59765,0.16175,0.15958,0.00000,0.60000,6452,6335,-0.001477,-0.002166
20.42,1.95902,-0.03961,-0.07194,COLLECT,PICKUP_ACTIVE,0.0000,0.0000,-0.0067,-0.0088,0.0000,0.4500,1,25.59765,0.15666,0.15882,0.00000,0.60000,6452,6335,-0.001605,-0.002313
20.44,1.95898,-0.03960,-0.07197,COLLECT,PICKUP_ACTIVE,0.0000,0.0000,-0.0067,-0.0088,0.0000,0.4500,1,25.59765,0.15666,0.15882,0.00000,0.60000,6452,6335,-0.001720,-0.002445
20.46,1.95893,-0.03960,-0.07200,COLLECT,PICKUP_ACTIVE,0.0000,0.0000,-0.0067,-0.0088,0.0000,0.4500,1,25.59765,0.15666,0.15882,0.00000,0.60000,6452,6335,-0.001822,-0.002562
20.48,1.95889,-0.03960,-0.07203,COLLECT,PICKUP_ACTIVE,0.0000,0.0000,-0.0067,-0.0088,0.0000,0.4500,1,25.59765,0.15666,0.15882,0.00000,0.60000,6452,6335,-0.001913,-0.002666
20.50,1.95884,-0.03959,-0.07206,COLLECT,PICKUP_ACTIVE,0.0000,0.0000,-0.0067,0.0099,0.0000,0.4500,1,25.59765,0.15666,0.15882,0.00000,0.60000,6452,6334,-0.001994,-0.002760
20.52,1.95880,-0.03959,-0.07207,COLLECT,PICKUP_ACTIVE,0.0000,0.0000,-0.0067,-0.0085,0.0000,0.4500,1,25.59765,0.15666,0.15989,0.00000,0.60000,6452,6334,-0.002066,-0.002034
20.54,1.95876,-0.03959,-0.07207,COLLECT,PICKUP_ACTIVE,0.0000,0.0000,-0.0067,-0.0085,0.0000,0.4500,1,25.59765,0.15666,0.15852,0.00000,0.60000,6452,6334,-0.002131,-0.002182
20.56,1.95871,-0.03958,-0.07207,COLLECT,PICKUP_ACTIVE,0.0000,0.0000,0.0121,-0.0085,0.0000,0.4500,1,25.59765,0.15666,0.15852,0.00000,0.60000,6451,6334,-0.002188,-0.002315
20.58,1.95867,-0.03958,-0.07211,COLLECT,PICKUP_ACTIVE,0.0000,0.0000,-0.0064,-0.0085,0.0000,0.4500,1,25.59764,0.16206,0.15852,0.00000,0.60000,6451,6334,-0.001431,-0.002433
20.60,1.95863,-0.03958,-0.07215,COLLECT,PICKUP_ACTIVE,0.0000,0.0000,-0.0064,-0.0085,0.0000,0.4500,1,25.59764,0.15635,0.15852,0.00000,0.60000,6451,6334,-0.001551,-0.002538
20.62,1.95859,-0.03958,-0.07218,COLLECT,PICKUP_ACTIVE,0.0000,0.0000,-0.0064,0.0102,0.0000,0.4500,1,25.59764,0.15635,0.15852,0.00000,0.60000,6451,6333,-0.001658,-0.002632
20.64,1.95855,-0.03957,-0.07220,COLLECT,PICKUP_ACTIVE,0.0000,0.0000,-0.0064,-0.0082,0.0000,0.4500,1,25.59764,0.15635,0.16020,0.00000,0.60000,6451,6333,-0.001753,-0.001907
20.66,1.95851,-0.03957,-0.07221,COLLECT,PICKUP_ACTIVE,0.0000,0.0000,-0.0064,-0.0082,0.0000,0.4500,1,25.59764,0.15635,0.15821,0.00000,0.60000,6451,6333,-0.001838,-0.002056
20.68,1.95847,-0.03957,-0.07222,COLLECT,PICKUP_ACTIVE,0.0000,0.0000,-0.0064,-0.0082,0.0000,0.4500,1,25.59764,0.15635,0.15821,0.00000,0.60000,6451,6333,-0.001914,-0.002188
20.70,1.95843,-0.03956,-0.07223,COLLECT,PICKUP_ACTIVE,0.0000,0.0000,-0.0064,-0.0082,0.0000,0.4500,1,25.59764,0.15635,0.15821,0.00000,0.60000,6451,6333,-0.001982,-0.002307
20.72,1.95839,-0.03956,-0.07224,COLLECT,PICKUP_ACTIVE,0.0000,0.0000,0.0124,-0.0082,0.0000,0.4500,1,25.59764,0.15635,0.15821,0.00000,0.60000,6450,6333,-0.002042,-0.002412
20.74,1.95835,-0.03956,-0.07228,COLLECT,PICKUP_ACTIVE,0.0000,0.0000,-0.0060,-0.0082,0.0000,0.4500,1,25.59764,0.16236,0.15821,0.00000,0.60000,6450,6333,-0.001288,-0.002506
20.76,1.95831,-0.03955,-0.07233,COLLECT,PICKUP_ACTIVE,0.0000,0.0000,-0.0060,0.0105,0.0000,0.4500,1,25.59763,0.15605,0.15821,0.00000,0.60000,6450,6332,-0.001410,-0.002590
20.78,1.95827,-0.03955,-0.07235,COLLECT,PICKUP_ACTIVE,0.0000,0.0000,-0.0060,-0.0079,0.0000,0.4500,1,25.59763,0.15605,0.16050,0.00000,0.60000,6450,6332,-0.001519,-0.001857
20.80,1.95824,-0.03955,-0.07237,COLLECT,PICKUP_ACTIVE,0.0000,0.0000,-0.0060,-0.0079,0.0000,0.4500,1,25.59763,0.15605,0.15790,0.00000,0.60000,6450,6332,-0.001616,-0.001998
20.82,1.95820,-0.03955,-0.07238,COLLECT,PICKUP_ACTIVE,0.0000,0.0000,-0.0060,-0.0079,0.0000,0.4500,1,25.59763,0.15605,0.15790,0.00000,0.60000,6450,6332,-0.001703,-0.002123
20.84,1.95816,-0.03954,-0.07240,COLLECT,PICKUP_ACTIVE,0.0000,0.0000,-0.0060,-0.0079,0.0000,0.4500,1,25.59763,0.15605,0.15790,0.00000,0.60000,6450,6332,-0.001780,-0.002236
20.86,1.95812,-0.03954,-0.07242,COLLECT,PICKUP_ACTIVE,0.0000,0.0000,-0.0060,-0.0079,0.0000,0.4500,1,25.59763,0.15605,0.15790,0.00000,0.60000,6450,6332,-0.001849,-0.002336
20.88,1.95808,-0.03954,-0.07244,COLLECT,PICKUP_ACTIVE,0.0000,0.0000,-0.0060,-0.0079,0.0000,0.4500,1,25.59763,0.15605,0.15790,0.00000,0.60000,6450,6332,-0.001910,-0.002425
20.90,1.95803,-0.03953,-0.07246,COLLECT,PICKUP_ACTIVE,0.0000,0.0000,0.0127,0.0108,0.0000,0.4500,1,25.59763,0.15605,0.15790,0.00000,0.60000,6449,6331,-0.001965,-0.002504
20.92,1.95800,-0.03953,-0.07249,COLLECT,PICKUP_ACTIVE,0.0000,0.0000,-0.0057,-0.0076,0.0000,0.4500,1,25.59763,0.16267,0.16081,0.00000,0.60000,6449,6331,-0.001206,-0.001767
20.94,1.95797,-0.03953,-0.07251,COLLECT,PICKUP_ACTIVE,0.0000,0.0000,-0.0057,-0.0076,0.0000,0.4500,1,25.59762,0.15574,0.15760,0.00000,0.60000,6449,6331,-0.001323,-0.001904
20.96,1.95793,-0.03953,-0.07253,COLLECT,PICKUP_ACTIVE,0.0000,0.0000,-0.0057,-0.0076,0.0000,0.4500,1,25.59762,0.15574,0.15760,0.00000,0.60000,6449,6331,-0.001428,-0.002027
20.98,1.95790,-0.03953,-0.07256,COLLECT,PICKUP_ACTIVE,0.0000,0.0000,-0.0057,-0.0076,0.0000,0.4500,1,25.59762,0.15574,0.15760,0.00000,0.60000,6449,6331,-0.001522,-0.002136
21.00,1.95786,-0.03952,-0.07258,COLLECT,PICKUP_ACTIVE,0.0000,0.0000,-0.0057,-0.0076,0.0000,0.4500,1,25.59762,0.15574,0.15760,0.00000,0.60000,6449,6331,-0.001606,-0.002233
21.02,1.95782,-0.03952,-0.07261,COLLECT,PICKUP_ACTIVE,0.0000,0.0000,-0.0057,-0.0076,0.0000,0.4500,1,25.59762,0.15574,0.15760,0.00000,0.60000,6449,6331,-0.001680,-0.002320
21.04,1.95778,-0.03952,-0.07263,COLLECT,PICKUP_ACTIVE,0.0000,0.0000,-0.0057,0.0111,0.0000,0.4500,1,25.59762,0.15574,0.15760,0.00000,0.60000,6449,6330,-0.001747,-0.002398
21.06,1.95774,-0.03951,-0.07264,COLLECT,PICKUP_ACTIVE,0.0000,0.0000,-0.0057,-0.0073,0.0000,0.4500,1,25.59762,0.15574,0.16112,0.00000,0.60000,6449,6330,-0.001806,-0.001659
21.08,1.95771,-0.03951,-0.07263,COLLECT,PICKUP_ACTIVE,0.0000,0.0000,-0.0057,-0.0073,0.0000,0.4500,1,25.59762,0.15574,0.15729,0.00000,0.60000,6449,6330,-0.001859,-0.001794
21.10,1.95767,-0.03951,-0.07263,COLLECT,PICKUP_ACTIVE,0.0000,0.0000,0.0130,-0.0073,0.0000,0.4500,1,25.59762,0.15574,0.15729,0.00000,0.60000,6448,6330,-0.001906,-0.001916
21.12,1.95764,-0.03951,-0.07266,COLLECT,PICKUP_ACTIVE,0.0000,0.0000,-0.0054,-0.0073,0.0000,0.4500,1,25.59761,0.16298,0.15729,0.00000,0.60000,6448,6330,-0.001139,-0.002024
21.14,1.95760,-0.03950,-0.07269,COLLECT,PICKUP_ACTIVE,0.0000,0.0000,-0.0054,-0.0073,0.0000,0.4500,1,25.59761,0.15543,0.15729,0.00000,0.60000,6448,6330,-0.001251,-0.002120
21.16,1.95757,-0.03950,-0.07273,COLLECT,PICKUP_ACTIVE,0.0000,0.0000,-0.0054,-0.0073,0.0000,0.4500,1,25.59761,0.15543,0.15729,0.00000,0.60000,6448,6330,-0.001351,-0.002206
21.18,1.95753,-0.03950,-0.07276,COLLECT,PICKUP_ACTIVE,0.0000,0.0000,-0.0054,0.0114,0.0000,0.4500,1,25.59761,0.15543,0.15729,0.00000,0.60000,6448,6329,-0.001440,-0.002283
21.20,1.95750,-0.03950,-0.07277,COLLECT,PICKUP_ACTIVE,0.0000,0.0000,-0.0054,-0.0070,0.0000,0.4500,1,25.59761,0.15543,0.16142,0.00000,0.60000,6448,6329,-0.001519,-0.001542
21.22,1.95747,-0.03949,-0.07277,COLLECT,PICKUP_ACTIVE,0.0000,0.0000,-0.0054,-0.0070,0.0000,0.4500,1,25.59761,0.15543,0.15698,0.00000,0.60000,6448,6329,-0.001589,-0.001678
21.24,1.95743,-0.03949,-0.07278,COLLECT,PICKUP_ACTIVE,0.0000,0.0000,-0.0054,-0.0070,0.0000,0.4500,1,25.59761,0.15543,0.15698,0.00000,0.60000,6448,6329,-0.001652,-0.001798
21.26,1.95740,-0.03949,-0.07279,COLLECT,PICKUP_ACTIVE,0.0000,0.0000,-0.0054,-0.0070,0.0000,0.4500,1,25.59761,0.15543,0.15698,0.00000,0.60000,6448,6329,-0.001709,-0.001906
21.28,1.95736,-0.03949,-0.07280,COLLECT,PICKUP_ACTIVE,0.0000,0.0000,-0.0054,-0.0070,0.0000,0.4500,1,25.59761,0.15543,0.15698,0.00000,0.60000,6448,6329,-0.001759,-0.002001
21.30,1.95732,-0.03948,-0.07281,COLLECT,PICKUP_ACTIVE,0.0000,0.0000,0.0133,-0.0070,0.0000,0.4500,1,25.59760,0.15543,0.15698,0.00000,0.60000,6447,6329,-0.001804,-0.002087
21.32,1.95729,-0.03948,-0.07284,COLLECT,PICKUP_ACTIVE,0.0000,0.0000,-0.0051,-0.0070,0.0000,0.4500,1,25.59760,0.16328,0.15698,0.00000,0.60000,6447,6329,-0.001035,-0.002163
21.34,1.95725,-0.03948,-0.07289,COLLECT,PICKUP_ACTIVE,0.0000,0.0000,-0.0051,0.0117,0.0000,0.4500,1,25.59760,0.15513,0.15698,0.00000,0.60000,6447,6328,-0.001144,-0.002231
21.36,1.95723,-0.03948,-0.07290,COLLECT,PICKUP_ACTIVE,0.0000,0.0000,-0.0051,-0.0067,0.0000,0.4500,1,25.59760,0.15513,0.16173,0.00000,0.60000,6447,6328,-0.001242,-0.001483
21.38,1.95720,-0.03947,-0.07292,COLLECT,PICKUP_ACTIVE,0.0000,0.0000,-0.0051,-0.0067,0.0000,0.4500,1,25.59760,0.15513,0.15668,0.00000,0.60000,6447,6328,-0.001330,-0.001612
21.40,1.95717,-0.03947,-0.07293,COLLECT,PICKUP_ACTIVE,0.0000,0.0000,-0.0051,-0.0067,0.0000,0.4500,1,25.59760,0.15513,0.15668,0.00000,0.60000,6447,6328,-0.001407,-0.001726
21.42,1.95713,-0.03947,-0.07294,COLLECT,PICKUP_ACTIVE,0.0000,0.0000,-0.0051,-0.0067,0.0000,0.4500,1,25.59760,0.15513,0.15668,0.00000,0.60000,6447,6328,-0.001477,-0.001828
21.44,1.95710,-0.03947,-0.07296,COLLECT,PICKUP_ACTIVE,0.0000,0.0000,-0.0051,-0.0067,0.0000,0.4500,1,25.59760,0.15513,0.15668,0.00000,0.60000,6447,6328,-0.001539,-0.001919
21.46,1.95706,-0.03946,-0.07297,COLLECT,PICKUP_ACTIVE,0.0000,0.0000,-0.0051,-0.0067,0.0000,0.4500,1,25.59760,0.15513,0.15668,0.00000,0.60000,6447,6328,-0.001594,-0.002000
21.48,1.95703,-0.03946,-0.07299,COLLECT,PICKUP_ACTIVE,0.0000,0.0000,-0.0051,-0.0067,0.0000,0.4500,1,25.59759,0.15513,0.15668,0.00000,0.60000,6447,6328,-0.001643,-0.002073
21.50,1.95699,-0.03946,-0.07301,COLLECT,PICKUP_ACTIVE,0.0000,0.0000,-0.0051,-0.0067,0.0000,0.4500,1,25.59759,0.15513,0.15668,0.00000,0.60000,6447,6328,-0.001687,-0.002137
21.52,1.95695,-0.03946,-0.07303,COLLECT,PICKUP_ACTIVE,0.0000,0.0000,0.0136,0.0120,0.0000,0.4500,1,25.59759,0.15513,0.15668,0.00000,0.60000,6446,6327,-0.001726,-0.002195
21.54,1.95692,-0.03945,-0.07305,COLLECT,PICKUP_ACTIVE,0.0000,0.0000,-0.0048,-0.0064,0.0000,0.4500,1,25.59759,0.16359,0.16204,0.00000,0.60000,6446,6327,-0.000953,-0.001438
21.56,1.95690,-0.03945,-0.07306,COLLECT,PICKUP_ACTIVE,0.0000,0.0000,-0.0048,-0.0064,0.0000,0.4500,1,25.59759,0.15482,0.15637,0.00000,0.60000,6446,6327,-0.001058,-0.001557
21.58,1.95687,-0.03945,-0.07309,COLLECT,PICKUP_ACTIVE,0.0000,0.0000,-0.0048,-0.0064,0.0000,0.4500,1,25.59759,0.15482,0.15637,0.00000,0.60000,6446,6327,-0.001152,-0.001664
21.60,1.95684,-0.03945,-0.07311,COLLECT,PICKUP_ACTIVE,0.0000,0.0000,-0.0048,-0.0064,0.0000,0.4500,1,25.59759,0.15482,0.15637,0.00000,0.60000,6446,6327,-0.001236,-0.001760
21.62,1.95681,-0.03945,-0.07313,COLLECT,PICKUP_ACTIVE,0.0000,0.0000,-0.0048,-0.0064,0.0000,0.4500,1,25.59759,0.15482,0.15637,0.00000,0.60000,6446,6327,-0.001311,-0.001845
21.64,1.95678,-0.03944,-0.07315,COLLECT,PICKUP_ACTIVE,0.0000,0.0000,-0.0048,-0.0064,0.0000,0.4500,1,25.59759,0.15482,0.15637,0.00000,0.60000,6446,6327,-0.001377,-0.001921
21.66,1.95674,-0.03944,-0.07317,COLLECT,PICKUP_ACTIVE,0.0000,0.0000,-0.0048,-0.0064,0.0000,0.4500,1,25.59758,0.15482,0.15637,0.00000,0.60000,6446,6327,-0.001437,-0.001989
21.68,1.95671,-0.03944,-0.07319,COLLECT,PICKUP_ACTIVE,0.0000,0.0000,-0.0048,0.0123,0.0000,0.4500,1,25.59758,0.15482,0.15637,0.00000,0.60000,6446,6326,-0.001490,-0.002049
21.70,1.95668,-0.03944,-0.07319,COLLECT,PICKUP_ACTIVE,0.0000,0.0000,-0.0048,-0.0061,0.0000,0.4500,1,25.59758,0.15482,0.16235,0.00000,0.60000,6446,6326,-0.001537,-0.001294
21.72,1.95665,-0.03943,-0.07318,COLLECT,PICKUP_ACTIVE,0.0000,0.0000,-0.0048,-0.0061,0.0000,0.4500,1,25.59758,0.15482,0.15606,0.00000,0.60000,6446,6326,-0.001579,-0.001416
21.74,1.95662,-0.03943,-0.07318,COLLECT,PICKUP_ACTIVE,0.0000,0.0000,0.0139,-0.0061,0.0000,0.4500,1,25.59758,0.15482,0.15606,0.00000,0.60000,6445,6326,-0.001617,-0.001525
21.76,1.95659,-0.03943,-0.07320,COLLECT,PICKUP_ACTIVE,0.0000,0.0000,-0.0045,-0.0061,0.0000,0.4500,1,25.59758,0.16390,0.15606,0.00000,0.60000,6445,6326,-0.000842,-0.001623
21.78,1.95656,-0.03943,-0.07323,COLLECT,PICKUP_ACTIVE,0.0000,0.0000,-0.0045,-0.0061,0.0000,0.4500,1,25.59758,0.15451,0.15606,0.00000,0.60000,6445,6326,-0.000946,-0.001709
21.80,1.95654,-0.03943,-0.07326,COLLECT,PICKUP_ACTIVE,0.0000,0.0000,-0.0045,-0.0061,0.0000,0.4500,1,25.59758,0.15451,0.15606,0.00000,0.60000,6445,6326,-0.001039,-0.001787
21.82,1.95651,-0.03942,-0.07329,COLLECT,PICKUP_ACTIVE,0.0000,0.0000,-0.0045,-0.0061,0.0000,0.4500,1,25.59758,0.15451,0.15606,0.00000,0.60000,6445,6326,-0.001121,-0.001856
21.84,1.95648,-0.03942,-0.07332,COLLECT,PICKUP_ACTIVE,0.0000,0.0000,-0.0045,-0.0061,0.0000,0.4500,1,25.59757,0.15451,0.15606,0.00000,0.60000,6445,6326,-0.001195,-0.001917
21.86,1.95645,-0.03942,-0.07335,COLLECT,PICKUP_ACTIVE,0.0000,0.0000,-0.0045,0.0127,0.0000,0.4500,1,25.59757,0.15451,0.15606,0.00000,0.60000,6445,6325,-0.001261,-0.001972
21.88,1.95642,-0.03942,-0.07335,AUTO,PICKUP_CONFIRMED,0.0000,0.0000,0.0000,0.0000,0.0000,0.0000,2,25.59757,0.15451,0.16265,0.00000,0.60000,6445,6325,-0.001320,-0.001212
21.90,1.95642,-0.03942,-0.07335,AUTO,MODEL_PROPOSAL,0.1977,0.3024,0.0400,0.0400,0.0000,0.0000,2,25.59757,0.15000,0.15000,0.00000,0.00000,6445,6325,0.000000,0.000000
21.92,1.95644,-0.03942,-0.07335,AUTO,MODEL_PROPOSAL,0.1977,0.3024,0.0800,0.0800,0.0000,0.0000,2,25.59757,0.19000,0.19000,0.00000,0.00000,6445,6325,0.001728,0.001728
21.94,1.95653,-0.03943,-0.07335,AUTO,MODEL_PROPOSAL,0.1977,0.3024,0.1200,0.1200,0.0000,0.0000,2,25.59757,0.23000,0.23000,0.00000,0.00000,6445,6326,0.004998,0.004998
21.96,1.95670,-0.03944,-0.07335,AUTO,MODEL_PROPOSAL,0.1977,0.3025,0.1600,0.1600,0.0000,0.0000,2,25.59757,0.27000,0.27000,0.00000,0.00000,6446,6326,0.009644,0.009644
21.98,1.95698,-0.03946,-0.07335,AUTO,MODEL_PROPOSAL,0.1977,0.3025,0.2000,0.2000,0.0000,0.0000,2,25.59757,0.31000,0.31000,0.00000,0.00000,6447,6327,0.015516,0.015516
22.00,1.95739,-0.03949,-0.07335,AUTO,MODEL_PROPOSAL,0.1977,0.3026,0.2400,0.2400,0.0000,0.0000,2,25.59757,0.35000,0.35000,0.00000,0.00000,6448,6329,0.022481,0.022481
22.02,1.95796,-0.03953,-0.07335,AUTO,MODEL_PROPOSAL,0.1977,0.3026,0.2800,0.2800,0.0000,0.0000,2,25.59757,0.39000,0.39000,0.00000,0.00000,6450,6330,0.030423,0.030423
22.04,1.95870,-0.03958,-0.07335,AUTO,MODEL_PROPOSAL,0.1977,0.3027,0.3200,0.3200,0.0000,0.0000,2,25.59757,0.43000,0.43000,0.00000,0.00000,6452,6333,0.039236,0.039236
22.06,1.95963,-0.03965,-0.07335,AUTO,MODEL_PROPOSAL,0.1977,0.3029,0.3600,0.3600,0.0000,0.0000,2,25.59757,0.47000,0.47000,0.00000,0.00000,6455,6336,0.048824,0.048824
22.08,1.96076,-0.03974,-0.07335,AUTO,MODEL_PROPOSAL,0.1977,0.3031,0.3977,0.4000,0.0000,0.0000,2,25.59756,0.51000,0.51000,0.00000,0.00000,6459,6340,0.059106,0.059106
22.10,1.96210,-0.03983,-0.07335,AUTO,MODEL_PROPOSAL,0.1977,0.3032,0.3800,0.4400,0.0000,0.0000,2,25.59756,0.54769,0.55000,0.00000,0.00000,6464,6344,0.069905,0.070005
22.12,1.96365,-0.03995,-0.07327,AUTO,MODEL_PROPOSAL,0.1977,0.3033,0.3995,0.4800,0.0000,0.0000,2,25.59756,0.52999,0.59000,0.00000,0.00000,6468,6349,0.078773,0.081455
22.14,1.96540,-0.04008,-0.07307,AUTO,MODEL_PROPOSAL,0.1977,0.3032,0.3635,0.5200,0.0000,0.0000,2,25.59756,0.54955,0.63000,0.00000,0.00000,6474,6355,0.087528,0.093396
22.16,1.96735,-0.04022,-0.07264,AUTO,MODEL_PROPOSAL,0.1977,0.3026,0.3646,0.5600,0.0000,0.0000,2,25.59756,0.51347,0.67000,0.00000,0.00000,6480,6362,0.093778,0.105776
22.18,1.96948,-0.04037,-0.07195,AUTO,MODEL_PROPOSAL,0.1977,0.3015,0.3663,0.6000,0.0000,0.0000,2,25.59755,0.51462,0.71000,0.00000,0.00000,6486,6369,0.099403,0.118548
22.20,1.97179,-0.04054,-0.07094,AUTO,MODEL_PROPOSAL,0.1978,0.2999,0.3498,0.6400,0.0000,0.0000,2,25.59755,0.51628,0.75000,0.00000,0.00000,6493,6378,0.104492,0.131667
22.22,1.97428,-0.04071,-0.06956,AUTO,MODEL_PROPOSAL,0.1978,0.2975,0.3525,0.6800,0.0000,0.0000,2,25.59755,0.49982,0.79000,0.00000,0.00000,6500,6387,0.108320,0.145098
22.24,1.97693,-0.04089,-0.06778,AUTO,MODEL_PROPOSAL,0.1978,0.2943,0.3559,0.7200,0.0000,0.0000,2,25.59755,0.50249,0.83000,0.00000,0.00000,6507,6397,0.111850,0.158807
22.26,1.97977,-0.04108,-0.06558,AUTO,MODEL_PROPOSAL,0.1979,0.2903,0.3415,0.7600,0.0000,0.0000,2,25.59754,0.50593,0.87000,0.00000,0.00000,6515,6408,0.115147,0.172763
22.28,1.98276,-0.04127,-0.06292,AUTO,MODEL_PROPOSAL,0.1980,0.2854,0.3464,0.8000,0.0000,0.0000,2,25.59754,0.49149,0.91000,0.00000,0.00000,6523,6420,0.117464,0.186940
22.30,1.98593,-0.04146,-0.05977,AUTO,MODEL_PROPOSAL,0.1980,0.2795,0.3709,0.8067,0.0000,0.0000,2,25.59754,0.49637,0.95000,0.00000,0.00000,6530,6433,0.119741,0.201314
22.32,1.98926,-0.04165,-0.05621,AUTO,MODEL_PROPOSAL,0.1981,0.2729,0.3592,0.7835,0.0000,0.0000,2,25.59754,0.52091,0.95669,0.00000,0.00000,6538,6447,0.122833,0.214424
22.34,1.99272,-0.04184,-0.05229,AUTO,MODEL_PROPOSAL,0.1982,0.2655,0.3665,0.7780,0.0000,0.0000,2,25.59753,0.50916,0.93348,0.00000,0.00000,6546,6461,0.125084,0.225115
22.36,1.99631,-0.04201,-0.04807,AUTO,MODEL_PROPOSAL,0.1983,0.2575,0.3558,0.7533,0.0000,0.0000,2,25.59753,0.51654,0.92802,0.00000,0.00000,6555,6476,0.127410,0.234415
22.38,1.99999,-0.04218,-0.04362,AUTO,MODEL_PROPOSAL,0.1985,0.2491,0.3827,0.7278,0.0000,0.0000,2,25.59753,0.50580,0.90328,0.00000,0.00000,6563,6492,0.129020,0.241641
22.40,2.00375,-0.04233,-0.03904,AUTO,MODEL_PROPOSAL,0.1986,0.2404,0.3727,0.7204,0.0000,0.0000,2,25.59752,0.53268,0.87776,0.00000,0.00000,6572,6508,0.131618,0.246985
22.42,2.00758,-0.04247,-0.03434,AUTO,MODEL_PROPOSAL,0.1987,0.2314,0.4002,0.7127,0.0000,0.0000,2,25.59752,0.52274,0.87035,0.00000,0.00000,6580,6524,0.133506,0.251431
22.44,2.01148,-0.04259,-0.02960,AUTO,MODEL_PROPOSAL,0.1988,0.2224,0.3906,0.6862,0.0000,0.0000,2,25.59752,0.55017,0.86270,0.00000,0.00000,6589,6541,0.136376,0.255065
22.46,2.01543,-0.04269,-0.02486,AUTO,MODEL_PROPOSAL,0.1989,0.2133,0.3995,0.6780,0.0000,0.0000,2,25.59752,0.54061,0.83617,0.00000,0.00000,6598,6558,0.138522,0.257162
22.48,2.01941,-0.04277,-0.02014,AUTO,MODEL_PROPOSAL,0.1990,0.2043,0.4084,0.6885,0.0000,0.0000,2,25.59751,0.54951,0.82798,0.00000,0.00000,6607,6574,0.140821,0.258677
22.50,2.02344,-0.04284,-0.01544,AUTO,MODEL_PROPOSAL,0.1990,0.1953,0.3986,0.6618,0.0000,0.0000,2,25.59751,0.55840,0.83848,0.00000,0.00000,6617,6591,0.143256,0.260483
22.52,2.02749,-0.04289,-0.01079,AUTO,MODEL_PROPOSAL,0.1991,0.1864,0.4258,0.6536,0.0000,0.0000,2,25.59751,0.54858,0.81182,0.00000,0.00000,6626,6608,0.145003,0.260942
22.54,2.03157,-0.04292,-0.00623,AUTO,MODEL_PROPOSAL,0.1992,0.1776,0.4158,0.6455,0.0000,0.0000,2,25.59751,0.57584,0.80359,0.00000,0.00000,6636,6625,0.147740,0.260995
22.56,2.03567,-0.04293,-0.00177,AUTO,MODEL_PROPOSAL,0.1993,0.1691,0.4428,0.6374,0.0000,0.0000,2,25.59750,0.56584,0.79546,0.00000,0.00000,6645,6642,0.149748,0.260691
22.58,2.03979,-0.04293,0.00256,AUTO,MODEL_PROPOSAL,0.1994,0.1607,0.4325,0.6296,0.0000,0.0000,2,25.59750,0.59282,0.78742,0.00000,0.00000,6655,6659,0.152706,0.260073
22.60,2.04393,-0.04290,0.00676,AUTO,MODEL_PROPOSAL,0.1994,0.1527,0.4403,0.6219,0.0000,0.0000,2,25.59750,0.58248,0.77956,0.00000,0.00000,6665,6676,0.154898,0.259182
22.62,2.04808,-0.04286,0.01082,AUTO,MODEL_PROPOSAL,0.1995,0.1448,0.4480,0.6143,0.0000,0.0000,2,25.59750,0.59034,0.77186,0.00000,0.00000,6675,6693,0.157192,0.258054
22.64,2.05224,-0.04280,0.01475,AUTO,MODEL_PROPOSAL,0.1995,0.1373,0.4367,0.6070,0.0000,0.0000,2,25.59749,0.59799,0.76433,0.00000,0.00000,6686,6710,0.159569,0.256723
22.66,2.05640,-0.04273,0.01854,AUTO,MODEL_PROPOSAL,0.1996,0.1300,0.4623,0.6186,0.0000,0.0000,2,25.59749,0.58669,0.75701,0.00000,0.00000,6696,6726,0.161201,0.255219
22.68,2.06058,-0.04264,0.02220,AUTO,MODEL_PROPOSAL,0.1996,0.1229,0.4506,0.5932,0.0000,0.0000,2,25.59749,0.61231,0.76857,0.00000,0.00000,6707,6743,0.163764,0.254378
22.70,2.06476,-0.04254,0.02571,AUTO,MODEL_PROPOSAL,0.1997,0.1162,0.4570,0.5864,0.0000,0.0000,2,25.59749,0.60059,0.74320,0.00000,0.00000,6718,6760,0.165543,0.252531
22.72,2.06894,-0.04242,0.02907,AUTO,MODEL_PROPOSAL,0.1997,0.1097,0.4633,0.5986,0.0000,0.0000,2,25.59748,0.60705,0.73644,0.00000,0.00000,6729,6776,0.167409,0.250591
22.74,2.07312,-0.04229,0.03231,AUTO,MODEL_PROPOSAL,0.1997,0.1034,0.4692,0.5926,0.0000,0.0000,2,25.59748,0.61325,0.74862,0.00000,0.00000,6740,6792,0.169342,0.249387
22.76,2.07731,-0.04214,0.03541,AUTO,MODEL_PROPOSAL,0.1998,0.0974,0.4750,0.5867,0.0000,0.0000,2,25.59748,0.61925,0.74257,0.00000,0.00000,6751,6808,0.171325,0.248052
22.78,2.08151,-0.04199,0.03837,AUTO,MODEL_PROPOSAL,0.1998,0.0917,0.4806,0.5624,0.0000,0.0000,2,25.59748,0.62503,0.73672,0.00000,0.00000,6762,6825,0.173344,0.246609
22.80,2.08570,-0.04182,0.04117,AUTO,MODEL_PROPOSAL,0.1998,0.0863,0.4859,0.5941,0.0000,0.0000,2,25.59747,0.63059,0.71235,0.00000,0.00000,6773,6840,0.175385,0.244268
22.82,2.08990,-0.04163,0.04384,AUTO,MODEL_PROPOSAL,0.1998,0.0812,0.4722,0.5705,0.0000,0.0000,2,25.59747,0.63587,0.74408,0.00000,0.00000,6785,6856,0.177433,0.243551
22.84,2.09411,-0.04144,0.04640,AUTO,MODEL_PROPOSAL,0.1999,0.0762,0.4768,0.5654,0.0000,0.0000,2,25.59747,0.62223,0.72048,0.00000,0.00000,6797,6872,0.178671,0.241892
22.86,2.09830,-0.04124,0.04884,AUTO,MODEL_PROPOSAL,0.1999,0.0715,0.4999,0.5606,0.0000,0.0000,2,25.59747,0.62681,0.71544,0.00000,0.00000,6808,6888,0.179973,0.240194
22.88,2.10250,-0.04103,0.05113,AUTO,MODEL_PROPOSAL,0.1999,0.0671,0.4856,0.5747,0.0000,0.0000,2,25.59746,0.64991,0.71059,0.00000,0.00000,6820,6903,0.182132,0.238471
22.90,2.10671,-0.04080,0.05331,AUTO,MODEL_PROPOSAL,0.1999,0.0628,0.4896,0.5518,0.0000,0.0000,2,25.59746,0.63564,0.72469,0.00000,0.00000,6832,6919,0.183442,0.237542
22.92,2.11091,-0.04057,0.05538,AUTO,MODEL_PROPOSAL,0.1999,0.0588,0.4934,0.5663,0.0000,0.0000,2,25.59746,0.63960,0.70182,0.00000,0.00000,6844,6934,0.184781,0.235726
22.94,2.11511,-0.04033,0.05735,AUTO,MODEL_PROPOSAL,0.1999,0.0550,0.4970,0.5437,0.0000,0.0000,2,25.59746,0.64337,0.71626,0.00000,0.00000,6856,6950,0.186139,0.234730
22.96,2.11930,-0.04009,0.05919,AUTO,MODEL_PROPOSAL,0.1999,0.0514,0.5004,0.5585,0.0000,0.0000,2,25.59745,0.64698,0.69373,0.00000,0.00000,6868,6965,0.187506,0.232868
22.98,2.12350,-0.03983,0.06094,AUTO,MODEL_PROPOSAL,0.1999,0.0481,0.4849,0.5551,0.0000,0.0000,2,25.59745,0.65038,0.70852,0.00000,0.00000,6881,6980,0.188872,0.231846
23.00,2.12770,-0.03957,0.06261,AUTO,MODEL_PROPOSAL,0.1999,0.0448,0.5064,0.5517,0.0000,0.0000,2,25.59745,0.63490,0.70507,0.00000,0.00000,6893,6995,0.189422,0.230785
23.02,2.13189,-0.03930,0.06419,AUTO,MODEL_PROPOSAL,0.2000,0.0418,0.5094,0.5485,0.0000,0.0000,2,25.59745,0.65642,0.70172,0.00000,0.00000,6905,7010,0.190842,0.229695
23.04,2.13609,-0.03903,0.06566,AUTO,MODEL_PROPOSAL,0.2000,0.0389,0.4935,0.5455,0.0000,0.0000,2,25.59744,0.65939,0.69852,0.00000,0.00000,6918,7025,0.192237,0.228584
23.06,2.14029,-0.03875,0.06707,AUTO,MODEL_PROPOSAL,0.2000,0.0362,0.5146,0.5426,0.0000,0.0000,2,25.59744,0.64347,0.69548,0.00000,0.00000,6930,7040,0.192793,0.227461
23.08,2.14448,-0.03846,0.06838,AUTO,MODEL_PROPOSAL,0.2000,0.0336,0.4984,0.5398,0.0000,0.0000,2,25.59744,0.66455,0.69256,0.00000,0.00000,6943,7055,0.194200,0.226334
23.10,2.14867,-0.03817,0.06961,AUTO,MODEL_PROPOSAL,0.2000,0.0312,0.5004,0.5559,0.0000,0.0000,2,25.59744,0.64836,0.68979,0.00000,0.00000,6956,7069,0.194756,0.225208
23.12,2.15286,-0.03788,0.07080,AUTO,MODEL_PROPOSAL,0.2000,0.0289,0.5025,0.5349,0.0000,0.0000,2,25.59743,0.65044,0.70586,0.00000,0.00000,6969,7084,0.195342,0.224899
23.14,2.15705,-0.03758,0.07193,AUTO,MODEL_PROPOSAL,0.2000,0.0267,0.5231,0.5324,0.0000,0.0000,2,25.59743,0.65246,0.68486,0.00000,0.00000,6981,7099,0.195951,0.223716
23.16,2.16124,-0.03727,0.07296,AUTO,MODEL_PROPOSAL,0.2000,0.0247,0.5064,0.5488,0.0000,0.0000,2,25.59743,0.67310,0.68238,0.00000,0.00000,6994,7113,0.197387,0.222553
23.18,2.16543,-0.03696,0.07394,AUTO,MODEL_PROPOSAL,0.2000,0.0228,0.5081,0.5281,0.0000,0.0000,2,25.59743,0.65644,0.69876,0.00000,0.00000,7007,7128,0.197947,0.222223
23.20,2.16961,-0.03665,0.07486,AUTO,MODEL_PROPOSAL,0.2000,0.0210,0.5097,0.5447,0.0000,0.0000,2,25.59742,0.65811,0.67811,0.00000,0.00000,7020,7142,0.198520,0.221038
23.22,2.17380,-0.03633,0.07573,AUTO,MODEL_PROPOSAL,0.2000,0.0193,0.5112,0.5429,0.0000,0.0000,2,25.59742,0.65968,0.69469,0.00000,0.00000,7033,7156,0.199098,0.220696
23.24,2.17799,-0.03601,0.07657,AUTO,MODEL_PROPOSAL,0.2000,0.0177,0.5126,0.5225,0.0000,0.0000,2,25.59742,0.66117,0.69292,0.00000,0.00000,7046,7171,0.199678,0.220315
23.26,2.18217,-0.03569,0.07734,AUTO,MODEL_PROPOSAL,0.2000,0.0162,0.5139,0.5393,0.0000,0.0000,2,25.59742,0.66261,0.67250,0.00000,0.00000,7059,7185,0.200257,0.219092
23.28,2.18635,-0.03536,0.07806,AUTO,MODEL_PROPOSAL,0.2000,0.0148,0.5152,0.5378,0.0000,0.0000,2,25.59741,0.66393,0.68931,0.00000,0.00000,7072,7199,0.200832,0.218728
23.30,2.19054,-0.03503,0.07875,AUTO,MODEL_PROPOSAL,0.2000,0.0134,0.5164,0.5176,0.0000,0.0000,2,25.59741,0.66518,0.68778,0.00000,0.00000,7085,7214,0.201398,0.218338
23.32,2.19472,-0.03470,0.07937,AUTO,MODEL_PROPOSAL,0.2000,0.0122,0.5175,0.5346,0.0000,0.0000,2,25.59741,0.66637,0.66760,0.00000,0.00000,7098,7228,0.201954,0.217117
23.34,2.19889,-0.03437,0.07995,AUTO,MODEL_PROPOSAL,0.2000,0.0111,0.4997,0.5334,0.0000,0.0000,2,25.59741,0.66745,0.68465,0.00000,0.00000,7112,7242,0.202497,0.216765
23.36,2.20307,-0.03403,0.08052,AUTO,MODEL_PROPOSAL,0.2000,0.0100,0.5191,0.5321,0.0000,0.0000,2,25.59740,0.64974,0.68336,0.00000,0.00000,7125,7256,0.202217,0.216396
23.38,2.20724,-0.03369,0.08106,AUTO,MODEL_PROPOSAL,0.2000,0.0089,0.5201,0.5309,0.0000,0.0000,2,25.59740,0.66915,0.68209,0.00000,0.00000,7138,7270,0.202804,0.216011
23.40,2.21142,-0.03335,0.08156,AUTO,MODEL_PROPOSAL,0.2000,0.0079,0.5210,0.5297,0.0000,0.0000,2,25.59740,0.67009,0.68087,0.00000,0.00000,7151,7284,0.203369,0.215616
23.42,2.21559,-0.03301,0.08202,AUTO,MODEL_PROPOSAL,0.2000,0.0070,0.5218,0.5286,0.0000,0.0000,2,25.59740,0.67097,0.67971,0.00000,0.00000,7164,7298,0.203912,0.215212
23.44,2.21977,-0.03266,0.08244,AUTO,MODEL_PROPOSAL,0.2000,0.0062,0.5038,0.5276,0.0000,0.0000,2,25.59739,0.67178,0.67861,0.00000,0.00000,7178,7312,0.204430,0.214805
23.46,2.22395,-0.03232,0.08286,AUTO,MODEL_PROPOSAL,0.2000,0.0054,0.5230,0.5266,0.0000,0.0000,2,25.59739,0.65382,0.67758,0.00000,0.00000,7191,7326,0.204117,0.214398
23.48,2.22812,-0.03197,0.08324,AUTO,MODEL_PROPOSAL,0.2000,0.0046,0.5237,0.5256,0.0000,0.0000,2,25.59739,0.67297,0.67656,0.00000,0.00000,7204,7340,0.204664,0.213990
23.50,2.23229,-0.03162,0.08358,AUTO,MODEL_PROPOSAL,0.2000,0.0040,0.5056,0.5247,0.0000,0.0000,2,25.59739,0.67365,0.67559,0.00000,0.00000,7218,7354,0.205182,0.213585
23.52,2.23646,-0.03127,0.08392,AUTO,MODEL_PROPOSAL,0.2000,0.0033,0.5246,0.5238,0.0000,0.0000,2,25.59738,0.65556,0.67469,0.00000,0.00000,7231,7368,0.204863,0.213184
23.54,2.24062,-0.03092,0.08422,AUTO,MODEL_PROPOSAL,0.2000,0.0027,0.5064,0.5230,0.0000,0.0000,2,25.59738,0.67457,0.67380,0.00000,0.00000,7245,7382,0.205399,0.212788
23.56,2.24479,-0.03057,0.08451,AUTO,MODEL_PROPOSAL,0.2000,0.0021,0.5254,0.5221,0.0000,0.0000,2,25.59738,0.65641,0.67296,0.00000,0.00000,7258,7396,0.205093,0.212399
23.58,2.24895,-0.03021,0.08478,AUTO,MODEL_PROPOSAL,0.2000,0.0016,0.5258,0.5401,0.0000,0.0000,2,25.59738,0.67536,0.67214,0.00000,0.00000,7271,7409,0.205639,0.212016
23.60,2.25312,-0.02986,0.08503,AUTO,MODEL_PROPOSAL,0.2000,0.0011,0.5076,0.5209,0.0000,0.0000,2,25.59737,0.67585,0.69008,0.00000,0.00000,7285,7423,0.206146,0.212450
23.62,2.25728,-0.02950,0.08528,AUTO,MODEL_PROPOSAL,0.2000,0.0006,0.5265,0.5202,0.0000,0.0000,2,25.59737,0.65760,0.67092,0.00000,0.00000,7298,7437,0.205811,0.212009
23.64,2.26144,-0.02915,0.08550,AUTO,MODEL_PROPOSAL,0.2000,0.0002,0.5082,0.5195,0.0000,0.0000,2,25.59737,0.67648,0.67017,0.00000,0.00000,7312,7451,0.206327,0.211583
23.66,2.26560,-0.02879,0.08571,AUTO,MODEL_PROPOSAL,0.2000,-0.0003,0.5270,0.5188,0.0000,0.0000,2,25.59737,0.65818,0.66947,0.00000,0.00000,7325,7465,0.205997,0.211173
23.68,2.26976,-0.02843,0.08589,AUTO,MODEL_PROPOSAL,0.2000,-0.0006,0.5086,0.5369,0.0000,0.0000,2,25.59736,0.67699,0.66879,0.00000,0.00000,7339,7478,0.206516,0.210778
23.70,2.27392,-0.02807,0.08608,AUTO,MODEL_PROPOSAL,0.2000,-0.0010,0.5274,0.5178,0.0000,0.0000,2,25.59736,0.65862,0.68687,0.00000,0.00000,7352,7492,0.206184,0.211207
23.72,2.27808,-0.02771,0.08625,AUTO,MODEL_PROPOSAL,0.2000,-0.0014,0.5277,0.5172,0.0000,0.0000,2,25.59736,0.67740,0.66780,0.00000,0.00000,7365,7506,0.206700,0.210766
23.74,2.28224,-0.02735,0.08639,AUTO,MODEL_PROPOSAL,0.2000,-0.0016,0.5093,0.5166,0.0000,0.0000,2,25.59736,0.67774,0.66718,0.00000,0.00000,7379,7520,0.207175,0.210345
23.76,2.28639,-0.02699,0.08651,AUTO,MODEL_PROPOSAL,0.2000,-0.0019,0.5280,0.5348,0.0000,0.0000,2,25.59735,0.65930,0.66662,0.00000,0.00000,7392,7533,0.206802,0.209946
23.78,2.29055,-0.02663,0.08664,AUTO,MODEL_PROPOSAL,0.2000,-0.0021,0.5095,0.5158,0.0000,0.0000,2,25.59735,0.67797,0.68480,0.00000,0.00000,7406,7547,0.207276,0.210375
23.80,2.29470,-0.02627,0.08676,AUTO,MODEL_PROPOSAL,0.2000,-0.0024,0.5282,0.5153,0.0000,0.0000,2,25.59735,0.65951,0.66585,0.00000,0.00000,7419,7561,0.206901,0.209939
23.82,2.29886,-0.02591,0.08686,AUTO,MODEL_PROPOSAL,0.2000,-0.0026,0.5097,0.5335,0.0000,0.0000,2,25.59735,0.67817,0.66531,0.00000,0.00000,7433,7574,0.207373,0.209527
23.84,2.30301,-0.02555,0.08697,AUTO,MODEL_PROPOSAL,0.2000,-0.0028,0.5283,0.5146,0.0000,0.0000,2,25.59734,0.65966,0.68353,0.00000,0.00000,7446,7588,0.206994,0.209947
23.86,2.30716,-0.02518,0.08706,AUTO,MODEL_PROPOSAL,0.2000,-0.0030,0.5098,0.5141,0.0000,0.0000,2,25.59734,0.67831,0.66461,0.00000,0.00000,7460,7602,0.207462,0.209503
23.88,2.31131,-0.02482,0.08714,AUTO,MODEL_PROPOSAL,0.2000,-0.0032,0.5284,0.5324,0.0000,0.0000,2,25.59734,0.65979,0.66412,0.00000,0.00000,7473,7615,0.207079,0.209087
23.90,2.31546,-0.02446,0.08722,AUTO,MODEL_PROPOSAL,0.2000,-0.0033,0.5099,0.5135,0.0000,0.0000,2,25.59734,0.67839,0.68237,0.00000,0.00000,7487,7629,0.207541,0.209504
23.92,2.31961,-0.02410,0.08729,AUTO,MODEL_PROPOSAL,0.2000,-0.0035,0.5284,0.5130,0.0000,0.0000,2,25.59733,0.65985,0.66350,0.00000,0.00000,7500,7643,0.207152,0.209061
23.94,2.32376,-0.02373,0.08734,AUTO,MODEL_PROPOSAL,0.2000,-0.0036,0.5099,0.5313,0.0000,0.0000,2,25.59733,0.67844,0.66303,0.00000,0.00000,7514,7656,0.207608,0.208645
23.96,2.32791,-0.02337,0.08741,AUTO,MODEL_PROPOSAL,0.2000,-0.0038,0.5097,0.5125,0.0000,0.0000,2,25.59733,0.65986,0.68133,0.00000,0.00000,7528,7670,0.207212,0.209065
23.98,2.33205,-0.02301,0.08748,AUTO,MODEL_PROPOSAL,0.2000,-0.0039,0.5283,0.5120,0.0000,0.0000,2,25.59733,0.65971,0.66248,0.00000,0.00000,7541,7684,0.206853,0.208625
24.00,2.33619,-0.02264,0.08752,AUTO,MODEL_PROPOSAL,0.2000,-0.0040,0.5097,0.5303,0.0000,0.0000,2,25.59732,0.67829,0.66203,0.00000,0.00000,7555,7697,0.207335,0.208213
24.02,2.34033,-0.02228,0.08758,AUTO,MODEL_PROPOSAL,0.2000,-0.0041,0.5283,0.5115,0.0000,0.0000,2,25.59732,0.65970,0.68033,0.00000,0.00000,7568,7711,0.206962,0.208637
24.04,2.34447,-0.02192,0.08762,AUTO,MODEL_PROPOSAL,0.2000,-0.0042,0.5097,0.5298,0.0000,0.0000,2,25.59732,0.67826,0.66149,0.00000,0.00000,7582,7724,0.207431,0.208200
24.06,2.34861,-0.02155,0.08768,AUTO,MODEL_PROPOSAL,0.2000,-0.0043,0.5282,0.5110,0.0000,0.0000,2,25.59732,0.65966,0.67981,0.00000,0.00000,7595,7738,0.207045,0.208602
24.08,2.35275,-0.02119,0.08771,AUTO,MODEL_PROPOSAL,0.2000,-0.0044,0.5096,0.5293,0.0000,0.0000,2,25.59731,0.67821,0.66097,0.00000,0.00000,7609,7751,0.207503,0.208147
24.10,2.35689,-0.02082,0.08776,AUTO,MODEL_PROPOSAL,0.2000,-0.0045,0.5281,0.5105,0.0000,0.0000,2,25.59731,0.65960,0.67929,0.00000,0.00000,7622,7765,0.207108,0.208533
24.12,2.36103,-0.02046,0.08779,AUTO,MODEL_PROPOSAL,0.2000,-0.0046,0.5095,0.5101,0.0000,0.0000,2,25.59731,0.67815,0.66047,0.00000,0.00000,7636,7779,0.207556,0.208063
24.14,2.36516,-0.02010,0.08781,AUTO,MODEL_PROPOSAL,0.2000,-0.0047,0.5280,0.5284,0.0000,0.0000,2,25.59731,0.65953,0.66008,0.00000,0.00000,7649,7792,0.207152,0.207628
24.16,2.36930,-0.01973,0.08783,AUTO,MODEL_PROPOSAL,0.2000,-0.0047,0.5094,0.5097,0.0000,0.0000,2,25.59730,0.67802,0.67843,0.00000,0.00000,7663,7806,0.207590,0.208033
24.18,2.37343,-0.01937,0.08784,AUTO,MODEL_PROPOSAL,0.2000,-0.0047,0.5279,0.5280,0.0000,0.0000,2,25.59730,0.65939,0.65966,0.00000,0.00000,7676,7819,0.207176,0.207582
24.20,2.37757,-0.01900,0.08786,AUTO,MODEL_PROPOSAL,0.2000,-0.0048,0.5092,0.5092,0.0000,0.0000,2,25.59730,0.67787,0.67802,0.00000,0.00000,7690,7833,0.207605,0.207974
24.22,2.38170,-0.01864,0.08787,AUTO,MODEL_PROPOSAL,0.2000,-0.0048,0.5277,0.5276,0.0000,0.0000,2,25.59730,0.65923,0.65925,0.00000,0.00000,7703,7846,0.207182,0.207512
24.24,2.38584,-0.01827,0.08789,AUTO,MODEL_PROPOSAL,0.2000,-0.0049,0.5091,0.5088,0.0000,0.0000,2,25.59729,0.67771,0.67761,0.00000,0.00000,7717,7860,0.207604,0.207894
24.26,2.38997,-0.01791,0.08790,AUTO,MODEL_PROPOSAL,0.2000,-0.0049,0.5275,0.5272,0.0000,0.0000,2,25.59729,0.65907,0.65885,0.00000,0.00000,7730,7873,0.207174,0.207423
24.28,2.39411,-0.01754,0.08790,AUTO,MODEL_PROPOSAL,0.2000,-0.0049,0.5089,0.5085,0.0000,0.0000,2,25.59729,0.67754,0.67721,0.00000,0.00000,7744,7887,0.207589,0.207797
24.30,2.39824,-0.01718,0.08791,AUTO,MODEL_PROPOSAL,0.2000,-0.0050,0.5274,0.5081,0.0000,0.0000,2,25.59729,0.65889,0.65846,0.00000,0.00000,7757,7901,0.207153,0.207320
24.32,2.40237,-0.01682,0.08789,AUTO,MODEL_PROPOSAL,0.2000,-0.0049,0.5087,0.5265,0.0000,0.0000,2,25.59728,0.67736,0.65811,0.00000,0.00000,7771,7914,0.207563,0.206880
24.34,2.40650,-0.01645,0.08789,AUTO,MODEL_PROPOSAL,0.2000,-0.0049,0.5271,0.5078,0.0000,0.0000,2,25.59728,0.65866,0.67653,0.00000,0.00000,7784,7928,0.207120,0.207283
24.36,2.41062,-0.01609,0.08787,AUTO,MODEL_PROPOSAL,0.2000,-0.0049,0.5084,0.5262,0.0000,0.0000,2,25.59728,0.67711,0.65779,0.00000,0.00000,7798,7941,0.207522,0.206833
24.38,2.41475,-0.01573,0.08787,AUTO,MODEL_PROPOSAL,0.2000,-0.0049,0.5269,0.5075,0.0000,0.0000,2,25.59728,0.65841,0.67621,0.00000,0.00000,7811,7955,0.207073,0.207228
24.40,2.41888,-0.01536,0.08785,AUTO,MODEL_PROPOSAL,0.2000,-0.0049,0.5082,0.5259,0.0000,0.0000,2,25.59727,0.67686,0.65748,0.00000,0.00000,7825,7968,0.207470,0.206770
24.42,2.42300,-0.01500,0.08785,AUTO,MODEL_PROPOSAL,0.2000,-0.0049,0.5266,0.5259,0.0000,0.0000,2,25.59727,0.65816,0.67590,0.00000,0.00000,7838,7981,0.207015,0.207158
24.44,2.42714,-0.01464,0.08785,AUTO,MODEL_PROPOSAL,0.2000,-0.0049,0.5079,0.5071,0.0000,0.0000,2,25.59727,0.67661,0.67588,0.00000,0.00000,7852,7995,0.207407,0.207503
24.46,2.43126,-0.01427,0.08785,AUTO,MODEL_PROPOSAL,0.2000,-0.0049,0.5264,0.5068,0.0000,0.0000,2,25.59727,0.65795,0.65713,0.00000,0.00000,7865,8009,0.206950,0.207000
24.48,2.43538,-0.01391,0.08783,AUTO,MODEL_PROPOSAL,0.2000,-0.0049,0.5077,0.5252,0.0000,0.0000,2,25.59726,0.67641,0.65679,0.00000,0.00000,7879,8022,0.207341,0.206537
24.50,2.43951,-0.01355,0.08782,AUTO,MODEL_PROPOSAL,0.2000,-0.0049,0.5261,0.5252,0.0000,0.0000,2,25.59726,0.65770,0.67522,0.00000,0.00000,7892,8035,0.206881,0.206921
24.52,2.44363,-0.01318,0.08782,AUTO,MODEL_PROPOSAL,0.2000,-0.0049,0.5075,0.5065,0.0000,0.0000,2,25.59726,0.67614,0.67521,0.00000,0.00000,7906,8049,0.207267,0.207263
24.54,2.44776,-0.01282,0.08782,AUTO,MODEL_PROPOSAL,0.2000,-0.0049,0.5259,0.5249,0.0000,0.0000,2,25.59726,0.65748,0.65647,0.00000,0.00000,7919,8062,0.206805,0.206757
24.56,2.45188,-0.01246,0.08782,AUTO,MODEL_PROPOSAL,0.2000,-0.0049,0.5073,0.5061,0.0000,0.0000,2,25.59725,0.67593,0.67485,0.00000,0.00000,7933,8076,0.207190,0.207101
24.58,2.45600,-0.01209,0.08781,AUTO,MODEL_PROPOSAL,0.2000,-0.0049,0.5257,0.5245,0.0000,0.0000,2,25.59725,0.65726,0.65612,0.00000,0.00000,7946,8089,0.206727,0.206599
24.60,2.46012,-0.01173,0.08781,AUTO,MODEL_PROPOSAL,0.2000,-0.0049,0.5070,0.5058,0.0000,0.0000,2,25.59725,0.67571,0.67451,0.00000,0.00000,7960,8103,0.207111,0.206945
24.62,2.46424,-0.01137,0.08780,AUTO,MODEL_PROPOSAL,0.2000,-0.0049,0.5255,0.5242,0.0000,0.0000,2,25.59725,0.65703,0.65578,0.00000,0.00000,7973,8116,0.206647,0.206444
24.64,2.46836,-0.01101,0.08779,AUTO,MODEL_PROPOSAL,0.2000,-0.0049,0.5068,0.5055,0.0000,0.0000,2,25.59724,0.67547,0.67418,0.00000,0.00000,7987,8130,0.207029,0.206793
24.66,2.47248,-0.01064,0.08778,AUTO,MODEL_PROPOSAL,0.2000,-0.0049,0.5252,0.5239,0.0000,0.0000,2,25.59724,0.65679,0.65546,0.00000,0.00000,8000,8143,0.206563,0.206295
24.68,2.47660,-0.01028,0.08777,AUTO,MODEL_PROPOSAL,0.2000,-0.0049,0.5065,0.5051,0.0000,0.0000,2,25.59724,0.67523,0.67386,0.00000,0.00000,8014,8157,0.206944,0.206646
24.70,2.48071,-0.00992,0.08776,AUTO,MODEL_PROPOSAL,0.2000,-0.0049,0.5250,0.5235,0.0000,0.0000,2,25.59724,0.65654,0.65514,0.00000,0.00000,8027,8170,0.206477,0.206150
24.72,2.48482,-0.00956,0.08774,AUTO,MODEL_PROPOSAL,0.2000,-0.0049,0.5063,0.5048,0.0000,0.0000,2,25.59723,0.67497,0.67355,0.00000,0.00000,8041,8184,0.206856,0.206503
24.74,2.48893,-0.00920,0.08773,AUTO,MODEL_PROPOSAL,0.2000,-0.0049,0.5247,0.5232,0.0000,0.0000,2,25.59723,0.65628,0.65483,0.00000,0.00000,8054,8197,0.206387,0.206009
24.76,2.49305,-0.00883,0.08771,AUTO,MODEL_PROPOSAL,0.2000,-0.0049,0.5060,0.5045,0.0000,0.0000,2,25.59723,0.67471,0.67324,0.00000,0.00000,8068,8211,0.206764,0.206364
24.78,2.49716,-0.00847,0.08770,AUTO,MODEL_PROPOSAL,0.2000,-0.0048,0.5244,0.5229,0.0000,0.0000,2,25.59723,0.65601,0.65453,0.00000,0.00000,8081,8224,0.206293,0.205873
24.80,2.50127,-0.00811,0.08768,AUTO,MODEL_PROPOSAL,0.2000,-0.0048,0.5057,0.5230,0.0000,0.0000,2,25.59722,0.67444,0.67295,0.00000,0.00000,8095,8237,0.206669,0.206230
24.82,2.50538,-0.00775,0.08768,AUTO,MODEL_PROPOSAL,0.2000,-0.0048,0.5242,0.5042,0.0000,0.0000,2,25.59722,0.65574,0.67295,0.00000,0.00000,8108,8251,0.206197,0.206549
24.84,2.50949,-0.00739,0.08767,AUTO,MODEL_PROPOSAL,0.2000,-0.0048,0.5242,0.5226,0.0000,0.0000,2,25.59722,0.67420,0.65420,0.00000,0.00000,8121,8264,0.206573,0.206023
24.86,2.51361,-0.00703,0.08765,AUTO,MODEL_PROPOSAL,0.2000,-0.0048,0.5055,0.5039,0.0000,0.0000,2,25.59722,0.67423,0.67261,0.00000,0.00000,8135,8278,0.206910,0.206349
24.88,2.51771,-0.00667,0.08763,AUTO,MODEL_PROPOSAL,0.2000,-0.0048,0.5239,0.5223,0.0000,0.0000,2,25.59721,0.65552,0.65391,0.00000,0.00000,8148,8291,0.206402,0.205832
24.90,2.52183,-0.00630,0.08760,AUTO,MODEL_PROPOSAL,0.2000,-0.0047,0.5052,0.5036,0.0000,0.0000,2,25.59721,0.67393,0.67234,0.00000,0.00000,8162,8305,0.206745,0.206167
24.92,2.52593,-0.00594,0.08758,AUTO,MODEL_PROPOSAL,0.2000,-0.0047,0.5236,0.5221,0.0000,0.0000,2,25.59721,0.65522,0.65364,0.00000,0.00000,8175,8318,0.206242,0.205658
24.94,2.53004,-0.00558,0.08756,AUTO,MODEL_PROPOSAL,0.2000,-0.0047,0.5049,0.5221,0.0000,0.0000,2,25.59721,0.67364,0.67207,0.00000,0.00000,8189,8331,0.206589,0.206001
24.96,2.53415,-0.00522,0.08756,AUTO,MODEL_PROPOSAL,0.2000,-0.0047,0.5234,0.5033,0.0000,0.0000,2,25.59720,0.65493,0.67209,0.00000,0.00000,8202,8345,0.206090,0.206307
24.98,2.53826,-0.00486,0.08754,AUTO,MODEL_PROPOSAL,0.2000,-0.0047,0.5047,0.5218,0.0000,0.0000,2,25.59720,0.67338,0.65335,0.00000,0.00000,8216,8358,0.206442,0.205770
25.00,2.54236,-0.00450,0.08754,AUTO,MODEL_PROPOSAL,0.2000,-0.0047,0.5231,0.5030,0.0000,0.0000,2,25.59720,0.65468,0.67177,0.00000,0.00000,8229,8372,0.205949,0.206087
25.02,2.54646,-0.00414,0.08752,AUTO,MODEL_PROPOSAL,0.2000,-0.0046,0.5044,0.5215,0.0000,0.0000,2,25.59720,0.67313,0.65303,0.00000,0.00000,8243,8385,0.206306,0.205561
25.04,2.55057,-0.00378,0.08751,AUTO,MODEL_PROPOSAL,0.2000,-0.0046,0.5229,0.5027,0.0000,0.0000,2,25.59719,0.65442,0.67145,0.00000,0.00000,8256,8399,0.205816,0.205887
25.06,2.55467,-0.00342,0.08749,AUTO,MODEL_PROPOSAL,0.2000,-0.0046,0.5229,0.5212,0.0000,0.0000,2,25.59719,0.67287,0.65273,0.00000,0.00000,8269,8412,0.206176,0.205369
25.08,2.55877,-0.00306,0.08745,AUTO,MODEL_PROPOSAL,0.2000,-0.0045,0.5041,0.5212,0.0000,0.0000,2,25.59719,0.67287,0.67115,0.00000,0.00000,8283,8425,0.206497,0.205703
25.10,2.56287,-0.00270,0.08745,AUTO,MODEL_PROPOSAL,0.2000,-0.0045,0.5226,0.5025,0.0000,0.0000,2,25.59719,0.65414,0.67119,0.00000,0.00000,8296,8439,0.205974,0.206003
25.12,2.56698,-0.00234,0.08742,AUTO,MODEL_PROPOSAL,0.2000,-0.0045,0.5039,0.5209,0.0000,0.0000,2,25.59718,0.67259,0.65247,0.00000,0.00000,8310,8452,0.206305,0.205461
25.14,2.57108,-0.00198,0.08741,AUTO,MODEL_PROPOSAL,0.2000,-0.0045,0.5223,0.5022,0.0000,0.0000,2,25.59718,0.65387,0.67090,0.00000,0.00000,8323,8466,0.205791,0.205774
25.16,2.57518,-0.00162,0.08739,AUTO,MODEL_PROPOSAL,0.2000,-0.0045,0.5036,0.5206,0.0000,0.0000,2,25.59718,0.67231,0.65218,0.00000,0.00000,8337,8479,0.206129,0.205244
25.18,2.57927,-0.00127,0.08738,AUTO,MODEL_PROPOSAL,0.2000,-0.0045,0.5220,0.5206,0.0000,0.0000,2,25.59718,0.65359,0.67061,0.00000,0.00000,8350,8492,0.205622,0.205568
25.20,2.58337,-0.00091,0.08737,AUTO,MODEL_PROPOSAL,0.2000,-0.0045,0.5221,0.5019,0.0000,0.0000,2,25.59717,0.67202,0.67061,0.00000,0.00000,8363,8506,0.205967,0.205857
25.22,2.58747,-0.00055,0.08734,AUTO,MODEL_PROPOSAL,0.2000,-0.0044,0.5033,0.5203,0.0000,0.0000,2,25.59717,0.67206,0.65188,0.00000,0.00000,8377,8519,0.206275,0.205306
25.24,2.59157,-0.00019,0.08733,AUTO,MODEL_PROPOSAL,0.2000,-0.0044,0.5218,0.5016,0.0000,0.0000,2,25.59717,0.65334,0.67032,0.00000,0.00000,8390,8533,0.205742,0.205610
25.26,2.59567,0.00017,0.08730,AUTO,MODEL_PROPOSAL,0.2000,-0.0043,0.5030,0.5201,0.0000,0.0000,2,25.59717,0.67177,0.65161,0.00000,0.00000,8404,8546,0.206062,0.205074
25.28,2.59976,0.00053,0.08728,AUTO,MODEL_PROPOSAL,0.2000,-0.0043,0.5215,0.5201,0.0000,0.0000,2,25.59716,0.65304,0.67005,0.00000,0.00000,8417,8559,0.205539,0.205392
25.30,2.60386,0.00089,0.08728,AUTO,MODEL_PROPOSAL,0.2000,-0.0043,0.5028,0.5013,0.0000,0.0000,2,25.59716,0.67147,0.67005,0.00000,0.00000,8431,8573,0.205868,0.205676
25.32,2.60795,0.00124,0.08727,AUTO,MODEL_PROPOSAL,0.2000,-0.0043,0.5212,0.5197,0.0000,0.0000,2,25.59716,0.65278,0.65133,0.00000,0.00000,8444,8586,0.205354,0.205121
25.34,2.61205,0.00160,0.08726,AUTO,MODEL_PROPOSAL,0.2000,-0.0043,0.5212,0.5010,0.0000,0.0000,2,25.59716,0.67122,0.66973,0.00000,0.00000,8457,8600,0.205693,0.205420
25.36,2.61614,0.00196,0.08722,AUTO,MODEL_PROPOSAL,0.2000,-0.0043,0.5025,0.5195,0.0000,0.0000,2,25.59715,0.67125,0.65102,0.00000,0.00000,8471,8613,0.205996,0.204879
25.38,2.62023,0.00232,0.08720,AUTO,MODEL_PROPOSAL,0.2000,-0.0042,0.5209,0.5195,0.0000,0.0000,2,25.59715,0.65251,0.66947,0.00000,0.00000,8484,8626,0.205456,0.205193
25.40,2.62433,0.00268,0.08719,AUTO,MODEL_PROPOSAL,0.2000,-0.0042,0.5022,0.5008,0.0000,0.0000,2,25.59715,0.67093,0.66949,0.00000,0.00000,8498,8640,0.205771,0.205474
25.42,2.62842,0.00303,0.08718,AUTO,MODEL_PROPOSAL,0.2000,-0.0042,0.5207,0.5192,0.0000,0.0000,2,25.59715,0.65223,0.65077,0.00000,0.00000,8511,8653,0.205244,0.204916
25.44,2.63251,0.00339,0.08716,AUTO,MODEL_PROPOSAL,0.2000,-0.0042,0.5207,0.5192,0.0000,0.0000,2,25.59714,0.67066,0.66918,0.00000,0.00000,8524,8666,0.205571,0.205214
25.46,2.63660,0.00375,0.08715,AUTO,MODEL_PROPOSAL,0.2000,-0.0042,0.5020,0.5005,0.0000,0.0000,2,25.59714,0.67068,0.66919,0.00000,0.00000,8538,8680,0.205862,0.205480
25.48,2.64069,0.00411,0.08713,AUTO,MODEL_PROPOSAL,0.2000,-0.0042,0.5204,0.5189,0.0000,0.0000,2,25.59714,0.65198,0.65048,0.00000,0.00000,8551,8693,0.205315,0.204908
25.50,2.64478,0.00446,0.08712,AUTO,MODEL_PROPOSAL,0.2000,-0.0041,0.5017,0.5002,0.0000,0.0000,2,25.59714,0.67040,0.66890,0.00000,0.00000,8565,8707,0.205622,0.205195
25.52,2.64887,0.00482,0.08710,AUTO,MODEL_PROPOSAL,0.2000,-0.0041,0.5201,0.5186,0.0000,0.0000,2,25.59713,0.65170,0.65019,0.00000,0.00000,8578,8720,0.205089,0.204642
25.54,2.65295,0.00518,0.08708,AUTO,MODEL_PROPOSAL,0.2000,-0.0041,0.5201,0.5186,0.0000,0.0000,2,25.59713,0.67012,0.66861,0.00000,0.00000,8591,8733,0.205408,0.204945
25.56,2.65705,0.00553,0.08706,AUTO,MODEL_PROPOSAL,0.2000,-0.0041,0.5014,0.4999,0.0000,0.0000,2,25.59713,0.67013,0.66863,0.00000,0.00000,8605,8747,0.205694,0.205215
25.58,2.66113,0.00589,0.08704,AUTO,MODEL_PROPOSAL,0.2000,-0.0040,0.5198,0.5184,0.0000,0.0000,2,25.59713,0.65142,0.64993,0.00000,0.00000,8618,8760,0.205140,0.204649
25.60,2.66522,0.00625,0.08702,AUTO,MODEL_PROPOSAL,0.2000,-0.0040,0.5011,0.5184,0.0000,0.0000,2,25.59712,0.66984,0.66835,0.00000,0.00000,8632,8773,0.205442,0.204939
25.62,2.66931,0.00660,0.08702,AUTO,MODEL_PROPOSAL,0.2000,-0.0040,0.5196,0.4996,0.0000,0.0000,2,25.59712,0.65113,0.66837,0.00000,0.00000,8645,8787,0.204903,0.205200
25.64,2.67339,0.00696,0.08701,AUTO,MODEL_PROPOSAL,0.2000,-0.0040,0.5196,0.5180,0.0000,0.0000,2,25.59712,0.66959,0.64963,0.00000,0.00000,8658,8800,0.205220,0.204622
25.66,2.67748,0.00732,0.08699,AUTO,MODEL_PROPOSAL,0.2000,-0.0040,0.5009,0.5181,0.0000,0.0000,2,25.59712,0.66960,0.66804,0.00000,0.00000,8672,8813,0.205503,0.204902
25.68,2.68156,0.00767,0.08699,AUTO,MODEL_PROPOSAL,0.2000,-0.0040,0.5193,0.4993,0.0000,0.0000,2,25.59711,0.65089,0.66807,0.00000,0.00000,8685,8827,0.204947,0.205153
25.70,2.68565,0.00803,0.08697,AUTO,MODEL_PROPOSAL,0.2000,-0.0040,0.5193,0.5178,0.0000,0.0000,2,25.59711,0.66934,0.64933,0.00000,0.00000,8698,8840,0.205248,0.204568
25.72,2.68973,0.00839,0.08694,AUTO,MODEL_PROPOSAL,0.2000,-0.0039,0.5006,0.5178,0.0000,0.0000,2,25.59711,0.66935,0.66775,0.00000,0.00000,8712,8853,0.205517,0.204841
25.74,2.69382,0.00874,0.08694,AUTO,MODEL_PROPOSAL,0.2000,-0.0039,0.5191,0.4991,0.0000,0.0000,2,25.59711,0.65063,0.66779,0.00000,0.00000,8725,8867,0.204948,0.205087
25.76,2.69790,0.00910,0.08692,AUTO,MODEL_PROPOSAL,0.2000,-0.0039,0.5004,0.5175,0.0000,0.0000,2,25.59711,0.66907,0.64906,0.00000,0.00000,8739,8880,0.205238,0.204497
25.78,2.70198,0.00945,0.08691,AUTO,MODEL_PROPOSAL,0.2000,-0.0039,0.5188,0.4988,0.0000,0.0000,2,25.59710,0.65036,0.66748,0.00000,0.00000,8752,8894,0.204688,0.204766
25.80,2.70606,0.00981,0.08689,AUTO,MODEL_PROPOSAL,0.2000,-0.0039,0.5188,0.5172,0.0000,0.0000,2,25.59710,0.66880,0.64876,0.00000,0.00000,8765,8907,0.204994,0.204198
25.82,2.71014,0.01016,0.08686,AUTO,MODEL_PROPOSAL,0.2000,-0.0038,0.5001,0.5172,0.0000,0.0000,2,25.59710,0.66880,0.66719,0.00000,0.00000,8779,8920,0.205267,0.204487
25.84,2.71422,0.01052,0.08685,AUTO,MODEL_PROPOSAL,0.2000,-0.0038,0.5185,0.4985,0.0000,0.0000,2,25.59710,0.65007,0.66723,0.00000,0.00000,8792,8934,0.204701,0.204747
25.86,2.71829,0.01087,0.08683,AUTO,MODEL_PROPOSAL,0.2000,-0.0038,0.5185,0.5169,0.0000,0.0000,2,25.59709,0.66851,0.64851,0.00000,0.00000,8805,8947,0.204993,0.204170
25.88,2.72238,0.01123,0.08679,AUTO,MODEL_PROPOSAL,0.2000,-0.0037,0.4998,0.5170,0.0000,0.0000,2,25.59709,0.66851,0.66694,0.00000,0.00000,8819,8960,0.205253,0.204451
25.90,2.72645,0.01158,0.08679,AUTO,MODEL_PROPOSAL,0.2000,-0.0037,0.5182,0.4983,0.0000,0.0000,2,25.59709,0.64977,0.66698,0.00000,0.00000,8832,8974,0.204676,0.204704
25.92,2.73053,0.01194,0.08676,AUTO,MODEL_PROPOSAL,0.2000,-0.0037,0.5182,0.5167,0.0000,0.0000,2,25.59709,0.66821,0.64826,0.00000,0.00000,8845,8987,0.204957,0.204121
25.94,2.73461,0.01229,0.08673,AUTO,MODEL_PROPOSAL,0.2000,-0.0036,0.4995,0.5167,0.0000,0.0000,2,25.59708,0.66820,0.66670,0.00000,0.00000,8859,9000,0.205208,0.204398
25.96,2.73869,0.01265,0.08672,AUTO,MODEL_PROPOSAL,0.2000,-0.0036,0.5179,0.5167,0.0000,0.0000,2,25.59708,0.64947,0.66674,0.00000,0.00000,8872,9013,0.204623,0.204646
25.98,2.74277,0.01300,0.08672,AUTO,MODEL_PROPOSAL,0.2000,-0.0036,0.4992,0.4980,0.0000,0.0000,2,25.59708,0.66790,0.66674,0.00000,0.00000,8886,9027,0.204897,0.204868
26.00,2.74684,0.01336,0.08672,AUTO,MODEL_PROPOSAL,0.2000,-0.0036,0.5177,0.5164,0.0000,0.0000,2,25.59708,0.64923,0.64801,0.00000,0.00000,8899,9040,0.204335,0.204256
26.02,2.75092,0.01371,0.08671,AUTO,MODEL_PROPOSAL,0.2000,-0.0036,0.5177,0.5164,0.0000,0.0000,2,25.59707,0.66767,0.66640,0.00000,0.00000,8912,9053,0.204630,0.204505
26.04,2.75500,0.01407,0.08671,AUTO,MODEL_PROPOSAL,0.2000,-0.0036,0.4990,0.4977,0.0000,0.0000,2,25.59707,0.66770,0.66640,0.00000,0.00000,8926,9067,0.204895,0.204727
26.06,2.75907,0.01442,0.08670,AUTO,MODEL_PROPOSAL,0.2000,-0.0036,0.5175,0.5161,0.0000,0.0000,2,25.59707,0.64902,0.64768,0.00000,0.00000,8939,9080,0.204324,0.204116
26.08,2.76314,0.01477,0.08669,AUTO,MODEL_PROPOSAL,0.2000,-0.0036,0.5175,0.5161,0.0000,0.0000,2,25.59707,0.66745,0.66608,0.00000,0.00000,8952,9093,0.204611,0.204366
26.10,2.76722,0.01513,0.08668,AUTO,MODEL_PROPOSAL,0.2000,-0.0036,0.4988,0.4974,0.0000,0.0000,2,25.59706,0.66748,0.66608,0.00000,0.00000,8966,9107,0.204868,0.204589
26.12,2.77129,0.01548,0.08667,AUTO,MODEL_PROPOSAL,0.2000,-0.0036,0.5172,0.5158,0.0000,0.0000,2,25.59706,0.64878,0.64737,0.00000,0.00000,8979,9120,0.204290,0.203980
26.14,2.77536,0.01583,0.08665,AUTO,MODEL_PROPOSAL,0.2000,-0.0036,0.5172,0.5158,0.0000,0.0000,2,25.59706,0.66721,0.66578,0.00000,0.00000,8992,9133,0.204570,0.204232
26.16,2.77944,0.01619,0.08664,AUTO,MODEL_PROPOSAL,0.2000,-0.0036,0.4985,0.4971,0.0000,0.0000,2,25.59706,0.66723,0.66579,0.00000,0.00000,9006,9147,0.204820,0.204457
26.18,2.78351,0.01654,0.08662,AUTO,MODEL_PROPOSAL,0.2000,-0.0036,0.5169,0.5155,0.0000,0.0000,2,25.59705,0.64853,0.64708,0.00000,0.00000,9019,9160,0.204236,0.203849
26.20,2.78758,0.01690,0.08661,AUTO,MODEL_PROPOSAL,0.2000,-0.0035,0.5170,0.5155,0.0000,0.0000,2,25.59705,0.66695,0.66550,0.00000,0.00000,9032,9173,0.204511,0.204103
26.22,2.79165,0.01725,0.08659,AUTO,MODEL_PROPOSAL,0.2000,-0.0035,0.4983,0.4968,0.0000,0.0000,2,25.59705,0.66696,0.66551,0.00000,0.00000,9046,9187,0.204756,0.204330
26.24,2.79572,0.01760,0.08657,AUTO,MODEL_PROPOSAL,0.2000,-0.0035,0.5167,0.5152,0.0000,0.0000,2,25.59705,0.64825,0.64681,0.00000,0.00000,9059,9200,0.204167,0.203725
26.26,2.79978,0.01796,0.08656,AUTO,MODEL_PROPOSAL,0.2000,-0.0035,0.5167,0.5153,0.0000,0.0000,2,25.59704,0.66667,0.66524,0.00000,0.00000,9072,9213,0.204437,0.203981
26.28,2.80386,0.01831,0.08654,AUTO,MODEL_PROPOSAL,0.2000,-0.0035,0.4980,0.4966,0.0000,0.0000,2,25.59704,0.66667,0.66525,0.00000,0.00000,9086,9227,0.204678,0.204210
26.30,2.80792,0.01866,0.08652,AUTO,MODEL_PROPOSAL,0.2000,-0.0034,0.5164,0.5150,0.0000,0.0000,2,25.59704,0.64796,0.64656,0.00000,0.00000,9099,9240,0.204085,0.203606
26.32,2.81199,0.01901,0.08650,AUTO,MODEL_PROPOSAL,0.2000,-0.0034,0.5164,0.5150,0.0000,0.0000,2,25.59704,0.66638,0.66498,0.00000,0.00000,9112,9253,0.204351,0.203864
26.34,2.81606,0.01937,0.08648,AUTO,MODEL_PROPOSAL,0.2000,-0.0034,0.5164,0.5150,0.0000,0.0000,2,25.59703,0.66638,0.66500,0.00000,0.00000,9125,9266,0.204589,0.204095
26.36,2.82013,0.01972,0.08646,AUTO,MODEL_PROPOSAL,0.2000,-0.0033,0.4977,0.4963,0.0000,0.0000,2,25.59703,0.66638,0.66502,0.00000,0.00000,9139,9280,0.204801,0.204302
26.38,2.82420,0.02007,0.08644,AUTO,MODEL_PROPOSAL,0.2000,-0.0033,0.5161,0.5148,0.0000,0.0000,2,25.59703,0.64767,0.64633,0.00000,0.00000,9152,9293,0.204181,0.203679
26.40,2.82827,0.02042,0.08642,AUTO,MODEL_PROPOSAL,0.2000,-0.0033,0.5161,0.5148,0.0000,0.0000,2,25.59703,0.66608,0.66476,0.00000,0.00000,9165,9306,0.204425,0.203919
26.42,2.83234,0.02078,0.08640,AUTO,MODEL_PROPOSAL,0.2000,-0.0033,0.4974,0.4961,0.0000,0.0000,2,25.59702,0.66608,0.66478,0.00000,0.00000,9179,9320,0.204641,0.204134
26.44,2.83640,0.02113,0.08638,AUTO,MODEL_PROPOSAL,0.2000,-0.0032,0.5158,0.5145,0.0000,0.0000,2,25.59702,0.64737,0.64609,0.00000,0.00000,9192,9333,0.204026,0.203519
26.46,2.84046,0.02148,0.08636,AUTO,MODEL_PROPOSAL,0.2000,-0.0032,0.5158,0.5145,0.0000,0.0000,2,25.59702,0.66577,0.66452,0.00000,0.00000,9205,9346,0.204273,0.203766
26.48,2.84453,0.02183,0.08634,AUTO,MODEL_PROPOSAL,0.2000,-0.0032,0.4971,0.5146,0.0000,0.0000,2,25.59702,0.66578,0.66454,0.00000,0.00000,9219,9359,0.204493,0.203988
26.50,2.84860,0.02219,0.08634,AUTO,MODEL_PROPOSAL,0.2000,-0.0032,0.5155,0.4958,0.0000,0.0000,2,25.59701,0.64706,0.66457,0.00000,0.00000,9232,9373,0.203881,0.204186
26.52,2.85266,0.02254,0.08633,AUTO,MODEL_PROPOSAL,0.2000,-0.0032,0.5155,0.5142,0.0000,0.0000,2,25.59701,0.66551,0.64583,0.00000,0.00000,9245,9386,0.204132,0.203554
26.54,2.85673,0.02289,0.08631,AUTO,MODEL_PROPOSAL,0.2000,-0.0031,0.4968,0.5143,0.0000,0.0000,2,25.59701,0.66553,0.66425,0.00000,0.00000,9259,9399,0.204356,0.203786
26.56,2.86079,0.02324,0.08631,AUTO,MODEL_PROPOSAL,0.2000,-0.0031,0.5153,0.4955,0.0000,0.0000,2,25.59701,0.64681,0.66428,0.00000,0.00000,9272,9413,0.203748,0.203994
26.58,2.86485,0.02359,0.08629,AUTO,MODEL_PROPOSAL,0.2000,-0.0031,0.5153,0.5140,0.0000,0.0000,2,25.59700,0.66526,0.64554,0.00000,0.00000,9285,9426,0.204002,0.203370
26.60,2.86891,0.02394,0.08627,AUTO,MODEL_PROPOSAL,0.1996,-0.0031,0.4951,0.5126,0.0000,0.0000,2,25.59700,0.66526,0.66397,0.00000,0.00000,9299,9439,0.204229,0.203609
26.62,2.87297,0.02429,0.08627,AUTO,MODEL_PROPOSAL,0.1968,-0.0031,0.5029,0.5019,0.0000,0.0000,2,25.59700,0.64510,0.66256,0.00000,0.00000,9312,9452,0.203560,0.203762
26.64,2.87702,0.02464,0.08627,AUTO,MODEL_PROPOSAL,0.1939,-0.0031,0.4923,0.4725,0.0000,0.0000,2,25.59700,0.65292,0.65193,0.00000,0.00000,9325,9466,0.203302,0.203439
26.66,2.88106,0.02499,0.08625,AUTO,MODEL_PROPOSAL,0.1911,-0.0031,0.4816,0.4803,0.0000,0.0000,2,25.59700,0.64231,0.62253,0.00000,0.00000,9338,9479,0.202613,0.201880
26.68,2.88507,0.02534,0.08622,AUTO,MODEL_PROPOSAL,0.1883,-0.0030,0.4710,0.4697,0.0000,0.0000,2,25.59699,0.63164,0.63029,0.00000,0.00000,9351,9492,0.201538,0.200825
26.70,2.88906,0.02568,0.08619,AUTO,MODEL_PROPOSAL,0.1855,-0.0030,0.4416,0.4590,0.0000,0.0000,2,25.59699,0.62096,0.61966,0.00000,0.00000,9365,9505,0.200117,0.199425
26.72,2.89301,0.02603,0.08619,AUTO,MODEL_PROPOSAL,0.1827,-0.0030,0.4681,0.4484,0.0000,0.0000,2,25.59699,0.59157,0.60904,0.00000,0.00000,9377,9518,0.197579,0.197717
26.74,2.89692,0.02636,0.08617,AUTO,MODEL_PROPOSAL,0.1799,-0.0030,0.4391,0.4379,0.0000,0.0000,2,25.59699,0.61811,0.59842,0.00000,0.00000,9390,9531,0.196463,0.195735
26.76,2.90080,0.02670,0.08614,AUTO,MODEL_PROPOSAL,0.1772,-0.0029,0.4286,0.4461,0.0000,0.0000,2,25.59698,0.58913,0.58787,0.00000,0.00000,9403,9543,0.194215,0.193511
26.78,2.90463,0.02703,0.08614,AUTO,MODEL_PROPOSAL,0.1745,-0.0029,0.4181,0.4172,0.0000,0.0000,2,25.59698,0.57858,0.59610,0.00000,0.00000,9416,9556,0.191754,0.191883
26.80,2.90841,0.02736,0.08614,AUTO,MODEL_PROPOSAL,0.1719,-0.0030,0.4265,0.4255,0.0000,0.0000,2,25.59698,0.56814,0.56721,0.00000,0.00000,9428,9568,0.189107,0.189182
26.82,2.91215,0.02768,0.08614,AUTO,MODEL_PROPOSAL,0.1692,-0.0030,0.4165,0.3968,0.0000,0.0000,2,25.59698,0.57650,0.57551,0.00000,0.00000,9440,9581,0.187108,0.187132
26.84,2.91584,0.02800,0.08612,AUTO,MODEL_PROPOSAL,0.1666,-0.0029,0.4066,0.4052,0.0000,0.0000,2,25.59698,0.56652,0.54675,0.00000,0.00000,9452,9593,0.184894,0.184061
26.86,2.91948,0.02831,0.08609,AUTO,MODEL_PROPOSAL,0.1641,-0.0029,0.3967,0.4141,0.0000,0.0000,2,25.59697,0.55656,0.55525,0.00000,0.00000,9464,9604,0.182488,0.181689
26.88,2.92307,0.02862,0.08608,AUTO,MODEL_PROPOSAL,0.1616,-0.0029,0.3869,0.3859,0.0000,0.0000,2,25.59697,0.54666,0.56414,0.00000,0.00000,9476,9616,0.179914,0.179956
26.90,2.92662,0.02893,0.08608,AUTO,MODEL_PROPOSAL,0.1591,-0.0029,0.3772,0.3762,0.0000,0.0000,2,25.59697,0.53687,0.53592,0.00000,0.00000,9488,9628,0.177196,0.177192
26.92,2.93011,0.02923,0.08608,AUTO,MODEL_PROPOSAL,0.1566,-0.0029,0.3863,0.3853,0.0000,0.0000,2,25.59697,0.52718,0.52618,0.00000,0.00000,9499,9639,0.174352,0.174306
26.94,2.93355,0.02953,0.08608,AUTO,MODEL_PROPOSAL,0.1542,-0.0029,0.3771,0.3760,0.0000,0.0000,2,25.59697,0.53630,0.53526,0.00000,0.00000,9510,9650,0.172210,0.172123
26.96,2.93694,0.02982,0.08607,AUTO,MODEL_PROPOSAL,0.1518,-0.0029,0.3679,0.3481,0.0000,0.0000,2,25.59696,0.52708,0.52601,0.00000,0.00000,9521,9662,0.169900,0.169777
26.98,2.94028,0.03011,0.08604,AUTO,MODEL_PROPOSAL,0.1495,-0.0028,0.3588,0.3762,0.0000,0.0000,2,25.59696,0.51793,0.49811,0.00000,0.00000,9532,9672,0.167445,0.166479
27.00,2.94358,0.03039,0.08603,AUTO,MODEL_PROPOSAL,0.1472,-0.0028,0.3498,0.3488,0.0000,0.0000,2,25.59696,0.50883,0.52620,0.00000,0.00000,9543,9683,0.164862,0.164750
27.02,2.94682,0.03067,0.08602,AUTO,MODEL_PROPOSAL,0.1449,-0.0028,0.3409,0.3399,0.0000,0.0000,2,25.59696,0.49983,0.49880,0.00000,0.00000,9554,9694,0.162169,0.162025
27.04,2.95001,0.03095,0.08602,AUTO,MODEL_PROPOSAL,0.1426,-0.0028,0.3508,0.3498,0.0000,0.0000,2,25.59696,0.49093,0.48988,0.00000,0.00000,9564,9704,0.159382,0.159208
27.06,2.95315,0.03122,0.08601,AUTO,MODEL_PROPOSAL,0.1404,-0.0028,0.3424,0.3226,0.0000,0.0000,2,25.59696,0.50085,0.49977,0.00000,0.00000,9574,9715,0.157325,0.157123
27.08,2.95624,0.03148,0.08598,AUTO,MODEL_PROPOSAL,0.1383,-0.0027,0.3153,0.3327,0.0000,0.0000,2,25.59695,0.49243,0.47262,0.00000,0.00000,9585,9725,0.155126,0.154090
27.10,2.95928,0.03174,0.08596,AUTO,MODEL_PROPOSAL,0.1361,-0.0027,0.3442,0.3245,0.0000,0.0000,2,25.59695,0.46533,0.48272,0.00000,0.00000,9594,9735,0.151994,0.151822
27.12,2.96228,0.03200,0.08593,AUTO,MODEL_PROPOSAL,0.1340,-0.0027,0.3176,0.3351,0.0000,0.0000,2,25.59695,0.49419,0.47448,0.00000,0.00000,9604,9744,0.150447,0.149442
27.14,2.96524,0.03226,0.08591,AUTO,MODEL_PROPOSAL,0.1319,-0.0026,0.3094,0.3085,0.0000,0.0000,2,25.59695,0.46757,0.48506,0.00000,0.00000,9614,9754,0.147917,0.147776
27.16,2.96814,0.03251,0.08591,AUTO,MODEL_PROPOSAL,0.1299,-0.0026,0.3014,0.3005,0.0000,0.0000,2,25.59695,0.45945,0.45854,0.00000,0.00000,9624,9764,0.145310,0.145145
27.18,2.97100,0.03275,0.08590,AUTO,MODEL_PROPOSAL,0.1279,-0.0026,0.3122,0.3113,0.0000,0.0000,2,25.59695,0.45143,0.45051,0.00000,0.00000,9633,9773,0.142637,0.142451
27.20,2.97381,0.03300,0.08589,AUTO,MODEL_PROPOSAL,0.1259,-0.0026,0.3047,0.3037,0.0000,0.0000,2,25.59695,0.46222,0.46129,0.00000,0.00000,9642,9782,0.140720,0.140513
27.22,2.97658,0.03323,0.08588,AUTO,MODEL_PROPOSAL,0.1240,-0.0026,0.2972,0.2962,0.0000,0.0000,2,25.59694,0.45468,0.45373,0.00000,0.00000,9651,9791,0.138684,0.138458
27.24,2.97931,0.03347,0.08587,AUTO,MODEL_PROPOSAL,0.1220,-0.0026,0.2898,0.2888,0.0000,0.0000,2,25.59694,0.44719,0.44624,0.00000,0.00000,9660,9800,0.136544,0.136302
27.26,2.98199,0.03370,0.08586,AUTO,MODEL_PROPOSAL,0.1202,-0.0026,0.2824,0.2815,0.0000,0.0000,2,25.59694,0.43978,0.43883,0.00000,0.00000,9669,9809,0.134316,0.134058
27.28,2.98463,0.03393,0.08585,AUTO,MODEL_PROPOSAL,0.1183,-0.0026,0.2752,0.2929,0.0000,0.0000,2,25.59694,0.43244,0.43149,0.00000,0.00000,9678,9817,0.132011,0.131740
27.30,2.98723,0.03415,0.08587,AUTO,MODEL_PROPOSAL,0.1165,-0.0026,0.2868,0.2673,0.0000,0.0000,2,25.59694,0.42519,0.44295,0.00000,0.00000,9686,9826,0.129641,0.130167
27.32,2.98979,0.03437,0.08586,AUTO,MODEL_PROPOSAL,0.1147,-0.0026,0.2800,0.2789,0.0000,0.0000,2,25.59694,0.43676,0.41731,0.00000,0.00000,9694,9834,0.128028,0.127656
27.34,2.99231,0.03459,0.08585,AUTO,MODEL_PROPOSAL,0.1129,-0.0026,0.2545,0.2534,0.0000,0.0000,2,25.59694,0.42996,0.42890,0.00000,0.00000,9703,9843,0.126295,0.125917
27.36,2.99478,0.03480,0.08583,COLLECT,PICKUP_START,0.0800,0.0000,0.2145,0.2134,0.6000,0.4500,2,25.59693,0.40449,0.40345,0.00000,0.00000,9711,9851,0.123648,0.123267
27.38,2.99718,0.03501,0.08581,COLLECT,PICKUP_ACTIVE,0.0800,0.0000,0.1745,0.1734,0.6000,0.4500,2,25.59693,0.36449,0.36345,0.90000,0.60000,9719,9858,0.119559,0.119174
27.40,2.99948,0.03521,0.08580,COLLECT,PICKUP_ACTIVE,0.0800,0.0000,0.1649,0.1502,0.6000,0.4500,2,25.59693,0.32449,0.32345,0.90000,0.60000,9726,9866,0.114183,0.113795
27.42,3.00167,0.03539,0.08577,COLLECT,PICKUP_ACTIVE,0.0800,0.0000,0.1643,0.1681,0.6000,0.4500,2,25.59692,0.31489,0.30021,0.90000,0.60000,9733,9873,0.108973,0.107992
27.44,3.00376,0.03557,0.08573,COLLECT,PICKUP_ACTIVE,0.0800,0.0000,0.1638,0.1675,0.6000,0.4500,2,25.59692,0.31434,0.31807,0.90000,0.60000,9740,9880,0.104303,0.103589
27.46,3.00577,0.03575,0.08571,COLLECT,PICKUP_ACTIVE,0.0800,0.0000,0.1632,0.1857,0.6000,0.4500,2,25.59692,0.31379,0.31752,0.90000,0.60000,9747,9886,0.100113,0.099637
27.48,3.00771,0.03591,0.08573,COLLECT,PICKUP_ACTIVE,0.0800,0.0000,0.1814,0.1667,0.6000,0.4500,2,25.59691,0.31325,0.33568,0.90000,0.60000,9753,9893,0.096352,0.096897
27.50,3.00959,0.03607,0.08573,COLLECT,PICKUP_ACTIVE,0.0800,0.0000,0.1812,0.1849,0.6000,0.4500,2,25.59691,0.33141,0.31673,0.90000,0.60000,9759,9899,0.093782,0.093634
27.52,3.01143,0.03623,0.08573,COLLECT,PICKUP_ACTIVE,0.0800,0.0000,0.1809,0.1847,0.6000,0.4500,2,25.59691,0.33117,0.33490,0.90000,0.60000,9765,9905,0.091480,0.091509
27.54,3.01322,0.03639,0.08573,COLLECT,PICKUP_ACTIVE,0.0800,0.0000,0.1807,0.1844,0.6000,0.4500,2,25.59690,0.33093,0.33466,0.90000,0.60000,9771,9911,0.089416,0.089603
27.56,3.01498,0.03654,0.08574,COLLECT,PICKUP_ACTIVE,0.0800,0.0000,0.1804,0.1842,0.6000,0.4500,2,25.59690,0.33069,0.33441,0.90000,0.60000,9777,9917,0.087564,0.087892
27.58,3.01670,0.03669,0.08576,COLLECT,PICKUP_ACTIVE,0.0800,0.0000,0.1989,0.2026,0.6000,0.4500,2,25.59690,0.33045,0.33417,0.90000,0.60000,9782,9922,0.085902,0.086355
27.60,3.01841,0.03683,0.08578,COLLECT,PICKUP_ACTIVE,0.0800,0.0000,0.1803,0.1840,0.6000,0.4500,2,25.59689,0.34892,0.35265,0.90000,0.60000,9788,9928,0.085218,0.085783
27.62,3.02009,0.03698,0.08581,COLLECT,PICKUP_ACTIVE,0.0800,0.0000,0.1800,0.2025,0.6000,0.4500,2,25.59689,0.33027,0.33400,0.90000,0.60000,9794,9933,0.083802,0.084467
27.64,3.02175,0.03712,0.08586,COLLECT,PICKUP_ACTIVE,0.0800,0.0000,0.1985,0.1838,0.6000,0.4500,2,25.59689,0.33003,0.35247,0.90000,0.60000,9799,9939,0.082529,0.084091
27.66,3.02340,0.03726,0.08590,COLLECT,PICKUP_ACTIVE,0.0800,0.0000,0.1986,0.2023,0.6000,0.4500,2,25.59688,0.34851,0.33382,0.90000,0.60000,9804,9944,0.082191,0.082951
27.68,3.02504,0.03740,0.08593,COLLECT,PICKUP_ACTIVE,0.0800,0.0000,0.1799,0.1836,0.6000,0.4500,2,25.59688,0.34857,0.35230,0.90000,0.60000,9810,9950,0.081893,0.082731
27.70,3.02667,0.03754,0.08597,COLLECT,PICKUP_ACTIVE,0.0800,0.0000,0.1984,0.2021,0.6000,0.4500,2,25.59688,0.32992,0.33365,0.90000,0.60000,9815,9955,0.080821,0.081730
27.72,3.02829,0.03768,0.08601,COLLECT,PICKUP_ACTIVE,0.0800,0.0000,0.1985,0.2022,0.6000,0.4500,2,25.59687,0.34840,0.35212,0.90000,0.60000,9820,9960,0.080663,0.081635
27.74,3.02990,0.03782,0.08605,COLLECT,PICKUP_ACTIVE,0.0800,0.0000,0.1985,0.1835,0.6000,0.4500,2,25.59687,0.34846,0.35219,0.90000,0.60000,9825,9966,0.080525,0.081553
27.76,3.03151,0.03796,0.08606,COLLECT,PICKUP_ACTIVE,0.0800,0.0000,0.1799,0.2020,0.6000,0.4500,2,25.59687,0.34853,0.33354,0.90000,0.60000,9831,9971,0.080405,0.080674
27.78,3.03311,0.03810,0.08610,COLLECT,PICKUP_ACTIVE,0.0800,0.0000,0.1984,0.2021,0.6000,0.4500,2,25.59686,0.32988,0.35201,0.90000,0.60000,9836,9976,0.079492,0.080688
27.80,3.03470,0.03824,0.08615,COLLECT,PICKUP_ACTIVE,0.0800,0.0000,0.1984,0.2021,0.6000,0.4500,2,25.59686,0.34836,0.35208,0.90000,0.60000,9841,9981,0.079476,0.080704
27.82,3.03630,0.03837,0.08620,COLLECT,PICKUP_ACTIVE,0.0800,0.0000,0.1985,0.1835,0.6000,0.4500,2,25.59686,0.34842,0.35215,0.90000,0.60000,9846,9987,0.079464,0.080720
27.84,3.03789,0.03851,0.08623,COLLECT,PICKUP_ACTIVE,0.0800,0.0000,0.1986,0.2020,0.6000,0.4500,2,25.59685,0.34849,0.33350,0.90000,0.60000,9851,9992,0.079457,0.079929
27.86,3.03948,0.03865,0.08625,COLLECT,PICKUP_ACTIVE,0.0800,0.0000,0.1799,0.2020,0.6000,0.4500,2,25.59685,0.34855,0.35197,0.90000,0.60000,9857,9997,0.079453,0.080022
27.88,3.04106,0.03879,0.08630,COLLECT,PICKUP_ACTIVE,0.0800,0.0000,0.1984,0.2021,0.6000,0.4500,2,25.59685,0.32991,0.35204,0.90000,0.60000,9862,10002,0.078644,0.080108
27.90,3.04264,0.03892,0.08636,COLLECT,PICKUP_ACTIVE,0.0800,0.0000,0.1984,0.1835,0.6000,0.4500,2,25.59684,0.34838,0.35210,0.90000,0.60000,9867,10008,0.078720,0.080187
27.92,3.04422,0.03906,0.08639,COLLECT,PICKUP_ACTIVE,0.0800,0.0000,0.1985,0.2019,0.6000,0.4500,2,25.59684,0.34845,0.33346,0.90000,0.60000,9872,10013,0.078791,0.079452
27.94,3.04580,0.03920,0.08642,COLLECT,PICKUP_ACTIVE,0.0800,0.0000,0.1986,0.2020,0.6000,0.4500,2,25.59684,0.34851,0.35193,0.90000,0.60000,9877,10018,0.078858,0.079595
27.96,3.04738,0.03933,0.08645,COLLECT,PICKUP_ACTIVE,0.0800,0.0000,0.1986,0.2021,0.6000,0.4500,2,25.59683,0.34858,0.35200,0.90000,0.60000,9882,10023,0.078919,0.079725
27.98,3.04896,0.03947,0.08649,COLLECT,PICKUP_ACTIVE,0.0800,0.0000,0.1987,0.2021,0.6000,0.4500,2,25.59683,0.34864,0.35206,0.90000,0.60000,9887,10028,0.078978,0.079844
28.00,3.05055,0.03961,0.08652,COLLECT,PICKUP_ACTIVE,0.0800,0.0000,0.1801,0.1835,0.6000,0.4500,2,25.59682,0.34871,0.35213,0.90000,0.60000,9893,10034,0.079032,0.079952
28.02,3.05212,0.03974,0.08656,COLLECT,PICKUP_ACTIVE,0.0800,0.0000,0.1985,0.2020,0.6000,0.4500,2,25.59682,0.33006,0.33348,0.90000,0.60000,9898,10039,0.078275,0.079244
28.04,3.05369,0.03988,0.08660,COLLECT,PICKUP_ACTIVE,0.0800,0.0000,0.1986,0.2020,0.6000,0.4500,2,25.59682,0.34853,0.35195,0.90000,0.60000,9903,10044,0.078398,0.079410
28.06,3.05526,0.04002,0.08664,COLLECT,PICKUP_ACTIVE,0.0800,0.0000,0.1987,0.2021,0.6000,0.4500,2,25.59681,0.34860,0.35202,0.90000,0.60000,9908,10049,0.078511,0.079561
28.08,3.05684,0.04015,0.08669,COLLECT,PICKUP_ACTIVE,0.0800,0.0000,0.1987,0.2022,0.6000,0.4500,2,25.59681,0.34867,0.35208,0.90000,0.60000,9913,10054,0.078614,0.079698
28.10,3.05842,0.04029,0.08673,COLLECT,PICKUP_ACTIVE,0.0800,0.0000,0.1988,0.1835,0.6000,0.4500,2,25.59681,0.34873,0.35215,0.90000,0.60000,9918,10060,0.078709,0.079824
28.12,3.05999,0.04043,0.08675,COLLECT,PICKUP_ACTIVE,0.0800,0.0000,0.1989,0.2020,0.6000,0.4500,2,25.59680,0.34880,0.33350,0.90000,0.60000,9923,10065,0.078797,0.079130
28.14,3.06157,0.04057,0.08677,COLLECT,PICKUP_ACTIVE,0.0800,0.0000,0.1989,0.2020,0.6000,0.4500,2,25.59680,0.34886,0.35198,0.90000,0.60000,9928,10070,0.078877,0.079309
28.16,3.06315,0.04070,0.08679,COLLECT,PICKUP_ACTIVE,0.0800,0.0000,0.1803,0.2021,0.6000,0.4500,2,25.59680,0.34893,0.35204,0.90000,0.60000,9934,10075,0.078953,0.079472
28.18,3.06472,0.04084,0.08684,COLLECT,PICKUP_ACTIVE,0.0800,0.0000,0.1988,0.2022,0.6000,0.4500,2,25.59679,0.33028,0.35211,0.90000,0.60000,9939,10080,0.078214,0.079620
28.20,3.06630,0.04098,0.08689,COLLECT,PICKUP_ACTIVE,0.0800,0.0000,0.1988,0.2022,0.6000,0.4500,2,25.59679,0.34876,0.35217,0.90000,0.60000,9944,10085,0.078353,0.079755
28.22,3.06787,0.04111,0.08695,COLLECT,PICKUP_ACTIVE,0.0800,0.0000,0.1989,0.1836,0.6000,0.4500,2,25.59679,0.34882,0.35224,0.90000,0.60000,9949,10091,0.078480,0.079878
28.24,3.06945,0.04125,0.08698,COLLECT,PICKUP_ACTIVE,0.0800,0.0000,0.1990,0.2021,0.6000,0.4500,2,25.59678,0.34889,0.33359,0.90000,0.60000,9954,10096,0.078596,0.079183
28.26,3.07102,0.04139,0.08701,COLLECT,PICKUP_ACTIVE,0.0800,0.0000,0.1990,0.2021,0.6000,0.4500,2,25.59678,0.34895,0.35207,0.90000,0.60000,9959,10101,0.078703,0.079360
28.28,3.07260,0.04153,0.08703,COLLECT,PICKUP_ACTIVE,0.0800,0.0000,0.1991,0.2022,0.6000,0.4500,2,25.59678,0.34902,0.35213,0.90000,0.60000,9964,10106,0.078800,0.079521
28.30,3.07417,0.04166,0.08706,COLLECT,PICKUP_ACTIVE,0.0800,0.0000,0.1992,0.2023,0.6000,0.4500,2,25.59677,0.34909,0.35220,0.90000,0.60000,9969,10111,0.078890,0.079668
28.32,3.07576,0.04180,0.08710,COLLECT,PICKUP_ACTIVE,0.0800,0.0000,0.1805,0.1836,0.6000,0.4500,2,25.59677,0.34915,0.35226,0.90000,0.60000,9975,10117,0.078974,0.079802
28.34,3.07733,0.04194,0.08713,COLLECT,PICKUP_ACTIVE,0.0800,0.0000,0.1990,0.2021,0.6000,0.4500,2,25.59677,0.33050,0.33361,0.90000,0.60000,9980,10122,0.078242,0.079115
28.36,3.07890,0.04208,0.08717,COLLECT,PICKUP_ACTIVE,0.0800,0.0000,0.1990,0.2022,0.6000,0.4500,2,25.59676,0.34898,0.35209,0.90000,0.60000,9985,10127,0.078388,0.079301
28.38,3.08047,0.04221,0.08720,COLLECT,PICKUP_ACTIVE,0.0800,0.0000,0.1991,0.2022,0.6000,0.4500,2,25.59676,0.34904,0.35215,0.90000,0.60000,9990,10132,0.078521,0.079470
28.40,3.08205,0.04235,0.08724,COLLECT,PICKUP_ACTIVE,0.0800,0.0000,0.1992,0.2023,0.6000,0.4500,2,25.59676,0.34911,0.35222,0.90000,0.60000,9995,10137,0.078642,0.079623
28.42,3.08362,0.04249,0.08728,COLLECT,PICKUP_ACTIVE,0.0800,0.0000,0.1992,0.2024,0.6000,0.4500,2,25.59675,0.34918,0.35229,0.90000,0.60000,10000,10142,0.078753,0.079762
28.44,3.08521,0.04263,0.08733,COLLECT,PICKUP_ACTIVE,0.0800,0.0000,0.1993,0.1837,0.6000,0.4500,2,25.59675,0.34924,0.35235,0.90000,0.60000,10005,10148,0.078855,0.079890
28.46,3.08678,0.04277,0.08734,COLLECT,PICKUP_ACTIVE,0.0800,0.0000,0.1994,0.2022,0.6000,0.4500,2,25.59675,0.34931,0.33370,0.90000,0.60000,10010,10153,0.078949,0.079197
28.48,3.08836,0.04290,0.08736,COLLECT,PICKUP_ACTIVE,0.0800,0.0000,0.1807,0.2022,0.6000,0.4500,2,25.59674,0.34937,0.35218,0.90000,0.60000,10016,10158,0.079035,0.079378
28.50,3.08993,0.04304,0.08740,COLLECT,PICKUP_ACTIVE,0.0800,0.0000,0.1992,0.2023,0.6000,0.4500,2,25.59674,0.33072,0.35224,0.90000,0.60000,10021,10163,0.078307,0.079542
28.52,3.09151,0.04318,0.08745,COLLECT,PICKUP_ACTIVE,0.0800,0.0000,0.1993,0.2024,0.6000,0.4500,2,25.59673,0.34920,0.35231,0.90000,0.60000,10026,10168,0.078455,0.079692
28.54,3.09309,0.04332,0.08750,COLLECT,PICKUP_ACTIVE,0.0800,0.0000,0.1993,0.1837,0.6000,0.4500,2,25.59673,0.34926,0.35238,0.90000,0.60000,10031,10174,0.078590,0.079828
28.56,3.09466,0.04346,0.08752,COLLECT,PICKUP_ACTIVE,0.0800,0.0000,0.1994,0.2022,0.6000,0.4500,2,25.59673,0.34933,0.33373,0.90000,0.60000,10036,10179,0.078713,0.079143
28.58,3.09623,0.04360,0.08754,COLLECT,PICKUP_ACTIVE,0.0800,0.0000,0.1995,0.2023,0.6000,0.4500,2,25.59672,0.34940,0.35220,0.90000,0.60000,10041,10184,0.078826,0.079331
28.60,3.09781,0.04373,0.08756,COLLECT,PICKUP_ACTIVE,0.0800,0.0000,0.1995,0.2023,0.6000,0.4500,2,25.59672,0.34946,0.35227,0.90000,0.60000,10046,10189,0.078930,0.079501
28.62,3.09939,0.04387,0.08759,COLLECT,PICKUP_ACTIVE,0.0800,0.0000,0.1809,0.2024,0.6000,0.4500,2,25.59672,0.34953,0.35233,0.90000,0.60000,10052,10194,0.079025,0.079656
28.64,3.10097,0.04401,0.08764,COLLECT,PICKUP_ACTIVE,0.0800,0.0000,0.1994,0.1838,0.6000,0.4500,2,25.59671,0.33088,0.35240,0.90000,0.60000,10057,10200,0.078304,0.079797
28.66,3.10254,0.04415,0.08767,COLLECT,PICKUP_ACTIVE,0.0800,0.0000,0.1994,0.2022,0.6000,0.4500,2,25.59671,0.34935,0.33375,0.90000,0.60000,10062,10205,0.078460,0.079116
28.68,3.10411,0.04429,0.08770,COLLECT,PICKUP_ACTIVE,0.0800,0.0000,0.1995,0.2023,0.6000,0.4500,2,25.59671,0.34942,0.35222,0.90000,0.60000,10067,10210,0.078601,0.079308
28.70,3.10569,0.04443,0.08773,COLLECT,PICKUP_ACTIVE,0.0800,0.0000,0.1996,0.2024,0.6000,0.4500,2,25.59670,0.34949,0.35229,0.90000,0.60000,10072,10215,0.078730,0.079482
28.72,3.10727,0.04456,0.08776,COLLECT,PICKUP_ACTIVE,0.0800,0.0000,0.1996,0.2024,0.6000,0.4500,2,25.59670,0.34955,0.35236,0.90000,0.60000,10077,10220,0.078848,0.079640
28.74,3.10885,0.04470,0.08779,COLLECT,PICKUP_ACTIVE,0.0800,0.0000,0.1997,0.2025,0.6000,0.4500,2,25.59670,0.34962,0.35242,0.90000,0.60000,10082,10225,0.078956,0.079783
28.76,3.11043,0.04484,0.08783,COLLECT,PICKUP_ACTIVE,0.0800,0.0000,0.1998,0.1838,0.6000,0.4500,2,25.59669,0.34968,0.35249,0.90000,0.60000,10087,10231,0.079055,0.079914
28.78,3.11201,0.04498,0.08784,COLLECT,PICKUP_ACTIVE,0.0800,0.0000,0.1811,0.2023,0.6000,0.4500,2,25.59669,0.34975,0.33384,0.90000,0.60000,10093,10236,0.079146,0.079225
28.80,3.11358,0.04512,0.08787,COLLECT,PICKUP_ACTIVE,0.0800,0.0000,0.1996,0.2024,0.6000,0.4500,2,25.59669,0.33110,0.35231,0.90000,0.60000,10098,10241,0.078422,0.079409
28.82,3.11516,0.04526,0.08791,COLLECT,PICKUP_ACTIVE,0.0800,0.0000,0.1996,0.2024,0.6000,0.4500,2,25.59668,0.34958,0.35238,0.90000,0.60000,10103,10246,0.078574,0.079576
28.84,3.11673,0.04540,0.08795,COLLECT,PICKUP_ACTIVE,0.0800,0.0000,0.1997,0.2025,0.6000,0.4500,2,25.59668,0.34964,0.35245,0.90000,0.60000,10108,10251,0.078712,0.079727
28.86,3.11831,0.04554,0.08799,COLLECT,PICKUP_ACTIVE,0.0800,0.0000,0.1998,0.1839,0.6000,0.4500,2,25.59668,0.34971,0.35251,0.90000,0.60000,10113,10257,0.078839,0.079865
28.88,3.11989,0.04568,0.08801,COLLECT,PICKUP_ACTIVE,0.0800,0.0000,0.1998,0.2023,0.6000,0.4500,2,25.59667,0.34977,0.33386,0.90000,0.60000,10118,10262,0.078955,0.079182
28.90,3.12147,0.04582,0.08802,COLLECT,PICKUP_ACTIVE,0.0800,0.0000,0.1999,0.2024,0.6000,0.4500,2,25.59667,0.34984,0.35234,0.90000,0.60000,10123,10267,0.079061,0.079372
28.92,3.12305,0.04596,0.08803,COLLECT,PICKUP_ACTIVE,0.0800,0.0000,0.1813,0.2025,0.6000,0.4500,2,25.59667,0.34991,0.35240,0.90000,0.60000,10129,10272,0.079158,0.079543
28.94,3.12462,0.04610,0.08808,COLLECT,PICKUP_ACTIVE,0.0800,0.0000,0.1997,0.2025,0.6000,0.4500,2,25.59666,0.33126,0.35247,0.90000,0.60000,10134,10277,0.078439,0.079699
28.96,3.12620,0.04623,0.08813,COLLECT,PICKUP_ACTIVE,0.0800,0.0000,0.1998,0.2026,0.6000,0.4500,2,25.59666,0.34973,0.35254,0.90000,0.60000,10139,10282,0.078596,0.079841
28.98,3.12778,0.04637,0.08817,COLLECT,PICKUP_ACTIVE,0.0800,0.0000,0.1999,0.1840,0.6000,0.4500,2,25.59665,0.34980,0.35260,0.90000,0.60000,10144,10288,0.078739,0.079971
29.00,3.12936,0.04651,0.08820,COLLECT,PICKUP_ACTIVE,0.0800,0.0000,0.1999,0.2024,0.6000,0.4500,2,25.59665,0.34986,0.33395,0.90000,0.60000,10149,10293,0.078869,0.079281
29.02,3.13094,0.04665,0.08822,COLLECT,PICKUP_ACTIVE,0.0800,0.0000,0.2000,0.2025,0.6000,0.4500,2,25.59665,0.34993,0.35243,0.90000,0.60000,10154,10298,0.078988,0.079463
29.04,3.13252,0.04679,0.08824,COLLECT,PICKUP_ACTIVE,0.0800,0.0000,0.2001,0.2026,0.6000,0.4500,2,25.59664,0.34999,0.35249,0.90000,0.60000,10159,10303,0.079097,0.079629
29.06,3.13410,0.04693,0.08826,COLLECT,PICKUP_ACTIVE,0.0800,0.0000,0.1814,0.2026,0.6000,0.4500,2,25.59664,0.35006,0.35256,0.90000,0.60000,10165,10308,0.079197,0.079780
29.08,3.13568,0.04707,0.08831,COLLECT,PICKUP_ACTIVE,0.0800,0.0000,0.1999,0.1840,0.6000,0.4500,2,25.59664,0.33141,0.35262,0.90000,0.60000,10170,10314,0.078481,0.079917
29.10,3.13725,0.04721,0.08834,COLLECT,PICKUP_ACTIVE,0.0800,0.0000,0.2000,0.2024,0.6000,0.4500,2,25.59663,0.34989,0.33398,0.90000,0.60000,10175,10319,0.078640,0.079233
29.12,3.13883,0.04735,0.08837,COLLECT,PICKUP_ACTIVE,0.0800,0.0000,0.2000,0.2025,0.6000,0.4500,2,25.59663,0.34995,0.35245,0.90000,0.60000,10180,10324,0.078785,0.079422
29.14,3.14041,0.04749,0.08839,COLLECT,PICKUP_ACTIVE,0.0800,0.0000,0.2001,0.2026,0.6000,0.4500,2,25.59663,0.35002,0.35252,0.90000,0.60000,10185,10329,0.078917,0.079593
29.16,3.14199,0.04763,0.08842,COLLECT,PICKUP_ACTIVE,0.0800,0.0000,0.2002,0.2026,0.6000,0.4500,2,25.59662,0.35008,0.35258,0.90000,0.60000,10190,10334,0.079038,0.079749
29.18,3.14357,0.04777,0.08845,COLLECT,PICKUP_ACTIVE,0.0800,0.0000,0.2002,0.1840,0.6000,0.4500,2,25.59662,0.35015,0.35265,0.90000,0.60000,10195,10340,0.079148,0.079890
29.20,3.14515,0.04791,0.08846,COLLECT,PICKUP_ACTIVE,0.0800,0.0000,0.1816,0.2025,0.6000,0.4500,2,25.59662,0.35022,0.33400,0.90000,0.60000,10201,10345,0.079249,0.079211
29.22,3.14673,0.04805,0.08848,COLLECT,PICKUP_ACTIVE,0.0800,0.0000,0.2000,0.2025,0.6000,0.4500,2,25.59661,0.33157,0.35247,0.90000,0.60000,10206,10350,0.078534,0.079403
29.24,3.14830,0.04819,0.08852,COLLECT,PICKUP_ACTIVE,0.0800,0.0000,0.2001,0.2026,0.6000,0.4500,2,25.59661,0.35004,0.35254,0.90000,0.60000,10211,10355,0.078694,0.079577
29.26,3.14988,0.04833,0.08855,COLLECT,PICKUP_ACTIVE,0.0800,0.0000,0.2002,0.2027,0.6000,0.4500,2,25.59661,0.35011,0.35261,0.90000,0.60000,10216,10360,0.078840,0.079735
29.28,3.15146,0.04847,0.08859,COLLECT,PICKUP_ACTIVE,0.0800,0.0000,0.2002,0.1840,0.6000,0.4500,2,25.59660,0.35017,0.35267,0.90000,0.60000,10221,10366,0.078973,0.079879
29.30,3.15304,0.04861,0.08860,COLLECT,PICKUP_ACTIVE,0.0800,0.0000,0.2003,0.2025,0.6000,0.4500,2,25.59660,0.35024,0.33402,0.90000,0.60000,10226,10371,0.079094,0.079202
29.32,3.15462,0.04875,0.08861,COLLECT,PICKUP_ACTIVE,0.0800,0.0000,0.2004,0.2026,0.6000,0.4500,2,25.59660,0.35031,0.35250,0.90000,0.60000,10231,10376,0.079205,0.079396
29.34,3.15620,0.04889,0.08862,COLLECT,PICKUP_ACTIVE,0.0800,0.0000,0.1817,0.2026,0.6000,0.4500,2,25.59659,0.35037,0.35256,0.90000,0.60000,10237,10381,0.079307,0.079572
29.36,3.15778,0.04903,0.08866,COLLECT,PICKUP_ACTIVE,0.0800,0.0000,0.2002,0.2027,0.6000,0.4500,2,25.59659,0.33172,0.35263,0.90000,0.60000,10242,10386,0.078592,0.079732
29.38,3.15936,0.04917,0.08870,COLLECT,PICKUP_ACTIVE,0.0800,0.0000,0.2003,0.2028,0.6000,0.4500,2,25.59659,0.35020,0.35269,0.90000,0.60000,10247,10391,0.078753,0.079877
29.40,3.16094,0.04932,0.08875,COLLECT,PICKUP_ACTIVE,0.0800,0.0000,0.2003,0.1841,0.6000,0.4500,2,25.59658,0.35026,0.35276,0.90000,0.60000,10252,10397,0.078899,0.080010
29.42,3.16252,0.04946,0.08877,COLLECT,PICKUP_ACTIVE,0.0800,0.0000,0.2004,0.2026,0.6000,0.4500,2,25.59658,0.35033,0.33411,0.90000,0.60000,10257,10402,0.079032,0.079322
29.44,3.16410,0.04960,0.08878,COLLECT,PICKUP_ACTIVE,0.0800,0.0000,0.2005,0.2027,0.6000,0.4500,2,25.59658,0.35039,0.35259,0.90000,0.60000,10262,10407,0.079154,0.079507
29.46,3.16568,0.04974,0.08880,COLLECT,PICKUP_ACTIVE,0.0800,0.0000,0.2005,0.2027,0.6000,0.4500,2,25.59657,0.35046,0.35265,0.90000,0.60000,10267,10412,0.079265,0.079675
29.48,3.16727,0.04988,0.08881,COLLECT,PICKUP_ACTIVE,0.0800,0.0000,0.1819,0.2028,0.6000,0.4500,2,25.59657,0.35053,0.35272,0.90000,0.60000,10273,10417,0.079367,0.079828
29.50,3.16885,0.05002,0.08886,COLLECT,PICKUP_ACTIVE,0.0800,0.0000,0.2004,0.1841,0.6000,0.4500,2,25.59656,0.33188,0.35278,0.90000,0.60000,10278,10423,0.078652,0.079966
29.52,3.17042,0.05016,0.08888,COLLECT,PICKUP_ACTIVE,0.0800,0.0000,0.2004,0.2026,0.6000,0.4500,2,25.59656,0.35035,0.33414,0.90000,0.60000,10283,10428,0.078813,0.079285
29.54,3.17200,0.05030,0.08890,COLLECT,PICKUP_ACTIVE,0.0800,0.0000,0.2005,0.2027,0.6000,0.4500,2,25.59656,0.35042,0.35261,0.90000,0.60000,10288,10433,0.078959,0.079475
29.56,3.17358,0.05044,0.08893,COLLECT,PICKUP_ACTIVE,0.0800,0.0000,0.2006,0.2027,0.6000,0.4500,2,25.59655,0.35048,0.35268,0.90000,0.60000,10293,10438,0.079093,0.079647
29.58,3.17516,0.05058,0.08895,COLLECT,PICKUP_ACTIVE,0.0800,0.0000,0.2006,0.2028,0.6000,0.4500,2,25.59655,0.35055,0.35274,0.90000,0.60000,10298,10443,0.079215,0.079804
29.60,3.17675,0.05072,0.08897,COLLECT,PICKUP_ACTIVE,0.0800,0.0000,0.1820,0.1842,0.6000,0.4500,2,25.59655,0.35062,0.35281,0.90000,0.60000,10304,10449,0.079326,0.079946
29.62,3.17833,0.05086,0.08900,COLLECT,PICKUP_ACTIVE,0.0800,0.0000,0.2004,0.2026,0.6000,0.4500,2,25.59654,0.33197,0.33416,0.90000,0.60000,10309,10454,0.078620,0.079267
29.64,3.17990,0.05100,0.08903,COLLECT,PICKUP_ACTIVE,0.0800,0.0000,0.2005,0.2027,0.6000,0.4500,2,25.59654,0.35044,0.35263,0.90000,0.60000,10314,10459,0.078788,0.079460
29.66,3.18148,0.05115,0.08905,COLLECT,PICKUP_ACTIVE,0.0800,0.0000,0.2006,0.2028,0.6000,0.4500,2,25.59654,0.35051,0.35270,0.90000,0.60000,10319,10464,0.078941,0.079635
29.68,3.18306,0.05129,0.08908,COLLECT,PICKUP_ACTIVE,0.0800,0.0000,0.2006,0.2028,0.6000,0.4500,2,25.59653,0.35057,0.35276,0.90000,0.60000,10324,10469,0.079080,0.079794
29.70,3.18465,0.05143,0.08911,COLLECT,PICKUP_ACTIVE,0.0800,0.0000,0.2007,0.1842,0.6000,0.4500,2,25.59653,0.35064,0.35283,0.90000,0.60000,10329,10475,0.079207,0.079939
29.72,3.18623,0.05157,0.08912,COLLECT,PICKUP_ACTIVE,0.0800,0.0000,0.2008,0.2027,0.6000,0.4500,2,25.59653,0.35071,0.33418,0.90000,0.60000,10334,10480,0.079323,0.079262
29.74,3.18781,0.05171,0.08912,COLLECT,PICKUP_ACTIVE,0.0800,0.0000,0.1821,0.2027,0.6000,0.4500,2,25.59652,0.35077,0.35266,0.90000,0.60000,10340,10485,0.079430,0.079456
29.76,3.18939,0.05185,0.08914,COLLECT,PICKUP_ACTIVE,0.0800,0.0000,0.2006,0.2028,0.6000,0.4500,2,25.59652,0.33212,0.35272,0.90000,0.60000,10345,10490,0.078719,0.079633
29.78,3.19097,0.05199,0.08918,COLLECT,PICKUP_ACTIVE,0.0800,0.0000,0.2007,0.2029,0.6000,0.4500,2,25.59652,0.35060,0.35279,0.90000,0.60000,10350,10495,0.078883,0.079793
29.80,3.19255,0.05214,0.08922,COLLECT,PICKUP_ACTIVE,0.0800,0.0000,0.2007,0.2029,0.6000,0.4500,2,25.59651,0.35066,0.35285,0.90000,0.60000,10355,10500,0.079032,0.079938
29.82,3.19414,0.05228,0.08925,COLLECT,PICKUP_ACTIVE,0.0800,0.0000,0.2008,0.1843,0.6000,0.4500,2,25.59651,0.35073,0.35292,0.90000,0.60000,10360,10506,0.079168,0.080071
29.84,3.19572,0.05242,0.08927,COLLECT,PICKUP_ACTIVE,0.0800,0.0000,0.2009,0.2027,0.6000,0.4500,2,25.59651,0.35079,0.33427,0.90000,0.60000,10365,10511,0.079292,0.079384
29.86,3.19730,0.05256,0.08927,COLLECT,PICKUP_ACTIVE,0.0800,0.0000,0.1822,0.2028,0.6000,0.4500,2,25.59650,0.35086,0.35275,0.90000,0.60000,10371,10516,0.079406,0.079569
29.88,3.19888,0.05270,0.08930,COLLECT,PICKUP_ACTIVE,0.0800,0.0000,0.2007,0.2029,0.6000,0.4500,2,25.59650,0.33221,0.35281,0.90000,0.60000,10376,10521,0.078702,0.079737
29.90,3.20046,0.05284,0.08934,COLLECT,PICKUP_ACTIVE,0.0800,0.0000,0.2008,0.2029,0.6000,0.4500,2,25.59650,0.35069,0.35288,0.90000,0.60000,10381,10526,0.078872,0.079890
29.92,3.20204,0.05299,0.08939,COLLECT,PICKUP_ACTIVE,0.0800,0.0000,0.2008,0.1843,0.6000,0.4500,2,25.59649,0.35075,0.35294,0.90000,0.60000,10386,10532,0.079026,0.080029
29.94,3.20362,0.05313,0.08940,COLLECT,PICKUP_ACTIVE,0.0800,0.0000,0.2009,0.2028,0.6000,0.4500,2,25.59649,0.35082,0.33429,0.90000,0.60000,10391,10537,0.079166,0.079347
29.96,3.20520,0.05327,0.08941,COLLECT,PICKUP_ACTIVE,0.0800,0.0000,0.2010,0.2028,0.6000,0.4500,2,25.59648,0.35088,0.35277,0.90000,0.60000,10396,10542,0.079295,0.079537
29.98,3.20679,0.05341,0.08942,COLLECT,PICKUP_ACTIVE,0.0800,0.0000,0.1823,0.2029,0.6000,0.4500,2,25.59648,0.35095,0.35283,0.90000,0.60000,10402,10547,0.079412,0.079710
30.00,3.20837,0.05355,0.08946,COLLECT,PICKUP_ACTIVE,0.0800,0.0000,0.2008,0.2030,0.6000,0.4500,2,25.59648,0.33230,0.35290,0.90000,0.60000,10407,10552,0.078711,0.079866
30.02,3.20995,0.05369,0.08950,COLLECT,PICKUP_ACTIVE,0.0800,0.0000,0.2008,0.1843,0.6000,0.4500,2,25.59647,0.35078,0.35297,0.90000,0.60000,10412,10558,0.078884,0.080009
30.04,3.21153,0.05384,0.08952,COLLECT,PICKUP_ACTIVE,0.0800,0.0000,0.2009,0.2028,0.6000,0.4500,2,25.59647,0.35084,0.33432,0.90000,0.60000,10417,10563,0.079040,0.079330
30.06,3.21311,0.05398,0.08954,COLLECT,PICKUP_ACTIVE,0.0800,0.0000,0.2010,0.2029,0.6000,0.4500,2,25.59647,0.35091,0.35279,0.90000,0.60000,10422,10568,0.079183,0.079523
30.08,3.21469,0.05412,0.08955,COLLECT,PICKUP_ACTIVE,0.0800,0.0000,0.2010,0.2029,0.6000,0.4500,2,25.59646,0.35097,0.35286,0.90000,0.60000,10427,10573,0.079314,0.079698
30.10,3.21628,0.05426,0.08957,COLLECT,PICKUP_ACTIVE,0.0800,0.0000,0.2011,0.2030,0.6000,0.4500,2,25.59646,0.35104,0.35292,0.90000,0.60000,10432,10578,0.079433,0.079857
30.12,3.21787,0.05440,0.08959,COLLECT,PICKUP_ACTIVE,0.0800,0.0000,0.1825,0.1843,0.6000,0.4500,2,25.59646,0.35111,0.35299,0.90000,0.60000,10438,10584,0.079542,0.080002
30.14,3.21945,0.05455,0.08961,COLLECT,PICKUP_ACTIVE,0.0800,0.0000,0.2009,0.2028,0.6000,0.4500,2,25.59645,0.33246,0.33434,0.90000,0.60000,10443,10589,0.078833,0.079325
30.16,3.22102,0.05469,0.08963,COLLECT,PICKUP_ACTIVE,0.0800,0.0000,0.2010,0.2029,0.6000,0.4500,2,25.59645,0.35093,0.35281,0.90000,0.60000,10448,10594,0.078999,0.079520
30.18,3.22261,0.05483,0.08965,COLLECT,PICKUP_ACTIVE,0.0800,0.0000,0.2011,0.2029,0.6000,0.4500,2,25.59645,0.35100,0.35288,0.90000,0.60000,10453,10599,0.079151,0.079696
30.20,3.22419,0.05497,0.08967,COLLECT,PICKUP_ACTIVE,0.0800,0.0000,0.2011,0.2030,0.6000,0.4500,2,25.59644,0.35106,0.35295,0.90000,0.60000,10458,10604,0.079288,0.079856
30.22,3.22578,0.05512,0.08969,COLLECT,PICKUP_ACTIVE,0.0800,0.0000,0.2012,0.1844,0.6000,0.4500,2,25.59644,0.35113,0.35301,0.90000,0.60000,10463,10610,0.079414,0.080002
30.24,3.22736,0.05526,0.08969,COLLECT,PICKUP_ACTIVE,0.0800,0.0000,0.1825,0.2028,0.6000,0.4500,2,25.59644,0.35119,0.33436,0.90000,0.60000,10469,10615,0.079529,0.079326
30.26,3.22894,0.05540,0.08971,COLLECT,PICKUP_ACTIVE,0.0800,0.0000,0.2010,0.2029,0.6000,0.4500,2,25.59643,0.33255,0.35284,0.90000,0.60000,10474,10620,0.078826,0.079522
30.28,3.23052,0.05554,0.08974,COLLECT,PICKUP_ACTIVE,0.0800,0.0000,0.2011,0.2030,0.6000,0.4500,2,25.59643,0.35102,0.35290,0.90000,0.60000,10479,10625,0.078997,0.079699
30.30,3.23210,0.05568,0.08977,COLLECT,PICKUP_ACTIVE,0.0800,0.0000,0.2012,0.2030,0.6000,0.4500,2,25.59643,0.35109,0.35297,0.90000,0.60000,10484,10630,0.079152,0.079860
30.32,3.23369,0.05583,0.08980,COLLECT,PICKUP_ACTIVE,0.0800,0.0000,0.2012,0.1844,0.6000,0.4500,2,25.59642,0.35115,0.35304,0.90000,0.60000,10489,10636,0.079293,0.080006
30.34,3.23527,0.05597,0.08980,COLLECT,PICKUP_ACTIVE,0.0800,0.0000,0.2013,0.2029,0.6000,0.4500,2,25.59642,0.35122,0.33439,0.90000,0.60000,10494,10641,0.079422,0.079331
30.36,3.23685,0.05611,0.08980,COLLECT,PICKUP_ACTIVE,0.0800,0.0000,0.1826,0.2029,0.6000,0.4500,2,25.59642,0.35128,0.35286,0.90000,0.60000,10500,10646,0.079540,0.079527
30.38,3.23843,0.05626,0.08983,COLLECT,PICKUP_ACTIVE,0.0800,0.0000,0.2011,0.2030,0.6000,0.4500,2,25.59641,0.33264,0.35293,0.90000,0.60000,10505,10651,0.078839,0.079704
30.40,3.24001,0.05640,0.08986,COLLECT,PICKUP_ACTIVE,0.0800,0.0000,0.2012,0.2031,0.6000,0.4500,2,25.59641,0.35111,0.35299,0.90000,0.60000,10510,10656,0.079013,0.079866
30.42,3.24160,0.05654,0.08989,COLLECT,PICKUP_ACTIVE,0.0800,0.0000,0.2012,0.1844,0.6000,0.4500,2,25.59640,0.35118,0.35306,0.90000,0.60000,10515,10662,0.079170,0.080012
30.44,3.24318,0.05668,0.08990,COLLECT,PICKUP_ACTIVE,0.0800,0.0000,0.2013,0.2029,0.6000,0.4500,2,25.59640,0.35124,0.33441,0.90000,0.60000,10520,10667,0.079313,0.079337
30.46,3.24476,0.05683,0.08991,COLLECT,PICKUP_ACTIVE,0.0800,0.0000,0.2014,0.2030,0.6000,0.4500,2,25.59640,0.35131,0.35288,0.90000,0.60000,10525,10672,0.079444,0.079534
30.48,3.24635,0.05697,0.08991,COLLECT,PICKUP_ACTIVE,0.0800,0.0000,0.1827,0.2030,0.6000,0.4500,2,25.59639,0.35137,0.35295,0.90000,0.60000,10531,10677,0.079564,0.079711
30.50,3.24793,0.05711,0.08994,COLLECT,PICKUP_ACTIVE,0.0800,0.0000,0.2012,0.2031,0.6000,0.4500,2,25.59639,0.33272,0.35302,0.90000,0.60000,10536,10682,0.078864,0.079873
30.52,3.24951,0.05725,0.08998,COLLECT,PICKUP_ACTIVE,0.0800,0.0000,0.2013,0.1844,0.6000,0.4500,2,25.59639,0.35120,0.35308,0.90000,0.60000,10541,10688,0.079039,0.080020
30.54,3.25109,0.05740,0.09000,COLLECT,PICKUP_ACTIVE,0.0800,0.0000,0.2013,0.2029,0.6000,0.4500,2,25.59638,0.35126,0.33443,0.90000,0.60000,10546,10693,0.079197,0.079345
30.56,3.25268,0.05754,0.09000,COLLECT,PICKUP_ACTIVE,0.0000,0.0000,0.1613,0.1629,0.0000,0.4500,2,25.59638,0.35133,0.35291,0.90000,0.60000,10551,10698,0.079341,0.079542
30.58,3.25424,0.05768,0.09001,COLLECT,PICKUP_ACTIVE,0.0000,0.0000,0.1213,0.1229,0.0000,0.4500,2,25.59638,0.31133,0.31291,0.00000,0.60000,10556,10703,0.077742,0.077988
30.60,3.25574,0.05782,0.09002,COLLECT,PICKUP_ACTIVE,0.0000,0.0000,0.0813,0.0829,0.0000,0.4500,2,25.59638,0.27133,0.27291,0.00000,0.60000,10561,10708,0.074586,0.074875
30.62,3.25716,0.05794,0.09004,COLLECT,PICKUP_ACTIVE,0.0000,0.0000,0.0413,0.0429,0.0000,0.4500,2,25.59638,0.23133,0.23291,0.00000,0.60000,10566,10713,0.070043,0.070369
30.64,3.25847,0.05806,0.09005,COLLECT,PICKUP_ACTIVE,0.0000,0.0000,0.0013,0.0029,0.0000,0.4500,2,25.59637,0.19133,0.19291,0.00000,0.60000,10570,10717,0.064263,0.064621
30.66,3.25965,0.05817,0.09007,COLLECT,PICKUP_ACTIVE,0.0000,0.0000,-0.0387,-0.0371,0.0000,0.4500,2,25.59637,0.15133,0.15291,0.00000,0.60000,10574,10721,0.057378,0.057766
30.68,3.26068,0.05826,0.09008,COLLECT,PICKUP_ACTIVE,0.0000,0.0000,-0.0674,-0.0658,0.0000,0.4500,2,25.59637,0.18867,0.18709,0.00000,0.60000,10577,10724,0.049509,0.049923
30.70,3.26154,0.05834,0.09010,COLLECT,PICKUP_ACTIVE,0.0000,0.0000,-0.0683,-0.0667,0.0000,0.4500,2,25.59637,0.21736,0.21579,0.00000,0.60000,10580,10727,0.041250,0.041688
30.72,3.26226,0.05840,0.09012,COLLECT,PICKUP_ACTIVE,0.0000,0.0000,-0.0505,-0.0489,0.0000,0.4500,2,25.59637,0.21828,0.21671,0.00000,0.60000,10582,10729,0.033844,0.034302
30.74,3.26285,0.05846,0.09014,COLLECT,PICKUP_ACTIVE,0.0000,0.0000,-0.0511,-0.0495,0.0000,0.4500,2,25.59637,0.20049,0.19891,0.00000,0.60000,10584,10731,0.028006,0.028483
30.76,3.26333,0.05850,0.09016,COLLECT,PICKUP_ACTIVE,0.0000,0.0000,-0.0517,-0.0501,0.0000,0.4500,2,25.59637,0.20110,0.19953,0.00000,0.60000,10586,10733,0.022772,0.023266
30.78,3.26372,0.05854,0.09018,COLLECT,PICKUP_ACTIVE,0.0000,0.0000,-0.0336,-0.0320,0.0000,0.4500,2,25.59637,0.20172,0.20014,0.00000,0.60000,10587,10734,0.018078,0.018586
30.80,3.26404,0.05857,0.09020,COLLECT,PICKUP_ACTIVE,0.0000,0.0000,-0.0339,-0.0323,0.0000,0.4500,2,25.59636,0.18362,0.18204,0.00000,0.60000,10588,10735,0.014672,0.015194
30.82,3.26429,0.05859,0.09022,COLLECT,PICKUP_ACTIVE,0.0000,0.0000,-0.0342,-0.0327,0.0000,0.4500,2,25.59636,0.18392,0.18235,0.00000,0.60000,10589,10736,0.011621,0.012155
30.84,3.26448,0.05861,0.09024,COLLECT,PICKUP_ACTIVE,0.0000,0.0000,-0.0345,-0.0330,0.0000,0.4500,2,25.59636,0.18423,0.18265,0.00000,0.60000,10590,10737,0.008887,0.009431
30.86,3.26463,0.05862,0.09026,COLLECT,PICKUP_ACTIVE,0.0000,0.0000,-0.0161,-0.0146,0.0000,0.4500,2,25.59636,0.18454,0.18296,0.00000,0.60000,10590,10737,0.006435,0.006988
30.88,3.26474,0.05863,0.09029,COLLECT,PICKUP_ACTIVE,0.0000,0.0000,-0.0161,-0.0333,0.0000,0.4500,2,25.59636,0.16613,0.16455,0.00000,0.60000,10590,10738,0.005043,0.005604
30.90,3.26482,0.05864,0.09028,COLLECT,PICKUP_ACTIVE,0.0000,0.0000,-0.0348,-0.0149,0.0000,0.4500,2,25.59636,0.16613,0.18327,0.00000,0.60000,10591,10738,0.003801,0.003562
30.92,3.26487,0.05864,0.09030,COLLECT,PICKUP_ACTIVE,0.0000,0.0000,-0.0164,-0.0149,0.0000,0.4500,2,25.59636,0.18484,0.16486,0.00000,0.60000,10591,10738,0.001885,0.002535
30.94,3.26490,0.05864,0.09033,COLLECT,PICKUP_ACTIVE,0.0000,0.0000,-0.0164,-0.0149,0.0000,0.4500,2,25.59636,0.16644,0.16486,0.00000,0.60000,10591,10738,0.000971,0.001619
30.96,3.26492,0.05865,0.09035,COLLECT,PICKUP_ACTIVE,0.0000,0.0000,-0.0164,-0.0149,0.0000,0.4500,2,25.59635,0.16644,0.16486,0.00000,0.60000,10591,10738,0.000156,0.000802
30.98,3.26492,0.05864,0.09038,COLLECT,PICKUP_ACTIVE,0.0000,0.0000,-0.0164,-0.0149,0.0000,0.4500,2,25.59635,0.16644,0.16486,0.00000,0.60000,10591,10738,-0.000571,0.000073
31.00,3.26490,0.05864,0.09040,COLLECT,PICKUP_ACTIVE,0.0000,0.0000,-0.0164,-0.0149,0.0000,0.4500,2,25.59635,0.16644,0.16486,0.00000,0.60000,10591,10738,-0.001220,-0.000577
31.02,3.26487,0.05864,0.09043,COLLECT,PICKUP_ACTIVE,0.0000,0.0000,-0.0164,-0.0149,0.0000,0.4500,2,25.59635,0.16644,0.16486,0.00000,0.60000,10591,10738,-0.001798,-0.001156
31.04,3.26484,0.05864,0.09046,COLLECT,PICKUP_ACTIVE,0.0000,0.0000,-0.0164,-0.0149,0.0000,0.4500,2,25.59635,0.16644,0.16486,0.00000,0.60000,10591,10738,-0.002314,-0.001674
31.06,3.26479,0.05863,0.09048,COLLECT,PICKUP_ACTIVE,0.0000,0.0000,0.0023,-0.0149,0.0000,0.4500,2,25.59635,0.16644,0.16486,0.00000,0.60000,10590,10738,-0.002774,-0.002135
31.08,3.26474,0.05863,0.09048,COLLECT,PICKUP_ACTIVE,0.0000,0.0000,-0.0161,-0.0149,0.0000,0.4500,2,25.59635,0.15228,0.16486,0.00000,0.60000,10590,10738,-0.002376,-0.002546
31.10,3.26469,0.05862,0.09048,COLLECT,PICKUP_ACTIVE,0.0000,0.0000,-0.0161,-0.0149,0.0000,0.4500,2,25.59635,0.16613,0.16486,0.00000,0.60000,10590,10738,-0.002816,-0.002913
31.12,3.26462,0.05862,0.09048,COLLECT,PICKUP_ACTIVE,0.0000,0.0000,-0.0161,0.0039,0.0000,0.4500,2,25.59635,0.16613,0.16486,0.00000,0.60000,10590,10737,-0.003209,-0.003241
31.14,3.26456,0.05861,0.09050,COLLECT,PICKUP_ACTIVE,0.0000,0.0000,-0.0161,-0.0146,0.0000,0.4500,2,25.59634,0.16613,0.15386,0.00000,0.60000,10590,10737,-0.003559,-0.002724
31.16,3.26449,0.05861,0.09053,COLLECT,PICKUP_ACTIVE,0.0000,0.0000,0.0026,-0.0146,0.0000,0.4500,2,25.59634,0.16613,0.16455,0.00000,0.60000,10589,10737,-0.003872,-0.003058
31.18,3.26443,0.05860,0.09054,COLLECT,PICKUP_ACTIVE,0.0000,0.0000,-0.0158,-0.0146,0.0000,0.4500,2,25.59634,0.15259,0.16455,0.00000,0.60000,10589,10737,-0.003342,-0.003357
31.20,3.26436,0.05859,0.09054,COLLECT,PICKUP_ACTIVE,0.0000,0.0000,-0.0158,-0.0146,0.0000,0.4500,2,25.59634,0.16582,0.16455,0.00000,0.60000,10589,10737,-0.003665,-0.003623
31.22,3.26428,0.05859,0.09055,COLLECT,PICKUP_ACTIVE,0.0000,0.0000,-0.0158,0.0042,0.0000,0.4500,2,25.59634,0.16582,0.16455,0.00000,0.60000,10589,10736,-0.003952,-0.003860
31.24,3.26420,0.05858,0.09057,COLLECT,PICKUP_ACTIVE,0.0000,0.0000,0.0029,-0.0142,0.0000,0.4500,2,25.59634,0.16582,0.15416,0.00000,0.60000,10588,10736,-0.004209,-0.003264
31.26,3.26413,0.05857,0.09059,COLLECT,PICKUP_ACTIVE,0.0000,0.0000,-0.0155,-0.0142,0.0000,0.4500,2,25.59634,0.15289,0.16425,0.00000,0.60000,10588,10736,-0.003630,-0.003527
31.28,3.26406,0.05857,0.09059,COLLECT,PICKUP_ACTIVE,0.0000,0.0000,-0.0155,-0.0142,0.0000,0.4500,2,25.59634,0.16552,0.16425,0.00000,0.60000,10588,10736,-0.003908,-0.003761
31.30,3.26398,0.05856,0.09060,COLLECT,PICKUP_ACTIVE,0.0000,0.0000,-0.0155,0.0045,0.0000,0.4500,2,25.59633,0.16552,0.16425,0.00000,0.60000,10588,10735,-0.004156,-0.003970
31.32,3.26390,0.05855,0.09063,COLLECT,PICKUP_ACTIVE,0.0000,0.0000,0.0032,-0.0139,0.0000,0.4500,2,25.59633,0.16552,0.15447,0.00000,0.60000,10587,10735,-0.004378,-0.003348
31.34,3.26382,0.05855,0.09065,COLLECT,PICKUP_ACTIVE,0.0000,0.0000,-0.0152,-0.0139,0.0000,0.4500,2,25.59633,0.15320,0.16394,0.00000,0.60000,10587,10735,-0.003767,-0.003589
31.36,3.26375,0.05854,0.09066,COLLECT,PICKUP_ACTIVE,0.0000,0.0000,-0.0152,-0.0139,0.0000,0.4500,2,25.59633,0.16521,0.16394,0.00000,0.60000,10587,10735,-0.004017,-0.003804
31.38,3.26367,0.05853,0.09067,COLLECT,PICKUP_ACTIVE,0.0000,0.0000,-0.0152,0.0048,0.0000,0.4500,2,25.59633,0.16521,0.16394,0.00000,0.60000,10587,10734,-0.004240,-0.003995
31.40,3.26359,0.05852,0.09070,COLLECT,PICKUP_ACTIVE,0.0000,0.0000,0.0035,-0.0136,0.0000,0.4500,2,25.59633,0.16521,0.15478,0.00000,0.60000,10586,10734,-0.004439,-0.003357
31.42,3.26351,0.05852,0.09072,COLLECT,PICKUP_ACTIVE,0.0000,0.0000,-0.0149,-0.0136,0.0000,0.4500,2,25.59633,0.15351,0.16363,0.00000,0.60000,10586,10734,-0.003808,-0.003583
31.44,3.26344,0.05851,0.09073,COLLECT,PICKUP_ACTIVE,0.0000,0.0000,-0.0149,-0.0136,0.0000,0.4500,2,25.59633,0.16490,0.16363,0.00000,0.60000,10586,10734,-0.004041,-0.003785
31.46,3.26336,0.05850,0.09074,COLLECT,PICKUP_ACTIVE,0.0000,0.0000,-0.0149,0.0051,0.0000,0.4500,2,25.59633,0.16490,0.16363,0.00000,0.60000,10586,10733,-0.004248,-0.003965
31.48,3.26328,0.05850,0.09078,COLLECT,PICKUP_ACTIVE,0.0000,0.0000,0.0038,-0.0133,0.0000,0.4500,2,25.59632,0.16490,0.15508,0.00000,0.60000,10585,10733,-0.004433,-0.003317
31.50,3.26320,0.05849,0.09079,COLLECT,PICKUP_ACTIVE,0.0000,0.0000,-0.0146,-0.0133,0.0000,0.4500,2,25.59632,0.15381,0.16332,0.00000,0.60000,10585,10733,-0.003790,-0.003535
31.52,3.26313,0.05848,0.09080,COLLECT,PICKUP_ACTIVE,0.0000,0.0000,-0.0146,-0.0133,0.0000,0.4500,2,25.59632,0.16460,0.16332,0.00000,0.60000,10585,10733,-0.004011,-0.003729
31.54,3.26305,0.05848,0.09082,COLLECT,PICKUP_ACTIVE,0.0000,0.0000,0.0041,0.0054,0.0000,0.4500,2,25.59632,0.16460,0.16332,0.00000,0.60000,10584,10732,-0.004208,-0.003902
31.56,3.26298,0.05847,0.09083,COLLECT,PICKUP_ACTIVE,0.0000,0.0000,-0.0143,-0.0130,0.0000,0.4500,2,25.59632,0.15412,0.15539,0.00000,0.60000,10584,10732,-0.003576,-0.003247
31.58,3.26290,0.05846,0.09084,COLLECT,PICKUP_ACTIVE,0.0000,0.0000,-0.0143,-0.0130,0.0000,0.4500,2,25.59632,0.16429,0.16302,0.00000,0.60000,10584,10732,-0.003807,-0.003459
31.60,3.26283,0.05846,0.09086,COLLECT,PICKUP_ACTIVE,0.0000,0.0000,-0.0143,-0.0130,0.0000,0.4500,2,25.59632,0.16429,0.16302,0.00000,0.60000,10584,10732,-0.004013,-0.003648
31.62,3.26275,0.05845,0.09087,COLLECT,PICKUP_ACTIVE,0.0000,0.0000,0.0044,-0.0130,0.0000,0.4500,2,25.59632,0.16429,0.16302,0.00000,0.60000,10583,10732,-0.004197,-0.003816
31.64,3.26267,0.05844,0.09086,COLLECT,PICKUP_ACTIVE,0.0000,0.0000,-0.0140,0.0057,0.0000,0.4500,2,25.59632,0.15443,0.16302,0.00000,0.60000,10583,10731,-0.003552,-0.003967
31.66,3.26260,0.05843,0.09087,COLLECT,PICKUP_ACTIVE,0.0000,0.0000,-0.0140,-0.0127,0.0000,0.4500,2,25.59631,0.16398,0.15570,0.00000,0.60000,10583,10731,-0.003773,-0.003292
31.68,3.26253,0.05843,0.09089,COLLECT,PICKUP_ACTIVE,0.0000,0.0000,-0.0140,-0.0127,0.0000,0.4500,2,25.59631,0.16398,0.16271,0.00000,0.60000,10583,10731,-0.003969,-0.003486
31.70,3.26245,0.05842,0.09091,COLLECT,PICKUP_ACTIVE,0.0000,0.0000,0.0047,-0.0127,0.0000,0.4500,2,25.59631,0.16398,0.16271,0.00000,0.60000,10582,10731,-0.004145,-0.003658
31.72,3.26238,0.05841,0.09091,COLLECT,PICKUP_ACTIVE,0.0000,0.0000,-0.0137,0.0060,0.0000,0.4500,2,25.59631,0.15473,0.16271,0.00000,0.60000,10582,10730,-0.003492,-0.003812
31.74,3.26231,0.05841,0.09092,COLLECT,PICKUP_ACTIVE,0.0000,0.0000,-0.0137,-0.0124,0.0000,0.4500,2,25.59631,0.16368,0.15600,0.00000,0.60000,10582,10730,-0.003706,-0.003141
31.76,3.26224,0.05840,0.09095,COLLECT,PICKUP_ACTIVE,0.0000,0.0000,-0.0137,-0.0124,0.0000,0.4500,2,25.59631,0.16368,0.16240,0.00000,0.60000,10582,10730,-0.003897,-0.003338
31.78,3.26216,0.05839,0.09097,COLLECT,PICKUP_ACTIVE,0.0000,0.0000,0.0050,-0.0124,0.0000,0.4500,2,25.59631,0.16368,0.16240,0.00000,0.60000,10581,10730,-0.004067,-0.003513
31.80,3.26209,0.05839,0.09096,COLLECT,PICKUP_ACTIVE,0.0000,0.0000,-0.0134,0.0063,0.0000,0.4500,2,25.59631,0.15504,0.16240,0.00000,0.60000,10581,10729,-0.003410,-0.003670
31.82,3.26203,0.05838,0.09098,COLLECT,PICKUP_ACTIVE,0.0000,0.0000,-0.0134,-0.0121,0.0000,0.4500,2,25.59631,0.16337,0.15631,0.00000,0.60000,10581,10729,-0.003619,-0.003001
31.84,3.26196,0.05838,0.09101,COLLECT,PICKUP_ACTIVE,0.0000,0.0000,-0.0134,-0.0121,0.0000,0.4500,2,25.59630,0.16337,0.16210,0.00000,0.60000,10581,10729,-0.003806,-0.003199
31.86,3.26188,0.05837,0.09103,COLLECT,PICKUP_ACTIVE,0.0000,0.0000,0.0053,-0.0121,0.0000,0.4500,2,25.59630,0.16337,0.16210,0.00000,0.60000,10580,10729,-0.003972,-0.003376
31.88,3.26181,0.05836,0.09103,COLLECT,PICKUP_ACTIVE,0.0000,0.0000,-0.0131,-0.0121,0.0000,0.4500,2,25.59630,0.15535,0.16210,0.00000,0.60000,10580,10729,-0.003312,-0.003534
31.90,3.26174,0.05836,0.09102,COLLECT,PICKUP_ACTIVE,0.0000,0.0000,-0.0131,0.0066,0.0000,0.4500,2,25.59630,0.16306,0.16210,0.00000,0.60000,10580,10728,-0.003519,-0.003675
31.92,3.26168,0.05835,0.09104,COLLECT,PICKUP_ACTIVE,0.0000,0.0000,-0.0131,-0.0118,0.0000,0.4500,2,25.59630,0.16306,0.15662,0.00000,0.60000,10580,10728,-0.003703,-0.002992
31.94,3.26161,0.05834,0.09107,COLLECT,PICKUP_ACTIVE,0.0000,0.0000,-0.0131,-0.0118,0.0000,0.4500,2,25.59630,0.16306,0.16179,0.00000,0.60000,10580,10728,-0.003867,-0.003179
31.96,3.26153,0.05834,0.09110,COLLECT,PICKUP_ACTIVE,0.0000,0.0000,0.0057,-0.0118,0.0000,0.4500,2,25.59630,0.16306,0.16179,0.00000,0.60000,10579,10728,-0.004014,-0.003345
31.98,3.26146,0.05833,0.09110,COLLECT,PICKUP_ACTIVE,0.0000,0.0000,-0.0128,-0.0118,0.0000,0.4500,2,25.59630,0.15565,0.16179,0.00000,0.60000,10579,10728,-0.003336,-0.003493
32.00,3.26139,0.05832,0.09109,COLLECT,PICKUP_ACTIVE,0.0000,0.0000,-0.0128,0.0069,0.0000,0.4500,2,25.59630,0.16275,0.16179,0.00000,0.60000,10579,10727,-0.003527,-0.003625
32.02,3.26133,0.05832,0.09112,COLLECT,PICKUP_ACTIVE,0.0000,0.0000,-0.0128,-0.0115,0.0000,0.4500,2,25.59629,0.16275,0.15692,0.00000,0.60000,10579,10727,-0.003697,-0.002934
32.04,3.26126,0.05831,0.09115,COLLECT,PICKUP_ACTIVE,0.0000,0.0000,0.0060,-0.0115,0.0000,0.4500,2,25.59629,0.16275,0.16148,0.00000,0.60000,10578,10727,-0.003849,-0.003114
32.06,3.26119,0.05831,0.09115,COLLECT,PICKUP_ACTIVE,0.0000,0.0000,-0.0124,-0.0115,0.0000,0.4500,2,25.59629,0.15596,0.16148,0.00000,0.60000,10578,10727,-0.003175,-0.003273
32.08,3.26113,0.05830,0.09115,COLLECT,PICKUP_ACTIVE,0.0000,0.0000,-0.0124,0.0072,0.0000,0.4500,2,25.59629,0.16245,0.16148,0.00000,0.60000,10578,10726,-0.003370,-0.003416
32.10,3.26106,0.05829,0.09117,COLLECT,PICKUP_ACTIVE,0.0000,0.0000,-0.0124,-0.0112,0.0000,0.4500,2,25.59629,0.16245,0.15723,0.00000,0.60000,10578,10726,-0.003544,-0.002735
32.12,3.26100,0.05829,0.09120,COLLECT,PICKUP_ACTIVE,0.0000,0.0000,0.0063,-0.0112,0.0000,0.4500,2,25.59629,0.16245,0.16118,0.00000,0.60000,10577,10726,-0.003699,-0.002922
32.14,3.26094,0.05828,0.09121,COLLECT,PICKUP_ACTIVE,0.0000,0.0000,-0.0121,-0.0112,0.0000,0.4500,2,25.59629,0.15627,0.16118,0.00000,0.60000,10577,10726,-0.003029,-0.003089
32.16,3.26087,0.05828,0.09121,COLLECT,PICKUP_ACTIVE,0.0000,0.0000,-0.0121,-0.0112,0.0000,0.4500,2,25.59629,0.16214,0.16118,0.00000,0.60000,10577,10726,-0.003226,-0.003239
32.18,3.26080,0.05827,0.09121,COLLECT,PICKUP_ACTIVE,0.0000,0.0000,-0.0121,0.0075,0.0000,0.4500,2,25.59628,0.16214,0.16118,0.00000,0.60000,10577,10725,-0.003402,-0.003372
32.20,3.26074,0.05826,0.09123,COLLECT,PICKUP_ACTIVE,0.0000,0.0000,-0.0121,-0.0109,0.0000,0.4500,2,25.59628,0.16214,0.15754,0.00000,0.60000,10577,10725,-0.003559,-0.002682
32.22,3.26068,0.05826,0.09127,COLLECT,PICKUP_ACTIVE,0.0000,0.0000,0.0066,-0.0109,0.0000,0.4500,2,25.59628,0.16214,0.16087,0.00000,0.60000,10576,10725,-0.003699,-0.002862
32.24,3.26062,0.05825,0.09128,COLLECT,PICKUP_ACTIVE,0.0000,0.0000,-0.0118,-0.0109,0.0000,0.4500,2,25.59628,0.15657,0.16087,0.00000,0.60000,10576,10725,-0.003016,-0.003022
32.26,3.26055,0.05825,0.09128,COLLECT,PICKUP_ACTIVE,0.0000,0.0000,-0.0118,-0.0109,0.0000,0.4500,2,25.59628,0.16183,0.16087,0.00000,0.60000,10576,10725,-0.003201,-0.003166
32.28,3.26049,0.05824,0.09128,COLLECT,PICKUP_ACTIVE,0.0000,0.0000,-0.0118,0.0078,0.0000,0.4500,2,25.59628,0.16183,0.16087,0.00000,0.60000,10576,10724,-0.003367,-0.003293
32.30,3.26043,0.05824,0.09131,COLLECT,PICKUP_ACTIVE,0.0000,0.0000,0.0069,-0.0106,0.0000,0.4500,2,25.59628,0.16183,0.15784,0.00000,0.60000,10575,10724,-0.003515,-0.002599
32.32,3.26037,0.05823,0.09132,COLLECT,PICKUP_ACTIVE,0.0000,0.0000,-0.0115,-0.0106,0.0000,0.4500,2,25.59628,0.15688,0.16056,0.00000,0.60000,10575,10724,-0.002838,-0.002774
32.34,3.26031,0.05823,0.09132,COLLECT,PICKUP_ACTIVE,0.0000,0.0000,-0.0115,-0.0106,0.0000,0.4500,2,25.59628,0.16153,0.16056,0.00000,0.60000,10575,10724,-0.003029,-0.002931
32.36,3.26025,0.05822,0.09133,COLLECT,PICKUP_ACTIVE,0.0000,0.0000,-0.0115,-0.0106,0.0000,0.4500,2,25.59627,0.16153,0.16056,0.00000,0.60000,10575,10724,-0.003200,-0.003071
32.38,3.26018,0.05821,0.09133,COLLECT,PICKUP_ACTIVE,0.0000,0.0000,-0.0115,-0.0106,0.0000,0.4500,2,25.59627,0.16153,0.16056,0.00000,0.60000,10575,10724,-0.003352,-0.003196
32.40,3.26012,0.05821,0.09134,COLLECT,PICKUP_ACTIVE,0.0000,0.0000,0.0072,0.0082,0.0000,0.4500,2,25.59627,0.16153,0.16056,0.00000,0.60000,10574,10723,-0.003488,-0.003307
32.42,3.26006,0.05820,0.09135,COLLECT,PICKUP_ACTIVE,0.0000,0.0000,-0.0112,-0.0103,0.0000,0.4500,2,25.59627,0.15719,0.15815,0.00000,0.60000,10574,10723,-0.002801,-0.002598
32.44,3.26000,0.05820,0.09136,COLLECT,PICKUP_ACTIVE,0.0000,0.0000,-0.0112,-0.0103,0.0000,0.4500,2,25.59627,0.16122,0.16026,0.00000,0.60000,10574,10723,-0.002983,-0.002760
32.46,3.25994,0.05819,0.09137,COLLECT,PICKUP_ACTIVE,0.0000,0.0000,-0.0112,-0.0103,0.0000,0.4500,2,25.59627,0.16122,0.16026,0.00000,0.60000,10574,10723,-0.003146,-0.002905
32.48,3.25988,0.05819,0.09138,COLLECT,PICKUP_ACTIVE,0.0000,0.0000,-0.0112,-0.0103,0.0000,0.4500,2,25.59627,0.16122,0.16026,0.00000,0.60000,10574,10723,-0.003291,-0.003035
32.50,3.25982,0.05818,0.09139,COLLECT,PICKUP_ACTIVE,0.0000,0.0000,0.0075,0.0085,0.0000,0.4500,2,25.59627,0.16122,0.16026,0.00000,0.60000,10573,10722,-0.003420,-0.003150
32.52,3.25976,0.05817,0.09140,COLLECT,PICKUP_ACTIVE,0.0000,0.0000,-0.0109,-0.0100,0.0000,0.4500,2,25.59627,0.15749,0.15846,0.00000,0.60000,10573,10722,-0.002727,-0.002444
32.54,3.25971,0.05817,0.09141,COLLECT,PICKUP_ACTIVE,0.0000,0.0000,-0.0109,-0.0100,0.0000,0.4500,2,25.59626,0.16091,0.15995,0.00000,0.60000,10573,10722,-0.002904,-0.002610
32.56,3.25965,0.05816,0.09142,COLLECT,PICKUP_ACTIVE,0.0000,0.0000,-0.0109,-0.0100,0.0000,0.4500,2,25.59626,0.16091,0.15995,0.00000,0.60000,10573,10722,-0.003062,-0.002758
32.58,3.25959,0.05816,0.09144,COLLECT,PICKUP_ACTIVE,0.0000,0.0000,-0.0109,-0.0100,0.0000,0.4500,2,25.59626,0.16091,0.15995,0.00000,0.60000,10573,10722,-0.003203,-0.002890
32.60,3.25953,0.05815,0.09145,COLLECT,PICKUP_ACTIVE,0.0000,0.0000,0.0078,0.0088,0.0000,0.4500,2,25.59626,0.16091,0.15995,0.00000,0.60000,10572,10721,-0.003328,-0.003008
32.62,3.25947,0.05815,0.09146,COLLECT,PICKUP_ACTIVE,0.0000,0.0000,-0.0106,-0.0096,0.0000,0.4500,2,25.59626,0.15780,0.15876,0.00000,0.60000,10572,10721,-0.002632,-0.002304
32.64,3.25942,0.05814,0.09147,COLLECT,PICKUP_ACTIVE,0.0000,0.0000,-0.0106,-0.0096,0.0000,0.4500,2,25.59626,0.16061,0.15964,0.00000,0.60000,10572,10721,-0.002806,-0.002472
32.66,3.25937,0.05814,0.09149,COLLECT,PICKUP_ACTIVE,0.0000,0.0000,-0.0106,-0.0096,0.0000,0.4500,2,25.59626,0.16061,0.15964,0.00000,0.60000,10572,10721,-0.002961,-0.002622
32.68,3.25931,0.05813,0.09150,COLLECT,PICKUP_ACTIVE,0.0000,0.0000,-0.0106,-0.0096,0.0000,0.4500,2,25.59626,0.16061,0.15964,0.00000,0.60000,10572,10721,-0.003099,-0.002755
32.70,3.25925,0.05813,0.09152,COLLECT,PICKUP_ACTIVE,0.0000,0.0000,0.0081,-0.0096,0.0000,0.4500,2,25.59626,0.16061,0.15964,0.00000,0.60000,10571,10721,-0.003223,-0.002874
32.72,3.25919,0.05812,0.09151,COLLECT,PICKUP_ACTIVE,0.0000,0.0000,-0.0103,0.0091,0.0000,0.4500,2,25.59625,0.15811,0.15964,0.00000,0.60000,10571,10720,-0.002525,-0.002980
32.74,3.25914,0.05812,0.09151,COLLECT,PICKUP_ACTIVE,0.0000,0.0000,-0.0103,-0.0093,0.0000,0.4500,2,25.59625,0.16030,0.15907,0.00000,0.60000,10571,10720,-0.002697,-0.002266
32.76,3.25909,0.05811,0.09153,COLLECT,PICKUP_ACTIVE,0.0000,0.0000,-0.0103,-0.0093,0.0000,0.4500,2,25.59625,0.16030,0.15934,0.00000,0.60000,10571,10720,-0.002851,-0.002425
32.78,3.25904,0.05811,0.09155,COLLECT,PICKUP_ACTIVE,0.0000,0.0000,-0.0103,-0.0093,0.0000,0.4500,2,25.59625,0.16030,0.15934,0.00000,0.60000,10571,10720,-0.002988,-0.002567
32.80,3.25898,0.05810,0.09156,COLLECT,PICKUP_ACTIVE,0.0000,0.0000,-0.0103,-0.0093,0.0000,0.4500,2,25.59625,0.16030,0.15934,0.00000,0.60000,10571,10720,-0.003110,-0.002693
32.82,3.25892,0.05810,0.09158,COLLECT,PICKUP_ACTIVE,0.0000,0.0000,0.0084,-0.0093,0.0000,0.4500,2,25.59625,0.16030,0.15934,0.00000,0.60000,10570,10720,-0.003219,-0.002805
32.84,3.25887,0.05809,0.09157,COLLECT,PICKUP_ACTIVE,0.0000,0.0000,-0.0100,0.0094,0.0000,0.4500,2,25.59625,0.15841,0.15934,0.00000,0.60000,10570,10719,-0.002508,-0.002906
32.86,3.25882,0.05809,0.09158,COLLECT,PICKUP_ACTIVE,0.0000,0.0000,-0.0100,-0.0090,0.0000,0.4500,2,25.59625,0.15999,0.15938,0.00000,0.60000,10570,10719,-0.002669,-0.002187
32.88,3.25876,0.05808,0.09160,COLLECT,PICKUP_ACTIVE,0.0000,0.0000,-0.0100,-0.0090,0.0000,0.4500,2,25.59625,0.15999,0.15903,0.00000,0.60000,10570,10719,-0.002812,-0.002341
32.90,3.25871,0.05808,0.09162,COLLECT,PICKUP_ACTIVE,0.0000,0.0000,-0.0100,-0.0090,0.0000,0.4500,2,25.59624,0.15999,0.15903,0.00000,0.60000,10570,10719,-0.002940,-0.002478
32.92,3.25866,0.05807,0.09164,COLLECT,PICKUP_ACTIVE,0.0000,0.0000,0.0087,-0.0090,0.0000,0.4500,2,25.59624,0.15999,0.15903,0.00000,0.60000,10569,10719,-0.003055,-0.002600
32.94,3.25860,0.05807,0.09163,COLLECT,PICKUP_ACTIVE,0.0000,0.0000,-0.0097,-0.0090,0.0000,0.4500,2,25.59624,0.15872,0.15903,0.00000,0.60000,10569,10719,-0.002348,-0.002710
32.96,3.25855,0.05806,0.09162,COLLECT,PICKUP_ACTIVE,0.0000,0.0000,-0.0097,0.0097,0.0000,0.4500,2,25.59624,0.15969,0.15903,0.00000,0.60000,10569,10718,-0.002513,-0.002807
32.98,3.25850,0.05806,0.09164,COLLECT,PICKUP_ACTIVE,0.0000,0.0000,-0.0097,-0.0087,0.0000,0.4500,2,25.59624,0.15969,0.15968,0.00000,0.60000,10569,10718,-0.002660,-0.002085
33.00,3.25845,0.05805,0.09166,COLLECT,PICKUP_ACTIVE,0.0000,0.0000,-0.0097,-0.0087,0.0000,0.4500,2,25.59624,0.15969,0.15872,0.00000,0.60000,10569,10718,-0.002791,-0.002237
33.02,3.25840,0.05805,0.09168,COLLECT,PICKUP_ACTIVE,0.0000,0.0000,-0.0097,-0.0087,0.0000,0.4500,2,25.59624,0.15969,0.15872,0.00000,0.60000,10569,10718,-0.002908,-0.002372
33.04,3.25835,0.05805,0.09170,COLLECT,PICKUP_ACTIVE,0.0000,0.0000,0.0090,-0.0087,0.0000,0.4500,2,25.59624,0.15969,0.15872,0.00000,0.60000,10568,10718,-0.003013,-0.002493
33.06,3.25830,0.05804,0.09170,COLLECT,PICKUP_ACTIVE,0.0000,0.0000,-0.0094,-0.0087,0.0000,0.4500,2,25.59624,0.15903,0.15872,0.00000,0.60000,10568,10718,-0.002297,-0.002601
33.08,3.25825,0.05804,0.09169,COLLECT,PICKUP_ACTIVE,0.0000,0.0000,-0.0094,0.0100,0.0000,0.4500,2,25.59623,0.15938,0.15872,0.00000,0.60000,10568,10717,-0.002454,-0.002697
33.10,3.25820,0.05803,0.09170,COLLECT,PICKUP_ACTIVE,0.0000,0.0000,-0.0094,-0.0084,0.0000,0.4500,2,25.59623,0.15938,0.15999,0.00000,0.60000,10568,10717,-0.002594,-0.001974
33.12,3.25815,0.05803,0.09173,COLLECT,PICKUP_ACTIVE,0.0000,0.0000,-0.0094,-0.0084,0.0000,0.4500,2,25.59623,0.15938,0.15842,0.00000,0.60000,10568,10717,-0.002719,-0.002124
33.14,3.25810,0.05802,0.09175,COLLECT,PICKUP_ACTIVE,0.0000,0.0000,-0.0094,-0.0084,0.0000,0.4500,2,25.59623,0.15938,0.15842,0.00000,0.60000,10568,10717,-0.002831,-0.002258
33.16,3.25805,0.05802,0.09177,COLLECT,PICKUP_ACTIVE,0.0000,0.0000,0.0093,-0.0084,0.0000,0.4500,2,25.59623,0.15938,0.15842,0.00000,0.60000,10567,10717,-0.002930,-0.002378
33.18,3.25800,0.05801,0.09177,COLLECT,PICKUP_ACTIVE,0.0000,0.0000,-0.0091,-0.0084,0.0000,0.4500,2,25.59623,0.15933,0.15842,0.00000,0.60000,10567,10717,-0.002211,-0.002485
33.20,3.25795,0.05801,0.09176,COLLECT,PICKUP_ACTIVE,0.0000,0.0000,-0.0091,-0.0084,0.0000,0.4500,2,25.59623,0.15907,0.15842,0.00000,0.60000,10567,10717,-0.002364,-0.002580
33.22,3.25790,0.05800,0.09175,COLLECT,PICKUP_ACTIVE,0.0000,0.0000,-0.0091,0.0103,0.0000,0.4500,2,25.59623,0.15907,0.15842,0.00000,0.60000,10567,10716,-0.002501,-0.002665
33.24,3.25785,0.05800,0.09177,COLLECT,PICKUP_ACTIVE,0.0000,0.0000,-0.0091,-0.0081,0.0000,0.4500,2,25.59623,0.15907,0.16030,0.00000,0.60000,10567,10716,-0.002622,-0.001932
33.26,3.25781,0.05800,0.09180,COLLECT,PICKUP_ACTIVE,0.0000,0.0000,-0.0091,-0.0081,0.0000,0.4500,2,25.59622,0.15907,0.15811,0.00000,0.60000,10567,10716,-0.002731,-0.002074
33.28,3.25776,0.05799,0.09182,COLLECT,PICKUP_ACTIVE,0.0000,0.0000,0.0096,-0.0081,0.0000,0.4500,2,25.59622,0.15907,0.15811,0.00000,0.60000,10566,10716,-0.002828,-0.002200
33.30,3.25771,0.05799,0.09182,COLLECT,PICKUP_ACTIVE,0.0000,0.0000,-0.0088,-0.0081,0.0000,0.4500,2,25.59622,0.15964,0.15811,0.00000,0.60000,10566,10716,-0.002106,-0.002313
33.32,3.25767,0.05798,0.09182,COLLECT,PICKUP_ACTIVE,0.0000,0.0000,-0.0088,-0.0081,0.0000,0.4500,2,25.59622,0.15877,0.15811,0.00000,0.60000,10566,10716,-0.002257,-0.002413
33.34,3.25762,0.05798,0.09181,COLLECT,PICKUP_ACTIVE,0.0000,0.0000,-0.0088,-0.0081,0.0000,0.4500,2,25.59622,0.15877,0.15811,0.00000,0.60000,10566,10716,-0.002392,-0.002503
33.36,3.25757,0.05797,0.09181,COLLECT,PICKUP_ACTIVE,0.0000,0.0000,-0.0088,0.0106,0.0000,0.4500,2,25.59622,0.15877,0.15811,0.00000,0.60000,10566,10715,-0.002513,-0.002583
33.38,3.25752,0.05797,0.09183,COLLECT,PICKUP_ACTIVE,0.0000,0.0000,-0.0088,-0.0078,0.0000,0.4500,2,25.59622,0.15877,0.16061,0.00000,0.60000,10566,10715,-0.002620,-0.001846
33.40,3.25748,0.05796,0.09186,COLLECT,PICKUP_ACTIVE,0.0000,0.0000,0.0099,-0.0078,0.0000,0.4500,2,25.59622,0.15877,0.15780,0.00000,0.60000,10565,10715,-0.002716,-0.001984
33.42,3.25743,0.05796,0.09186,COLLECT,PICKUP_ACTIVE,0.0000,0.0000,-0.0085,-0.0078,0.0000,0.4500,2,25.59622,0.15995,0.15780,0.00000,0.60000,10565,10715,-0.001993,-0.002106
33.44,3.25739,0.05796,0.09186,COLLECT,PICKUP_ACTIVE,0.0000,0.0000,-0.0085,-0.0078,0.0000,0.4500,2,25.59621,0.15846,0.15780,0.00000,0.60000,10565,10715,-0.002143,-0.002216
33.46,3.25735,0.05795,0.09186,COLLECT,PICKUP_ACTIVE,0.0000,0.0000,-0.0085,-0.0078,0.0000,0.4500,2,25.59621,0.15846,0.15780,0.00000,0.60000,10565,10715,-0.002277,-0.002314
33.48,3.25730,0.05795,0.09186,COLLECT,PICKUP_ACTIVE,0.0000,0.0000,-0.0085,-0.0078,0.0000,0.4500,2,25.59621,0.15846,0.15780,0.00000,0.60000,10565,10715,-0.002397,-0.002401
33.50,3.25725,0.05794,0.09186,COLLECT,PICKUP_ACTIVE,0.0000,0.0000,-0.0085,0.0109,0.0000,0.4500,2,25.59621,0.15846,0.15780,0.00000,0.60000,10565,10714,-0.002503,-0.002479
33.52,3.25720,0.05794,0.09189,COLLECT,PICKUP_ACTIVE,0.0000,0.0000,0.0103,-0.0075,0.0000,0.4500,2,25.59621,0.15846,0.16091,0.00000,0.60000,10564,10714,-0.002598,-0.001740
33.54,3.25717,0.05794,0.09189,COLLECT,PICKUP_ACTIVE,0.0000,0.0000,-0.0082,-0.0075,0.0000,0.4500,2,25.59621,0.16025,0.15750,0.00000,0.60000,10564,10714,-0.001874,-0.001875
33.56,3.25713,0.05793,0.09190,COLLECT,PICKUP_ACTIVE,0.0000,0.0000,-0.0082,-0.0075,0.0000,0.4500,2,25.59621,0.15815,0.15750,0.00000,0.60000,10564,10714,-0.002024,-0.001997
33.58,3.25708,0.05793,0.09190,COLLECT,PICKUP_ACTIVE,0.0000,0.0000,-0.0082,-0.0075,0.0000,0.4500,2,25.59621,0.15815,0.15750,0.00000,0.60000,10564,10714,-0.002158,-0.002105
33.60,3.25704,0.05792,0.09190,COLLECT,PICKUP_ACTIVE,0.0000,0.0000,-0.0082,-0.0075,0.0000,0.4500,2,25.59621,0.15815,0.15750,0.00000,0.60000,10564,10714,-0.002277,-0.002201
33.62,3.25699,0.05792,0.09190,COLLECT,PICKUP_ACTIVE,0.0000,0.0000,-0.0082,-0.0075,0.0000,0.4500,2,25.59620,0.15815,0.15750,0.00000,0.60000,10564,10714,-0.002383,-0.002288
33.64,3.25695,0.05792,0.09191,COLLECT,PICKUP_ACTIVE,0.0000,0.0000,-0.0082,0.0112,0.0000,0.4500,2,25.59620,0.15815,0.15750,0.00000,0.60000,10564,10713,-0.002478,-0.002364
33.66,3.25690,0.05791,0.09194,COLLECT,PICKUP_ACTIVE,0.0000,0.0000,0.0106,-0.0072,0.0000,0.4500,2,25.59620,0.15815,0.16122,0.00000,0.60000,10563,10713,-0.002563,-0.001624
33.68,3.25687,0.05791,0.09195,COLLECT,PICKUP_ACTIVE,0.0000,0.0000,-0.0078,-0.0072,0.0000,0.4500,2,25.59620,0.16056,0.15719,0.00000,0.60000,10563,10713,-0.001830,-0.001759
33.70,3.25683,0.05791,0.09195,COLLECT,PICKUP_ACTIVE,0.0000,0.0000,-0.0078,-0.0072,0.0000,0.4500,2,25.59620,0.15785,0.15719,0.00000,0.60000,10563,10713,-0.001971,-0.001880
33.72,3.25679,0.05790,0.09196,COLLECT,PICKUP_ACTIVE,0.0000,0.0000,-0.0078,-0.0072,0.0000,0.4500,2,25.59620,0.15785,0.15719,0.00000,0.60000,10563,10713,-0.002097,-0.001987
33.74,3.25675,0.05790,0.09196,COLLECT,PICKUP_ACTIVE,0.0000,0.0000,-0.0078,-0.0072,0.0000,0.4500,2,25.59620,0.15785,0.15719,0.00000,0.60000,10563,10713,-0.002210,-0.002083
33.76,3.25670,0.05789,0.09197,COLLECT,PICKUP_ACTIVE,0.0000,0.0000,-0.0078,-0.0072,0.0000,0.4500,2,25.59620,0.15785,0.15719,0.00000,0.60000,10563,10713,-0.002310,-0.002169
33.78,3.25666,0.05789,0.09197,COLLECT,PICKUP_ACTIVE,0.0000,0.0000,-0.0078,-0.0072,0.0000,0.4500,2,25.59619,0.15785,0.15719,0.00000,0.60000,10563,10713,-0.002399,-0.002245
33.80,3.25661,0.05788,0.09198,COLLECT,PICKUP_ACTIVE,0.0000,0.0000,0.0109,0.0115,0.0000,0.4500,2,25.59619,0.15785,0.15719,0.00000,0.60000,10562,10712,-0.002479,-0.002313
33.82,3.25657,0.05788,0.09199,COLLECT,PICKUP_ACTIVE,0.0000,0.0000,-0.0075,-0.0069,0.0000,0.4500,2,25.59619,0.16087,0.16153,0.00000,0.60000,10562,10712,-0.001742,-0.001565
33.84,3.25654,0.05788,0.09199,COLLECT,PICKUP_ACTIVE,0.0000,0.0000,-0.0075,-0.0069,0.0000,0.4500,2,25.59619,0.15754,0.15688,0.00000,0.60000,10562,10712,-0.001879,-0.001694
33.86,3.25650,0.05787,0.09200,COLLECT,PICKUP_ACTIVE,0.0000,0.0000,-0.0075,-0.0069,0.0000,0.4500,2,25.59619,0.15754,0.15688,0.00000,0.60000,10562,10712,-0.002002,-0.001808
33.88,3.25646,0.05787,0.09201,COLLECT,PICKUP_ACTIVE,0.0000,0.0000,-0.0075,-0.0069,0.0000,0.4500,2,25.59619,0.15754,0.15688,0.00000,0.60000,10562,10712,-0.002112,-0.001910
33.90,3.25642,0.05787,0.09202,COLLECT,PICKUP_ACTIVE,0.0000,0.0000,-0.0075,-0.0069,0.0000,0.4500,2,25.59619,0.15754,0.15688,0.00000,0.60000,10562,10712,-0.002209,-0.002001
33.92,3.25638,0.05786,0.09203,COLLECT,PICKUP_ACTIVE,0.0000,0.0000,-0.0075,-0.0069,0.0000,0.4500,2,25.59619,0.15754,0.15688,0.00000,0.60000,10562,10712,-0.002296,-0.002082
33.94,3.25633,0.05786,0.09203,COLLECT,PICKUP_ACTIVE,0.0000,0.0000,-0.0075,0.0118,0.0000,0.4500,2,25.59619,0.15754,0.15688,0.00000,0.60000,10562,10711,-0.002374,-0.002155
33.96,3.25629,0.05786,0.09207,COLLECT,PICKUP_ACTIVE,0.0000,0.0000,0.0112,-0.0066,0.0000,0.4500,2,25.59618,0.15754,0.16183,0.00000,0.60000,10561,10711,-0.002443,-0.001411
33.98,3.25626,0.05785,0.09208,COLLECT,PICKUP_ACTIVE,0.0000,0.0000,-0.0072,-0.0066,0.0000,0.4500,2,25.59618,0.16118,0.15658,0.00000,0.60000,10561,10711,-0.001697,-0.001543
34.00,3.25622,0.05785,0.09209,COLLECT,PICKUP_ACTIVE,0.0000,0.0000,-0.0072,-0.0066,0.0000,0.4500,2,25.59618,0.15723,0.15658,0.00000,0.60000,10561,10711,-0.001826,-0.001660
34.02,3.25619,0.05785,0.09210,COLLECT,PICKUP_ACTIVE,0.0000,0.0000,-0.0072,-0.0066,0.0000,0.4500,2,25.59618,0.15723,0.15658,0.00000,0.60000,10561,10711,-0.001941,-0.001765
34.04,3.25615,0.05784,0.09210,COLLECT,PICKUP_ACTIVE,0.0000,0.0000,-0.0072,-0.0066,0.0000,0.4500,2,25.59618,0.15723,0.15658,0.00000,0.60000,10561,10711,-0.002044,-0.001858
34.06,3.25611,0.05784,0.09211,COLLECT,PICKUP_ACTIVE,0.0000,0.0000,-0.0072,-0.0066,0.0000,0.4500,2,25.59618,0.15723,0.15658,0.00000,0.60000,10561,10711,-0.002136,-0.001942
34.08,3.25607,0.05783,0.09212,COLLECT,PICKUP_ACTIVE,0.0000,0.0000,-0.0072,-0.0066,0.0000,0.4500,2,25.59618,0.15723,0.15658,0.00000,0.60000,10561,10711,-0.002217,-0.002016
34.10,3.25602,0.05783,0.09213,COLLECT,PICKUP_ACTIVE,0.0000,0.0000,0.0115,-0.0066,0.0000,0.4500,2,25.59618,0.15723,0.15658,0.00000,0.60000,10560,10711,-0.002290,-0.002082
34.12,3.25598,0.05783,0.09211,COLLECT,PICKUP_ACTIVE,0.0000,0.0000,-0.0069,0.0121,0.0000,0.4500,2,25.59618,0.16148,0.15658,0.00000,0.60000,10560,10710,-0.001547,-0.002142
34.14,3.25595,0.05782,0.09211,COLLECT,PICKUP_ACTIVE,0.0000,0.0000,-0.0069,-0.0063,0.0000,0.4500,2,25.59617,0.15693,0.16214,0.00000,0.60000,10560,10710,-0.001679,-0.001386
34.16,3.25592,0.05782,0.09213,COLLECT,PICKUP_ACTIVE,0.0000,0.0000,-0.0069,-0.0063,0.0000,0.4500,2,25.59617,0.15693,0.15627,0.00000,0.60000,10560,10710,-0.001797,-0.001507
34.18,3.25589,0.05782,0.09214,COLLECT,PICKUP_ACTIVE,0.0000,0.0000,-0.0069,-0.0063,0.0000,0.4500,2,25.59617,0.15693,0.15627,0.00000,0.60000,10560,10710,-0.001902,-0.001615
34.20,3.25585,0.05781,0.09215,COLLECT,PICKUP_ACTIVE,0.0000,0.0000,-0.0069,-0.0063,0.0000,0.4500,2,25.59617,0.15693,0.15627,0.00000,0.60000,10560,10710,-0.001996,-0.001711
34.22,3.25581,0.05781,0.09216,COLLECT,PICKUP_ACTIVE,0.0000,0.0000,-0.0069,-0.0063,0.0000,0.4500,2,25.59617,0.15693,0.15627,0.00000,0.60000,10560,10710,-0.002079,-0.001797
34.24,3.25577,0.05781,0.09217,COLLECT,PICKUP_ACTIVE,0.0000,0.0000,-0.0069,-0.0063,0.0000,0.4500,2,25.59617,0.15693,0.15627,0.00000,0.60000,10560,10710,-0.002154,-0.001874
34.26,3.25573,0.05780,0.09218,COLLECT,PICKUP_ACTIVE,0.0000,0.0000,0.0118,-0.0063,0.0000,0.4500,2,25.59617,0.15693,0.15627,0.00000,0.60000,10559,10710,-0.002221,-0.001942
34.28,3.25569,0.05780,0.09217,COLLECT,PICKUP_ACTIVE,0.0000,0.0000,-0.0066,-0.0063,0.0000,0.4500,2,25.59617,0.16179,0.15627,0.00000,0.60000,10559,10710,-0.001471,-0.002004
34.30,3.25566,0.05780,0.09215,COLLECT,PICKUP_ACTIVE,0.0000,0.0000,-0.0066,0.0124,0.0000,0.4500,2,25.59617,0.15662,0.15627,0.00000,0.60000,10559,10709,-0.001598,-0.002058
34.32,3.25563,0.05779,0.09216,COLLECT,PICKUP_ACTIVE,0.0000,0.0000,-0.0066,-0.0060,0.0000,0.4500,2,25.59616,0.15662,0.16245,0.00000,0.60000,10559,10709,-0.001712,-0.001298
34.34,3.25560,0.05779,0.09217,COLLECT,PICKUP_ACTIVE,0.0000,0.0000,-0.0066,-0.0060,0.0000,0.4500,2,25.59616,0.15662,0.15596,0.00000,0.60000,10559,10709,-0.001813,-0.001415
34.36,3.25556,0.05779,0.09219,COLLECT,PICKUP_ACTIVE,0.0000,0.0000,-0.0066,-0.0060,0.0000,0.4500,2,25.59616,0.15662,0.15596,0.00000,0.60000,10559,10709,-0.001903,-0.001520
34.38,3.25553,0.05778,0.09220,COLLECT,PICKUP_ACTIVE,0.0000,0.0000,-0.0066,-0.0060,0.0000,0.4500,2,25.59616,0.15662,0.15596,0.00000,0.60000,10559,10709,-0.001983,-0.001613
34.40,3.25549,0.05778,0.09222,COLLECT,PICKUP_ACTIVE,0.0000,0.0000,-0.0066,-0.0060,0.0000,0.4500,2,25.59616,0.15662,0.15596,0.00000,0.60000,10559,10709,-0.002055,-0.001697
34.42,3.25545,0.05778,0.09223,COLLECT,PICKUP_ACTIVE,0.0000,0.0000,0.0121,-0.0060,0.0000,0.4500,2,25.59616,0.15662,0.15596,0.00000,0.60000,10558,10709,-0.002119,-0.001771
34.44,3.25542,0.05777,0.09222,COLLECT,PICKUP_ACTIVE,0.0000,0.0000,-0.0063,-0.0060,0.0000,0.4500,2,25.59616,0.16210,0.15596,0.00000,0.60000,10558,10709,-0.001368,-0.001837
34.46,3.25538,0.05777,0.09221,COLLECT,PICKUP_ACTIVE,0.0000,0.0000,-0.0063,-0.0060,0.0000,0.4500,2,25.59616,0.15631,0.15596,0.00000,0.60000,10558,10709,-0.001493,-0.001896
34.48,3.25535,0.05777,0.09219,COLLECT,PICKUP_ACTIVE,0.0000,0.0000,-0.0063,0.0128,0.0000,0.4500,2,25.59616,0.15631,0.15596,0.00000,0.60000,10558,10708,-0.001604,-0.001949
34.50,3.25532,0.05777,0.09220,COLLECT,PICKUP_ACTIVE,0.0000,0.0000,-0.0063,-0.0057,0.0000,0.4500,2,25.59615,0.15631,0.16275,0.00000,0.60000,10558,10708,-0.001704,-0.001188
34.52,3.25529,0.05776,0.09222,COLLECT,PICKUP_ACTIVE,0.0000,0.0000,-0.0063,-0.0057,0.0000,0.4500,2,25.59615,0.15631,0.15565,0.00000,0.60000,10558,10708,-0.001792,-0.001304
34.54,3.25526,0.05776,0.09224,COLLECT,PICKUP_ACTIVE,0.0000,0.0000,-0.0063,-0.0057,0.0000,0.4500,2,25.59615,0.15631,0.15565,0.00000,0.60000,10558,10708,-0.001871,-0.001407
34.56,3.25522,0.05776,0.09226,COLLECT,PICKUP_ACTIVE,0.0000,0.0000,-0.0063,-0.0057,0.0000,0.4500,2,25.59615,0.15631,0.15565,0.00000,0.60000,10558,10708,-0.001942,-0.001500
34.58,3.25519,0.05775,0.09228,AUTO,PICKUP_CONFIRMED,0.0000,0.0000,0.0000,0.0000,0.0000,0.0000,3,25.59615,0.15631,0.15565,0.00000,0.60000,10558,10708,-0.002005,-0.001582
34.60,3.25519,0.05775,0.09228,AUTO,HAZARD_VISION_STOP,0.0000,0.0000,0.0000,0.0000,0.0000,0.0000,3,25.59615,0.15000,0.15000,0.00000,0.00000,10558,10708,0.000000,0.000000
34.62,3.25519,0.05775,0.09228,AUTO,HAZARD_VISION_STOP,0.0000,0.0000,0.0000,0.0000,0.0000,0.0000,3,25.59615,0.15000,0.15000,0.00000,0.00000,10558,10708,0.000000,0.000000
34.64,3.25519,0.05775,0.09228,AUTO,HAZARD_VISION_STOP,0.0000,0.0000,0.0000,0.0000,0.0000,0.0000,3,25.59615,0.15000,0.15000,0.00000,0.00000,10558,10708,0.000000,0.000000
34.66,3.25519,0.05775,0.09228,AUTO,HAZARD_VISION_STOP,0.0000,0.0000,0.0000,0.0000,0.0000,0.0000,3,25.59615,0.15000,0.15000,0.00000,0.00000,10558,10708,0.000000,0.000000
34.68,3.25519,0.05775,0.09228,AUTO,HAZARD_VISION_STOP,0.0000,0.0000,0.0000,0.0000,0.0000,0.0000,3,25.59615,0.15000,0.15000,0.00000,0.00000,10558,10708,0.000000,0.000000
34.70,3.25519,0.05775,0.09228,AUTO,HAZARD_VISION_STOP,0.0000,0.0000,0.0000,0.0000,0.0000,0.0000,3,25.59615,0.15000,0.15000,0.00000,0.00000,10558,10708,0.000000,0.000000
34.72,3.25519,0.05775,0.09228,AUTO,HAZARD_VISION_STOP,0.0000,0.0000,0.0000,0.0000,0.0000,0.0000,3,25.59615,0.15000,0.15000,0.00000,0.00000,10558,10708,0.000000,0.000000
34.74,3.25519,0.05775,0.09228,AUTO,HAZARD_VISION_STOP,0.0000,0.0000,0.0000,0.0000,0.0000,0.0000,3,25.59615,0.15000,0.15000,0.00000,0.00000,10558,10708,0.000000,0.000000
34.76,3.25519,0.05775,0.09228,AUTO,HAZARD_VISION_STOP,0.0000,0.0000,0.0000,0.0000,0.0000,0.0000,3,25.59615,0.15000,0.15000,0.00000,0.00000,10558,10708,0.000000,0.000000
34.78,3.25519,0.05775,0.09228,AUTO,HAZARD_VISION_STOP,0.0000,0.0000,0.0000,0.0000,0.0000,0.0000,3,25.59615,0.15000,0.15000,0.00000,0.00000,10558,10708,0.000000,0.000000
34.80,3.25519,0.05775,0.09228,AUTO,HAZARD_VISION_STOP,0.0000,0.0000,0.0000,0.0000,0.0000,0.0000,3,25.59615,0.15000,0.15000,0.00000,0.00000,10558,10708,0.000000,0.000000
34.82,3.25519,0.05775,0.09228,AUTO,HAZARD_VISION_STOP,0.0000,0.0000,0.0000,0.0000,0.0000,0.0000,3,25.59615,0.15000,0.15000,0.00000,0.00000,10558,10708,0.000000,0.000000
34.84,3.25519,0.05775,0.09228,AUTO,HAZARD_VISION_STOP,0.0000,0.0000,0.0000,0.0000,0.0000,0.0000,3,25.59615,0.15000,0.15000,0.00000,0.00000,10558,10708,0.000000,0.000000
34.86,3.25519,0.05775,0.09228,AUTO,HAZARD_VISION_STOP,0.0000,0.0000,0.0000,0.0000,0.0000,0.0000,3,25.59615,0.15000,0.15000,0.00000,0.00000,10558,10708,0.000000,0.000000
34.88,3.25519,0.05775,0.09228,AUTO,HAZARD_VISION_STOP,0.0000,0.0000,0.0000,0.0000,0.0000,0.0000,3,25.59615,0.15000,0.15000,0.00000,0.00000,10558,10708,0.000000,0.000000
34.90,3.25519,0.05775,0.09228,AUTO,HAZARD_VISION_STOP,0.0000,0.0000,0.0000,0.0000,0.0000,0.0000,3,25.59615,0.15000,0.15000,0.00000,0.00000,10558,10708,0.000000,0.000000
34.92,3.25519,0.05775,0.09228,AUTO,HAZARD_VISION_STOP,0.0000,0.0000,0.0000,0.0000,0.0000,0.0000,3,25.59615,0.15000,0.15000,0.00000,0.00000,10558,10708,0.000000,0.000000
34.94,3.25519,0.05775,0.09228,AUTO,HAZARD_VISION_STOP,0.0000,0.0000,0.0000,0.0000,0.0000,0.0000,3,25.59615,0.15000,0.15000,0.00000,0.00000,10558,10708,0.000000,0.000000
34.96,3.25519,0.05775,0.09228,AUTO,HAZARD_VISION_STOP,0.0000,0.0000,0.0000,0.0000,0.0000,0.0000,3,25.59615,0.15000,0.15000,0.00000,0.00000,10558,10708,0.000000,0.000000
34.98,3.25519,0.05775,0.09228,AUTO,HAZARD_VISION_STOP,0.0000,0.0000,0.0000,0.0000,0.0000,0.0000,3,25.59615,0.15000,0.15000,0.00000,0.00000,10558,10708,0.000000,0.000000
35.00,3.25519,0.05775,0.09228,AUTO,HAZARD_VISION_STOP,0.0000,0.0000,0.0000,0.0000,0.0000,0.0000,3,25.59615,0.15000,0.15000,0.00000,0.00000,10558,10708,0.000000,0.000000
35.02,3.25519,0.05775,0.09228,AUTO,HAZARD_VISION_STOP,0.0000,0.0000,0.0000,0.0000,0.0000,0.0000,3,25.59615,0.15000,0.15000,0.00000,0.00000,10558,10708,0.000000,0.000000
35.04,3.25519,0.05775,0.09228,AUTO,HAZARD_VISION_STOP,0.0000,0.0000,0.0000,0.0000,0.0000,0.0000,3,25.59615,0.15000,0.15000,0.00000,0.00000,10558,10708,0.000000,0.000000
35.06,3.25519,0.05775,0.09228,AUTO,HAZARD_VISION_STOP,0.0000,0.0000,0.0000,0.0000,0.0000,0.0000,3,25.59615,0.15000,0.15000,0.00000,0.00000,10558,10708,0.000000,0.000000
35.08,3.25519,0.05775,0.09228,AUTO,HAZARD_VISION_STOP,0.0000,0.0000,0.0000,0.0000,0.0000,0.0000,3,25.59615,0.15000,0.15000,0.00000,0.00000,10558,10708,0.000000,0.000000
35.10,3.25519,0.05775,0.09228,AUTO,HAZARD_VISION_STOP,0.0000,0.0000,0.0000,0.0000,0.0000,0.0000,3,25.59615,0.15000,0.15000,0.00000,0.00000,10558,10708,0.000000,0.000000
35.12,3.25519,0.05775,0.09228,AUTO,HAZARD_VISION_STOP,0.0000,0.0000,0.0000,0.0000,0.0000,0.0000,3,25.59615,0.15000,0.15000,0.00000,0.00000,10558,10708,0.000000,0.000000
35.14,3.25519,0.05775,0.09228,AUTO,HAZARD_VISION_STOP,0.0000,0.0000,0.0000,0.0000,0.0000,0.0000,3,25.59615,0.15000,0.15000,0.00000,0.00000,10558,10708,0.000000,0.000000
35.16,3.25519,0.05775,0.09228,AUTO,HAZARD_VISION_STOP,0.0000,0.0000,0.0000,0.0000,0.0000,0.0000,3,25.59615,0.15000,0.15000,0.00000,0.00000,10558,10708,0.000000,0.000000
35.18,3.25519,0.05775,0.09228,AUTO,HAZARD_VISION_STOP,0.0000,0.0000,0.0000,0.0000,0.0000,0.0000,3,25.59615,0.15000,0.15000,0.00000,0.00000,10558,10708,0.000000,0.000000
35.20,3.25519,0.05775,0.09228,AUTO,HAZARD_VISION_STOP,0.0000,0.0000,0.0000,0.0000,0.0000,0.0000,3,25.59615,0.15000,0.15000,0.00000,0.00000,10558,10708,0.000000,0.000000
35.22,3.25519,0.05775,0.09228,AUTO,HAZARD_VISION_STOP,0.0000,0.0000,0.0000,0.0000,0.0000,0.0000,3,25.59615,0.15000,0.15000,0.00000,0.00000,10558,10708,0.000000,0.000000
35.24,3.25519,0.05775,0.09228,AUTO,HAZARD_VISION_STOP,0.0000,0.0000,0.0000,0.0000,0.0000,0.0000,3,25.59615,0.15000,0.15000,0.00000,0.00000,10558,10708,0.000000,0.000000
35.26,3.25519,0.05775,0.09228,AUTO,HAZARD_VISION_STOP,0.0000,0.0000,0.0000,0.0000,0.0000,0.0000,3,25.59615,0.15000,0.15000,0.00000,0.00000,10558,10708,0.000000,0.000000
35.28,3.25519,0.05775,0.09228,AUTO,HAZARD_VISION_STOP,0.0000,0.0000,0.0000,0.0000,0.0000,0.0000,3,25.59615,0.15000,0.15000,0.00000,0.00000,10558,10708,0.000000,0.000000
35.30,3.25519,0.05775,0.09228,AUTO,HAZARD_VISION_STOP,0.0000,0.0000,0.0000,0.0000,0.0000,0.0000,3,25.59615,0.15000,0.15000,0.00000,0.00000,10558,10708,0.000000,0.000000
35.32,3.25519,0.05775,0.09228,AUTO,HAZARD_VISION_STOP,0.0000,0.0000,0.0000,0.0000,0.0000,0.0000,3,25.59615,0.15000,0.15000,0.00000,0.00000,10558,10708,0.000000,0.000000
35.34,3.25519,0.05775,0.09228,AUTO,HAZARD_VISION_STOP,0.0000,0.0000,0.0000,0.0000,0.0000,0.0000,3,25.59615,0.15000,0.15000,0.00000,0.00000,10558,10708,0.000000,0.000000
35.36,3.25519,0.05775,0.09228,AUTO,HAZARD_VISION_STOP,0.0000,0.0000,0.0000,0.0000,0.0000,0.0000,3,25.59615,0.15000,0.15000,0.00000,0.00000,10558,10708,0.000000,0.000000
35.38,3.25519,0.05775,0.09228,AUTO,HAZARD_VISION_STOP,0.0000,0.0000,0.0000,0.0000,0.0000,0.0000,3,25.59615,0.15000,0.15000,0.00000,0.00000,10558,10708,0.000000,0.000000
35.40,3.25519,0.05775,0.09228,AUTO,HAZARD_VISION_STOP,0.0000,0.0000,0.0000,0.0000,0.0000,0.0000,3,25.59615,0.15000,0.15000,0.00000,0.00000,10558,10708,0.000000,0.000000
35.42,3.25519,0.05775,0.09228,AUTO,HAZARD_VISION_STOP,0.0000,0.0000,0.0000,0.0000,0.0000,0.0000,3,25.59615,0.15000,0.15000,0.00000,0.00000,10558,10708,0.000000,0.000000
35.44,3.25519,0.05775,0.09228,AUTO,HAZARD_VISION_STOP,0.0000,0.0000,0.0000,0.0000,0.0000,0.0000,3,25.59615,0.15000,0.15000,0.00000,0.00000,10558,10708,0.000000,0.000000
35.46,3.25519,0.05775,0.09228,AUTO,HAZARD_VISION_STOP,0.0000,0.0000,0.0000,0.0000,0.0000,0.0000,3,25.59615,0.15000,0.15000,0.00000,0.00000,10558,10708,0.000000,0.000000
35.48,3.25519,0.05775,0.09228,AUTO,HAZARD_VISION_STOP,0.0000,0.0000,0.0000,0.0000,0.0000,0.0000,3,25.59615,0.15000,0.15000,0.00000,0.00000,10558,10708,0.000000,0.000000
35.50,3.25519,0.05775,0.09228,AUTO,HAZARD_VISION_STOP,0.0000,0.0000,0.0000,0.0000,0.0000,0.0000,3,25.59615,0.15000,0.15000,0.00000,0.00000,10558,10708,0.000000,0.000000
35.52,3.25519,0.05775,0.09228,AUTO,HAZARD_VISION_STOP,0.0000,0.0000,0.0000,0.0000,0.0000,0.0000,3,25.59615,0.15000,0.15000,0.00000,0.00000,10558,10708,0.000000,0.000000
35.54,3.25519,0.05775,0.09228,AUTO,HAZARD_VISION_STOP,0.0000,0.0000,0.0000,0.0000,0.0000,0.0000,3,25.59615,0.15000,0.15000,0.00000,0.00000,10558,10708,0.000000,0.000000
35.56,3.25519,0.05775,0.09228,AUTO,HAZARD_VISION_STOP,0.0000,0.0000,0.0000,0.0000,0.0000,0.0000,3,25.59615,0.15000,0.15000,0.00000,0.00000,10558,10708,0.000000,0.000000
35.58,3.25519,0.05775,0.09228,AUTO,HAZARD_VISION_STOP,0.0000,0.0000,0.0000,0.0000,0.0000,0.0000,3,25.59615,0.15000,0.15000,0.00000,0.00000,10558,10708,0.000000,0.000000
35.60,3.25519,0.05775,0.09228,AUTO,HAZARD_VISION_STOP,0.0000,0.0000,0.0000,0.0000,0.0000,0.0000,3,25.59615,0.15000,0.15000,0.00000,0.00000,10558,10708,0.000000,0.000000
35.62,3.25519,0.05775,0.09228,AUTO,HAZARD_VISION_STOP,0.0000,0.0000,0.0000,0.0000,0.0000,0.0000,3,25.59615,0.15000,0.15000,0.00000,0.00000,10558,10708,0.000000,0.000000
35.64,3.25519,0.05775,0.09228,AUTO,HAZARD_VISION_STOP,0.0000,0.0000,0.0000,0.0000,0.0000,0.0000,3,25.59615,0.15000,0.15000,0.00000,0.00000,10558,10708,0.000000,0.000000
35.66,3.25519,0.05775,0.09228,AUTO,HAZARD_VISION_STOP,0.0000,0.0000,0.0000,0.0000,0.0000,0.0000,3,25.59615,0.15000,0.15000,0.00000,0.00000,10558,10708,0.000000,0.000000
35.68,3.25519,0.05775,0.09228,AUTO,HAZARD_VISION_STOP,0.0000,0.0000,0.0000,0.0000,0.0000,0.0000,3,25.59615,0.15000,0.15000,0.00000,0.00000,10558,10708,0.000000,0.000000
35.70,3.25519,0.05775,0.09228,AUTO,HAZARD_VISION_STOP,0.0000,0.0000,0.0000,0.0000,0.0000,0.0000,3,25.59615,0.15000,0.15000,0.00000,0.00000,10558,10708,0.000000,0.000000
35.72,3.25519,0.05775,0.09228,AUTO,HAZARD_VISION_STOP,0.0000,0.0000,0.0000,0.0000,0.0000,0.0000,3,25.59615,0.15000,0.15000,0.00000,0.00000,10558,10708,0.000000,0.000000
35.74,3.25519,0.05775,0.09228,AUTO,HAZARD_VISION_STOP,0.0000,0.0000,0.0000,0.0000,0.0000,0.0000,3,25.59615,0.15000,0.15000,0.00000,0.00000,10558,10708,0.000000,0.000000
35.76,3.25519,0.05775,0.09228,AUTO,HAZARD_VISION_STOP,0.0000,0.0000,0.0000,0.0000,0.0000,0.0000,3,25.59615,0.15000,0.15000,0.00000,0.00000,10558,10708,0.000000,0.000000
35.78,3.25519,0.05775,0.09228,AUTO,HAZARD_VISION_STOP,0.0000,0.0000,0.0000,0.0000,0.0000,0.0000,3,25.59615,0.15000,0.15000,0.00000,0.00000,10558,10708,0.000000,0.000000
35.80,3.25519,0.05775,0.09228,AUTO,HAZARD_VISION_STOP,0.0000,0.0000,0.0000,0.0000,0.0000,0.0000,3,25.59615,0.15000,0.15000,0.00000,0.00000,10558,10708,0.000000,0.000000
35.82,3.25519,0.05775,0.09228,AUTO,HAZARD_VISION_STOP,0.0000,0.0000,0.0000,0.0000,0.0000,0.0000,3,25.59615,0.15000,0.15000,0.00000,0.00000,10558,10708,0.000000,0.000000
35.84,3.25519,0.05775,0.09228,AUTO,HAZARD_VISION_STOP,0.0000,0.0000,0.0000,0.0000,0.0000,0.0000,3,25.59615,0.15000,0.15000,0.00000,0.00000,10558,10708,0.000000,0.000000
35.86,3.25519,0.05775,0.09228,AUTO,HAZARD_VISION_STOP,0.0000,0.0000,0.0000,0.0000,0.0000,0.0000,3,25.59615,0.15000,0.15000,0.00000,0.00000,10558,10708,0.000000,0.000000
35.88,3.25519,0.05775,0.09228,AUTO,HAZARD_VISION_STOP,0.0000,0.0000,0.0000,0.0000,0.0000,0.0000,3,25.59615,0.15000,0.15000,0.00000,0.00000,10558,10708,0.000000,0.000000
35.90,3.25519,0.05775,0.09228,AUTO,HAZARD_VISION_STOP,0.0000,0.0000,0.0000,0.0000,0.0000,0.0000,3,25.59615,0.15000,0.15000,0.00000,0.00000,10558,10708,0.000000,0.000000
35.92,3.25519,0.05775,0.09228,AUTO,HAZARD_VISION_STOP,0.0000,0.0000,0.0000,0.0000,0.0000,0.0000,3,25.59615,0.15000,0.15000,0.00000,0.00000,10558,10708,0.000000,0.000000
35.94,3.25519,0.05775,0.09228,AUTO,HAZARD_VISION_STOP,0.0000,0.0000,0.0000,0.0000,0.0000,0.0000,3,25.59615,0.15000,0.15000,0.00000,0.00000,10558,10708,0.000000,0.000000
35.96,3.25519,0.05775,0.09228,AUTO,HAZARD_VISION_STOP,0.0000,0.0000,0.0000,0.0000,0.0000,0.0000,3,25.59615,0.15000,0.15000,0.00000,0.00000,10558,10708,0.000000,0.000000
35.98,3.25519,0.05775,0.09228,AUTO,HAZARD_VISION_STOP,0.0000,0.0000,0.0000,0.0000,0.0000,0.0000,3,25.59615,0.15000,0.15000,0.00000,0.00000,10558,10708,0.000000,0.000000
36.00,3.25519,0.05775,0.09228,AUTO,HAZARD_VISION_STOP,0.0000,0.0000,0.0000,0.0000,0.0000,0.0000,3,25.59615,0.15000,0.15000,0.00000,0.00000,10558,10708,0.000000,0.000000
36.02,3.25519,0.05775,0.09228,AUTO,HAZARD_VISION_STOP,0.0000,0.0000,0.0000,0.0000,0.0000,0.0000,3,25.59615,0.15000,0.15000,0.00000,0.00000,10558,10708,0.000000,0.000000
36.04,3.25519,0.05775,0.09228,AUTO,HAZARD_VISION_STOP,0.0000,0.0000,0.0000,0.0000,0.0000,0.0000,3,25.59615,0.15000,0.15000,0.00000,0.00000,10558,10708,0.000000,0.000000
36.06,3.25519,0.05775,0.09228,AUTO,HAZARD_VISION_STOP,0.0000,0.0000,0.0000,0.0000,0.0000,0.0000,3,25.59615,0.15000,0.15000,0.00000,0.00000,10558,10708,0.000000,0.000000
36.08,3.25519,0.05775,0.09228,AUTO,HAZARD_VISION_STOP,0.0000,0.0000,0.0000,0.0000,0.0000,0.0000,3,25.59615,0.15000,0.15000,0.00000,0.00000,10558,10708,0.000000,0.000000
36.10,3.25519,0.05775,0.09228,AUTO,HAZARD_VISION_STOP,0.0000,0.0000,0.0000,0.0000,0.0000,0.0000,3,25.59615,0.15000,0.15000,0.00000,0.00000,10558,10708,0.000000,0.000000
36.12,3.25519,0.05775,0.09228,AUTO,HAZARD_VISION_STOP,0.0000,0.0000,0.0000,0.0000,0.0000,0.0000,3,25.59615,0.15000,0.15000,0.00000,0.00000,10558,10708,0.000000,0.000000
36.14,3.25519,0.05775,0.09228,AUTO,HAZARD_VISION_STOP,0.0000,0.0000,0.0000,0.0000,0.0000,0.0000,3,25.59615,0.15000,0.15000,0.00000,0.00000,10558,10708,0.000000,0.000000
36.16,3.25519,0.05775,0.09228,AUTO,HAZARD_VISION_STOP,0.0000,0.0000,0.0000,0.0000,0.0000,0.0000,3,25.59615,0.15000,0.15000,0.00000,0.00000,10558,10708,0.000000,0.000000
36.18,3.25519,0.05775,0.09228,AUTO,HAZARD_VISION_STOP,0.0000,0.0000,0.0000,0.0000,0.0000,0.0000,3,25.59615,0.15000,0.15000,0.00000,0.00000,10558,10708,0.000000,0.000000
36.20,3.25519,0.05775,0.09228,AUTO,HAZARD_VISION_STOP,0.0000,0.0000,0.0000,0.0000,0.0000,0.0000,3,25.59615,0.15000,0.15000,0.00000,0.00000,10558,10708,0.000000,0.000000
36.22,3.25519,0.05775,0.09228,AUTO,HAZARD_VISION_STOP,0.0000,0.0000,0.0000,0.0000,0.0000,0.0000,3,25.59615,0.15000,0.15000,0.00000,0.00000,10558,10708,0.000000,0.000000
36.24,3.25519,0.05775,0.09228,AUTO,HAZARD_VISION_STOP,0.0000,0.0000,0.0000,0.0000,0.0000,0.0000,3,25.59615,0.15000,0.15000,0.00000,0.00000,10558,10708,0.000000,0.000000
36.26,3.25519,0.05775,0.09228,AUTO,HAZARD_VISION_STOP,0.0000,0.0000,0.0000,0.0000,0.0000,0.0000,3,25.59615,0.15000,0.15000,0.00000,0.00000,10558,10708,0.000000,0.000000
36.28,3.25519,0.05775,0.09228,AUTO,HAZARD_VISION_STOP,0.0000,0.0000,0.0000,0.0000,0.0000,0.0000,3,25.59615,0.15000,0.15000,0.00000,0.00000,10558,10708,0.000000,0.000000
36.30,3.25519,0.05775,0.09228,AUTO,HAZARD_VISION_STOP,0.0000,0.0000,0.0000,0.0000,0.0000,0.0000,3,25.59615,0.15000,0.15000,0.00000,0.00000,10558,10708,0.000000,0.000000
36.32,3.25519,0.05775,0.09228,AUTO,HAZARD_VISION_STOP,0.0000,0.0000,0.0000,0.0000,0.0000,0.0000,3,25.59615,0.15000,0.15000,0.00000,0.00000,10558,10708,0.000000,0.000000
36.34,3.25519,0.05775,0.09228,AUTO,HAZARD_VISION_STOP,0.0000,0.0000,0.0000,0.0000,0.0000,0.0000,3,25.59615,0.15000,0.15000,0.00000,0.00000,10558,10708,0.000000,0.000000
36.36,3.25519,0.05775,0.09228,AUTO,HAZARD_VISION_STOP,0.0000,0.0000,0.0000,0.0000,0.0000,0.0000,3,25.59615,0.15000,0.15000,0.00000,0.00000,10558,10708,0.000000,0.000000
36.38,3.25519,0.05775,0.09228,AUTO,HAZARD_VISION_STOP,0.0000,0.0000,0.0000,0.0000,0.0000,0.0000,3,25.59615,0.15000,0.15000,0.00000,0.00000,10558,10708,0.000000,0.000000
36.40,3.25519,0.05775,0.09228,AUTO,HAZARD_VISION_STOP,0.0000,0.0000,0.0000,0.0000,0.0000,0.0000,3,25.59615,0.15000,0.15000,0.00000,0.00000,10558,10708,0.000000,0.000000
36.42,3.25519,0.05775,0.09228,AUTO,HAZARD_VISION_STOP,0.0000,0.0000,0.0000,0.0000,0.0000,0.0000,3,25.59615,0.15000,0.15000,0.00000,0.00000,10558,10708,0.000000,0.000000
36.44,3.25519,0.05775,0.09228,AUTO,HAZARD_VISION_STOP,0.0000,0.0000,0.0000,0.0000,0.0000,0.0000,3,25.59615,0.15000,0.15000,0.00000,0.00000,10558,10708,0.000000,0.000000
36.46,3.25519,0.05775,0.09228,AUTO,HAZARD_VISION_STOP,0.0000,0.0000,0.0000,0.0000,0.0000,0.0000,3,25.59615,0.15000,0.15000,0.00000,0.00000,10558,10708,0.000000,0.000000
36.48,3.25519,0.05775,0.09228,AUTO,HAZARD_VISION_STOP,0.0000,0.0000,0.0000,0.0000,0.0000,0.0000,3,25.59615,0.15000,0.15000,0.00000,0.00000,10558,10708,0.000000,0.000000
36.50,3.25519,0.05775,0.09228,AUTO,HAZARD_VISION_STOP,0.0000,0.0000,0.0000,0.0000,0.0000,0.0000,3,25.59615,0.15000,0.15000,0.00000,0.00000,10558,10708,0.000000,0.000000
36.52,3.25519,0.05775,0.09228,AUTO,HAZARD_VISION_STOP,0.0000,0.0000,0.0000,0.0000,0.0000,0.0000,3,25.59615,0.15000,0.15000,0.00000,0.00000,10558,10708,0.000000,0.000000
36.54,3.25519,0.05775,0.09228,AUTO,HAZARD_VISION_STOP,0.0000,0.0000,0.0000,0.0000,0.0000,0.0000,3,25.59615,0.15000,0.15000,0.00000,0.00000,10558,10708,0.000000,0.000000
36.56,3.25519,0.05775,0.09228,AUTO,HAZARD_VISION_STOP,0.0000,0.0000,0.0000,0.0000,0.0000,0.0000,3,25.59615,0.15000,0.15000,0.00000,0.00000,10558,10708,0.000000,0.000000
36.58,3.25519,0.05775,0.09228,AUTO,HAZARD_VISION_STOP,0.0000,0.0000,0.0000,0.0000,0.0000,0.0000,3,25.59615,0.15000,0.15000,0.00000,0.00000,10558,10708,0.000000,0.000000
36.60,3.25519,0.05775,0.09228,AUTO,HAZARD_VISION_STOP,0.0000,0.0000,0.0000,0.0000,0.0000,0.0000,3,25.59615,0.15000,0.15000,0.00000,0.00000,10558,10708,0.000000,0.000000
36.62,3.25519,0.05775,0.09228,AUTO,HAZARD_VISION_STOP,0.0000,0.0000,0.0000,0.0000,0.0000,0.0000,3,25.59615,0.15000,0.15000,0.00000,0.00000,10558,10708,0.000000,0.000000
36.64,3.25519,0.05775,0.09228,AUTO,HAZARD_VISION_STOP,0.0000,0.0000,0.0000,0.0000,0.0000,0.0000,3,25.59615,0.15000,0.15000,0.00000,0.00000,10558,10708,0.000000,0.000000
36.66,3.25519,0.05775,0.09228,AUTO,HAZARD_VISION_STOP,0.0000,0.0000,0.0000,0.0000,0.0000,0.0000,3,25.59615,0.15000,0.15000,0.00000,0.00000,10558,10708,0.000000,0.000000
36.68,3.25519,0.05775,0.09228,AUTO,HAZARD_VISION_STOP,0.0000,0.0000,0.0000,0.0000,0.0000,0.0000,3,25.59615,0.15000,0.15000,0.00000,0.00000,10558,10708,0.000000,0.000000
36.70,3.25519,0.05775,0.09228,AUTO,HAZARD_VISION_STOP,0.0000,0.0000,0.0000,0.0000,0.0000,0.0000,3,25.59615,0.15000,0.15000,0.00000,0.00000,10558,10708,0.000000,0.000000
36.72,3.25519,0.05775,0.09228,AUTO,HAZARD_VISION_STOP,0.0000,0.0000,0.0000,0.0000,0.0000,0.0000,3,25.59615,0.15000,0.15000,0.00000,0.00000,10558,10708,0.000000,0.000000
36.74,3.25519,0.05775,0.09228,AUTO,HAZARD_VISION_STOP,0.0000,0.0000,0.0000,0.0000,0.0000,0.0000,3,25.59615,0.15000,0.15000,0.00000,0.00000,10558,10708,0.000000,0.000000
36.76,3.25519,0.05775,0.09228,AUTO,HAZARD_VISION_STOP,0.0000,0.0000,0.0000,0.0000,0.0000,0.0000,3,25.59615,0.15000,0.15000,0.00000,0.00000,10558,10708,0.000000,0.000000
36.78,3.25519,0.05775,0.09228,AUTO,HAZARD_VISION_STOP,0.0000,0.0000,0.0000,0.0000,0.0000,0.0000,3,25.59615,0.15000,0.15000,0.00000,0.00000,10558,10708,0.000000,0.000000
36.80,3.25519,0.05775,0.09228,AUTO,HAZARD_VISION_STOP,0.0000,0.0000,0.0000,0.0000,0.0000,0.0000,3,25.59615,0.15000,0.15000,0.00000,0.00000,10558,10708,0.000000,0.000000
36.82,3.25519,0.05775,0.09228,AUTO,HAZARD_VISION_STOP,0.0000,0.0000,0.0000,0.0000,0.0000,0.0000,3,25.59615,0.15000,0.15000,0.00000,0.00000,10558,10708,0.000000,0.000000
36.84,3.25519,0.05775,0.09228,AUTO,HAZARD_VISION_STOP,0.0000,0.0000,0.0000,0.0000,0.0000,0.0000,3,25.59615,0.15000,0.15000,0.00000,0.00000,10558,10708,0.000000,0.000000
36.86,3.25519,0.05775,0.09228,AUTO,HAZARD_VISION_STOP,0.0000,0.0000,0.0000,0.0000,0.0000,0.0000,3,25.59615,0.15000,0.15000,0.00000,0.00000,10558,10708,0.000000,0.000000
36.88,3.25519,0.05775,0.09228,AUTO,HAZARD_VISION_STOP,0.0000,0.0000,0.0000,0.0000,0.0000,0.0000,3,25.59615,0.15000,0.15000,0.00000,0.00000,10558,10708,0.000000,0.000000
36.90,3.25519,0.05775,0.09228,AUTO,HAZARD_VISION_STOP,0.0000,0.0000,0.0000,0.0000,0.0000,0.0000,3,25.59615,0.15000,0.15000,0.00000,0.00000,10558,10708,0.000000,0.000000
36.92,3.25519,0.05775,0.09228,AUTO,HAZARD_VISION_STOP,0.0000,0.0000,0.0000,0.0000,0.0000,0.0000,3,25.59615,0.15000,0.15000,0.00000,0.00000,10558,10708,0.000000,0.000000
36.94,3.25519,0.05775,0.09228,AUTO,HAZARD_VISION_STOP,0.0000,0.0000,0.0000,0.0000,0.0000,0.0000,3,25.59615,0.15000,0.15000,0.00000,0.00000,10558,10708,0.000000,0.000000
36.96,3.25519,0.05775,0.09228,AUTO,HAZARD_VISION_STOP,0.0000,0.0000,0.0000,0.0000,0.0000,0.0000,3,25.59615,0.15000,0.15000,0.00000,0.00000,10558,10708,0.000000,0.000000
36.98,3.25519,0.05775,0.09228,AUTO,HAZARD_VISION_STOP,0.0000,0.0000,0.0000,0.0000,0.0000,0.0000,3,25.59615,0.15000,0.15000,0.00000,0.00000,10558,10708,0.000000,0.000000
37.00,3.25519,0.05775,0.09228,AUTO,HAZARD_VISION_STOP,0.0000,0.0000,0.0000,0.0000,0.0000,0.0000,3,25.59615,0.15000,0.15000,0.00000,0.00000,10558,10708,0.000000,0.000000
37.02,3.25519,0.05775,0.09228,AUTO,HAZARD_VISION_STOP,0.0000,0.0000,0.0000,0.0000,0.0000,0.0000,3,25.59615,0.15000,0.15000,0.00000,0.00000,10558,10708,0.000000,0.000000
37.04,3.25519,0.05775,0.09228,AUTO,HAZARD_VISION_STOP,0.0000,0.0000,0.0000,0.0000,0.0000,0.0000,3,25.59615,0.15000,0.15000,0.00000,0.00000,10558,10708,0.000000,0.000000
37.06,3.25519,0.05775,0.09228,AUTO,HAZARD_VISION_STOP,0.0000,0.0000,0.0000,0.0000,0.0000,0.0000,3,25.59615,0.15000,0.15000,0.00000,0.00000,10558,10708,0.000000,0.000000
37.08,3.25519,0.05775,0.09228,AUTO,HAZARD_VISION_STOP,0.0000,0.0000,0.0000,0.0000,0.0000,0.0000,3,25.59615,0.15000,0.15000,0.00000,0.00000,10558,10708,0.000000,0.000000
37.10,3.25519,0.05775,0.09228,AUTO,HAZARD_VISION_STOP,0.0000,0.0000,0.0000,0.0000,0.0000,0.0000,3,25.59615,0.15000,0.15000,0.00000,0.00000,10558,10708,0.000000,0.000000
37.12,3.25519,0.05775,0.09228,AUTO,HAZARD_VISION_STOP,0.0000,0.0000,0.0000,0.0000,0.0000,0.0000,3,25.59615,0.15000,0.15000,0.00000,0.00000,10558,10708,0.000000,0.000000
37.14,3.25519,0.05775,0.09228,AUTO,HAZARD_VISION_STOP,0.0000,0.0000,0.0000,0.0000,0.0000,0.0000,3,25.59615,0.15000,0.15000,0.00000,0.00000,10558,10708,0.000000,0.000000
37.16,3.25519,0.05775,0.09228,AUTO,HAZARD_VISION_STOP,0.0000,0.0000,0.0000,0.0000,0.0000,0.0000,3,25.59615,0.15000,0.15000,0.00000,0.00000,10558,10708,0.000000,0.000000
37.18,3.25519,0.05775,0.09228,AUTO,HAZARD_VISION_STOP,0.0000,0.0000,0.0000,0.0000,0.0000,0.0000,3,25.59615,0.15000,0.15000,0.00000,0.00000,10558,10708,0.000000,0.000000
37.20,3.25519,0.05775,0.09228,AUTO,HAZARD_VISION_STOP,0.0000,0.0000,0.0000,0.0000,0.0000,0.0000,3,25.59615,0.15000,0.15000,0.00000,0.00000,10558,10708,0.000000,0.000000
37.22,3.25519,0.05775,0.09228,AUTO,HAZARD_VISION_STOP,0.0000,0.0000,0.0000,0.0000,0.0000,0.0000,3,25.59615,0.15000,0.15000,0.00000,0.00000,10558,10708,0.000000,0.000000
37.24,3.25519,0.05775,0.09228,AUTO,HAZARD_VISION_STOP,0.0000,0.0000,0.0000,0.0000,0.0000,0.0000,3,25.59615,0.15000,0.15000,0.00000,0.00000,10558,10708,0.000000,0.000000
37.26,3.25519,0.05775,0.09228,AUTO,HAZARD_VISION_STOP,0.0000,0.0000,0.0000,0.0000,0.0000,0.0000,3,25.59615,0.15000,0.15000,0.00000,0.00000,10558,10708,0.000000,0.000000
37.28,3.25519,0.05775,0.09228,AUTO,HAZARD_VISION_STOP,0.0000,0.0000,0.0000,0.0000,0.0000,0.0000,3,25.59615,0.15000,0.15000,0.00000,0.00000,10558,10708,0.000000,0.000000
37.30,3.25519,0.05775,0.09228,AUTO,HAZARD_VISION_STOP,0.0000,0.0000,0.0000,0.0000,0.0000,0.0000,3,25.59615,0.15000,0.15000,0.00000,0.00000,10558,10708,0.000000,0.000000
37.32,3.25519,0.05775,0.09228,AUTO,HAZARD_VISION_STOP,0.0000,0.0000,0.0000,0.0000,0.0000,0.0000,3,25.59615,0.15000,0.15000,0.00000,0.00000,10558,10708,0.000000,0.000000
37.34,3.25519,0.05775,0.09228,AUTO,HAZARD_VISION_STOP,0.0000,0.0000,0.0000,0.0000,0.0000,0.0000,3,25.59615,0.15000,0.15000,0.00000,0.00000,10558,10708,0.000000,0.000000
37.36,3.25519,0.05775,0.09228,AUTO,HAZARD_VISION_STOP,0.0000,0.0000,0.0000,0.0000,0.0000,0.0000,3,25.59615,0.15000,0.15000,0.00000,0.00000,10558,10708,0.000000,0.000000
37.38,3.25519,0.05775,0.09228,AUTO,HAZARD_VISION_STOP,0.0000,0.0000,0.0000,0.0000,0.0000,0.0000,3,25.59615,0.15000,0.15000,0.00000,0.00000,10558,10708,0.000000,0.000000
37.40,3.25519,0.05775,0.09228,AUTO,HAZARD_VISION_STOP,0.0000,0.0000,0.0000,0.0000,0.0000,0.0000,3,25.59615,0.15000,0.15000,0.00000,0.00000,10558,10708,0.000000,0.000000
37.42,3.25519,0.05775,0.09228,AUTO,HAZARD_VISION_STOP,0.0000,0.0000,0.0000,0.0000,0.0000,0.0000,3,25.59615,0.15000,0.15000,0.00000,0.00000,10558,10708,0.000000,0.000000
37.44,3.25519,0.05775,0.09228,AUTO,HAZARD_VISION_STOP,0.0000,0.0000,0.0000,0.0000,0.0000,0.0000,3,25.59615,0.15000,0.15000,0.00000,0.00000,10558,10708,0.000000,0.000000
37.46,3.25519,0.05775,0.09228,AUTO,HAZARD_VISION_STOP,0.0000,0.0000,0.0000,0.0000,0.0000,0.0000,3,25.59615,0.15000,0.15000,0.00000,0.00000,10558,10708,0.000000,0.000000
37.48,3.25519,0.05775,0.09228,AUTO,HAZARD_VISION_STOP,0.0000,0.0000,0.0000,0.0000,0.0000,0.0000,3,25.59615,0.15000,0.15000,0.00000,0.00000,10558,10708,0.000000,0.000000
37.50,3.25519,0.05775,0.09228,AUTO,HAZARD_VISION_STOP,0.0000,0.0000,0.0000,0.0000,0.0000,0.0000,3,25.59615,0.15000,0.15000,0.00000,0.00000,10558,10708,0.000000,0.000000
37.52,3.25519,0.05775,0.09228,AUTO,HAZARD_VISION_STOP,0.0000,0.0000,0.0000,0.0000,0.0000,0.0000,3,25.59615,0.15000,0.15000,0.00000,0.00000,10558,10708,0.000000,0.000000
37.54,3.25519,0.05775,0.09228,AUTO,HAZARD_VISION_STOP,0.0000,0.0000,0.0000,0.0000,0.0000,0.0000,3,25.59615,0.15000,0.15000,0.00000,0.00000,10558,10708,0.000000,0.000000
37.56,3.25519,0.05775,0.09228,AUTO,HAZARD_VISION_STOP,0.0000,0.0000,0.0000,0.0000,0.0000,0.0000,3,25.59615,0.15000,0.15000,0.00000,0.00000,10558,10708,0.000000,0.000000
37.58,3.25519,0.05775,0.09228,AUTO,HAZARD_VISION_STOP,0.0000,0.0000,0.0000,0.0000,0.0000,0.0000,3,25.59615,0.15000,0.15000,0.00000,0.00000,10558,10708,0.000000,0.000000
37.60,3.25519,0.05775,0.09228,AUTO,HAZARD_VISION_STOP,0.0000,0.0000,0.0000,0.0000,0.0000,0.0000,3,25.59615,0.15000,0.15000,0.00000,0.00000,10558,10708,0.000000,0.000000
37.62,3.25519,0.05775,0.09228,AUTO,HAZARD_VISION_STOP,0.0000,0.0000,0.0000,0.0000,0.0000,0.0000,3,25.59615,0.15000,0.15000,0.00000,0.00000,10558,10708,0.000000,0.000000
37.64,3.25519,0.05775,0.09228,AUTO,HAZARD_VISION_STOP,0.0000,0.0000,0.0000,0.0000,0.0000,0.0000,3,25.59615,0.15000,0.15000,0.00000,0.00000,10558,10708,0.000000,0.000000
37.66,3.25519,0.05775,0.09228,AUTO,HAZARD_VISION_STOP,0.0000,0.0000,0.0000,0.0000,0.0000,0.0000,3,25.59615,0.15000,0.15000,0.00000,0.00000,10558,10708,0.000000,0.000000
37.68,3.25519,0.05775,0.09228,AUTO,HAZARD_VISION_STOP,0.0000,0.0000,0.0000,0.0000,0.0000,0.0000,3,25.59615,0.15000,0.15000,0.00000,0.00000,10558,10708,0.000000,0.000000
37.70,3.25519,0.05775,0.09228,AUTO,HAZARD_VISION_STOP,0.0000,0.0000,0.0000,0.0000,0.0000,0.0000,3,25.59615,0.15000,0.15000,0.00000,0.00000,10558,10708,0.000000,0.000000
37.72,3.25519,0.05775,0.09228,AUTO,HAZARD_VISION_STOP,0.0000,0.0000,0.0000,0.0000,0.0000,0.0000,3,25.59615,0.15000,0.15000,0.00000,0.00000,10558,10708,0.000000,0.000000
37.74,3.25519,0.05775,0.09228,AUTO,HAZARD_VISION_STOP,0.0000,0.0000,0.0000,0.0000,0.0000,0.0000,3,25.59615,0.15000,0.15000,0.00000,0.00000,10558,10708,0.000000,0.000000
37.76,3.25519,0.05775,0.09228,AUTO,HAZARD_VISION_STOP,0.0000,0.0000,0.0000,0.0000,0.0000,0.0000,3,25.59615,0.15000,0.15000,0.00000,0.00000,10558,10708,0.000000,0.000000
37.78,3.25519,0.05775,0.09228,AUTO,HAZARD_VISION_STOP,0.0000,0.0000,0.0000,0.0000,0.0000,0.0000,3,25.59615,0.15000,0.15000,0.00000,0.00000,10558,10708,0.000000,0.000000
37.80,3.25519,0.05775,0.09228,AUTO,HAZARD_VISION_STOP,0.0000,0.0000,0.0000,0.0000,0.0000,0.0000,3,25.59615,0.15000,0.15000,0.00000,0.00000,10558,10708,0.000000,0.000000
37.82,3.25519,0.05775,0.09228,AUTO,HAZARD_VISION_STOP,0.0000,0.0000,0.0000,0.0000,0.0000,0.0000,3,25.59615,0.15000,0.15000,0.00000,0.00000,10558,10708,0.000000,0.000000
37.84,3.25519,0.05775,0.09228,AUTO,HAZARD_VISION_STOP,0.0000,0.0000,0.0000,0.0000,0.0000,0.0000,3,25.59615,0.15000,0.15000,0.00000,0.00000,10558,10708,0.000000,0.000000
37.86,3.25519,0.05775,0.09228,AUTO,HAZARD_VISION_STOP,0.0000,0.0000,0.0000,0.0000,0.0000,0.0000,3,25.59615,0.15000,0.15000,0.00000,0.00000,10558,10708,0.000000,0.000000
37.88,3.25519,0.05775,0.09228,AUTO,HAZARD_VISION_STOP,0.0000,0.0000,0.0000,0.0000,0.0000,0.0000,3,25.59615,0.15000,0.15000,0.00000,0.00000,10558,10708,0.000000,0.000000
37.90,3.25519,0.05775,0.09228,AUTO,HAZARD_VISION_STOP,0.0000,0.0000,0.0000,0.0000,0.0000,0.0000,3,25.59615,0.15000,0.15000,0.00000,0.00000,10558,10708,0.000000,0.000000
37.92,3.25519,0.05775,0.09228,AUTO,HAZARD_VISION_STOP,0.0000,0.0000,0.0000,0.0000,0.0000,0.0000,3,25.59615,0.15000,0.15000,0.00000,0.00000,10558,10708,0.000000,0.000000
37.94,3.25519,0.05775,0.09228,AUTO,HAZARD_VISION_STOP,0.0000,0.0000,0.0000,0.0000,0.0000,0.0000,3,25.59615,0.15000,0.15000,0.00000,0.00000,10558,10708,0.000000,0.000000
37.96,3.25519,0.05775,0.09228,AUTO,HAZARD_VISION_STOP,0.0000,0.0000,0.0000,0.0000,0.0000,0.0000,3,25.59615,0.15000,0.15000,0.00000,0.00000,10558,10708,0.000000,0.000000
37.98,3.25519,0.05775,0.09228,AUTO,HAZARD_VISION_STOP,0.0000,0.0000,0.0000,0.0000,0.0000,0.0000,3,25.59615,0.15000,0.15000,0.00000,0.00000,10558,10708,0.000000,0.000000
38.00,3.25519,0.05775,0.09228,AUTO,HAZARD_VISION_STOP,0.0000,0.0000,0.0000,0.0000,0.0000,0.0000,3,25.59615,0.15000,0.15000,0.00000,0.00000,10558,10708,0.000000,0.000000
38.02,3.25519,0.05775,0.09228,AUTO,HAZARD_VISION_STOP,0.0000,0.0000,0.0000,0.0000,0.0000,0.0000,3,25.59615,0.15000,0.15000,0.00000,0.00000,10558,10708,0.000000,0.000000
38.04,3.25519,0.05775,0.09228,AUTO,HAZARD_VISION_STOP,0.0000,0.0000,0.0000,0.0000,0.0000,0.0000,3,25.59615,0.15000,0.15000,0.00000,0.00000,10558,10708,0.000000,0.000000
38.06,3.25519,0.05775,0.09228,AUTO,HAZARD_VISION_STOP,0.0000,0.0000,0.0000,0.0000,0.0000,0.0000,3,25.59615,0.15000,0.15000,0.00000,0.00000,10558,10708,0.000000,0.000000
38.08,3.25519,0.05775,0.09228,AUTO,HAZARD_VISION_STOP,0.0000,0.0000,0.0000,0.0000,0.0000,0.0000,3,25.59615,0.15000,0.15000,0.00000,0.00000,10558,10708,0.000000,0.000000
38.10,3.25519,0.05775,0.09228,AUTO,HAZARD_VISION_STOP,0.0000,0.0000,0.0000,0.0000,0.0000,0.0000,3,25.59615,0.15000,0.15000,0.00000,0.00000,10558,10708,0.000000,0.000000
38.12,3.25519,0.05775,0.09228,AUTO,HAZARD_VISION_STOP,0.0000,0.0000,0.0000,0.0000,0.0000,0.0000,3,25.59615,0.15000,0.15000,0.00000,0.00000,10558,10708,0.000000,0.000000
38.14,3.25519,0.05775,0.09228,AUTO,HAZARD_VISION_STOP,0.0000,0.0000,0.0000,0.0000,0.0000,0.0000,3,25.59615,0.15000,0.15000,0.00000,0.00000,10558,10708,0.000000,0.000000
38.16,3.25519,0.05775,0.09228,AUTO,HAZARD_VISION_STOP,0.0000,0.0000,0.0000,0.0000,0.0000,0.0000,3,25.59615,0.15000,0.15000,0.00000,0.00000,10558,10708,0.000000,0.000000
38.18,3.25519,0.05775,0.09228,AUTO,HAZARD_VISION_STOP,0.0000,0.0000,0.0000,0.0000,0.0000,0.0000,3,25.59615,0.15000,0.15000,0.00000,0.00000,10558,10708,0.000000,0.000000
38.20,3.25519,0.05775,0.09228,AUTO,HAZARD_VISION_STOP,0.0000,0.0000,0.0000,0.0000,0.0000,0.0000,3,25.59615,0.15000,0.15000,0.00000,0.00000,10558,10708,0.000000,0.000000
38.22,3.25519,0.05775,0.09228,AUTO,HAZARD_VISION_STOP,0.0000,0.0000,0.0000,0.0000,0.0000,0.0000,3,25.59615,0.15000,0.15000,0.00000,0.00000,10558,10708,0.000000,0.000000
38.24,3.25519,0.05775,0.09228,AUTO,HAZARD_VISION_STOP,0.0000,0.0000,0.0000,0.0000,0.0000,0.0000,3,25.59615,0.15000,0.15000,0.00000,0.00000,10558,10708,0.000000,0.000000
38.26,3.25519,0.05775,0.09228,AUTO,HAZARD_VISION_STOP,0.0000,0.0000,0.0000,0.0000,0.0000,0.0000,3,25.59615,0.15000,0.15000,0.00000,0.00000,10558,10708,0.000000,0.000000
38.28,3.25519,0.05775,0.09228,AUTO,HAZARD_VISION_STOP,0.0000,0.0000,0.0000,0.0000,0.0000,0.0000,3,25.59615,0.15000,0.15000,0.00000,0.00000,10558,10708,0.000000,0.000000
38.30,3.25519,0.05775,0.09228,AUTO,HAZARD_VISION_STOP,0.0000,0.0000,0.0000,0.0000,0.0000,0.0000,3,25.59615,0.15000,0.15000,0.00000,0.00000,10558,10708,0.000000,0.000000
38.32,3.25519,0.05775,0.09228,AUTO,HAZARD_VISION_STOP,0.0000,0.0000,0.0000,0.0000,0.0000,0.0000,3,25.59615,0.15000,0.15000,0.00000,0.00000,10558,10708,0.000000,0.000000
38.34,3.25519,0.05775,0.09228,AUTO,HAZARD_VISION_STOP,0.0000,0.0000,0.0000,0.0000,0.0000,0.0000,3,25.59615,0.15000,0.15000,0.00000,0.00000,10558,10708,0.000000,0.000000
38.36,3.25519,0.05775,0.09228,AUTO,HAZARD_VISION_STOP,0.0000,0.0000,0.0000,0.0000,0.0000,0.0000,3,25.59615,0.15000,0.15000,0.00000,0.00000,10558,10708,0.000000,0.000000
38.38,3.25519,0.05775,0.09228,AUTO,HAZARD_VISION_STOP,0.0000,0.0000,0.0000,0.0000,0.0000,0.0000,3,25.59615,0.15000,0.15000,0.00000,0.00000,10558,10708,0.000000,0.000000
38.40,3.25519,0.05775,0.09228,AUTO,HAZARD_VISION_STOP,0.0000,0.0000,0.0000,0.0000,0.0000,0.0000,3,25.59615,0.15000,0.15000,0.00000,0.00000,10558,10708,0.000000,0.000000
38.42,3.25519,0.05775,0.09228,AUTO,HAZARD_VISION_STOP,0.0000,0.0000,0.0000,0.0000,0.0000,0.0000,3,25.59615,0.15000,0.15000,0.00000,0.00000,10558,10708,0.000000,0.000000
38.44,3.25519,0.05775,0.09228,AUTO,HAZARD_VISION_STOP,0.0000,0.0000,0.0000,0.0000,0.0000,0.0000,3,25.59615,0.15000,0.15000,0.00000,0.00000,10558,10708,0.000000,0.000000
38.46,3.25519,0.05775,0.09228,AUTO,HAZARD_VISION_STOP,0.0000,0.0000,0.0000,0.0000,0.0000,0.0000,3,25.59615,0.15000,0.15000,0.00000,0.00000,10558,10708,0.000000,0.000000
38.48,3.25519,0.05775,0.09228,AUTO,HAZARD_VISION_STOP,0.0000,0.0000,0.0000,0.0000,0.0000,0.0000,3,25.59615,0.15000,0.15000,0.00000,0.00000,10558,10708,0.000000,0.000000
38.50,3.25519,0.05775,0.09228,AUTO,HAZARD_VISION_STOP,0.0000,0.0000,0.0000,0.0000,0.0000,0.0000,3,25.59615,0.15000,0.15000,0.00000,0.00000,10558,10708,0.000000,0.000000
38.52,3.25519,0.05775,0.09228,AUTO,HAZARD_VISION_STOP,0.0000,0.0000,0.0000,0.0000,0.0000,0.0000,3,25.59615,0.15000,0.15000,0.00000,0.00000,10558,10708,0.000000,0.000000
38.54,3.25519,0.05775,0.09228,AUTO,HAZARD_VISION_STOP,0.0000,0.0000,0.0000,0.0000,0.0000,0.0000,3,25.59615,0.15000,0.15000,0.00000,0.00000,10558,10708,0.000000,0.000000
38.56,3.25519,0.05775,0.09228,AUTO,HAZARD_VISION_STOP,0.0000,0.0000,0.0000,0.0000,0.0000,0.0000,3,25.59615,0.15000,0.15000,0.00000,0.00000,10558,10708,0.000000,0.000000
38.58,3.25519,0.05775,0.09228,AUTO,HAZARD_VISION_STOP,0.0000,0.0000,0.0000,0.0000,0.0000,0.0000,3,25.59615,0.15000,0.15000,0.00000,0.00000,10558,10708,0.000000,0.000000
38.60,3.25519,0.05775,0.09228,AUTO,HAZARD_VISION_STOP,0.0000,0.0000,0.0000,0.0000,0.0000,0.0000,3,25.59615,0.15000,0.15000,0.00000,0.00000,10558,10708,0.000000,0.000000
38.62,3.25519,0.05775,0.09228,AUTO,HAZARD_VISION_STOP,0.0000,0.0000,0.0000,0.0000,0.0000,0.0000,3,25.59615,0.15000,0.15000,0.00000,0.00000,10558,10708,0.000000,0.000000
38.64,3.25519,0.05775,0.09228,AUTO,HAZARD_VISION_STOP,0.0000,0.0000,0.0000,0.0000,0.0000,0.0000,3,25.59615,0.15000,0.15000,0.00000,0.00000,10558,10708,0.000000,0.000000
38.66,3.25519,0.05775,0.09228,AUTO,HAZARD_VISION_STOP,0.0000,0.0000,0.0000,0.0000,0.0000,0.0000,3,25.59615,0.15000,0.15000,0.00000,0.00000,10558,10708,0.000000,0.000000
38.68,3.25519,0.05775,0.09228,AUTO,HAZARD_VISION_STOP,0.0000,0.0000,0.0000,0.0000,0.0000,0.0000,3,25.59615,0.15000,0.15000,0.00000,0.00000,10558,10708,0.000000,0.000000
38.70,3.25519,0.05775,0.09228,AUTO,HAZARD_VISION_STOP,0.0000,0.0000,0.0000,0.0000,0.0000,0.0000,3,25.59615,0.15000,0.15000,0.00000,0.00000,10558,10708,0.000000,0.000000
38.72,3.25519,0.05775,0.09228,AUTO,HAZARD_VISION_STOP,0.0000,0.0000,0.0000,0.0000,0.0000,0.0000,3,25.59615,0.15000,0.15000,0.00000,0.00000,10558,10708,0.000000,0.000000
38.74,3.25519,0.05775,0.09228,AUTO,HAZARD_VISION_STOP,0.0000,0.0000,0.0000,0.0000,0.0000,0.0000,3,25.59615,0.15000,0.15000,0.00000,0.00000,10558,10708,0.000000,0.000000
38.76,3.25519,0.05775,0.09228,AUTO,HAZARD_VISION_STOP,0.0000,0.0000,0.0000,0.0000,0.0000,0.0000,3,25.59615,0.15000,0.15000,0.00000,0.00000,10558,10708,0.000000,0.000000
38.78,3.25519,0.05775,0.09228,AUTO,HAZARD_VISION_STOP,0.0000,0.0000,0.0000,0.0000,0.0000,0.0000,3,25.59615,0.15000,0.15000,0.00000,0.00000,10558,10708,0.000000,0.000000
38.80,3.25519,0.05775,0.09228,AUTO,HAZARD_VISION_STOP,0.0000,0.0000,0.0000,0.0000,0.0000,0.0000,3,25.59615,0.15000,0.15000,0.00000,0.00000,10558,10708,0.000000,0.000000
38.82,3.25519,0.05775,0.09228,AUTO,HAZARD_VISION_STOP,0.0000,0.0000,0.0000,0.0000,0.0000,0.0000,3,25.59615,0.15000,0.15000,0.00000,0.00000,10558,10708,0.000000,0.000000
38.84,3.25519,0.05775,0.09228,AUTO,HAZARD_VISION_STOP,0.0000,0.0000,0.0000,0.0000,0.0000,0.0000,3,25.59615,0.15000,0.15000,0.00000,0.00000,10558,10708,0.000000,0.000000
38.86,3.25519,0.05775,0.09228,AUTO,HAZARD_VISION_STOP,0.0000,0.0000,0.0000,0.0000,0.0000,0.0000,3,25.59615,0.15000,0.15000,0.00000,0.00000,10558,10708,0.000000,0.000000
38.88,3.25519,0.05775,0.09228,AUTO,HAZARD_VISION_STOP,0.0000,0.0000,0.0000,0.0000,0.0000,0.0000,3,25.59615,0.15000,0.15000,0.00000,0.00000,10558,10708,0.000000,0.000000
38.90,3.25519,0.05775,0.09228,AUTO,HAZARD_VISION_STOP,0.0000,0.0000,0.0000,0.0000,0.0000,0.0000,3,25.59615,0.15000,0.15000,0.00000,0.00000,10558,10708,0.000000,0.000000
38.92,3.25519,0.05775,0.09228,AUTO,HAZARD_VISION_STOP,0.0000,0.0000,0.0000,0.0000,0.0000,0.0000,3,25.59615,0.15000,0.15000,0.00000,0.00000,10558,10708,0.000000,0.000000
38.94,3.25519,0.05775,0.09228,AUTO,HAZARD_VISION_STOP,0.0000,0.0000,0.0000,0.0000,0.0000,0.0000,3,25.59615,0.15000,0.15000,0.00000,0.00000,10558,10708,0.000000,0.000000
38.96,3.25519,0.05775,0.09228,AUTO,HAZARD_VISION_STOP,0.0000,0.0000,0.0000,0.0000,0.0000,0.0000,3,25.59615,0.15000,0.15000,0.00000,0.00000,10558,10708,0.000000,0.000000
38.98,3.25519,0.05775,0.09228,AUTO,HAZARD_VISION_STOP,0.0000,0.0000,0.0000,0.0000,0.0000,0.0000,3,25.59615,0.15000,0.15000,0.00000,0.00000,10558,10708,0.000000,0.000000
39.00,3.25519,0.05775,0.09228,AUTO,HAZARD_VISION_STOP,0.0000,0.0000,0.0000,0.0000,0.0000,0.0000,3,25.59615,0.15000,0.15000,0.00000,0.00000,10558,10708,0.000000,0.000000
39.02,3.25519,0.05775,0.09228,AUTO,HAZARD_VISION_STOP,0.0000,0.0000,0.0000,0.0000,0.0000,0.0000,3,25.59615,0.15000,0.15000,0.00000,0.00000,10558,10708,0.000000,0.000000
39.04,3.25519,0.05775,0.09228,AUTO,HAZARD_VISION_STOP,0.0000,0.0000,0.0000,0.0000,0.0000,0.0000,3,25.59615,0.15000,0.15000,0.00000,0.00000,10558,10708,0.000000,0.000000
39.06,3.25519,0.05775,0.09228,AUTO,HAZARD_VISION_STOP,0.0000,0.0000,0.0000,0.0000,0.0000,0.0000,3,25.59615,0.15000,0.15000,0.00000,0.00000,10558,10708,0.000000,0.000000
39.08,3.25519,0.05775,0.09228,AUTO,HAZARD_VISION_STOP,0.0000,0.0000,0.0000,0.0000,0.0000,0.0000,3,25.59615,0.15000,0.15000,0.00000,0.00000,10558,10708,0.000000,0.000000
39.10,3.25519,0.05775,0.09228,AUTO,HAZARD_VISION_STOP,0.0000,0.0000,0.0000,0.0000,0.0000,0.0000,3,25.59615,0.15000,0.15000,0.00000,0.00000,10558,10708,0.000000,0.000000
39.12,3.25519,0.05775,0.09228,AUTO,HAZARD_VISION_STOP,0.0000,0.0000,0.0000,0.0000,0.0000,0.0000,3,25.59615,0.15000,0.15000,0.00000,0.00000,10558,10708,0.000000,0.000000
39.14,3.25519,0.05775,0.09228,AUTO,HAZARD_VISION_STOP,0.0000,0.0000,0.0000,0.0000,0.0000,0.0000,3,25.59615,0.15000,0.15000,0.00000,0.00000,10558,10708,0.000000,0.000000
39.16,3.25519,0.05775,0.09228,AUTO,HAZARD_VISION_STOP,0.0000,0.0000,0.0000,0.0000,0.0000,0.0000,3,25.59615,0.15000,0.15000,0.00000,0.00000,10558,10708,0.000000,0.000000
39.18,3.25519,0.05775,0.09228,AUTO,HAZARD_VISION_STOP,0.0000,0.0000,0.0000,0.0000,0.0000,0.0000,3,25.59615,0.15000,0.15000,0.00000,0.00000,10558,10708,0.000000,0.000000
39.20,3.25519,0.05775,0.09228,AUTO,HAZARD_VISION_STOP,0.0000,0.0000,0.0000,0.0000,0.0000,0.0000,3,25.59615,0.15000,0.15000,0.00000,0.00000,10558,10708,0.000000,0.000000
39.22,3.25519,0.05775,0.09228,AUTO,HAZARD_VISION_STOP,0.0000,0.0000,0.0000,0.0000,0.0000,0.0000,3,25.59615,0.15000,0.15000,0.00000,0.00000,10558,10708,0.000000,0.000000
39.24,3.25519,0.05775,0.09228,AUTO,HAZARD_VISION_STOP,0.0000,0.0000,0.0000,0.0000,0.0000,0.0000,3,25.59615,0.15000,0.15000,0.00000,0.00000,10558,10708,0.000000,0.000000
39.26,3.25519,0.05775,0.09228,AUTO,HAZARD_VISION_STOP,0.0000,0.0000,0.0000,0.0000,0.0000,0.0000,3,25.59615,0.15000,0.15000,0.00000,0.00000,10558,10708,0.000000,0.000000
39.28,3.25519,0.05775,0.09228,AUTO,HAZARD_VISION_STOP,0.0000,0.0000,0.0000,0.0000,0.0000,0.0000,3,25.59615,0.15000,0.15000,0.00000,0.00000,10558,10708,0.000000,0.000000
39.30,3.25519,0.05775,0.09228,AUTO,HAZARD_VISION_STOP,0.0000,0.0000,0.0000,0.0000,0.0000,0.0000,3,25.59615,0.15000,0.15000,0.00000,0.00000,10558,10708,0.000000,0.000000
39.32,3.25519,0.05775,0.09228,AUTO,HAZARD_VISION_STOP,0.0000,0.0000,0.0000,0.0000,0.0000,0.0000,3,25.59615,0.15000,0.15000,0.00000,0.00000,10558,10708,0.000000,0.000000
39.34,3.25519,0.05775,0.09228,AUTO,HAZARD_VISION_STOP,0.0000,0.0000,0.0000,0.0000,0.0000,0.0000,3,25.59615,0.15000,0.15000,0.00000,0.00000,10558,10708,0.000000,0.000000
39.36,3.25519,0.05775,0.09228,AUTO,HAZARD_VISION_STOP,0.0000,0.0000,0.0000,0.0000,0.0000,0.0000,3,25.59615,0.15000,0.15000,0.00000,0.00000,10558,10708,0.000000,0.000000
39.38,3.25519,0.05775,0.09228,AUTO,HAZARD_VISION_STOP,0.0000,0.0000,0.0000,0.0000,0.0000,0.0000,3,25.59615,0.15000,0.15000,0.00000,0.00000,10558,10708,0.000000,0.000000
39.40,3.25519,0.05775,0.09228,AUTO,HAZARD_VISION_STOP,0.0000,0.0000,0.0000,0.0000,0.0000,0.0000,3,25.59615,0.15000,0.15000,0.00000,0.00000,10558,10708,0.000000,0.000000
39.42,3.25519,0.05775,0.09228,AUTO,HAZARD_VISION_STOP,0.0000,0.0000,0.0000,0.0000,0.0000,0.0000,3,25.59615,0.15000,0.15000,0.00000,0.00000,10558,10708,0.000000,0.000000
39.44,3.25519,0.05775,0.09228,AUTO,HAZARD_VISION_STOP,0.0000,0.0000,0.0000,0.0000,0.0000,0.0000,3,25.59615,0.15000,0.15000,0.00000,0.00000,10558,10708,0.000000,0.000000
39.46,3.25519,0.05775,0.09228,AUTO,HAZARD_VISION_STOP,0.0000,0.0000,0.0000,0.0000,0.0000,0.0000,3,25.59615,0.15000,0.15000,0.00000,0.00000,10558,10708,0.000000,0.000000
39.48,3.25519,0.05775,0.09228,AUTO,HAZARD_VISION_STOP,0.0000,0.0000,0.0000,0.0000,0.0000,0.0000,3,25.59615,0.15000,0.15000,0.00000,0.00000,10558,10708,0.000000,0.000000
39.50,3.25519,0.05775,0.09228,AUTO,HAZARD_VISION_STOP,0.0000,0.0000,0.0000,0.0000,0.0000,0.0000,3,25.59615,0.15000,0.15000,0.00000,0.00000,10558,10708,0.000000,0.000000
39.52,3.25519,0.05775,0.09228,AUTO,HAZARD_VISION_STOP,0.0000,0.0000,0.0000,0.0000,0.0000,0.0000,3,25.59615,0.15000,0.15000,0.00000,0.00000,10558,10708,0.000000,0.000000
39.54,3.25519,0.05775,0.09228,AUTO,HAZARD_VISION_STOP,0.0000,0.0000,0.0000,0.0000,0.0000,0.0000,3,25.59615,0.15000,0.15000,0.00000,0.00000,10558,10708,0.000000,0.000000
39.56,3.25519,0.05775,0.09228,AUTO,HAZARD_VISION_STOP,0.0000,0.0000,0.0000,0.0000,0.0000,0.0000,3,25.59615,0.15000,0.15000,0.00000,0.00000,10558,10708,0.000000,0.000000
39.58,3.25519,0.05775,0.09228,AUTO,HAZARD_VISION_STOP,0.0000,0.0000,0.0000,0.0000,0.0000,0.0000,3,25.59615,0.15000,0.15000,0.00000,0.00000,10558,10708,0.000000,0.000000
39.60,3.25519,0.05775,0.09228,AUTO,HAZARD_VISION_STOP,0.0000,0.0000,0.0000,0.0000,0.0000,0.0000,3,25.59615,0.15000,0.15000,0.00000,0.00000,10558,10708,0.000000,0.000000
39.62,3.25519,0.05775,0.09228,AUTO,HAZARD_VISION_STOP,0.0000,0.0000,0.0000,0.0000,0.0000,0.0000,3,25.59615,0.15000,0.15000,0.00000,0.00000,10558,10708,0.000000,0.000000
39.64,3.25519,0.05775,0.09228,AUTO,HAZARD_VISION_STOP,0.0000,0.0000,0.0000,0.0000,0.0000,0.0000,3,25.59615,0.15000,0.15000,0.00000,0.00000,10558,10708,0.000000,0.000000
39.66,3.25519,0.05775,0.09228,AUTO,HAZARD_VISION_STOP,0.0000,0.0000,0.0000,0.0000,0.0000,0.0000,3,25.59615,0.15000,0.15000,0.00000,0.00000,10558,10708,0.000000,0.000000
39.68,3.25519,0.05775,0.09228,AUTO,HAZARD_VISION_STOP,0.0000,0.0000,0.0000,0.0000,0.0000,0.0000,3,25.59615,0.15000,0.15000,0.00000,0.00000,10558,10708,0.000000,0.000000
39.70,3.25519,0.05775,0.09228,AUTO,HAZARD_VISION_STOP,0.0000,0.0000,0.0000,0.0000,0.0000,0.0000,3,25.59615,0.15000,0.15000,0.00000,0.00000,10558,10708,0.000000,0.000000
39.72,3.25519,0.05775,0.09228,AUTO,HAZARD_VISION_STOP,0.0000,0.0000,0.0000,0.0000,0.0000,0.0000,3,25.59615,0.15000,0.15000,0.00000,0.00000,10558,10708,0.000000,0.000000
39.74,3.25519,0.05775,0.09228,AUTO,HAZARD_VISION_STOP,0.0000,0.0000,0.0000,0.0000,0.0000,0.0000,3,25.59615,0.15000,0.15000,0.00000,0.00000,10558,10708,0.000000,0.000000
39.76,3.25519,0.05775,0.09228,AUTO,HAZARD_VISION_STOP,0.0000,0.0000,0.0000,0.0000,0.0000,0.0000,3,25.59615,0.15000,0.15000,0.00000,0.00000,10558,10708,0.000000,0.000000
39.78,3.25519,0.05775,0.09228,AUTO,HAZARD_VISION_STOP,0.0000,0.0000,0.0000,0.0000,0.0000,0.0000,3,25.59615,0.15000,0.15000,0.00000,0.00000,10558,10708,0.000000,0.000000
39.80,3.25519,0.05775,0.09228,AUTO,HAZARD_VISION_STOP,0.0000,0.0000,0.0000,0.0000,0.0000,0.0000,3,25.59615,0.15000,0.15000,0.00000,0.00000,10558,10708,0.000000,0.000000
39.82,3.25519,0.05775,0.09228,AUTO,HAZARD_VISION_STOP,0.0000,0.0000,0.0000,0.0000,0.0000,0.0000,3,25.59615,0.15000,0.15000,0.00000,0.00000,10558,10708,0.000000,0.000000
39.84,3.25519,0.05775,0.09228,AUTO,HAZARD_VISION_STOP,0.0000,0.0000,0.0000,0.0000,0.0000,0.0000,3,25.59615,0.15000,0.15000,0.00000,0.00000,10558,10708,0.000000,0.000000
39.86,3.25519,0.05775,0.09228,AUTO,HAZARD_VISION_STOP,0.0000,0.0000,0.0000,0.0000,0.0000,0.0000,3,25.59615,0.15000,0.15000,0.00000,0.00000,10558,10708,0.000000,0.000000
39.88,3.25519,0.05775,0.09228,AUTO,HAZARD_VISION_STOP,0.0000,0.0000,0.0000,0.0000,0.0000,0.0000,3,25.59615,0.15000,0.15000,0.00000,0.00000,10558,10708,0.000000,0.000000
39.90,3.25519,0.05775,0.09228,AUTO,HAZARD_VISION_STOP,0.0000,0.0000,0.0000,0.0000,0.0000,0.0000,3,25.59615,0.15000,0.15000,0.00000,0.00000,10558,10708,0.000000,0.000000
39.92,3.25519,0.05775,0.09228,AUTO,HAZARD_VISION_STOP,0.0000,0.0000,0.0000,0.0000,0.0000,0.0000,3,25.59615,0.15000,0.15000,0.00000,0.00000,10558,10708,0.000000,0.000000
39.94,3.25519,0.05775,0.09228,AUTO,HAZARD_VISION_STOP,0.0000,0.0000,0.0000,0.0000,0.0000,0.0000,3,25.59615,0.15000,0.15000,0.00000,0.00000,10558,10708,0.000000,0.000000
39.96,3.25519,0.05775,0.09228,AUTO,HAZARD_VISION_STOP,0.0000,0.0000,0.0000,0.0000,0.0000,0.0000,3,25.59615,0.15000,0.15000,0.00000,0.00000,10558,10708,0.000000,0.000000
39.98,3.25519,0.05775,0.09228,AUTO,HAZARD_VISION_STOP,0.0000,0.0000,0.0000,0.0000,0.0000,0.0000,3,25.59615,0.15000,0.15000,0.00000,0.00000,10558,10708,0.000000,0.000000
40.00,3.25519,0.05775,0.09228,AUTO,HAZARD_VISION_STOP,0.0000,0.0000,0.0000,0.0000,0.0000,0.0000,3,25.59615,0.15000,0.15000,0.00000,0.00000,10558,10708,0.000000,0.000000
40.02,3.25519,0.05775,0.09228,AUTO,HAZARD_VISION_STOP,0.0000,0.0000,0.0000,0.0000,0.0000,0.0000,3,25.59615,0.15000,0.15000,0.00000,0.00000,10558,10708,0.000000,0.000000
40.04,3.25519,0.05775,0.09228,AUTO,HAZARD_VISION_STOP,0.0000,0.0000,0.0000,0.0000,0.0000,0.0000,3,25.59615,0.15000,0.15000,0.00000,0.00000,10558,10708,0.000000,0.000000
40.06,3.25519,0.05775,0.09228,AUTO,HAZARD_VISION_STOP,0.0000,0.0000,0.0000,0.0000,0.0000,0.0000,3,25.59615,0.15000,0.15000,0.00000,0.00000,10558,10708,0.000000,0.000000
40.08,3.25519,0.05775,0.09228,AUTO,HAZARD_VISION_STOP,0.0000,0.0000,0.0000,0.0000,0.0000,0.0000,3,25.59615,0.15000,0.15000,0.00000,0.00000,10558,10708,0.000000,0.000000
40.10,3.25519,0.05775,0.09228,AUTO,HAZARD_VISION_STOP,0.0000,0.0000,0.0000,0.0000,0.0000,0.0000,3,25.59615,0.15000,0.15000,0.00000,0.00000,10558,10708,0.000000,0.000000
40.12,3.25519,0.05775,0.09228,AUTO,HAZARD_VISION_STOP,0.0000,0.0000,0.0000,0.0000,0.0000,0.0000,3,25.59615,0.15000,0.15000,0.00000,0.00000,10558,10708,0.000000,0.000000
40.14,3.25519,0.05775,0.09228,AUTO,HAZARD_VISION_STOP,0.0000,0.0000,0.0000,0.0000,0.0000,0.0000,3,25.59615,0.15000,0.15000,0.00000,0.00000,10558,10708,0.000000,0.000000
40.16,3.25519,0.05775,0.09228,AUTO,HAZARD_VISION_STOP,0.0000,0.0000,0.0000,0.0000,0.0000,0.0000,3,25.59615,0.15000,0.15000,0.00000,0.00000,10558,10708,0.000000,0.000000
40.18,3.25519,0.05775,0.09228,AUTO,HAZARD_VISION_STOP,0.0000,0.0000,0.0000,0.0000,0.0000,0.0000,3,25.59615,0.15000,0.15000,0.00000,0.00000,10558,10708,0.000000,0.000000
40.20,3.25519,0.05775,0.09228,AUTO,HAZARD_VISION_STOP,0.0000,0.0000,0.0000,0.0000,0.0000,0.0000,3,25.59615,0.15000,0.15000,0.00000,0.00000,10558,10708,0.000000,0.000000
40.22,3.25519,0.05775,0.09228,AUTO,HAZARD_VISION_STOP,0.0000,0.0000,0.0000,0.0000,0.0000,0.0000,3,25.59615,0.15000,0.15000,0.00000,0.00000,10558,10708,0.000000,0.000000
40.24,3.25519,0.05775,0.09228,AUTO,HAZARD_VISION_STOP,0.0000,0.0000,0.0000,0.0000,0.0000,0.0000,3,25.59615,0.15000,0.15000,0.00000,0.00000,10558,10708,0.000000,0.000000
40.26,3.25519,0.05775,0.09228,AUTO,HAZARD_VISION_STOP,0.0000,0.0000,0.0000,0.0000,0.0000,0.0000,3,25.59615,0.15000,0.15000,0.00000,0.00000,10558,10708,0.000000,0.000000
40.28,3.25519,0.05775,0.09228,AUTO,HAZARD_VISION_STOP,0.0000,0.0000,0.0000,0.0000,0.0000,0.0000,3,25.59615,0.15000,0.15000,0.00000,0.00000,10558,10708,0.000000,0.000000
40.30,3.25519,0.05775,0.09228,AUTO,HAZARD_VISION_STOP,0.0000,0.0000,0.0000,0.0000,0.0000,0.0000,3,25.59615,0.15000,0.15000,0.00000,0.00000,10558,10708,0.000000,0.000000
40.32,3.25519,0.05775,0.09228,AUTO,HAZARD_VISION_STOP,0.0000,0.0000,0.0000,0.0000,0.0000,0.0000,3,25.59615,0.15000,0.15000,0.00000,0.00000,10558,10708,0.000000,0.000000
40.34,3.25519,0.05775,0.09228,AUTO,HAZARD_VISION_STOP,0.0000,0.0000,0.0000,0.0000,0.0000,0.0000,3,25.59615,0.15000,0.15000,0.00000,0.00000,10558,10708,0.000000,0.000000
40.36,3.25519,0.05775,0.09228,AUTO,HAZARD_VISION_STOP,0.0000,0.0000,0.0000,0.0000,0.0000,0.0000,3,25.59615,0.15000,0.15000,0.00000,0.00000,10558,10708,0.000000,0.000000
40.38,3.25519,0.05775,0.09228,AUTO,HAZARD_VISION_STOP,0.0000,0.0000,0.0000,0.0000,0.0000,0.0000,3,25.59615,0.15000,0.15000,0.00000,0.00000,10558,10708,0.000000,0.000000
40.40,3.25519,0.05775,0.09228,AUTO,HAZARD_VISION_STOP,0.0000,0.0000,0.0000,0.0000,0.0000,0.0000,3,25.59615,0.15000,0.15000,0.00000,0.00000,10558,10708,0.000000,0.000000
40.42,3.25519,0.05775,0.09228,AUTO,HAZARD_VISION_STOP,0.0000,0.0000,0.0000,0.0000,0.0000,0.0000,3,25.59615,0.15000,0.15000,0.00000,0.00000,10558,10708,0.000000,0.000000
40.44,3.25519,0.05775,0.09228,AUTO,HAZARD_VISION_STOP,0.0000,0.0000,0.0000,0.0000,0.0000,0.0000,3,25.59615,0.15000,0.15000,0.00000,0.00000,10558,10708,0.000000,0.000000
40.46,3.25519,0.05775,0.09228,AUTO,HAZARD_VISION_STOP,0.0000,0.0000,0.0000,0.0000,0.0000,0.0000,3,25.59615,0.15000,0.15000,0.00000,0.00000,10558,10708,0.000000,0.000000
40.48,3.25519,0.05775,0.09228,AUTO,HAZARD_VISION_STOP,0.0000,0.0000,0.0000,0.0000,0.0000,0.0000,3,25.59615,0.15000,0.15000,0.00000,0.00000,10558,10708,0.000000,0.000000
40.50,3.25519,0.05775,0.09228,AUTO,HAZARD_VISION_STOP,0.0000,0.0000,0.0000,0.0000,0.0000,0.0000,3,25.59615,0.15000,0.15000,0.00000,0.00000,10558,10708,0.000000,0.000000
40.52,3.25519,0.05775,0.09228,AUTO,HAZARD_VISION_STOP,0.0000,0.0000,0.0000,0.0000,0.0000,0.0000,3,25.59615,0.15000,0.15000,0.00000,0.00000,10558,10708,0.000000,0.000000
40.54,3.25519,0.05775,0.09228,AUTO,HAZARD_VISION_STOP,0.0000,0.0000,0.0000,0.0000,0.0000,0.0000,3,25.59615,0.15000,0.15000,0.00000,0.00000,10558,10708,0.000000,0.000000
40.56,3.25519,0.05775,0.09228,AUTO,HAZARD_VISION_STOP,0.0000,0.0000,0.0000,0.0000,0.0000,0.0000,3,25.59615,0.15000,0.15000,0.00000,0.00000,10558,10708,0.000000,0.000000
40.58,3.25519,0.05775,0.09228,AUTO,HAZARD_VISION_STOP,0.0000,0.0000,0.0000,0.0000,0.0000,0.0000,3,25.59615,0.15000,0.15000,0.00000,0.00000,10558,10708,0.000000,0.000000
40.60,3.25519,0.05775,0.09228,AUTO,HAZARD_VISION_STOP,0.0000,0.0000,0.0000,0.0000,0.0000,0.0000,3,25.59615,0.15000,0.15000,0.00000,0.00000,10558,10708,0.000000,0.000000
40.62,3.25519,0.05775,0.09228,AUTO,HAZARD_VISION_STOP,0.0000,0.0000,0.0000,0.0000,0.0000,0.0000,3,25.59615,0.15000,0.15000,0.00000,0.00000,10558,10708,0.000000,0.000000
40.64,3.25519,0.05775,0.09228,AUTO,HAZARD_VISION_STOP,0.0000,0.0000,0.0000,0.0000,0.0000,0.0000,3,25.59615,0.15000,0.15000,0.00000,0.00000,10558,10708,0.000000,0.000000
40.66,3.25519,0.05775,0.09228,AUTO,HAZARD_VISION_STOP,0.0000,0.0000,0.0000,0.0000,0.0000,0.0000,3,25.59615,0.15000,0.15000,0.00000,0.00000,10558,10708,0.000000,0.000000
40.68,3.25519,0.05775,0.09228,AUTO,HAZARD_VISION_STOP,0.0000,0.0000,0.0000,0.0000,0.0000,0.0000,3,25.59615,0.15000,0.15000,0.00000,0.00000,10558,10708,0.000000,0.000000
40.70,3.25519,0.05775,0.09228,AUTO,HAZARD_VISION_STOP,0.0000,0.0000,0.0000,0.0000,0.0000,0.0000,3,25.59615,0.15000,0.15000,0.00000,0.00000,10558,10708,0.000000,0.000000
40.72,3.25519,0.05775,0.09228,AUTO,HAZARD_VISION_STOP,0.0000,0.0000,0.0000,0.0000,0.0000,0.0000,3,25.59615,0.15000,0.15000,0.00000,0.00000,10558,10708,0.000000,0.000000
40.74,3.25519,0.05775,0.09228,AUTO,HAZARD_VISION_STOP,0.0000,0.0000,0.0000,0.0000,0.0000,0.0000,3,25.59615,0.15000,0.15000,0.00000,0.00000,10558,10708,0.000000,0.000000
40.76,3.25519,0.05775,0.09228,AUTO,HAZARD_VISION_STOP,0.0000,0.0000,0.0000,0.0000,0.0000,0.0000,3,25.59615,0.15000,0.15000,0.00000,0.00000,10558,10708,0.000000,0.000000
40.78,3.25519,0.05775,0.09228,AUTO,HAZARD_VISION_STOP,0.0000,0.0000,0.0000,0.0000,0.0000,0.0000,3,25.59615,0.15000,0.15000,0.00000,0.00000,10558,10708,0.000000,0.000000
40.80,3.25519,0.05775,0.09228,AUTO,HAZARD_VISION_STOP,0.0000,0.0000,0.0000,0.0000,0.0000,0.0000,3,25.59615,0.15000,0.15000,0.00000,0.00000,10558,10708,0.000000,0.000000
40.82,3.25519,0.05775,0.09228,AUTO,HAZARD_VISION_STOP,0.0000,0.0000,0.0000,0.0000,0.0000,0.0000,3,25.59615,0.15000,0.15000,0.00000,0.00000,10558,10708,0.000000,0.000000
40.84,3.25519,0.05775,0.09228,AUTO,HAZARD_VISION_STOP,0.0000,0.0000,0.0000,0.0000,0.0000,0.0000,3,25.59615,0.15000,0.15000,0.00000,0.00000,10558,10708,0.000000,0.000000
40.86,3.25519,0.05775,0.09228,AUTO,HAZARD_VISION_STOP,0.0000,0.0000,0.0000,0.0000,0.0000,0.0000,3,25.59615,0.15000,0.15000,0.00000,0.00000,10558,10708,0.000000,0.000000
40.88,3.25519,0.05775,0.09228,AUTO,HAZARD_VISION_STOP,0.0000,0.0000,0.0000,0.0000,0.0000,0.0000,3,25.59615,0.15000,0.15000,0.00000,0.00000,10558,10708,0.000000,0.000000
40.90,3.25519,0.05775,0.09228,AUTO,HAZARD_VISION_STOP,0.0000,0.0000,0.0000,0.0000,0.0000,0.0000,3,25.59615,0.15000,0.15000,0.00000,0.00000,10558,10708,0.000000,0.000000
40.92,3.25519,0.05775,0.09228,AUTO,HAZARD_VISION_STOP,0.0000,0.0000,0.0000,0.0000,0.0000,0.0000,3,25.59615,0.15000,0.15000,0.00000,0.00000,10558,10708,0.000000,0.000000
40.94,3.25519,0.05775,0.09228,AUTO,HAZARD_VISION_STOP,0.0000,0.0000,0.0000,0.0000,0.0000,0.0000,3,25.59615,0.15000,0.15000,0.00000,0.00000,10558,10708,0.000000,0.000000
40.96,3.25519,0.05775,0.09228,AUTO,HAZARD_VISION_STOP,0.0000,0.0000,0.0000,0.0000,0.0000,0.0000,3,25.59615,0.15000,0.15000,0.00000,0.00000,10558,10708,0.000000,0.000000
40.98,3.25519,0.05775,0.09228,AUTO,HAZARD_VISION_STOP,0.0000,0.0000,0.0000,0.0000,0.0000,0.0000,3,25.59615,0.15000,0.15000,0.00000,0.00000,10558,10708,0.000000,0.000000
41.00,3.25519,0.05775,0.09228,AUTO,HAZARD_VISION_STOP,0.0000,0.0000,0.0000,0.0000,0.0000,0.0000,3,25.59615,0.15000,0.15000,0.00000,0.00000,10558,10708,0.000000,0.000000
41.02,3.25519,0.05775,0.09228,AUTO,HAZARD_VISION_STOP,0.0000,0.0000,0.0000,0.0000,0.0000,0.0000,3,25.59615,0.15000,0.15000,0.00000,0.00000,10558,10708,0.000000,0.000000
41.04,3.25519,0.05775,0.09228,AUTO,HAZARD_VISION_STOP,0.0000,0.0000,0.0000,0.0000,0.0000,0.0000,3,25.59615,0.15000,0.15000,0.00000,0.00000,10558,10708,0.000000,0.000000
41.06,3.25519,0.05775,0.09228,AUTO,HAZARD_VISION_STOP,0.0000,0.0000,0.0000,0.0000,0.0000,0.0000,3,25.59615,0.15000,0.15000,0.00000,0.00000,10558,10708,0.000000,0.000000
41.08,3.25519,0.05775,0.09228,AUTO,HAZARD_VISION_STOP,0.0000,0.0000,0.0000,0.0000,0.0000,0.0000,3,25.59615,0.15000,0.15000,0.00000,0.00000,10558,10708,0.000000,0.000000
41.10,3.25519,0.05775,0.09228,AUTO,HAZARD_VISION_STOP,0.0000,0.0000,0.0000,0.0000,0.0000,0.0000,3,25.59615,0.15000,0.15000,0.00000,0.00000,10558,10708,0.000000,0.000000
41.12,3.25519,0.05775,0.09228,AUTO,HAZARD_VISION_STOP,0.0000,0.0000,0.0000,0.0000,0.0000,0.0000,3,25.59615,0.15000,0.15000,0.00000,0.00000,10558,10708,0.000000,0.000000
41.14,3.25519,0.05775,0.09228,AUTO,HAZARD_VISION_STOP,0.0000,0.0000,0.0000,0.0000,0.0000,0.0000,3,25.59615,0.15000,0.15000,0.00000,0.00000,10558,10708,0.000000,0.000000
41.16,3.25519,0.05775,0.09228,AUTO,HAZARD_VISION_STOP,0.0000,0.0000,0.0000,0.0000,0.0000,0.0000,3,25.59615,0.15000,0.15000,0.00000,0.00000,10558,10708,0.000000,0.000000
41.18,3.25519,0.05775,0.09228,AUTO,HAZARD_VISION_STOP,0.0000,0.0000,0.0000,0.0000,0.0000,0.0000,3,25.59615,0.15000,0.15000,0.00000,0.00000,10558,10708,0.000000,0.000000
41.20,3.25519,0.05775,0.09228,AUTO,HAZARD_VISION_STOP,0.0000,0.0000,0.0000,0.0000,0.0000,0.0000,3,25.59615,0.15000,0.15000,0.00000,0.00000,10558,10708,0.000000,0.000000
41.22,3.25519,0.05775,0.09228,AUTO,HAZARD_VISION_STOP,0.0000,0.0000,0.0000,0.0000,0.0000,0.0000,3,25.59615,0.15000,0.15000,0.00000,0.00000,10558,10708,0.000000,0.000000
41.24,3.25519,0.05775,0.09228,AUTO,HAZARD_VISION_STOP,0.0000,0.0000,0.0000,0.0000,0.0000,0.0000,3,25.59615,0.15000,0.15000,0.00000,0.00000,10558,10708,0.000000,0.000000
41.26,3.25519,0.05775,0.09228,AUTO,HAZARD_VISION_STOP,0.0000,0.0000,0.0000,0.0000,0.0000,0.0000,3,25.59615,0.15000,0.15000,0.00000,0.00000,10558,10708,0.000000,0.000000
41.28,3.25519,0.05775,0.09228,AUTO,HAZARD_VISION_STOP,0.0000,0.0000,0.0000,0.0000,0.0000,0.0000,3,25.59615,0.15000,0.15000,0.00000,0.00000,10558,10708,0.000000,0.000000
41.30,3.25519,0.05775,0.09228,AUTO,HAZARD_VISION_STOP,0.0000,0.0000,0.0000,0.0000,0.0000,0.0000,3,25.59615,0.15000,0.15000,0.00000,0.00000,10558,10708,0.000000,0.000000
41.32,3.25519,0.05775,0.09228,AUTO,HAZARD_VISION_STOP,0.0000,0.0000,0.0000,0.0000,0.0000,0.0000,3,25.59615,0.15000,0.15000,0.00000,0.00000,10558,10708,0.000000,0.000000
41.34,3.25519,0.05775,0.09228,AUTO,HAZARD_VISION_STOP,0.0000,0.0000,0.0000,0.0000,0.0000,0.0000,3,25.59615,0.15000,0.15000,0.00000,0.00000,10558,10708,0.000000,0.000000
41.36,3.25519,0.05775,0.09228,AUTO,HAZARD_VISION_STOP,0.0000,0.0000,0.0000,0.0000,0.0000,0.0000,3,25.59615,0.15000,0.15000,0.00000,0.00000,10558,10708,0.000000,0.000000
41.38,3.25519,0.05775,0.09228,AUTO,HAZARD_VISION_STOP,0.0000,0.0000,0.0000,0.0000,0.0000,0.0000,3,25.59615,0.15000,0.15000,0.00000,0.00000,10558,10708,0.000000,0.000000
41.40,3.25519,0.05775,0.09228,AUTO,HAZARD_VISION_STOP,0.0000,0.0000,0.0000,0.0000,0.0000,0.0000,3,25.59615,0.15000,0.15000,0.00000,0.00000,10558,10708,0.000000,0.000000
41.42,3.25519,0.05775,0.09228,AUTO,HAZARD_VISION_STOP,0.0000,0.0000,0.0000,0.0000,0.0000,0.0000,3,25.59615,0.15000,0.15000,0.00000,0.00000,10558,10708,0.000000,0.000000
41.44,3.25519,0.05775,0.09228,AUTO,HAZARD_VISION_STOP,0.0000,0.0000,0.0000,0.0000,0.0000,0.0000,3,25.59615,0.15000,0.15000,0.00000,0.00000,10558,10708,0.000000,0.000000
41.46,3.25519,0.05775,0.09228,AUTO,HAZARD_VISION_STOP,0.0000,0.0000,0.0000,0.0000,0.0000,0.0000,3,25.59615,0.15000,0.15000,0.00000,0.00000,10558,10708,0.000000,0.000000
41.48,3.25519,0.05775,0.09228,AUTO,HAZARD_VISION_STOP,0.0000,0.0000,0.0000,0.0000,0.0000,0.0000,3,25.59615,0.15000,0.15000,0.00000,0.00000,10558,10708,0.000000,0.000000
41.50,3.25519,0.05775,0.09228,AUTO,HAZARD_VISION_STOP,0.0000,0.0000,0.0000,0.0000,0.0000,0.0000,3,25.59615,0.15000,0.15000,0.00000,0.00000,10558,10708,0.000000,0.000000
41.52,3.25519,0.05775,0.09228,AUTO,HAZARD_VISION_STOP,0.0000,0.0000,0.0000,0.0000,0.0000,0.0000,3,25.59615,0.15000,0.15000,0.00000,0.00000,10558,10708,0.000000,0.000000
41.54,3.25519,0.05775,0.09228,AUTO,HAZARD_VISION_STOP,0.0000,0.0000,0.0000,0.0000,0.0000,0.0000,3,25.59615,0.15000,0.15000,0.00000,0.00000,10558,10708,0.000000,0.000000
41.56,3.25519,0.05775,0.09228,AUTO,HAZARD_VISION_STOP,0.0000,0.0000,0.0000,0.0000,0.0000,0.0000,3,25.59615,0.15000,0.15000,0.00000,0.00000,10558,10708,0.000000,0.000000
41.58,3.25519,0.05775,0.09228,AUTO,HAZARD_VISION_STOP,0.0000,0.0000,0.0000,0.0000,0.0000,0.0000,3,25.59615,0.15000,0.15000,0.00000,0.00000,10558,10708,0.000000,0.000000
41.60,3.25519,0.05775,0.09228,AUTO,HAZARD_VISION_STOP,0.0000,0.0000,0.0000,0.0000,0.0000,0.0000,3,25.59615,0.15000,0.15000,0.00000,0.00000,10558,10708,0.000000,0.000000
41.62,3.25519,0.05775,0.09228,AUTO,HAZARD_VISION_STOP,0.0000,0.0000,0.0000,0.0000,0.0000,0.0000,3,25.59615,0.15000,0.15000,0.00000,0.00000,10558,10708,0.000000,0.000000
41.64,3.25519,0.05775,0.09228,AUTO,HAZARD_VISION_STOP,0.0000,0.0000,0.0000,0.0000,0.0000,0.0000,3,25.59615,0.15000,0.15000,0.00000,0.00000,10558,10708,0.000000,0.000000
41.66,3.25519,0.05775,0.09228,AUTO,HAZARD_VISION_STOP,0.0000,0.0000,0.0000,0.0000,0.0000,0.0000,3,25.59615,0.15000,0.15000,0.00000,0.00000,10558,10708,0.000000,0.000000
41.68,3.25519,0.05775,0.09228,AUTO,HAZARD_VISION_STOP,0.0000,0.0000,0.0000,0.0000,0.0000,0.0000,3,25.59615,0.15000,0.15000,0.00000,0.00000,10558,10708,0.000000,0.000000
41.70,3.25519,0.05775,0.09228,AUTO,HAZARD_VISION_STOP,0.0000,0.0000,0.0000,0.0000,0.0000,0.0000,3,25.59615,0.15000,0.15000,0.00000,0.00000,10558,10708,0.000000,0.000000
41.72,3.25519,0.05775,0.09228,AUTO,HAZARD_VISION_STOP,0.0000,0.0000,0.0000,0.0000,0.0000,0.0000,3,25.59615,0.15000,0.15000,0.00000,0.00000,10558,10708,0.000000,0.000000
41.74,3.25519,0.05775,0.09228,AUTO,HAZARD_VISION_STOP,0.0000,0.0000,0.0000,0.0000,0.0000,0.0000,3,25.59615,0.15000,0.15000,0.00000,0.00000,10558,10708,0.000000,0.000000
41.76,3.25519,0.05775,0.09228,AUTO,HAZARD_VISION_STOP,0.0000,0.0000,0.0000,0.0000,0.0000,0.0000,3,25.59615,0.15000,0.15000,0.00000,0.00000,10558,10708,0.000000,0.000000
41.78,3.25519,0.05775,0.09228,AUTO,HAZARD_VISION_STOP,0.0000,0.0000,0.0000,0.0000,0.0000,0.0000,3,25.59615,0.15000,0.15000,0.00000,0.00000,10558,10708,0.000000,0.000000
41.80,3.25519,0.05775,0.09228,AUTO,HAZARD_VISION_STOP,0.0000,0.0000,0.0000,0.0000,0.0000,0.0000,3,25.59615,0.15000,0.15000,0.00000,0.00000,10558,10708,0.000000,0.000000
41.82,3.25519,0.05775,0.09228,AUTO,HAZARD_VISION_STOP,0.0000,0.0000,0.0000,0.0000,0.0000,0.0000,3,25.59615,0.15000,0.15000,0.00000,0.00000,10558,10708,0.000000,0.000000
41.84,3.25519,0.05775,0.09228,AUTO,HAZARD_VISION_STOP,0.0000,0.0000,0.0000,0.0000,0.0000,0.0000,3,25.59615,0.15000,0.15000,0.00000,0.00000,10558,10708,0.000000,0.000000
41.86,3.25519,0.05775,0.09228,AUTO,HAZARD_VISION_STOP,0.0000,0.0000,0.0000,0.0000,0.0000,0.0000,3,25.59615,0.15000,0.15000,0.00000,0.00000,10558,10708,0.000000,0.000000
41.88,3.25519,0.05775,0.09228,AUTO,HAZARD_VISION_STOP,0.0000,0.0000,0.0000,0.0000,0.0000,0.0000,3,25.59615,0.15000,0.15000,0.00000,0.00000,10558,10708,0.000000,0.000000
41.90,3.25519,0.05775,0.09228,AUTO,HAZARD_VISION_STOP,0.0000,0.0000,0.0000,0.0000,0.0000,0.0000,3,25.59615,0.15000,0.15000,0.00000,0.00000,10558,10708,0.000000,0.000000
41.92,3.25519,0.05775,0.09228,AUTO,HAZARD_VISION_STOP,0.0000,0.0000,0.0000,0.0000,0.0000,0.0000,3,25.59615,0.15000,0.15000,0.00000,0.00000,10558,10708,0.000000,0.000000
41.94,3.25519,0.05775,0.09228,AUTO,HAZARD_VISION_STOP,0.0000,0.0000,0.0000,0.0000,0.0000,0.0000,3,25.59615,0.15000,0.15000,0.00000,0.00000,10558,10708,0.000000,0.000000
41.96,3.25519,0.05775,0.09228,AUTO,HAZARD_VISION_STOP,0.0000,0.0000,0.0000,0.0000,0.0000,0.0000,3,25.59615,0.15000,0.15000,0.00000,0.00000,10558,10708,0.000000,0.000000
41.98,3.25519,0.05775,0.09228,AUTO,HAZARD_VISION_STOP,0.0000,0.0000,0.0000,0.0000,0.0000,0.0000,3,25.59615,0.15000,0.15000,0.00000,0.00000,10558,10708,0.000000,0.000000
42.00,3.25519,0.05775,0.09228,AUTO,HAZARD_VISION_STOP,0.0000,0.0000,0.0000,0.0000,0.0000,0.0000,3,25.59615,0.15000,0.15000,0.00000,0.00000,10558,10708,0.000000,0.000000
42.02,3.25519,0.05775,0.09228,AUTO,HAZARD_VISION_STOP,0.0000,0.0000,0.0000,0.0000,0.0000,0.0000,3,25.59615,0.15000,0.15000,0.00000,0.00000,10558,10708,0.000000,0.000000
42.04,3.25519,0.05775,0.09228,AUTO,HAZARD_VISION_STOP,0.0000,0.0000,0.0000,0.0000,0.0000,0.0000,3,25.59615,0.15000,0.15000,0.00000,0.00000,10558,10708,0.000000,0.000000
42.06,3.25519,0.05775,0.09228,AUTO,HAZARD_VISION_STOP,0.0000,0.0000,0.0000,0.0000,0.0000,0.0000,3,25.59615,0.15000,0.15000,0.00000,0.00000,10558,10708,0.000000,0.000000
42.08,3.25519,0.05775,0.09228,AUTO,HAZARD_VISION_STOP,0.0000,0.0000,0.0000,0.0000,0.0000,0.0000,3,25.59615,0.15000,0.15000,0.00000,0.00000,10558,10708,0.000000,0.000000
42.10,3.25519,0.05775,0.09228,AUTO,HAZARD_VISION_STOP,0.0000,0.0000,0.0000,0.0000,0.0000,0.0000,3,25.59615,0.15000,0.15000,0.00000,0.00000,10558,10708,0.000000,0.000000
42.12,3.25519,0.05775,0.09228,AUTO,HAZARD_VISION_STOP,0.0000,0.0000,0.0000,0.0000,0.0000,0.0000,3,25.59615,0.15000,0.15000,0.00000,0.00000,10558,10708,0.000000,0.000000
42.14,3.25519,0.05775,0.09228,AUTO,HAZARD_VISION_STOP,0.0000,0.0000,0.0000,0.0000,0.0000,0.0000,3,25.59615,0.15000,0.15000,0.00000,0.00000,10558,10708,0.000000,0.000000
42.16,3.25519,0.05775,0.09228,AUTO,HAZARD_VISION_STOP,0.0000,0.0000,0.0000,0.0000,0.0000,0.0000,3,25.59615,0.15000,0.15000,0.00000,0.00000,10558,10708,0.000000,0.000000
42.18,3.25519,0.05775,0.09228,AUTO,HAZARD_VISION_STOP,0.0000,0.0000,0.0000,0.0000,0.0000,0.0000,3,25.59615,0.15000,0.15000,0.00000,0.00000,10558,10708,0.000000,0.000000
42.20,3.25519,0.05775,0.09228,AUTO,HAZARD_VISION_STOP,0.0000,0.0000,0.0000,0.0000,0.0000,0.0000,3,25.59615,0.15000,0.15000,0.00000,0.00000,10558,10708,0.000000,0.000000
42.22,3.25519,0.05775,0.09228,AUTO,HAZARD_VISION_STOP,0.0000,0.0000,0.0000,0.0000,0.0000,0.0000,3,25.59615,0.15000,0.15000,0.00000,0.00000,10558,10708,0.000000,0.000000
42.24,3.25519,0.05775,0.09228,AUTO,HAZARD_VISION_STOP,0.0000,0.0000,0.0000,0.0000,0.0000,0.0000,3,25.59615,0.15000,0.15000,0.00000,0.00000,10558,10708,0.000000,0.000000
42.26,3.25519,0.05775,0.09228,AUTO,HAZARD_VISION_STOP,0.0000,0.0000,0.0000,0.0000,0.0000,0.0000,3,25.59615,0.15000,0.15000,0.00000,0.00000,10558,10708,0.000000,0.000000
42.28,3.25519,0.05775,0.09228,AUTO,HAZARD_VISION_STOP,0.0000,0.0000,0.0000,0.0000,0.0000,0.0000,3,25.59615,0.15000,0.15000,0.00000,0.00000,10558,10708,0.000000,0.000000
42.30,3.25519,0.05775,0.09228,AUTO,HAZARD_VISION_STOP,0.0000,0.0000,0.0000,0.0000,0.0000,0.0000,3,25.59615,0.15000,0.15000,0.00000,0.00000,10558,10708,0.000000,0.000000
42.32,3.25519,0.05775,0.09228,AUTO,HAZARD_VISION_STOP,0.0000,0.0000,0.0000,0.0000,0.0000,0.0000,3,25.59615,0.15000,0.15000,0.00000,0.00000,10558,10708,0.000000,0.000000
42.34,3.25519,0.05775,0.09228,AUTO,HAZARD_VISION_STOP,0.0000,0.0000,0.0000,0.0000,0.0000,0.0000,3,25.59615,0.15000,0.15000,0.00000,0.00000,10558,10708,0.000000,0.000000
42.36,3.25519,0.05775,0.09228,AUTO,HAZARD_VISION_STOP,0.0000,0.0000,0.0000,0.0000,0.0000,0.0000,3,25.59615,0.15000,0.15000,0.00000,0.00000,10558,10708,0.000000,0.000000
42.38,3.25519,0.05775,0.09228,AUTO,HAZARD_VISION_STOP,0.0000,0.0000,0.0000,0.0000,0.0000,0.0000,3,25.59615,0.15000,0.15000,0.00000,0.00000,10558,10708,0.000000,0.000000
42.40,3.25519,0.05775,0.09228,AUTO,HAZARD_VISION_STOP,0.0000,0.0000,0.0000,0.0000,0.0000,0.0000,3,25.59615,0.15000,0.15000,0.00000,0.00000,10558,10708,0.000000,0.000000
42.42,3.25519,0.05775,0.09228,AUTO,HAZARD_VISION_STOP,0.0000,0.0000,0.0000,0.0000,0.0000,0.0000,3,25.59615,0.15000,0.15000,0.00000,0.00000,10558,10708,0.000000,0.000000
42.44,3.25519,0.05775,0.09228,AUTO,HAZARD_VISION_STOP,0.0000,0.0000,0.0000,0.0000,0.0000,0.0000,3,25.59615,0.15000,0.15000,0.00000,0.00000,10558,10708,0.000000,0.000000
42.46,3.25519,0.05775,0.09228,AUTO,HAZARD_VISION_STOP,0.0000,0.0000,0.0000,0.0000,0.0000,0.0000,3,25.59615,0.15000,0.15000,0.00000,0.00000,10558,10708,0.000000,0.000000
42.48,3.25519,0.05775,0.09228,AUTO,HAZARD_VISION_STOP,0.0000,0.0000,0.0000,0.0000,0.0000,0.0000,3,25.59615,0.15000,0.15000,0.00000,0.00000,10558,10708,0.000000,0.000000
42.50,3.25519,0.05775,0.09228,AUTO,HAZARD_VISION_STOP,0.0000,0.0000,0.0000,0.0000,0.0000,0.0000,3,25.59615,0.15000,0.15000,0.00000,0.00000,10558,10708,0.000000,0.000000
42.52,3.25519,0.05775,0.09228,AUTO,HAZARD_VISION_STOP,0.0000,0.0000,0.0000,0.0000,0.0000,0.0000,3,25.59615,0.15000,0.15000,0.00000,0.00000,10558,10708,0.000000,0.000000
42.54,3.25519,0.05775,0.09228,AUTO,HAZARD_VISION_STOP,0.0000,0.0000,0.0000,0.0000,0.0000,0.0000,3,25.59615,0.15000,0.15000,0.00000,0.00000,10558,10708,0.000000,0.000000
42.56,3.25519,0.05775,0.09228,AUTO,HAZARD_VISION_STOP,0.0000,0.0000,0.0000,0.0000,0.0000,0.0000,3,25.59615,0.15000,0.15000,0.00000,0.00000,10558,10708,0.000000,0.000000
42.58,3.25519,0.05775,0.09228,AUTO,HAZARD_VISION_STOP,0.0000,0.0000,0.0000,0.0000,0.0000,0.0000,3,25.59615,0.15000,0.15000,0.00000,0.00000,10558,10708,0.000000,0.000000
42.60,3.25519,0.05775,0.09228,AUTO,HAZARD_VISION_STOP,0.0000,0.0000,0.0000,0.0000,0.0000,0.0000,3,25.59615,0.15000,0.15000,0.00000,0.00000,10558,10708,0.000000,0.000000
42.62,3.25519,0.05775,0.09228,AUTO,HAZARD_VISION_STOP,0.0000,0.0000,0.0000,0.0000,0.0000,0.0000,3,25.59615,0.15000,0.15000,0.00000,0.00000,10558,10708,0.000000,0.000000
42.64,3.25519,0.05775,0.09228,AUTO,HAZARD_VISION_STOP,0.0000,0.0000,0.0000,0.0000,0.0000,0.0000,3,25.59615,0.15000,0.15000,0.00000,0.00000,10558,10708,0.000000,0.000000
42.66,3.25519,0.05775,0.09228,AUTO,HAZARD_VISION_STOP,0.0000,0.0000,0.0000,0.0000,0.0000,0.0000,3,25.59615,0.15000,0.15000,0.00000,0.00000,10558,10708,0.000000,0.000000
42.68,3.25519,0.05775,0.09228,AUTO,HAZARD_VISION_STOP,0.0000,0.0000,0.0000,0.0000,0.0000,0.0000,3,25.59615,0.15000,0.15000,0.00000,0.00000,10558,10708,0.000000,0.000000
42.70,3.25519,0.05775,0.09228,AUTO,HAZARD_VISION_STOP,0.0000,0.0000,0.0000,0.0000,0.0000,0.0000,3,25.59615,0.15000,0.15000,0.00000,0.00000,10558,10708,0.000000,0.000000
42.72,3.25519,0.05775,0.09228,AUTO,HAZARD_VISION_STOP,0.0000,0.0000,0.0000,0.0000,0.0000,0.0000,3,25.59615,0.15000,0.15000,0.00000,0.00000,10558,10708,0.000000,0.000000
42.74,3.25519,0.05775,0.09228,AUTO,HAZARD_VISION_STOP,0.0000,0.0000,0.0000,0.0000,0.0000,0.0000,3,25.59615,0.15000,0.15000,0.00000,0.00000,10558,10708,0.000000,0.000000
42.76,3.25519,0.05775,0.09228,AUTO,HAZARD_VISION_STOP,0.0000,0.0000,0.0000,0.0000,0.0000,0.0000,3,25.59615,0.15000,0.15000,0.00000,0.00000,10558,10708,0.000000,0.000000
42.78,3.25519,0.05775,0.09228,AUTO,HAZARD_VISION_STOP,0.0000,0.0000,0.0000,0.0000,0.0000,0.0000,3,25.59615,0.15000,0.15000,0.00000,0.00000,10558,10708,0.000000,0.000000
42.80,3.25519,0.05775,0.09228,AUTO,HAZARD_VISION_STOP,0.0000,0.0000,0.0000,0.0000,0.0000,0.0000,3,25.59615,0.15000,0.15000,0.00000,0.00000,10558,10708,0.000000,0.000000
42.82,3.25519,0.05775,0.09228,AUTO,HAZARD_VISION_STOP,0.0000,0.0000,0.0000,0.0000,0.0000,0.0000,3,25.59615,0.15000,0.15000,0.00000,0.00000,10558,10708,0.000000,0.000000
42.84,3.25519,0.05775,0.09228,AUTO,HAZARD_VISION_STOP,0.0000,0.0000,0.0000,0.0000,0.0000,0.0000,3,25.59615,0.15000,0.15000,0.00000,0.00000,10558,10708,0.000000,0.000000
42.86,3.25519,0.05775,0.09228,AUTO,HAZARD_VISION_STOP,0.0000,0.0000,0.0000,0.0000,0.0000,0.0000,3,25.59615,0.15000,0.15000,0.00000,0.00000,10558,10708,0.000000,0.000000
42.88,3.25519,0.05775,0.09228,AUTO,HAZARD_VISION_STOP,0.0000,0.0000,0.0000,0.0000,0.0000,0.0000,3,25.59615,0.15000,0.15000,0.00000,0.00000,10558,10708,0.000000,0.000000
42.90,3.25519,0.05775,0.09228,AUTO,HAZARD_VISION_STOP,0.0000,0.0000,0.0000,0.0000,0.0000,0.0000,3,25.59615,0.15000,0.15000,0.00000,0.00000,10558,10708,0.000000,0.000000
42.92,3.25519,0.05775,0.09228,AUTO,HAZARD_VISION_STOP,0.0000,0.0000,0.0000,0.0000,0.0000,0.0000,3,25.59615,0.15000,0.15000,0.00000,0.00000,10558,10708,0.000000,0.000000
42.94,3.25519,0.05775,0.09228,AUTO,HAZARD_VISION_STOP,0.0000,0.0000,0.0000,0.0000,0.0000,0.0000,3,25.59615,0.15000,0.15000,0.00000,0.00000,10558,10708,0.000000,0.000000
42.96,3.25519,0.05775,0.09228,AUTO,HAZARD_VISION_STOP,0.0000,0.0000,0.0000,0.0000,0.0000,0.0000,3,25.59615,0.15000,0.15000,0.00000,0.00000,10558,10708,0.000000,0.000000
42.98,3.25519,0.05775,0.09228,AUTO,HAZARD_VISION_STOP,0.0000,0.0000,0.0000,0.0000,0.0000,0.0000,3,25.59615,0.15000,0.15000,0.00000,0.00000,10558,10708,0.000000,0.000000
43.00,3.25519,0.05775,0.09228,AUTO,HAZARD_VISION_STOP,0.0000,0.0000,0.0000,0.0000,0.0000,0.0000,3,25.59615,0.15000,0.15000,0.00000,0.00000,10558,10708,0.000000,0.000000
43.02,3.25519,0.05775,0.09228,AUTO,HAZARD_VISION_STOP,0.0000,0.0000,0.0000,0.0000,0.0000,0.0000,3,25.59615,0.15000,0.15000,0.00000,0.00000,10558,10708,0.000000,0.000000
43.04,3.25519,0.05775,0.09228,AUTO,HAZARD_VISION_STOP,0.0000,0.0000,0.0000,0.0000,0.0000,0.0000,3,25.59615,0.15000,0.15000,0.00000,0.00000,10558,10708,0.000000,0.000000
43.06,3.25519,0.05775,0.09228,AUTO,HAZARD_VISION_STOP,0.0000,0.0000,0.0000,0.0000,0.0000,0.0000,3,25.59615,0.15000,0.15000,0.00000,0.00000,10558,10708,0.000000,0.000000
43.08,3.25519,0.05775,0.09228,AUTO,HAZARD_VISION_STOP,0.0000,0.0000,0.0000,0.0000,0.0000,0.0000,3,25.59615,0.15000,0.15000,0.00000,0.00000,10558,10708,0.000000,0.000000
43.10,3.25519,0.05775,0.09228,AUTO,HAZARD_VISION_STOP,0.0000,0.0000,0.0000,0.0000,0.0000,0.0000,3,25.59615,0.15000,0.15000,0.00000,0.00000,10558,10708,0.000000,0.000000
43.12,3.25519,0.05775,0.09228,AUTO,HAZARD_VISION_STOP,0.0000,0.0000,0.0000,0.0000,0.0000,0.0000,3,25.59615,0.15000,0.15000,0.00000,0.00000,10558,10708,0.000000,0.000000
43.14,3.25519,0.05775,0.09228,AUTO,HAZARD_VISION_STOP,0.0000,0.0000,0.0000,0.0000,0.0000,0.0000,3,25.59615,0.15000,0.15000,0.00000,0.00000,10558,10708,0.000000,0.000000
43.16,3.25519,0.05775,0.09228,AUTO,HAZARD_VISION_STOP,0.0000,0.0000,0.0000,0.0000,0.0000,0.0000,3,25.59615,0.15000,0.15000,0.00000,0.00000,10558,10708,0.000000,0.000000
43.18,3.25519,0.05775,0.09228,AUTO,HAZARD_VISION_STOP,0.0000,0.0000,0.0000,0.0000,0.0000,0.0000,3,25.59615,0.15000,0.15000,0.00000,0.00000,10558,10708,0.000000,0.000000
43.20,3.25519,0.05775,0.09228,AUTO,HAZARD_VISION_STOP,0.0000,0.0000,0.0000,0.0000,0.0000,0.0000,3,25.59615,0.15000,0.15000,0.00000,0.00000,10558,10708,0.000000,0.000000
43.22,3.25519,0.05775,0.09228,AUTO,HAZARD_VISION_STOP,0.0000,0.0000,0.0000,0.0000,0.0000,0.0000,3,25.59615,0.15000,0.15000,0.00000,0.00000,10558,10708,0.000000,0.000000
43.24,3.25519,0.05775,0.09228,AUTO,HAZARD_VISION_STOP,0.0000,0.0000,0.0000,0.0000,0.0000,0.0000,3,25.59615,0.15000,0.15000,0.00000,0.00000,10558,10708,0.000000,0.000000
43.26,3.25519,0.05775,0.09228,AUTO,HAZARD_VISION_STOP,0.0000,0.0000,0.0000,0.0000,0.0000,0.0000,3,25.59615,0.15000,0.15000,0.00000,0.00000,10558,10708,0.000000,0.000000
43.28,3.25519,0.05775,0.09228,AUTO,HAZARD_VISION_STOP,0.0000,0.0000,0.0000,0.0000,0.0000,0.0000,3,25.59615,0.15000,0.15000,0.00000,0.00000,10558,10708,0.000000,0.000000
43.30,3.25519,0.05775,0.09228,AUTO,HAZARD_VISION_STOP,0.0000,0.0000,0.0000,0.0000,0.0000,0.0000,3,25.59615,0.15000,0.15000,0.00000,0.00000,10558,10708,0.000000,0.000000
43.32,3.25519,0.05775,0.09228,AUTO,HAZARD_VISION_STOP,0.0000,0.0000,0.0000,0.0000,0.0000,0.0000,3,25.59615,0.15000,0.15000,0.00000,0.00000,10558,10708,0.000000,0.000000
43.34,3.25519,0.05775,0.09228,AUTO,HAZARD_VISION_STOP,0.0000,0.0000,0.0000,0.0000,0.0000,0.0000,3,25.59615,0.15000,0.15000,0.00000,0.00000,10558,10708,0.000000,0.000000
43.36,3.25519,0.05775,0.09228,AUTO,HAZARD_VISION_STOP,0.0000,0.0000,0.0000,0.0000,0.0000,0.0000,3,25.59615,0.15000,0.15000,0.00000,0.00000,10558,10708,0.000000,0.000000
43.38,3.25519,0.05775,0.09228,AUTO,HAZARD_VISION_STOP,0.0000,0.0000,0.0000,0.0000,0.0000,0.0000,3,25.59615,0.15000,0.15000,0.00000,0.00000,10558,10708,0.000000,0.000000
43.40,3.25519,0.05775,0.09228,AUTO,HAZARD_VISION_STOP,0.0000,0.0000,0.0000,0.0000,0.0000,0.0000,3,25.59615,0.15000,0.15000,0.00000,0.00000,10558,10708,0.000000,0.000000
43.42,3.25519,0.05775,0.09228,AUTO,HAZARD_VISION_STOP,0.0000,0.0000,0.0000,0.0000,0.0000,0.0000,3,25.59615,0.15000,0.15000,0.00000,0.00000,10558,10708,0.000000,0.000000
43.44,3.25519,0.05775,0.09228,AUTO,HAZARD_VISION_STOP,0.0000,0.0000,0.0000,0.0000,0.0000,0.0000,3,25.59615,0.15000,0.15000,0.00000,0.00000,10558,10708,0.000000,0.000000
43.46,3.25519,0.05775,0.09228,AUTO,HAZARD_VISION_STOP,0.0000,0.0000,0.0000,0.0000,0.0000,0.0000,3,25.59615,0.15000,0.15000,0.00000,0.00000,10558,10708,0.000000,0.000000
43.48,3.25519,0.05775,0.09228,AUTO,HAZARD_VISION_STOP,0.0000,0.0000,0.0000,0.0000,0.0000,0.0000,3,25.59615,0.15000,0.15000,0.00000,0.00000,10558,10708,0.000000,0.000000
43.50,3.25519,0.05775,0.09228,AUTO,HAZARD_VISION_STOP,0.0000,0.0000,0.0000,0.0000,0.0000,0.0000,3,25.59615,0.15000,0.15000,0.00000,0.00000,10558,10708,0.000000,0.000000
43.52,3.25519,0.05775,0.09228,AUTO,HAZARD_VISION_STOP,0.0000,0.0000,0.0000,0.0000,0.0000,0.0000,3,25.59615,0.15000,0.15000,0.00000,0.00000,10558,10708,0.000000,0.000000
43.54,3.25519,0.05775,0.09228,AUTO,HAZARD_VISION_STOP,0.0000,0.0000,0.0000,0.0000,0.0000,0.0000,3,25.59615,0.15000,0.15000,0.00000,0.00000,10558,10708,0.000000,0.000000
43.56,3.25519,0.05775,0.09228,AUTO,HAZARD_VISION_STOP,0.0000,0.0000,0.0000,0.0000,0.0000,0.0000,3,25.59615,0.15000,0.15000,0.00000,0.00000,10558,10708,0.000000,0.000000
43.58,3.25519,0.05775,0.09228,AUTO,HAZARD_VISION_STOP,0.0000,0.0000,0.0000,0.0000,0.0000,0.0000,3,25.59615,0.15000,0.15000,0.00000,0.00000,10558,10708,0.000000,0.000000
43.60,3.25519,0.05775,0.09228,AUTO,HAZARD_VISION_STOP,0.0000,0.0000,0.0000,0.0000,0.0000,0.0000,3,25.59615,0.15000,0.15000,0.00000,0.00000,10558,10708,0.000000,0.000000
43.62,3.25519,0.05775,0.09228,AUTO,HAZARD_VISION_STOP,0.0000,0.0000,0.0000,0.0000,0.0000,0.0000,3,25.59615,0.15000,0.15000,0.00000,0.00000,10558,10708,0.000000,0.000000
43.64,3.25519,0.05775,0.09228,AUTO,HAZARD_VISION_STOP,0.0000,0.0000,0.0000,0.0000,0.0000,0.0000,3,25.59615,0.15000,0.15000,0.00000,0.00000,10558,10708,0.000000,0.000000
43.66,3.25519,0.05775,0.09228,AUTO,HAZARD_VISION_STOP,0.0000,0.0000,0.0000,0.0000,0.0000,0.0000,3,25.59615,0.15000,0.15000,0.00000,0.00000,10558,10708,0.000000,0.000000
43.68,3.25519,0.05775,0.09228,AUTO,HAZARD_VISION_STOP,0.0000,0.0000,0.0000,0.0000,0.0000,0.0000,3,25.59615,0.15000,0.15000,0.00000,0.00000,10558,10708,0.000000,0.000000
43.70,3.25519,0.05775,0.09228,AUTO,HAZARD_VISION_STOP,0.0000,0.0000,0.0000,0.0000,0.0000,0.0000,3,25.59615,0.15000,0.15000,0.00000,0.00000,10558,10708,0.000000,0.000000
43.72,3.25519,0.05775,0.09228,AUTO,HAZARD_VISION_STOP,0.0000,0.0000,0.0000,0.0000,0.0000,0.0000,3,25.59615,0.15000,0.15000,0.00000,0.00000,10558,10708,0.000000,0.000000
43.74,3.25519,0.05775,0.09228,AUTO,HAZARD_VISION_STOP,0.0000,0.0000,0.0000,0.0000,0.0000,0.0000,3,25.59615,0.15000,0.15000,0.00000,0.00000,10558,10708,0.000000,0.000000
43.76,3.25519,0.05775,0.09228,AUTO,HAZARD_VISION_STOP,0.0000,0.0000,0.0000,0.0000,0.0000,0.0000,3,25.59615,0.15000,0.15000,0.00000,0.00000,10558,10708,0.000000,0.000000
43.78,3.25519,0.05775,0.09228,AUTO,HAZARD_VISION_STOP,0.0000,0.0000,0.0000,0.0000,0.0000,0.0000,3,25.59615,0.15000,0.15000,0.00000,0.00000,10558,10708,0.000000,0.000000
43.80,3.25519,0.05775,0.09228,AUTO,HAZARD_VISION_STOP,0.0000,0.0000,0.0000,0.0000,0.0000,0.0000,3,25.59615,0.15000,0.15000,0.00000,0.00000,10558,10708,0.000000,0.000000
43.82,3.25519,0.05775,0.09228,AUTO,HAZARD_VISION_STOP,0.0000,0.0000,0.0000,0.0000,0.0000,0.0000,3,25.59615,0.15000,0.15000,0.00000,0.00000,10558,10708,0.000000,0.000000
43.84,3.25519,0.05775,0.09228,AUTO,HAZARD_VISION_STOP,0.0000,0.0000,0.0000,0.0000,0.0000,0.0000,3,25.59615,0.15000,0.15000,0.00000,0.00000,10558,10708,0.000000,0.000000
43.86,3.25519,0.05775,0.09228,AUTO,HAZARD_VISION_STOP,0.0000,0.0000,0.0000,0.0000,0.0000,0.0000,3,25.59615,0.15000,0.15000,0.00000,0.00000,10558,10708,0.000000,0.000000
43.88,3.25519,0.05775,0.09228,AUTO,HAZARD_VISION_STOP,0.0000,0.0000,0.0000,0.0000,0.0000,0.0000,3,25.59615,0.15000,0.15000,0.00000,0.00000,10558,10708,0.000000,0.000000
43.90,3.25519,0.05775,0.09228,AUTO,HAZARD_VISION_STOP,0.0000,0.0000,0.0000,0.0000,0.0000,0.0000,3,25.59615,0.15000,0.15000,0.00000,0.00000,10558,10708,0.000000,0.000000
43.92,3.25519,0.05775,0.09228,AUTO,HAZARD_VISION_STOP,0.0000,0.0000,0.0000,0.0000,0.0000,0.0000,3,25.59615,0.15000,0.15000,0.00000,0.00000,10558,10708,0.000000,0.000000
43.94,3.25519,0.05775,0.09228,AUTO,HAZARD_VISION_STOP,0.0000,0.0000,0.0000,0.0000,0.0000,0.0000,3,25.59615,0.15000,0.15000,0.00000,0.00000,10558,10708,0.000000,0.000000
43.96,3.25519,0.05775,0.09228,AUTO,HAZARD_VISION_STOP,0.0000,0.0000,0.0000,0.0000,0.0000,0.0000,3,25.59615,0.15000,0.15000,0.00000,0.00000,10558,10708,0.000000,0.000000
43.98,3.25519,0.05775,0.09228,AUTO,HAZARD_VISION_STOP,0.0000,0.0000,0.0000,0.0000,0.0000,0.0000,3,25.59615,0.15000,0.15000,0.00000,0.00000,10558,10708,0.000000,0.000000
44.00,3.25519,0.05775,0.09228,AUTO,HAZARD_VISION_STOP,0.0000,0.0000,0.0000,0.0000,0.0000,0.0000,3,25.59615,0.15000,0.15000,0.00000,0.00000,10558,10708,0.000000,0.000000
44.02,3.25519,0.05775,0.09228,AUTO,HAZARD_VISION_STOP,0.0000,0.0000,0.0000,0.0000,0.0000,0.0000,3,25.59615,0.15000,0.15000,0.00000,0.00000,10558,10708,0.000000,0.000000
44.04,3.25519,0.05775,0.09228,AUTO,HAZARD_VISION_STOP,0.0000,0.0000,0.0000,0.0000,0.0000,0.0000,3,25.59615,0.15000,0.15000,0.00000,0.00000,10558,10708,0.000000,0.000000
44.06,3.25519,0.05775,0.09228,AUTO,HAZARD_VISION_STOP,0.0000,0.0000,0.0000,0.0000,0.0000,0.0000,3,25.59615,0.15000,0.15000,0.00000,0.00000,10558,10708,0.000000,0.000000
44.08,3.25519,0.05775,0.09228,AUTO,HAZARD_VISION_STOP,0.0000,0.0000,0.0000,0.0000,0.0000,0.0000,3,25.59615,0.15000,0.15000,0.00000,0.00000,10558,10708,0.000000,0.000000
44.10,3.25519,0.05775,0.09228,AUTO,HAZARD_VISION_STOP,0.0000,0.0000,0.0000,0.0000,0.0000,0.0000,3,25.59615,0.15000,0.15000,0.00000,0.00000,10558,10708,0.000000,0.000000
44.12,3.25519,0.05775,0.09228,AUTO,HAZARD_VISION_STOP,0.0000,0.0000,0.0000,0.0000,0.0000,0.0000,3,25.59615,0.15000,0.15000,0.00000,0.00000,10558,10708,0.000000,0.000000
44.14,3.25519,0.05775,0.09228,AUTO,HAZARD_VISION_STOP,0.0000,0.0000,0.0000,0.0000,0.0000,0.0000,3,25.59615,0.15000,0.15000,0.00000,0.00000,10558,10708,0.000000,0.000000
44.16,3.25519,0.05775,0.09228,AUTO,HAZARD_VISION_STOP,0.0000,0.0000,0.0000,0.0000,0.0000,0.0000,3,25.59615,0.15000,0.15000,0.00000,0.00000,10558,10708,0.000000,0.000000
44.18,3.25519,0.05775,0.09228,AUTO,HAZARD_VISION_STOP,0.0000,0.0000,0.0000,0.0000,0.0000,0.0000,3,25.59615,0.15000,0.15000,0.00000,0.00000,10558,10708,0.000000,0.000000
44.20,3.25519,0.05775,0.09228,AUTO,HAZARD_VISION_STOP,0.0000,0.0000,0.0000,0.0000,0.0000,0.0000,3,25.59615,0.15000,0.15000,0.00000,0.00000,10558,10708,0.000000,0.000000
44.22,3.25519,0.05775,0.09228,AUTO,HAZARD_VISION_STOP,0.0000,0.0000,0.0000,0.0000,0.0000,0.0000,3,25.59615,0.15000,0.15000,0.00000,0.00000,10558,10708,0.000000,0.000000
44.24,3.25519,0.05775,0.09228,AUTO,HAZARD_VISION_STOP,0.0000,0.0000,0.0000,0.0000,0.0000,0.0000,3,25.59615,0.15000,0.15000,0.00000,0.00000,10558,10708,0.000000,0.000000
44.26,3.25519,0.05775,0.09228,AUTO,HAZARD_VISION_STOP,0.0000,0.0000,0.0000,0.0000,0.0000,0.0000,3,25.59615,0.15000,0.15000,0.00000,0.00000,10558,10708,0.000000,0.000000
44.28,3.25519,0.05775,0.09228,AUTO,HAZARD_VISION_STOP,0.0000,0.0000,0.0000,0.0000,0.0000,0.0000,3,25.59615,0.15000,0.15000,0.00000,0.00000,10558,10708,0.000000,0.000000
44.30,3.25519,0.05775,0.09228,AUTO,HAZARD_VISION_STOP,0.0000,0.0000,0.0000,0.0000,0.0000,0.0000,3,25.59615,0.15000,0.15000,0.00000,0.00000,10558,10708,0.000000,0.000000
44.32,3.25519,0.05775,0.09228,AUTO,HAZARD_VISION_STOP,0.0000,0.0000,0.0000,0.0000,0.0000,0.0000,3,25.59615,0.15000,0.15000,0.00000,0.00000,10558,10708,0.000000,0.000000
44.34,3.25519,0.05775,0.09228,AUTO,HAZARD_VISION_STOP,0.0000,0.0000,0.0000,0.0000,0.0000,0.0000,3,25.59615,0.15000,0.15000,0.00000,0.00000,10558,10708,0.000000,0.000000
44.36,3.25519,0.05775,0.09228,AUTO,HAZARD_VISION_STOP,0.0000,0.0000,0.0000,0.0000,0.0000,0.0000,3,25.59615,0.15000,0.15000,0.00000,0.00000,10558,10708,0.000000,0.000000
44.38,3.25519,0.05775,0.09228,AUTO,HAZARD_VISION_STOP,0.0000,0.0000,0.0000,0.0000,0.0000,0.0000,3,25.59615,0.15000,0.15000,0.00000,0.00000,10558,10708,0.000000,0.000000
44.40,3.25519,0.05775,0.09228,AUTO,HAZARD_VISION_STOP,0.0000,0.0000,0.0000,0.0000,0.0000,0.0000,3,25.59615,0.15000,0.15000,0.00000,0.00000,10558,10708,0.000000,0.000000
44.42,3.25519,0.05775,0.09228,AUTO,HAZARD_VISION_STOP,0.0000,0.0000,0.0000,0.0000,0.0000,0.0000,3,25.59615,0.15000,0.15000,0.00000,0.00000,10558,10708,0.000000,0.000000
44.44,3.25519,0.05775,0.09228,AUTO,HAZARD_VISION_STOP,0.0000,0.0000,0.0000,0.0000,0.0000,0.0000,3,25.59615,0.15000,0.15000,0.00000,0.00000,10558,10708,0.000000,0.000000
44.46,3.25519,0.05775,0.09228,AUTO,HAZARD_VISION_STOP,0.0000,0.0000,0.0000,0.0000,0.0000,0.0000,3,25.59615,0.15000,0.15000,0.00000,0.00000,10558,10708,0.000000,0.000000
44.48,3.25519,0.05775,0.09228,AUTO,HAZARD_VISION_STOP,0.0000,0.0000,0.0000,0.0000,0.0000,0.0000,3,25.59615,0.15000,0.15000,0.00000,0.00000,10558,10708,0.000000,0.000000
44.50,3.25519,0.05775,0.09228,AUTO,HAZARD_VISION_STOP,0.0000,0.0000,0.0000,0.0000,0.0000,0.0000,3,25.59615,0.15000,0.15000,0.00000,0.00000,10558,10708,0.000000,0.000000
44.52,3.25519,0.05775,0.09228,AUTO,HAZARD_VISION_STOP,0.0000,0.0000,0.0000,0.0000,0.0000,0.0000,3,25.59615,0.15000,0.15000,0.00000,0.00000,10558,10708,0.000000,0.000000
44.54,3.25519,0.05775,0.09228,AUTO,HAZARD_VISION_STOP,0.0000,0.0000,0.0000,0.0000,0.0000,0.0000,3,25.59615,0.15000,0.15000,0.00000,0.00000,10558,10708,0.000000,0.000000
44.56,3.25519,0.05775,0.09228,AUTO,HAZARD_VISION_STOP,0.0000,0.0000,0.0000,0.0000,0.0000,0.0000,3,25.59615,0.15000,0.15000,0.00000,0.00000,10558,10708,0.000000,0.000000
44.58,3.25519,0.05775,0.09228,AUTO,HAZARD_VISION_STOP,0.0000,0.0000,0.0000,0.0000,0.0000,0.0000,3,25.59615,0.15000,0.15000,0.00000,0.00000,10558,10708,0.000000,0.000000
44.60,3.25519,0.05775,0.09228,AUTO,HAZARD_VISION_STOP,0.0000,0.0000,0.0000,0.0000,0.0000,0.0000,3,25.59615,0.15000,0.15000,0.00000,0.00000,10558,10708,0.000000,0.000000
44.62,3.25519,0.05775,0.09228,AUTO,HAZARD_VISION_STOP,0.0000,0.0000,0.0000,0.0000,0.0000,0.0000,3,25.59615,0.15000,0.15000,0.00000,0.00000,10558,10708,0.000000,0.000000
44.64,3.25519,0.05775,0.09228,AUTO,HAZARD_VISION_STOP,0.0000,0.0000,0.0000,0.0000,0.0000,0.0000,3,25.59615,0.15000,0.15000,0.00000,0.00000,10558,10708,0.000000,0.000000
44.66,3.25519,0.05775,0.09228,AUTO,HAZARD_VISION_STOP,0.0000,0.0000,0.0000,0.0000,0.0000,0.0000,3,25.59615,0.15000,0.15000,0.00000,0.00000,10558,10708,0.000000,0.000000
44.68,3.25519,0.05775,0.09228,AUTO,HAZARD_VISION_STOP,0.0000,0.0000,0.0000,0.0000,0.0000,0.0000,3,25.59615,0.15000,0.15000,0.00000,0.00000,10558,10708,0.000000,0.000000
44.70,3.25519,0.05775,0.09228,AUTO,HAZARD_VISION_STOP,0.0000,0.0000,0.0000,0.0000,0.0000,0.0000,3,25.59615,0.15000,0.15000,0.00000,0.00000,10558,10708,0.000000,0.000000
44.72,3.25519,0.05775,0.09228,AUTO,HAZARD_VISION_STOP,0.0000,0.0000,0.0000,0.0000,0.0000,0.0000,3,25.59615,0.15000,0.15000,0.00000,0.00000,10558,10708,0.000000,0.000000
44.74,3.25519,0.05775,0.09228,AUTO,HAZARD_VISION_STOP,0.0000,0.0000,0.0000,0.0000,0.0000,0.0000,3,25.59615,0.15000,0.15000,0.00000,0.00000,10558,10708,0.000000,0.000000
44.76,3.25519,0.05775,0.09228,AUTO,HAZARD_VISION_STOP,0.0000,0.0000,0.0000,0.0000,0.0000,0.0000,3,25.59615,0.15000,0.15000,0.00000,0.00000,10558,10708,0.000000,0.000000
44.78,3.25519,0.05775,0.09228,AUTO,HAZARD_VISION_STOP,0.0000,0.0000,0.0000,0.0000,0.0000,0.0000,3,25.59615,0.15000,0.15000,0.00000,0.00000,10558,10708,0.000000,0.000000
44.80,3.25519,0.05775,0.09228,AUTO,HAZARD_VISION_STOP,0.0000,0.0000,0.0000,0.0000,0.0000,0.0000,3,25.59615,0.15000,0.15000,0.00000,0.00000,10558,10708,0.000000,0.000000
44.82,3.25519,0.05775,0.09228,AUTO,HAZARD_VISION_STOP,0.0000,0.0000,0.0000,0.0000,0.0000,0.0000,3,25.59615,0.15000,0.15000,0.00000,0.00000,10558,10708,0.000000,0.000000
44.84,3.25519,0.05775,0.09228,AUTO,HAZARD_VISION_STOP,0.0000,0.0000,0.0000,0.0000,0.0000,0.0000,3,25.59615,0.15000,0.15000,0.00000,0.00000,10558,10708,0.000000,0.000000
44.86,3.25519,0.05775,0.09228,AUTO,HAZARD_VISION_STOP,0.0000,0.0000,0.0000,0.0000,0.0000,0.0000,3,25.59615,0.15000,0.15000,0.00000,0.00000,10558,10708,0.000000,0.000000
44.88,3.25519,0.05775,0.09228,AUTO,HAZARD_VISION_STOP,0.0000,0.0000,0.0000,0.0000,0.0000,0.0000,3,25.59615,0.15000,0.15000,0.00000,0.00000,10558,10708,0.000000,0.000000
44.90,3.25519,0.05775,0.09228,AUTO,HAZARD_VISION_STOP,0.0000,0.0000,0.0000,0.0000,0.0000,0.0000,3,25.59615,0.15000,0.15000,0.00000,0.00000,10558,10708,0.000000,0.000000
44.92,3.25519,0.05775,0.09228,AUTO,HAZARD_VISION_STOP,0.0000,0.0000,0.0000,0.0000,0.0000,0.0000,3,25.59615,0.15000,0.15000,0.00000,0.00000,10558,10708,0.000000,0.000000
44.94,3.25519,0.05775,0.09228,AUTO,HAZARD_VISION_STOP,0.0000,0.0000,0.0000,0.0000,0.0000,0.0000,3,25.59615,0.15000,0.15000,0.00000,0.00000,10558,10708,0.000000,0.000000
44.96,3.25519,0.05775,0.09228,AUTO,HAZARD_VISION_STOP,0.0000,0.0000,0.0000,0.0000,0.0000,0.0000,3,25.59615,0.15000,0.15000,0.00000,0.00000,10558,10708,0.000000,0.000000
44.98,3.25519,0.05775,0.09228,AUTO,HAZARD_VISION_STOP,0.0000,0.0000,0.0000,0.0000,0.0000,0.0000,3,25.59615,0.15000,0.15000,0.00000,0.00000,10558,10708,0.000000,0.000000
45.00,3.25519,0.05775,0.09228,AUTO,HAZARD_VISION_STOP,0.0000,0.0000,0.0000,0.0000,0.0000,0.0000,3,25.59615,0.15000,0.15000,0.00000,0.00000,10558,10708,0.000000,0.000000
45.02,3.25519,0.05775,0.09228,AUTO,HAZARD_VISION_STOP,0.0000,0.0000,0.0000,0.0000,0.0000,0.0000,3,25.59615,0.15000,0.15000,0.00000,0.00000,10558,10708,0.000000,0.000000
45.04,3.25519,0.05775,0.09228,AUTO,HAZARD_VISION_STOP,0.0000,0.0000,0.0000,0.0000,0.0000,0.0000,3,25.59615,0.15000,0.15000,0.00000,0.00000,10558,10708,0.000000,0.000000
45.06,3.25519,0.05775,0.09228,AUTO,HAZARD_VISION_STOP,0.0000,0.0000,0.0000,0.0000,0.0000,0.0000,3,25.59615,0.15000,0.15000,0.00000,0.00000,10558,10708,0.000000,0.000000
45.08,3.25519,0.05775,0.09228,AUTO,HAZARD_VISION_STOP,0.0000,0.0000,0.0000,0.0000,0.0000,0.0000,3,25.59615,0.15000,0.15000,0.00000,0.00000,10558,10708,0.000000,0.000000
45.10,3.25519,0.05775,0.09228,AUTO,HAZARD_VISION_STOP,0.0000,0.0000,0.0000,0.0000,0.0000,0.0000,3,25.59615,0.15000,0.15000,0.00000,0.00000,10558,10708,0.000000,0.000000
45.12,3.25519,0.05775,0.09228,AUTO,HAZARD_VISION_STOP,0.0000,0.0000,0.0000,0.0000,0.0000,0.0000,3,25.59615,0.15000,0.15000,0.00000,0.00000,10558,10708,0.000000,0.000000
45.14,3.25519,0.05775,0.09228,AUTO,HAZARD_VISION_STOP,0.0000,0.0000,0.0000,0.0000,0.0000,0.0000,3,25.59615,0.15000,0.15000,0.00000,0.00000,10558,10708,0.000000,0.000000
45.16,3.25519,0.05775,0.09228,AUTO,HAZARD_VISION_STOP,0.0000,0.0000,0.0000,0.0000,0.0000,0.0000,3,25.59615,0.15000,0.15000,0.00000,0.00000,10558,10708,0.000000,0.000000
45.18,3.25519,0.05775,0.09228,AUTO,HAZARD_VISION_STOP,0.0000,0.0000,0.0000,0.0000,0.0000,0.0000,3,25.59615,0.15000,0.15000,0.00000,0.00000,10558,10708,0.000000,0.000000
45.20,3.25519,0.05775,0.09228,AUTO,HAZARD_VISION_STOP,0.0000,0.0000,0.0000,0.0000,0.0000,0.0000,3,25.59615,0.15000,0.15000,0.00000,0.00000,10558,10708,0.000000,0.000000
45.22,3.25519,0.05775,0.09228,AUTO,HAZARD_VISION_STOP,0.0000,0.0000,0.0000,0.0000,0.0000,0.0000,3,25.59615,0.15000,0.15000,0.00000,0.00000,10558,10708,0.000000,0.000000
45.24,3.25519,0.05775,0.09228,AUTO,HAZARD_VISION_STOP,0.0000,0.0000,0.0000,0.0000,0.0000,0.0000,3,25.59615,0.15000,0.15000,0.00000,0.00000,10558,10708,0.000000,0.000000
45.26,3.25519,0.05775,0.09228,AUTO,HAZARD_VISION_STOP,0.0000,0.0000,0.0000,0.0000,0.0000,0.0000,3,25.59615,0.15000,0.15000,0.00000,0.00000,10558,10708,0.000000,0.000000
45.28,3.25519,0.05775,0.09228,AUTO,HAZARD_VISION_STOP,0.0000,0.0000,0.0000,0.0000,0.0000,0.0000,3,25.59615,0.15000,0.15000,0.00000,0.00000,10558,10708,0.000000,0.000000
45.30,3.25519,0.05775,0.09228,AUTO,HAZARD_VISION_STOP,0.0000,0.0000,0.0000,0.0000,0.0000,0.0000,3,25.59615,0.15000,0.15000,0.00000,0.00000,10558,10708,0.000000,0.000000
45.32,3.25519,0.05775,0.09228,AUTO,HAZARD_VISION_STOP,0.0000,0.0000,0.0000,0.0000,0.0000,0.0000,3,25.59615,0.15000,0.15000,0.00000,0.00000,10558,10708,0.000000,0.000000
45.34,3.25519,0.05775,0.09228,AUTO,HAZARD_VISION_STOP,0.0000,0.0000,0.0000,0.0000,0.0000,0.0000,3,25.59615,0.15000,0.15000,0.00000,0.00000,10558,10708,0.000000,0.000000
45.36,3.25519,0.05775,0.09228,AUTO,HAZARD_VISION_STOP,0.0000,0.0000,0.0000,0.0000,0.0000,0.0000,3,25.59615,0.15000,0.15000,0.00000,0.00000,10558,10708,0.000000,0.000000
45.38,3.25519,0.05775,0.09228,AUTO,HAZARD_VISION_STOP,0.0000,0.0000,0.0000,0.0000,0.0000,0.0000,3,25.59615,0.15000,0.15000,0.00000,0.00000,10558,10708,0.000000,0.000000
45.40,3.25519,0.05775,0.09228,AUTO,HAZARD_VISION_STOP,0.0000,0.0000,0.0000,0.0000,0.0000,0.0000,3,25.59615,0.15000,0.15000,0.00000,0.00000,10558,10708,0.000000,0.000000
45.42,3.25519,0.05775,0.09228,AUTO,HAZARD_VISION_STOP,0.0000,0.0000,0.0000,0.0000,0.0000,0.0000,3,25.59615,0.15000,0.15000,0.00000,0.00000,10558,10708,0.000000,0.000000
45.44,3.25519,0.05775,0.09228,AUTO,HAZARD_VISION_STOP,0.0000,0.0000,0.0000,0.0000,0.0000,0.0000,3,25.59615,0.15000,0.15000,0.00000,0.00000,10558,10708,0.000000,0.000000
45.46,3.25519,0.05775,0.09228,AUTO,HAZARD_VISION_STOP,0.0000,0.0000,0.0000,0.0000,0.0000,0.0000,3,25.59615,0.15000,0.15000,0.00000,0.00000,10558,10708,0.000000,0.000000
45.48,3.25519,0.05775,0.09228,AUTO,HAZARD_VISION_STOP,0.0000,0.0000,0.0000,0.0000,0.0000,0.0000,3,25.59615,0.15000,0.15000,0.00000,0.00000,10558,10708,0.000000,0.000000
45.50,3.25519,0.05775,0.09228,AUTO,HAZARD_VISION_STOP,0.0000,0.0000,0.0000,0.0000,0.0000,0.0000,3,25.59615,0.15000,0.15000,0.00000,0.00000,10558,10708,0.000000,0.000000
45.52,3.25519,0.05775,0.09228,AUTO,HAZARD_VISION_STOP,0.0000,0.0000,0.0000,0.0000,0.0000,0.0000,3,25.59615,0.15000,0.15000,0.00000,0.00000,10558,10708,0.000000,0.000000
45.54,3.25519,0.05775,0.09228,AUTO,HAZARD_VISION_STOP,0.0000,0.0000,0.0000,0.0000,0.0000,0.0000,3,25.59615,0.15000,0.15000,0.00000,0.00000,10558,10708,0.000000,0.000000
45.56,3.25519,0.05775,0.09228,AUTO,HAZARD_VISION_STOP,0.0000,0.0000,0.0000,0.0000,0.0000,0.0000,3,25.59615,0.15000,0.15000,0.00000,0.00000,10558,10708,0.000000,0.000000
45.58,3.25519,0.05775,0.09228,AUTO,HAZARD_VISION_STOP,0.0000,0.0000,0.0000,0.0000,0.0000,0.0000,3,25.59615,0.15000,0.15000,0.00000,0.00000,10558,10708,0.000000,0.000000
45.60,3.25519,0.05775,0.09228,AUTO,HAZARD_VISION_STOP,0.0000,0.0000,0.0000,0.0000,0.0000,0.0000,3,25.59615,0.15000,0.15000,0.00000,0.00000,10558,10708,0.000000,0.000000
45.62,3.25519,0.05775,0.09228,AUTO,HAZARD_VISION_STOP,0.0000,0.0000,0.0000,0.0000,0.0000,0.0000,3,25.59615,0.15000,0.15000,0.00000,0.00000,10558,10708,0.000000,0.000000
45.64,3.25519,0.05775,0.09228,AUTO,HAZARD_VISION_STOP,0.0000,0.0000,0.0000,0.0000,0.0000,0.0000,3,25.59615,0.15000,0.15000,0.00000,0.00000,10558,10708,0.000000,0.000000
45.66,3.25519,0.05775,0.09228,AUTO,HAZARD_VISION_STOP,0.0000,0.0000,0.0000,0.0000,0.0000,0.0000,3,25.59615,0.15000,0.15000,0.00000,0.00000,10558,10708,0.000000,0.000000
45.68,3.25519,0.05775,0.09228,AUTO,HAZARD_VISION_STOP,0.0000,0.0000,0.0000,0.0000,0.0000,0.0000,3,25.59615,0.15000,0.15000,0.00000,0.00000,10558,10708,0.000000,0.000000
45.70,3.25519,0.05775,0.09228,AUTO,HAZARD_VISION_STOP,0.0000,0.0000,0.0000,0.0000,0.0000,0.0000,3,25.59615,0.15000,0.15000,0.00000,0.00000,10558,10708,0.000000,0.000000
45.72,3.25519,0.05775,0.09228,AUTO,HAZARD_VISION_STOP,0.0000,0.0000,0.0000,0.0000,0.0000,0.0000,3,25.59615,0.15000,0.15000,0.00000,0.00000,10558,10708,0.000000,0.000000
45.74,3.25519,0.05775,0.09228,AUTO,HAZARD_VISION_STOP,0.0000,0.0000,0.0000,0.0000,0.0000,0.0000,3,25.59615,0.15000,0.15000,0.00000,0.00000,10558,10708,0.000000,0.000000
45.76,3.25519,0.05775,0.09228,AUTO,HAZARD_VISION_STOP,0.0000,0.0000,0.0000,0.0000,0.0000,0.0000,3,25.59615,0.15000,0.15000,0.00000,0.00000,10558,10708,0.000000,0.000000
45.78,3.25519,0.05775,0.09228,AUTO,HAZARD_VISION_STOP,0.0000,0.0000,0.0000,0.0000,0.0000,0.0000,3,25.59615,0.15000,0.15000,0.00000,0.00000,10558,10708,0.000000,0.000000
45.80,3.25519,0.05775,0.09228,AUTO,HAZARD_VISION_STOP,0.0000,0.0000,0.0000,0.0000,0.0000,0.0000,3,25.59615,0.15000,0.15000,0.00000,0.00000,10558,10708,0.000000,0.000000
45.82,3.25519,0.05775,0.09228,AUTO,HAZARD_VISION_STOP,0.0000,0.0000,0.0000,0.0000,0.0000,0.0000,3,25.59615,0.15000,0.15000,0.00000,0.00000,10558,10708,0.000000,0.000000
45.84,3.25519,0.05775,0.09228,AUTO,HAZARD_VISION_STOP,0.0000,0.0000,0.0000,0.0000,0.0000,0.0000,3,25.59615,0.15000,0.15000,0.00000,0.00000,10558,10708,0.000000,0.000000
45.86,3.25519,0.05775,0.09228,AUTO,HAZARD_VISION_STOP,0.0000,0.0000,0.0000,0.0000,0.0000,0.0000,3,25.59615,0.15000,0.15000,0.00000,0.00000,10558,10708,0.000000,0.000000
45.88,3.25519,0.05775,0.09228,AUTO,HAZARD_VISION_STOP,0.0000,0.0000,0.0000,0.0000,0.0000,0.0000,3,25.59615,0.15000,0.15000,0.00000,0.00000,10558,10708,0.000000,0.000000
45.90,3.25519,0.05775,0.09228,AUTO,HAZARD_VISION_STOP,0.0000,0.0000,0.0000,0.0000,0.0000,0.0000,3,25.59615,0.15000,0.15000,0.00000,0.00000,10558,10708,0.000000,0.000000
45.92,3.25519,0.05775,0.09228,AUTO,HAZARD_VISION_STOP,0.0000,0.0000,0.0000,0.0000,0.0000,0.0000,3,25.59615,0.15000,0.15000,0.00000,0.00000,10558,10708,0.000000,0.000000
45.94,3.25519,0.05775,0.09228,AUTO,HAZARD_VISION_STOP,0.0000,0.0000,0.0000,0.0000,0.0000,0.0000,3,25.59615,0.15000,0.15000,0.00000,0.00000,10558,10708,0.000000,0.000000
45.96,3.25519,0.05775,0.09228,AUTO,HAZARD_VISION_STOP,0.0000,0.0000,0.0000,0.0000,0.0000,0.0000,3,25.59615,0.15000,0.15000,0.00000,0.00000,10558,10708,0.000000,0.000000
45.98,3.25519,0.05775,0.09228,AUTO,HAZARD_VISION_STOP,0.0000,0.0000,0.0000,0.0000,0.0000,0.0000,3,25.59615,0.15000,0.15000,0.00000,0.00000,10558,10708,0.000000,0.000000
46.00,3.25519,0.05775,0.09228,AUTO,HAZARD_VISION_STOP,0.0000,0.0000,0.0000,0.0000,0.0000,0.0000,3,25.59615,0.15000,0.15000,0.00000,0.00000,10558,10708,0.000000,0.000000
46.02,3.25519,0.05775,0.09228,AUTO,HAZARD_VISION_STOP,0.0000,0.0000,0.0000,0.0000,0.0000,0.0000,3,25.59615,0.15000,0.15000,0.00000,0.00000,10558,10708,0.000000,0.000000
46.04,3.25519,0.05775,0.09228,AUTO,HAZARD_VISION_STOP,0.0000,0.0000,0.0000,0.0000,0.0000,0.0000,3,25.59615,0.15000,0.15000,0.00000,0.00000,10558,10708,0.000000,0.000000
46.06,3.25519,0.05775,0.09228,AUTO,HAZARD_VISION_STOP,0.0000,0.0000,0.0000,0.0000,0.0000,0.0000,3,25.59615,0.15000,0.15000,0.00000,0.00000,10558,10708,0.000000,0.000000
46.08,3.25519,0.05775,0.09228,AUTO,HAZARD_VISION_STOP,0.0000,0.0000,0.0000,0.0000,0.0000,0.0000,3,25.59615,0.15000,0.15000,0.00000,0.00000,10558,10708,0.000000,0.000000
46.10,3.25519,0.05775,0.09228,AUTO,HAZARD_VISION_STOP,0.0000,0.0000,0.0000,0.0000,0.0000,0.0000,3,25.59615,0.15000,0.15000,0.00000,0.00000,10558,10708,0.000000,0.000000
46.12,3.25519,0.05775,0.09228,AUTO,HAZARD_VISION_STOP,0.0000,0.0000,0.0000,0.0000,0.0000,0.0000,3,25.59615,0.15000,0.15000,0.00000,0.00000,10558,10708,0.000000,0.000000
46.14,3.25519,0.05775,0.09228,AUTO,HAZARD_VISION_STOP,0.0000,0.0000,0.0000,0.0000,0.0000,0.0000,3,25.59615,0.15000,0.15000,0.00000,0.00000,10558,10708,0.000000,0.000000
46.16,3.25519,0.05775,0.09228,AUTO,HAZARD_VISION_STOP,0.0000,0.0000,0.0000,0.0000,0.0000,0.0000,3,25.59615,0.15000,0.15000,0.00000,0.00000,10558,10708,0.000000,0.000000
46.18,3.25519,0.05775,0.09228,AUTO,HAZARD_VISION_STOP,0.0000,0.0000,0.0000,0.0000,0.0000,0.0000,3,25.59615,0.15000,0.15000,0.00000,0.00000,10558,10708,0.000000,0.000000
46.20,3.25519,0.05775,0.09228,AUTO,HAZARD_VISION_STOP,0.0000,0.0000,0.0000,0.0000,0.0000,0.0000,3,25.59615,0.15000,0.15000,0.00000,0.00000,10558,10708,0.000000,0.000000
46.22,3.25519,0.05775,0.09228,AUTO,HAZARD_VISION_STOP,0.0000,0.0000,0.0000,0.0000,0.0000,0.0000,3,25.59615,0.15000,0.15000,0.00000,0.00000,10558,10708,0.000000,0.000000
46.24,3.25519,0.05775,0.09228,AUTO,HAZARD_VISION_STOP,0.0000,0.0000,0.0000,0.0000,0.0000,0.0000,3,25.59615,0.15000,0.15000,0.00000,0.00000,10558,10708,0.000000,0.000000
46.26,3.25519,0.05775,0.09228,AUTO,HAZARD_VISION_STOP,0.0000,0.0000,0.0000,0.0000,0.0000,0.0000,3,25.59615,0.15000,0.15000,0.00000,0.00000,10558,10708,0.000000,0.000000
46.28,3.25519,0.05775,0.09228,AUTO,HAZARD_VISION_STOP,0.0000,0.0000,0.0000,0.0000,0.0000,0.0000,3,25.59615,0.15000,0.15000,0.00000,0.00000,10558,10708,0.000000,0.000000
46.30,3.25519,0.05775,0.09228,AUTO,HAZARD_VISION_STOP,0.0000,0.0000,0.0000,0.0000,0.0000,0.0000,3,25.59615,0.15000,0.15000,0.00000,0.00000,10558,10708,0.000000,0.000000
46.32,3.25519,0.05775,0.09228,AUTO,HAZARD_VISION_STOP,0.0000,0.0000,0.0000,0.0000,0.0000,0.0000,3,25.59615,0.15000,0.15000,0.00000,0.00000,10558,10708,0.000000,0.000000
46.34,3.25519,0.05775,0.09228,AUTO,HAZARD_VISION_STOP,0.0000,0.0000,0.0000,0.0000,0.0000,0.0000,3,25.59615,0.15000,0.15000,0.00000,0.00000,10558,10708,0.000000,0.000000
46.36,3.25519,0.05775,0.09228,AUTO,HAZARD_VISION_STOP,0.0000,0.0000,0.0000,0.0000,0.0000,0.0000,3,25.59615,0.15000,0.15000,0.00000,0.00000,10558,10708,0.000000,0.000000
46.38,3.25519,0.05775,0.09228,AUTO,HAZARD_VISION_STOP,0.0000,0.0000,0.0000,0.0000,0.0000,0.0000,3,25.59615,0.15000,0.15000,0.00000,0.00000,10558,10708,0.000000,0.000000
46.40,3.25519,0.05775,0.09228,AUTO,HAZARD_VISION_STOP,0.0000,0.0000,0.0000,0.0000,0.0000,0.0000,3,25.59615,0.15000,0.15000,0.00000,0.00000,10558,10708,0.000000,0.000000
46.42,3.25519,0.05775,0.09228,AUTO,HAZARD_VISION_STOP,0.0000,0.0000,0.0000,0.0000,0.0000,0.0000,3,25.59615,0.15000,0.15000,0.00000,0.00000,10558,10708,0.000000,0.000000
46.44,3.25519,0.05775,0.09228,AUTO,HAZARD_VISION_STOP,0.0000,0.0000,0.0000,0.0000,0.0000,0.0000,3,25.59615,0.15000,0.15000,0.00000,0.00000,10558,10708,0.000000,0.000000
46.46,3.25519,0.05775,0.09228,AUTO,HAZARD_VISION_STOP,0.0000,0.0000,0.0000,0.0000,0.0000,0.0000,3,25.59615,0.15000,0.15000,0.00000,0.00000,10558,10708,0.000000,0.000000
46.48,3.25519,0.05775,0.09228,AUTO,HAZARD_VISION_STOP,0.0000,0.0000,0.0000,0.0000,0.0000,0.0000,3,25.59615,0.15000,0.15000,0.00000,0.00000,10558,10708,0.000000,0.000000
46.50,3.25519,0.05775,0.09228,AUTO,HAZARD_VISION_STOP,0.0000,0.0000,0.0000,0.0000,0.0000,0.0000,3,25.59615,0.15000,0.15000,0.00000,0.00000,10558,10708,0.000000,0.000000
46.52,3.25519,0.05775,0.09228,AUTO,HAZARD_VISION_STOP,0.0000,0.0000,0.0000,0.0000,0.0000,0.0000,3,25.59615,0.15000,0.15000,0.00000,0.00000,10558,10708,0.000000,0.000000
46.54,3.25519,0.05775,0.09228,AUTO,HAZARD_VISION_STOP,0.0000,0.0000,0.0000,0.0000,0.0000,0.0000,3,25.59615,0.15000,0.15000,0.00000,0.00000,10558,10708,0.000000,0.000000
46.56,3.25519,0.05775,0.09228,AUTO,HAZARD_VISION_STOP,0.0000,0.0000,0.0000,0.0000,0.0000,0.0000,3,25.59615,0.15000,0.15000,0.00000,0.00000,10558,10708,0.000000,0.000000
46.58,3.25519,0.05775,0.09228,AUTO,HAZARD_VISION_STOP,0.0000,0.0000,0.0000,0.0000,0.0000,0.0000,3,25.59615,0.15000,0.15000,0.00000,0.00000,10558,10708,0.000000,0.000000
46.60,3.25519,0.05775,0.09228,AUTO,HAZARD_VISION_STOP,0.0000,0.0000,0.0000,0.0000,0.0000,0.0000,3,25.59615,0.15000,0.15000,0.00000,0.00000,10558,10708,0.000000,0.000000
46.62,3.25519,0.05775,0.09228,AUTO,HAZARD_VISION_STOP,0.0000,0.0000,0.0000,0.0000,0.0000,0.0000,3,25.59615,0.15000,0.15000,0.00000,0.00000,10558,10708,0.000000,0.000000
46.64,3.25519,0.05775,0.09228,AUTO,HAZARD_VISION_STOP,0.0000,0.0000,0.0000,0.0000,0.0000,0.0000,3,25.59615,0.15000,0.15000,0.00000,0.00000,10558,10708,0.000000,0.000000
46.66,3.25519,0.05775,0.09228,AUTO,HAZARD_VISION_STOP,0.0000,0.0000,0.0000,0.0000,0.0000,0.0000,3,25.59615,0.15000,0.15000,0.00000,0.00000,10558,10708,0.000000,0.000000
46.68,3.25519,0.05775,0.09228,AUTO,HAZARD_VISION_STOP,0.0000,0.0000,0.0000,0.0000,0.0000,0.0000,3,25.59615,0.15000,0.15000,0.00000,0.00000,10558,10708,0.000000,0.000000
46.70,3.25519,0.05775,0.09228,AUTO,HAZARD_VISION_STOP,0.0000,0.0000,0.0000,0.0000,0.0000,0.0000,3,25.59615,0.15000,0.15000,0.00000,0.00000,10558,10708,0.000000,0.000000
46.72,3.25519,0.05775,0.09228,AUTO,HAZARD_VISION_STOP,0.0000,0.0000,0.0000,0.0000,0.0000,0.0000,3,25.59615,0.15000,0.15000,0.00000,0.00000,10558,10708,0.000000,0.000000
46.74,3.25519,0.05775,0.09228,AUTO,HAZARD_VISION_STOP,0.0000,0.0000,0.0000,0.0000,0.0000,0.0000,3,25.59615,0.15000,0.15000,0.00000,0.00000,10558,10708,0.000000,0.000000
46.76,3.25519,0.05775,0.09228,AUTO,HAZARD_VISION_STOP,0.0000,0.0000,0.0000,0.0000,0.0000,0.0000,3,25.59615,0.15000,0.15000,0.00000,0.00000,10558,10708,0.000000,0.000000
46.78,3.25519,0.05775,0.09228,AUTO,HAZARD_VISION_STOP,0.0000,0.0000,0.0000,0.0000,0.0000,0.0000,3,25.59615,0.15000,0.15000,0.00000,0.00000,10558,10708,0.000000,0.000000
46.80,3.25519,0.05775,0.09228,AUTO,HAZARD_VISION_STOP,0.0000,0.0000,0.0000,0.0000,0.0000,0.0000,3,25.59615,0.15000,0.15000,0.00000,0.00000,10558,10708,0.000000,0.000000
46.82,3.25519,0.05775,0.09228,AUTO,HAZARD_VISION_STOP,0.0000,0.0000,0.0000,0.0000,0.0000,0.0000,3,25.59615,0.15000,0.15000,0.00000,0.00000,10558,10708,0.000000,0.000000
46.84,3.25519,0.05775,0.09228,AUTO,HAZARD_VISION_STOP,0.0000,0.0000,0.0000,0.0000,0.0000,0.0000,3,25.59615,0.15000,0.15000,0.00000,0.00000,10558,10708,0.000000,0.000000
46.86,3.25519,0.05775,0.09228,AUTO,HAZARD_VISION_STOP,0.0000,0.0000,0.0000,0.0000,0.0000,0.0000,3,25.59615,0.15000,0.15000,0.00000,0.00000,10558,10708,0.000000,0.000000
46.88,3.25519,0.05775,0.09228,AUTO,HAZARD_VISION_STOP,0.0000,0.0000,0.0000,0.0000,0.0000,0.0000,3,25.59615,0.15000,0.15000,0.00000,0.00000,10558,10708,0.000000,0.000000
46.90,3.25519,0.05775,0.09228,AUTO,HAZARD_VISION_STOP,0.0000,0.0000,0.0000,0.0000,0.0000,0.0000,3,25.59615,0.15000,0.15000,0.00000,0.00000,10558,10708,0.000000,0.000000
46.92,3.25519,0.05775,0.09228,AUTO,HAZARD_VISION_STOP,0.0000,0.0000,0.0000,0.0000,0.0000,0.0000,3,25.59615,0.15000,0.15000,0.00000,0.00000,10558,10708,0.000000,0.000000
46.94,3.25519,0.05775,0.09228,AUTO,HAZARD_VISION_STOP,0.0000,0.0000,0.0000,0.0000,0.0000,0.0000,3,25.59615,0.15000,0.15000,0.00000,0.00000,10558,10708,0.000000,0.000000
46.96,3.25519,0.05775,0.09228,AUTO,HAZARD_VISION_STOP,0.0000,0.0000,0.0000,0.0000,0.0000,0.0000,3,25.59615,0.15000,0.15000,0.00000,0.00000,10558,10708,0.000000,0.000000
46.98,3.25519,0.05775,0.09228,AUTO,HAZARD_VISION_STOP,0.0000,0.0000,0.0000,0.0000,0.0000,0.0000,3,25.59615,0.15000,0.15000,0.00000,0.00000,10558,10708,0.000000,0.000000
47.00,3.25519,0.05775,0.09228,AUTO,HAZARD_VISION_STOP,0.0000,0.0000,0.0000,0.0000,0.0000,0.0000,3,25.59615,0.15000,0.15000,0.00000,0.00000,10558,10708,0.000000,0.000000
47.02,3.25519,0.05775,0.09228,AUTO,HAZARD_VISION_STOP,0.0000,0.0000,0.0000,0.0000,0.0000,0.0000,3,25.59615,0.15000,0.15000,0.00000,0.00000,10558,10708,0.000000,0.000000
47.04,3.25519,0.05775,0.09228,AUTO,HAZARD_VISION_STOP,0.0000,0.0000,0.0000,0.0000,0.0000,0.0000,3,25.59615,0.15000,0.15000,0.00000,0.00000,10558,10708,0.000000,0.000000
47.06,3.25519,0.05775,0.09228,AUTO,HAZARD_VISION_STOP,0.0000,0.0000,0.0000,0.0000,0.0000,0.0000,3,25.59615,0.15000,0.15000,0.00000,0.00000,10558,10708,0.000000,0.000000
47.08,3.25519,0.05775,0.09228,AUTO,HAZARD_VISION_STOP,0.0000,0.0000,0.0000,0.0000,0.0000,0.0000,3,25.59615,0.15000,0.15000,0.00000,0.00000,10558,10708,0.000000,0.000000
47.10,3.25519,0.05775,0.09228,AUTO,HAZARD_VISION_STOP,0.0000,0.0000,0.0000,0.0000,0.0000,0.0000,3,25.59615,0.15000,0.15000,0.00000,0.00000,10558,10708,0.000000,0.000000
47.12,3.25519,0.05775,0.09228,AUTO,HAZARD_VISION_STOP,0.0000,0.0000,0.0000,0.0000,0.0000,0.0000,3,25.59615,0.15000,0.15000,0.00000,0.00000,10558,10708,0.000000,0.000000
47.14,3.25519,0.05775,0.09228,AUTO,HAZARD_VISION_STOP,0.0000,0.0000,0.0000,0.0000,0.0000,0.0000,3,25.59615,0.15000,0.15000,0.00000,0.00000,10558,10708,0.000000,0.000000
47.16,3.25519,0.05775,0.09228,AUTO,HAZARD_VISION_STOP,0.0000,0.0000,0.0000,0.0000,0.0000,0.0000,3,25.59615,0.15000,0.15000,0.00000,0.00000,10558,10708,0.000000,0.000000
47.18,3.25519,0.05775,0.09228,AUTO,HAZARD_VISION_STOP,0.0000,0.0000,0.0000,0.0000,0.0000,0.0000,3,25.59615,0.15000,0.15000,0.00000,0.00000,10558,10708,0.000000,0.000000
47.20,3.25519,0.05775,0.09228,AUTO,HAZARD_VISION_STOP,0.0000,0.0000,0.0000,0.0000,0.0000,0.0000,3,25.59615,0.15000,0.15000,0.00000,0.00000,10558,10708,0.000000,0.000000
47.22,3.25519,0.05775,0.09228,AUTO,HAZARD_VISION_STOP,0.0000,0.0000,0.0000,0.0000,0.0000,0.0000,3,25.59615,0.15000,0.15000,0.00000,0.00000,10558,10708,0.000000,0.000000
47.24,3.25519,0.05775,0.09228,AUTO,HAZARD_VISION_STOP,0.0000,0.0000,0.0000,0.0000,0.0000,0.0000,3,25.59615,0.15000,0.15000,0.00000,0.00000,10558,10708,0.000000,0.000000
47.26,3.25519,0.05775,0.09228,AUTO,HAZARD_VISION_STOP,0.0000,0.0000,0.0000,0.0000,0.0000,0.0000,3,25.59615,0.15000,0.15000,0.00000,0.00000,10558,10708,0.000000,0.000000
47.28,3.25519,0.05775,0.09228,AUTO,HAZARD_VISION_STOP,0.0000,0.0000,0.0000,0.0000,0.0000,0.0000,3,25.59615,0.15000,0.15000,0.00000,0.00000,10558,10708,0.000000,0.000000
47.30,3.25519,0.05775,0.09228,AUTO,HAZARD_VISION_STOP,0.0000,0.0000,0.0000,0.0000,0.0000,0.0000,3,25.59615,0.15000,0.15000,0.00000,0.00000,10558,10708,0.000000,0.000000
47.32,3.25519,0.05775,0.09228,AUTO,HAZARD_VISION_STOP,0.0000,0.0000,0.0000,0.0000,0.0000,0.0000,3,25.59615,0.15000,0.15000,0.00000,0.00000,10558,10708,0.000000,0.000000
47.34,3.25519,0.05775,0.09228,AUTO,HAZARD_VISION_STOP,0.0000,0.0000,0.0000,0.0000,0.0000,0.0000,3,25.59615,0.15000,0.15000,0.00000,0.00000,10558,10708,0.000000,0.000000
47.36,3.25519,0.05775,0.09228,AUTO,HAZARD_VISION_STOP,0.0000,0.0000,0.0000,0.0000,0.0000,0.0000,3,25.59615,0.15000,0.15000,0.00000,0.00000,10558,10708,0.000000,0.000000
47.38,3.25519,0.05775,0.09228,AUTO,HAZARD_VISION_STOP,0.0000,0.0000,0.0000,0.0000,0.0000,0.0000,3,25.59615,0.15000,0.15000,0.00000,0.00000,10558,10708,0.000000,0.000000
47.40,3.25519,0.05775,0.09228,AUTO,HAZARD_VISION_STOP,0.0000,0.0000,0.0000,0.0000,0.0000,0.0000,3,25.59615,0.15000,0.15000,0.00000,0.00000,10558,10708,0.000000,0.000000
47.42,3.25519,0.05775,0.09228,AUTO,HAZARD_VISION_STOP,0.0000,0.0000,0.0000,0.0000,0.0000,0.0000,3,25.59615,0.15000,0.15000,0.00000,0.00000,10558,10708,0.000000,0.000000
47.44,3.25519,0.05775,0.09228,AUTO,HAZARD_VISION_STOP,0.0000,0.0000,0.0000,0.0000,0.0000,0.0000,3,25.59615,0.15000,0.15000,0.00000,0.00000,10558,10708,0.000000,0.000000
47.46,3.25519,0.05775,0.09228,AUTO,HAZARD_VISION_STOP,0.0000,0.0000,0.0000,0.0000,0.0000,0.0000,3,25.59615,0.15000,0.15000,0.00000,0.00000,10558,10708,0.000000,0.000000
47.48,3.25519,0.05775,0.09228,AUTO,HAZARD_VISION_STOP,0.0000,0.0000,0.0000,0.0000,0.0000,0.0000,3,25.59615,0.15000,0.15000,0.00000,0.00000,10558,10708,0.000000,0.000000
47.50,3.25519,0.05775,0.09228,AUTO,HAZARD_VISION_STOP,0.0000,0.0000,0.0000,0.0000,0.0000,0.0000,3,25.59615,0.15000,0.15000,0.00000,0.00000,10558,10708,0.000000,0.000000
47.52,3.25519,0.05775,0.09228,AUTO,HAZARD_VISION_STOP,0.0000,0.0000,0.0000,0.0000,0.0000,0.0000,3,25.59615,0.15000,0.15000,0.00000,0.00000,10558,10708,0.000000,0.000000
47.54,3.25519,0.05775,0.09228,AUTO,HAZARD_VISION_STOP,0.0000,0.0000,0.0000,0.0000,0.0000,0.0000,3,25.59615,0.15000,0.15000,0.00000,0.00000,10558,10708,0.000000,0.000000
47.56,3.25519,0.05775,0.09228,AUTO,HAZARD_VISION_STOP,0.0000,0.0000,0.0000,0.0000,0.0000,0.0000,3,25.59615,0.15000,0.15000,0.00000,0.00000,10558,10708,0.000000,0.000000
47.58,3.25519,0.05775,0.09228,AUTO,HAZARD_VISION_STOP,0.0000,0.0000,0.0000,0.0000,0.0000,0.0000,3,25.59615,0.15000,0.15000,0.00000,0.00000,10558,10708,0.000000,0.000000
47.60,3.25519,0.05775,0.09228,AUTO,HAZARD_VISION_STOP,0.0000,0.0000,0.0000,0.0000,0.0000,0.0000,3,25.59615,0.15000,0.15000,0.00000,0.00000,10558,10708,0.000000,0.000000
47.62,3.25519,0.05775,0.09228,AUTO,HAZARD_VISION_STOP,0.0000,0.0000,0.0000,0.0000,0.0000,0.0000,3,25.59615,0.15000,0.15000,0.00000,0.00000,10558,10708,0.000000,0.000000
47.64,3.25519,0.05775,0.09228,AUTO,HAZARD_VISION_STOP,0.0000,0.0000,0.0000,0.0000,0.0000,0.0000,3,25.59615,0.15000,0.15000,0.00000,0.00000,10558,10708,0.000000,0.000000
47.66,3.25519,0.05775,0.09228,AUTO,HAZARD_VISION_STOP,0.0000,0.0000,0.0000,0.0000,0.0000,0.0000,3,25.59615,0.15000,0.15000,0.00000,0.00000,10558,10708,0.000000,0.000000
47.68,3.25519,0.05775,0.09228,AUTO,HAZARD_VISION_STOP,0.0000,0.0000,0.0000,0.0000,0.0000,0.0000,3,25.59615,0.15000,0.15000,0.00000,0.00000,10558,10708,0.000000,0.000000
47.70,3.25519,0.05775,0.09228,AUTO,HAZARD_VISION_STOP,0.0000,0.0000,0.0000,0.0000,0.0000,0.0000,3,25.59615,0.15000,0.15000,0.00000,0.00000,10558,10708,0.000000,0.000000
47.72,3.25519,0.05775,0.09228,AUTO,HAZARD_VISION_STOP,0.0000,0.0000,0.0000,0.0000,0.0000,0.0000,3,25.59615,0.15000,0.15000,0.00000,0.00000,10558,10708,0.000000,0.000000
47.74,3.25519,0.05775,0.09228,AUTO,HAZARD_VISION_STOP,0.0000,0.0000,0.0000,0.0000,0.0000,0.0000,3,25.59615,0.15000,0.15000,0.00000,0.00000,10558,10708,0.000000,0.000000
47.76,3.25519,0.05775,0.09228,AUTO,HAZARD_VISION_STOP,0.0000,0.0000,0.0000,0.0000,0.0000,0.0000,3,25.59615,0.15000,0.15000,0.00000,0.00000,10558,10708,0.000000,0.000000
47.78,3.25519,0.05775,0.09228,AUTO,HAZARD_VISION_STOP,0.0000,0.0000,0.0000,0.0000,0.0000,0.0000,3,25.59615,0.15000,0.15000,0.00000,0.00000,10558,10708,0.000000,0.000000
47.80,3.25519,0.05775,0.09228,AUTO,HAZARD_VISION_STOP,0.0000,0.0000,0.0000,0.0000,0.0000,0.0000,3,25.59615,0.15000,0.15000,0.00000,0.00000,10558,10708,0.000000,0.000000
47.82,3.25519,0.05775,0.09228,AUTO,HAZARD_VISION_STOP,0.0000,0.0000,0.0000,0.0000,0.0000,0.0000,3,25.59615,0.15000,0.15000,0.00000,0.00000,10558,10708,0.000000,0.000000
47.84,3.25519,0.05775,0.09228,AUTO,HAZARD_VISION_STOP,0.0000,0.0000,0.0000,0.0000,0.0000,0.0000,3,25.59615,0.15000,0.15000,0.00000,0.00000,10558,10708,0.000000,0.000000
47.86,3.25519,0.05775,0.09228,AUTO,HAZARD_VISION_STOP,0.0000,0.0000,0.0000,0.0000,0.0000,0.0000,3,25.59615,0.15000,0.15000,0.00000,0.00000,10558,10708,0.000000,0.000000
47.88,3.25519,0.05775,0.09228,AUTO,HAZARD_VISION_STOP,0.0000,0.0000,0.0000,0.0000,0.0000,0.0000,3,25.59615,0.15000,0.15000,0.00000,0.00000,10558,10708,0.000000,0.000000
47.90,3.25519,0.05775,0.09228,AUTO,HAZARD_VISION_STOP,0.0000,0.0000,0.0000,0.0000,0.0000,0.0000,3,25.59615,0.15000,0.15000,0.00000,0.00000,10558,10708,0.000000,0.000000
47.92,3.25519,0.05775,0.09228,AUTO,HAZARD_VISION_STOP,0.0000,0.0000,0.0000,0.0000,0.0000,0.0000,3,25.59615,0.15000,0.15000,0.00000,0.00000,10558,10708,0.000000,0.000000
47.94,3.25519,0.05775,0.09228,AUTO,HAZARD_VISION_STOP,0.0000,0.0000,0.0000,0.0000,0.0000,0.0000,3,25.59615,0.15000,0.15000,0.00000,0.00000,10558,10708,0.000000,0.000000
47.96,3.25519,0.05775,0.09228,AUTO,HAZARD_VISION_STOP,0.0000,0.0000,0.0000,0.0000,0.0000,0.0000,3,25.59615,0.15000,0.15000,0.00000,0.00000,10558,10708,0.000000,0.000000
47.98,3.25519,0.05775,0.09228,AUTO,HAZARD_VISION_STOP,0.0000,0.0000,0.0000,0.0000,0.0000,0.0000,3,25.59615,0.15000,0.15000,0.00000,0.00000,10558,10708,0.000000,0.000000
48.00,3.25519,0.05775,0.09228,AUTO,HAZARD_VISION_STOP,0.0000,0.0000,0.0000,0.0000,0.0000,0.0000,3,25.59615,0.15000,0.15000,0.00000,0.00000,10558,10708,0.000000,0.000000
48.02,3.25519,0.05775,0.09228,AUTO,HAZARD_VISION_STOP,0.0000,0.0000,0.0000,0.0000,0.0000,0.0000,3,25.59615,0.15000,0.15000,0.00000,0.00000,10558,10708,0.000000,0.000000
48.04,3.25519,0.05775,0.09228,AUTO,HAZARD_VISION_STOP,0.0000,0.0000,0.0000,0.0000,0.0000,0.0000,3,25.59615,0.15000,0.15000,0.00000,0.00000,10558,10708,0.000000,0.000000
48.06,3.25519,0.05775,0.09228,AUTO,HAZARD_VISION_STOP,0.0000,0.0000,0.0000,0.0000,0.0000,0.0000,3,25.59615,0.15000,0.15000,0.00000,0.00000,10558,10708,0.000000,0.000000
48.08,3.25519,0.05775,0.09228,AUTO,HAZARD_VISION_STOP,0.0000,0.0000,0.0000,0.0000,0.0000,0.0000,3,25.59615,0.15000,0.15000,0.00000,0.00000,10558,10708,0.000000,0.000000
48.10,3.25519,0.05775,0.09228,AUTO,HAZARD_VISION_STOP,0.0000,0.0000,0.0000,0.0000,0.0000,0.0000,3,25.59615,0.15000,0.15000,0.00000,0.00000,10558,10708,0.000000,0.000000
48.12,3.25519,0.05775,0.09228,AUTO,HAZARD_VISION_STOP,0.0000,0.0000,0.0000,0.0000,0.0000,0.0000,3,25.59615,0.15000,0.15000,0.00000,0.00000,10558,10708,0.000000,0.000000
48.14,3.25519,0.05775,0.09228,AUTO,HAZARD_VISION_STOP,0.0000,0.0000,0.0000,0.0000,0.0000,0.0000,3,25.59615,0.15000,0.15000,0.00000,0.00000,10558,10708,0.000000,0.000000
48.16,3.25519,0.05775,0.09228,AUTO,HAZARD_VISION_STOP,0.0000,0.0000,0.0000,0.0000,0.0000,0.0000,3,25.59615,0.15000,0.15000,0.00000,0.00000,10558,10708,0.000000,0.000000
48.18,3.25519,0.05775,0.09228,AUTO,HAZARD_VISION_STOP,0.0000,0.0000,0.0000,0.0000,0.0000,0.0000,3,25.59615,0.15000,0.15000,0.00000,0.00000,10558,10708,0.000000,0.000000
48.20,3.25519,0.05775,0.09228,AUTO,HAZARD_VISION_STOP,0.0000,0.0000,0.0000,0.0000,0.0000,0.0000,3,25.59615,0.15000,0.15000,0.00000,0.00000,10558,10708,0.000000,0.000000
48.22,3.25519,0.05775,0.09228,AUTO,HAZARD_VISION_STOP,0.0000,0.0000,0.0000,0.0000,0.0000,0.0000,3,25.59615,0.15000,0.15000,0.00000,0.00000,10558,10708,0.000000,0.000000
48.24,3.25519,0.05775,0.09228,AUTO,HAZARD_VISION_STOP,0.0000,0.0000,0.0000,0.0000,0.0000,0.0000,3,25.59615,0.15000,0.15000,0.00000,0.00000,10558,10708,0.000000,0.000000
48.26,3.25519,0.05775,0.09228,AUTO,HAZARD_VISION_STOP,0.0000,0.0000,0.0000,0.0000,0.0000,0.0000,3,25.59615,0.15000,0.15000,0.00000,0.00000,10558,10708,0.000000,0.000000
48.28,3.25519,0.05775,0.09228,AUTO,HAZARD_VISION_STOP,0.0000,0.0000,0.0000,0.0000,0.0000,0.0000,3,25.59615,0.15000,0.15000,0.00000,0.00000,10558,10708,0.000000,0.000000
48.30,3.25519,0.05775,0.09228,AUTO,HAZARD_VISION_STOP,0.0000,0.0000,0.0000,0.0000,0.0000,0.0000,3,25.59615,0.15000,0.15000,0.00000,0.00000,10558,10708,0.000000,0.000000
48.32,3.25519,0.05775,0.09228,AUTO,HAZARD_VISION_STOP,0.0000,0.0000,0.0000,0.0000,0.0000,0.0000,3,25.59615,0.15000,0.15000,0.00000,0.00000,10558,10708,0.000000,0.000000
48.34,3.25519,0.05775,0.09228,AUTO,HAZARD_VISION_STOP,0.0000,0.0000,0.0000,0.0000,0.0000,0.0000,3,25.59615,0.15000,0.15000,0.00000,0.00000,10558,10708,0.000000,0.000000
48.36,3.25519,0.05775,0.09228,AUTO,HAZARD_VISION_STOP,0.0000,0.0000,0.0000,0.0000,0.0000,0.0000,3,25.59615,0.15000,0.15000,0.00000,0.00000,10558,10708,0.000000,0.000000
48.38,3.25519,0.05775,0.09228,AUTO,HAZARD_VISION_STOP,0.0000,0.0000,0.0000,0.0000,0.0000,0.0000,3,25.59615,0.15000,0.15000,0.00000,0.00000,10558,10708,0.000000,0.000000
48.40,3.25519,0.05775,0.09228,AUTO,HAZARD_VISION_STOP,0.0000,0.0000,0.0000,0.0000,0.0000,0.0000,3,25.59615,0.15000,0.15000,0.00000,0.00000,10558,10708,0.000000,0.000000
48.42,3.25519,0.05775,0.09228,AUTO,HAZARD_VISION_STOP,0.0000,0.0000,0.0000,0.0000,0.0000,0.0000,3,25.59615,0.15000,0.15000,0.00000,0.00000,10558,10708,0.000000,0.000000
48.44,3.25519,0.05775,0.09228,AUTO,HAZARD_VISION_STOP,0.0000,0.0000,0.0000,0.0000,0.0000,0.0000,3,25.59615,0.15000,0.15000,0.00000,0.00000,10558,10708,0.000000,0.000000
48.46,3.25519,0.05775,0.09228,AUTO,HAZARD_VISION_STOP,0.0000,0.0000,0.0000,0.0000,0.0000,0.0000,3,25.59615,0.15000,0.15000,0.00000,0.00000,10558,10708,0.000000,0.000000
48.48,3.25519,0.05775,0.09228,AUTO,HAZARD_VISION_STOP,0.0000,0.0000,0.0000,0.0000,0.0000,0.0000,3,25.59615,0.15000,0.15000,0.00000,0.00000,10558,10708,0.000000,0.000000
48.50,3.25519,0.05775,0.09228,AUTO,HAZARD_VISION_STOP,0.0000,0.0000,0.0000,0.0000,0.0000,0.0000,3,25.59615,0.15000,0.15000,0.00000,0.00000,10558,10708,0.000000,0.000000
48.52,3.25519,0.05775,0.09228,AUTO,HAZARD_VISION_STOP,0.0000,0.0000,0.0000,0.0000,0.0000,0.0000,3,25.59615,0.15000,0.15000,0.00000,0.00000,10558,10708,0.000000,0.000000
48.54,3.25519,0.05775,0.09228,AUTO,HAZARD_VISION_STOP,0.0000,0.0000,0.0000,0.0000,0.0000,0.0000,3,25.59615,0.15000,0.15000,0.00000,0.00000,10558,10708,0.000000,0.000000
48.56,3.25519,0.05775,0.09228,AUTO,HAZARD_VISION_STOP,0.0000,0.0000,0.0000,0.0000,0.0000,0.0000,3,25.59615,0.15000,0.15000,0.00000,0.00000,10558,10708,0.000000,0.000000
48.58,3.25519,0.05775,0.09228,AUTO,HAZARD_VISION_STOP,0.0000,0.0000,0.0000,0.0000,0.0000,0.0000,3,25.59615,0.15000,0.15000,0.00000,0.00000,10558,10708,0.000000,0.000000
48.60,3.25519,0.05775,0.09228,AUTO,HAZARD_VISION_STOP,0.0000,0.0000,0.0000,0.0000,0.0000,0.0000,3,25.59615,0.15000,0.15000,0.00000,0.00000,10558,10708,0.000000,0.000000
48.62,3.25519,0.05775,0.09228,AUTO,HAZARD_VISION_STOP,0.0000,0.0000,0.0000,0.0000,0.0000,0.0000,3,25.59615,0.15000,0.15000,0.00000,0.00000,10558,10708,0.000000,0.000000
48.64,3.25519,0.05775,0.09228,AUTO,HAZARD_VISION_STOP,0.0000,0.0000,0.0000,0.0000,0.0000,0.0000,3,25.59615,0.15000,0.15000,0.00000,0.00000,10558,10708,0.000000,0.000000
48.66,3.25519,0.05775,0.09228,AUTO,HAZARD_VISION_STOP,0.0000,0.0000,0.0000,0.0000,0.0000,0.0000,3,25.59615,0.15000,0.15000,0.00000,0.00000,10558,10708,0.000000,0.000000
48.68,3.25519,0.05775,0.09228,AUTO,HAZARD_VISION_STOP,0.0000,0.0000,0.0000,0.0000,0.0000,0.0000,3,25.59615,0.15000,0.15000,0.00000,0.00000,10558,10708,0.000000,0.000000
48.70,3.25519,0.05775,0.09228,AUTO,HAZARD_VISION_STOP,0.0000,0.0000,0.0000,0.0000,0.0000,0.0000,3,25.59615,0.15000,0.15000,0.00000,0.00000,10558,10708,0.000000,0.000000
48.72,3.25519,0.05775,0.09228,AUTO,HAZARD_VISION_STOP,0.0000,0.0000,0.0000,0.0000,0.0000,0.0000,3,25.59615,0.15000,0.15000,0.00000,0.00000,10558,10708,0.000000,0.000000
48.74,3.25519,0.05775,0.09228,AUTO,HAZARD_VISION_STOP,0.0000,0.0000,0.0000,0.0000,0.0000,0.0000,3,25.59615,0.15000,0.15000,0.00000,0.00000,10558,10708,0.000000,0.000000
48.76,3.25519,0.05775,0.09228,AUTO,HAZARD_VISION_STOP,0.0000,0.0000,0.0000,0.0000,0.0000,0.0000,3,25.59615,0.15000,0.15000,0.00000,0.00000,10558,10708,0.000000,0.000000
48.78,3.25519,0.05775,0.09228,AUTO,HAZARD_VISION_STOP,0.0000,0.0000,0.0000,0.0000,0.0000,0.0000,3,25.59615,0.15000,0.15000,0.00000,0.00000,10558,10708,0.000000,0.000000
48.80,3.25519,0.05775,0.09228,AUTO,HAZARD_VISION_STOP,0.0000,0.0000,0.0000,0.0000,0.0000,0.0000,3,25.59615,0.15000,0.15000,0.00000,0.00000,10558,10708,0.000000,0.000000
48.82,3.25519,0.05775,0.09228,AUTO,HAZARD_VISION_STOP,0.0000,0.0000,0.0000,0.0000,0.0000,0.0000,3,25.59615,0.15000,0.15000,0.00000,0.00000,10558,10708,0.000000,0.000000
48.84,3.25519,0.05775,0.09228,AUTO,HAZARD_VISION_STOP,0.0000,0.0000,0.0000,0.0000,0.0000,0.0000,3,25.59615,0.15000,0.15000,0.00000,0.00000,10558,10708,0.000000,0.000000
48.86,3.25519,0.05775,0.09228,AUTO,HAZARD_VISION_STOP,0.0000,0.0000,0.0000,0.0000,0.0000,0.0000,3,25.59615,0.15000,0.15000,0.00000,0.00000,10558,10708,0.000000,0.000000
48.88,3.25519,0.05775,0.09228,AUTO,HAZARD_VISION_STOP,0.0000,0.0000,0.0000,0.0000,0.0000,0.0000,3,25.59615,0.15000,0.15000,0.00000,0.00000,10558,10708,0.000000,0.000000
48.90,3.25519,0.05775,0.09228,AUTO,HAZARD_VISION_STOP,0.0000,0.0000,0.0000,0.0000,0.0000,0.0000,3,25.59615,0.15000,0.15000,0.00000,0.00000,10558,10708,0.000000,0.000000
48.92,3.25519,0.05775,0.09228,AUTO,HAZARD_VISION_STOP,0.0000,0.0000,0.0000,0.0000,0.0000,0.0000,3,25.59615,0.15000,0.15000,0.00000,0.00000,10558,10708,0.000000,0.000000
48.94,3.25519,0.05775,0.09228,AUTO,HAZARD_VISION_STOP,0.0000,0.0000,0.0000,0.0000,0.0000,0.0000,3,25.59615,0.15000,0.15000,0.00000,0.00000,10558,10708,0.000000,0.000000
48.96,3.25519,0.05775,0.09228,AUTO,HAZARD_VISION_STOP,0.0000,0.0000,0.0000,0.0000,0.0000,0.0000,3,25.59615,0.15000,0.15000,0.00000,0.00000,10558,10708,0.000000,0.000000
48.98,3.25519,0.05775,0.09228,AUTO,HAZARD_VISION_STOP,0.0000,0.0000,0.0000,0.0000,0.0000,0.0000,3,25.59615,0.15000,0.15000,0.00000,0.00000,10558,10708,0.000000,0.000000
49.00,3.25519,0.05775,0.09228,AUTO,HAZARD_VISION_STOP,0.0000,0.0000,0.0000,0.0000,0.0000,0.0000,3,25.59615,0.15000,0.15000,0.00000,0.00000,10558,10708,0.000000,0.000000
49.02,3.25519,0.05775,0.09228,AUTO,HAZARD_VISION_STOP,0.0000,0.0000,0.0000,0.0000,0.0000,0.0000,3,25.59615,0.15000,0.15000,0.00000,0.00000,10558,10708,0.000000,0.000000
49.04,3.25519,0.05775,0.09228,AUTO,HAZARD_VISION_STOP,0.0000,0.0000,0.0000,0.0000,0.0000,0.0000,3,25.59615,0.15000,0.15000,0.00000,0.00000,10558,10708,0.000000,0.000000
49.06,3.25519,0.05775,0.09228,AUTO,HAZARD_VISION_STOP,0.0000,0.0000,0.0000,0.0000,0.0000,0.0000,3,25.59615,0.15000,0.15000,0.00000,0.00000,10558,10708,0.000000,0.000000
49.08,3.25519,0.05775,0.09228,AUTO,HAZARD_VISION_STOP,0.0000,0.0000,0.0000,0.0000,0.0000,0.0000,3,25.59615,0.15000,0.15000,0.00000,0.00000,10558,10708,0.000000,0.000000
49.10,3.25519,0.05775,0.09228,AUTO,HAZARD_VISION_STOP,0.0000,0.0000,0.0000,0.0000,0.0000,0.0000,3,25.59615,0.15000,0.15000,0.00000,0.00000,10558,10708,0.000000,0.000000
49.12,3.25519,0.05775,0.09228,AUTO,HAZARD_VISION_STOP,0.0000,0.0000,0.0000,0.0000,0.0000,0.0000,3,25.59615,0.15000,0.15000,0.00000,0.00000,10558,10708,0.000000,0.000000
49.14,3.25519,0.05775,0.09228,AUTO,HAZARD_VISION_STOP,0.0000,0.0000,0.0000,0.0000,0.0000,0.0000,3,25.59615,0.15000,0.15000,0.00000,0.00000,10558,10708,0.000000,0.000000
49.16,3.25519,0.05775,0.09228,AUTO,HAZARD_VISION_STOP,0.0000,0.0000,0.0000,0.0000,0.0000,0.0000,3,25.59615,0.15000,0.15000,0.00000,0.00000,10558,10708,0.000000,0.000000
49.18,3.25519,0.05775,0.09228,AUTO,HAZARD_VISION_STOP,0.0000,0.0000,0.0000,0.0000,0.0000,0.0000,3,25.59615,0.15000,0.15000,0.00000,0.00000,10558,10708,0.000000,0.000000
49.20,3.25519,0.05775,0.09228,AUTO,HAZARD_VISION_STOP,0.0000,0.0000,0.0000,0.0000,0.0000,0.0000,3,25.59615,0.15000,0.15000,0.00000,0.00000,10558,10708,0.000000,0.000000
49.22,3.25519,0.05775,0.09228,AUTO,HAZARD_VISION_STOP,0.0000,0.0000,0.0000,0.0000,0.0000,0.0000,3,25.59615,0.15000,0.15000,0.00000,0.00000,10558,10708,0.000000,0.000000
49.24,3.25519,0.05775,0.09228,AUTO,HAZARD_VISION_STOP,0.0000,0.0000,0.0000,0.0000,0.0000,0.0000,3,25.59615,0.15000,0.15000,0.00000,0.00000,10558,10708,0.000000,0.000000
49.26,3.25519,0.05775,0.09228,AUTO,HAZARD_VISION_STOP,0.0000,0.0000,0.0000,0.0000,0.0000,0.0000,3,25.59615,0.15000,0.15000,0.00000,0.00000,10558,10708,0.000000,0.000000
49.28,3.25519,0.05775,0.09228,AUTO,HAZARD_VISION_STOP,0.0000,0.0000,0.0000,0.0000,0.0000,0.0000,3,25.59615,0.15000,0.15000,0.00000,0.00000,10558,10708,0.000000,0.000000
49.30,3.25519,0.05775,0.09228,AUTO,HAZARD_VISION_STOP,0.0000,0.0000,0.0000,0.0000,0.0000,0.0000,3,25.59615,0.15000,0.15000,0.00000,0.00000,10558,10708,0.000000,0.000000
49.32,3.25519,0.05775,0.09228,AUTO,HAZARD_VISION_STOP,0.0000,0.0000,0.0000,0.0000,0.0000,0.0000,3,25.59615,0.15000,0.15000,0.00000,0.00000,10558,10708,0.000000,0.000000
49.34,3.25519,0.05775,0.09228,AUTO,HAZARD_VISION_STOP,0.0000,0.0000,0.0000,0.0000,0.0000,0.0000,3,25.59615,0.15000,0.15000,0.00000,0.00000,10558,10708,0.000000,0.000000
49.36,3.25519,0.05775,0.09228,AUTO,HAZARD_VISION_STOP,0.0000,0.0000,0.0000,0.0000,0.0000,0.0000,3,25.59615,0.15000,0.15000,0.00000,0.00000,10558,10708,0.000000,0.000000
49.38,3.25519,0.05775,0.09228,AUTO,HAZARD_VISION_STOP,0.0000,0.0000,0.0000,0.0000,0.0000,0.0000,3,25.59615,0.15000,0.15000,0.00000,0.00000,10558,10708,0.000000,0.000000
49.40,3.25519,0.05775,0.09228,AUTO,HAZARD_VISION_STOP,0.0000,0.0000,0.0000,0.0000,0.0000,0.0000,3,25.59615,0.15000,0.15000,0.00000,0.00000,10558,10708,0.000000,0.000000
49.42,3.25519,0.05775,0.09228,AUTO,HAZARD_VISION_STOP,0.0000,0.0000,0.0000,0.0000,0.0000,0.0000,3,25.59615,0.15000,0.15000,0.00000,0.00000,10558,10708,0.000000,0.000000
49.44,3.25519,0.05775,0.09228,AUTO,HAZARD_VISION_STOP,0.0000,0.0000,0.0000,0.0000,0.0000,0.0000,3,25.59615,0.15000,0.15000,0.00000,0.00000,10558,10708,0.000000,0.000000
49.46,3.25519,0.05775,0.09228,AUTO,HAZARD_VISION_STOP,0.0000,0.0000,0.0000,0.0000,0.0000,0.0000,3,25.59615,0.15000,0.15000,0.00000,0.00000,10558,10708,0.000000,0.000000
49.48,3.25519,0.05775,0.09228,AUTO,HAZARD_VISION_STOP,0.0000,0.0000,0.0000,0.0000,0.0000,0.0000,3,25.59615,0.15000,0.15000,0.00000,0.00000,10558,10708,0.000000,0.000000
49.50,3.25519,0.05775,0.09228,AUTO,HAZARD_VISION_STOP,0.0000,0.0000,0.0000,0.0000,0.0000,0.0000,3,25.59615,0.15000,0.15000,0.00000,0.00000,10558,10708,0.000000,0.000000
49.52,3.25519,0.05775,0.09228,AUTO,HAZARD_VISION_STOP,0.0000,0.0000,0.0000,0.0000,0.0000,0.0000,3,25.59615,0.15000,0.15000,0.00000,0.00000,10558,10708,0.000000,0.000000
49.54,3.25519,0.05775,0.09228,AUTO,HAZARD_VISION_STOP,0.0000,0.0000,0.0000,0.0000,0.0000,0.0000,3,25.59615,0.15000,0.15000,0.00000,0.00000,10558,10708,0.000000,0.000000
49.56,3.25519,0.05775,0.09228,AUTO,HAZARD_VISION_STOP,0.0000,0.0000,0.0000,0.0000,0.0000,0.0000,3,25.59615,0.15000,0.15000,0.00000,0.00000,10558,10708,0.000000,0.000000
49.58,3.25519,0.05775,0.09228,AUTO,HAZARD_VISION_STOP,0.0000,0.0000,0.0000,0.0000,0.0000,0.0000,3,25.59615,0.15000,0.15000,0.00000,0.00000,10558,10708,0.000000,0.000000
49.60,3.25519,0.05775,0.09228,AUTO,HAZARD_VISION_STOP,0.0000,0.0000,0.0000,0.0000,0.0000,0.0000,3,25.59615,0.15000,0.15000,0.00000,0.00000,10558,10708,0.000000,0.000000
49.62,3.25519,0.05775,0.09228,AUTO,HAZARD_VISION_STOP,0.0000,0.0000,0.0000,0.0000,0.0000,0.0000,3,25.59615,0.15000,0.15000,0.00000,0.00000,10558,10708,0.000000,0.000000
49.64,3.25519,0.05775,0.09228,AUTO,HAZARD_VISION_STOP,0.0000,0.0000,0.0000,0.0000,0.0000,0.0000,3,25.59615,0.15000,0.15000,0.00000,0.00000,10558,10708,0.000000,0.000000
49.66,3.25519,0.05775,0.09228,AUTO,HAZARD_VISION_STOP,0.0000,0.0000,0.0000,0.0000,0.0000,0.0000,3,25.59615,0.15000,0.15000,0.00000,0.00000,10558,10708,0.000000,0.000000
49.68,3.25519,0.05775,0.09228,AUTO,HAZARD_VISION_STOP,0.0000,0.0000,0.0000,0.0000,0.0000,0.0000,3,25.59615,0.15000,0.15000,0.00000,0.00000,10558,10708,0.000000,0.000000
49.70,3.25519,0.05775,0.09228,AUTO,HAZARD_VISION_STOP,0.0000,0.0000,0.0000,0.0000,0.0000,0.0000,3,25.59615,0.15000,0.15000,0.00000,0.00000,10558,10708,0.000000,0.000000
49.72,3.25519,0.05775,0.09228,AUTO,HAZARD_VISION_STOP,0.0000,0.0000,0.0000,0.0000,0.0000,0.0000,3,25.59615,0.15000,0.15000,0.00000,0.00000,10558,10708,0.000000,0.000000
49.74,3.25519,0.05775,0.09228,AUTO,HAZARD_VISION_STOP,0.0000,0.0000,0.0000,0.0000,0.0000,0.0000,3,25.59615,0.15000,0.15000,0.00000,0.00000,10558,10708,0.000000,0.000000
49.76,3.25519,0.05775,0.09228,AUTO,HAZARD_VISION_STOP,0.0000,0.0000,0.0000,0.0000,0.0000,0.0000,3,25.59615,0.15000,0.15000,0.00000,0.00000,10558,10708,0.000000,0.000000
49.78,3.25519,0.05775,0.09228,AUTO,HAZARD_VISION_STOP,0.0000,0.0000,0.0000,0.0000,0.0000,0.0000,3,25.59615,0.15000,0.15000,0.00000,0.00000,10558,10708,0.000000,0.000000
49.80,3.25519,0.05775,0.09228,AUTO,HAZARD_VISION_STOP,0.0000,0.0000,0.0000,0.0000,0.0000,0.0000,3,25.59615,0.15000,0.15000,0.00000,0.00000,10558,10708,0.000000,0.000000
49.82,3.25519,0.05775,0.09228,AUTO,HAZARD_VISION_STOP,0.0000,0.0000,0.0000,0.0000,0.0000,0.0000,3,25.59615,0.15000,0.15000,0.00000,0.00000,10558,10708,0.000000,0.000000
49.84,3.25519,0.05775,0.09228,AUTO,HAZARD_VISION_STOP,0.0000,0.0000,0.0000,0.0000,0.0000,0.0000,3,25.59615,0.15000,0.15000,0.00000,0.00000,10558,10708,0.000000,0.000000
49.86,3.25519,0.05775,0.09228,AUTO,HAZARD_VISION_STOP,0.0000,0.0000,0.0000,0.0000,0.0000,0.0000,3,25.59615,0.15000,0.15000,0.00000,0.00000,10558,10708,0.000000,0.000000
49.88,3.25519,0.05775,0.09228,AUTO,HAZARD_VISION_STOP,0.0000,0.0000,0.0000,0.0000,0.0000,0.0000,3,25.59615,0.15000,0.15000,0.00000,0.00000,10558,10708,0.000000,0.000000
49.90,3.25519,0.05775,0.09228,AUTO,HAZARD_VISION_STOP,0.0000,0.0000,0.0000,0.0000,0.0000,0.0000,3,25.59615,0.15000,0.15000,0.00000,0.00000,10558,10708,0.000000,0.000000
49.92,3.25519,0.05775,0.09228,AUTO,HAZARD_VISION_STOP,0.0000,0.0000,0.0000,0.0000,0.0000,0.0000,3,25.59615,0.15000,0.15000,0.00000,0.00000,10558,10708,0.000000,0.000000
49.94,3.25519,0.05775,0.09228,AUTO,HAZARD_VISION_STOP,0.0000,0.0000,0.0000,0.0000,0.0000,0.0000,3,25.59615,0.15000,0.15000,0.00000,0.00000,10558,10708,0.000000,0.000000
49.96,3.25519,0.05775,0.09228,AUTO,HAZARD_VISION_STOP,0.0000,0.0000,0.0000,0.0000,0.0000,0.0000,3,25.59615,0.15000,0.15000,0.00000,0.00000,10558,10708,0.000000,0.000000
49.98,3.25519,0.05775,0.09228,AUTO,HAZARD_VISION_STOP,0.0000,0.0000,0.0000,0.0000,0.0000,0.0000,3,25.59615,0.15000,0.15000,0.00000,0.00000,10558,10708,0.000000,0.000000
50.00,3.25519,0.05775,0.09228,AUTO,HAZARD_VISION_STOP,0.0000,0.0000,0.0000,0.0000,0.0000,0.0000,3,25.59615,0.15000,0.15000,0.00000,0.00000,10558,10708,0.000000,0.000000
50.02,3.25519,0.05775,0.09228,AUTO,HAZARD_VISION_STOP,0.0000,0.0000,0.0000,0.0000,0.0000,0.0000,3,25.59615,0.15000,0.15000,0.00000,0.00000,10558,10708,0.000000,0.000000
50.04,3.25519,0.05775,0.09228,AUTO,HAZARD_VISION_STOP,0.0000,0.0000,0.0000,0.0000,0.0000,0.0000,3,25.59615,0.15000,0.15000,0.00000,0.00000,10558,10708,0.000000,0.000000
50.06,3.25519,0.05775,0.09228,AUTO,HAZARD_VISION_STOP,0.0000,0.0000,0.0000,0.0000,0.0000,0.0000,3,25.59615,0.15000,0.15000,0.00000,0.00000,10558,10708,0.000000,0.000000
50.08,3.25519,0.05775,0.09228,AUTO,HAZARD_VISION_STOP,0.0000,0.0000,0.0000,0.0000,0.0000,0.0000,3,25.59615,0.15000,0.15000,0.00000,0.00000,10558,10708,0.000000,0.000000
50.10,3.25519,0.05775,0.09228,AUTO,HAZARD_VISION_STOP,0.0000,0.0000,0.0000,0.0000,0.0000,0.0000,3,25.59615,0.15000,0.15000,0.00000,0.00000,10558,10708,0.000000,0.000000
50.12,3.25519,0.05775,0.09228,AUTO,HAZARD_VISION_STOP,0.0000,0.0000,0.0000,0.0000,0.0000,0.0000,3,25.59615,0.15000,0.15000,0.00000,0.00000,10558,10708,0.000000,0.000000
50.14,3.25519,0.05775,0.09228,AUTO,HAZARD_VISION_STOP,0.0000,0.0000,0.0000,0.0000,0.0000,0.0000,3,25.59615,0.15000,0.15000,0.00000,0.00000,10558,10708,0.000000,0.000000
50.16,3.25519,0.05775,0.09228,AUTO,HAZARD_VISION_STOP,0.0000,0.0000,0.0000,0.0000,0.0000,0.0000,3,25.59615,0.15000,0.15000,0.00000,0.00000,10558,10708,0.000000,0.000000
50.18,3.25519,0.05775,0.09228,AUTO,HAZARD_VISION_STOP,0.0000,0.0000,0.0000,0.0000,0.0000,0.0000,3,25.59615,0.15000,0.15000,0.00000,0.00000,10558,10708,0.000000,0.000000
50.20,3.25519,0.05775,0.09228,AUTO,HAZARD_VISION_STOP,0.0000,0.0000,0.0000,0.0000,0.0000,0.0000,3,25.59615,0.15000,0.15000,0.00000,0.00000,10558,10708,0.000000,0.000000
50.22,3.25519,0.05775,0.09228,AUTO,HAZARD_VISION_STOP,0.0000,0.0000,0.0000,0.0000,0.0000,0.0000,3,25.59615,0.15000,0.15000,0.00000,0.00000,10558,10708,0.000000,0.000000
50.24,3.25519,0.05775,0.09228,AUTO,HAZARD_VISION_STOP,0.0000,0.0000,0.0000,0.0000,0.0000,0.0000,3,25.59615,0.15000,0.15000,0.00000,0.00000,10558,10708,0.000000,0.000000
50.26,3.25519,0.05775,0.09228,AUTO,HAZARD_VISION_STOP,0.0000,0.0000,0.0000,0.0000,0.0000,0.0000,3,25.59615,0.15000,0.15000,0.00000,0.00000,10558,10708,0.000000,0.000000
50.28,3.25519,0.05775,0.09228,AUTO,HAZARD_VISION_STOP,0.0000,0.0000,0.0000,0.0000,0.0000,0.0000,3,25.59615,0.15000,0.15000,0.00000,0.00000,10558,10708,0.000000,0.000000
50.30,3.25519,0.05775,0.09228,AUTO,HAZARD_VISION_STOP,0.0000,0.0000,0.0000,0.0000,0.0000,0.0000,3,25.59615,0.15000,0.15000,0.00000,0.00000,10558,10708,0.000000,0.000000
50.32,3.25519,0.05775,0.09228,AUTO,HAZARD_VISION_STOP,0.0000,0.0000,0.0000,0.0000,0.0000,0.0000,3,25.59615,0.15000,0.15000,0.00000,0.00000,10558,10708,0.000000,0.000000
50.34,3.25519,0.05775,0.09228,AUTO,HAZARD_VISION_STOP,0.0000,0.0000,0.0000,0.0000,0.0000,0.0000,3,25.59615,0.15000,0.15000,0.00000,0.00000,10558,10708,0.000000,0.000000
50.36,3.25519,0.05775,0.09228,AUTO,HAZARD_VISION_STOP,0.0000,0.0000,0.0000,0.0000,0.0000,0.0000,3,25.59615,0.15000,0.15000,0.00000,0.00000,10558,10708,0.000000,0.000000
50.38,3.25519,0.05775,0.09228,AUTO,HAZARD_VISION_STOP,0.0000,0.0000,0.0000,0.0000,0.0000,0.0000,3,25.59615,0.15000,0.15000,0.00000,0.00000,10558,10708,0.000000,0.000000
50.40,3.25519,0.05775,0.09228,AUTO,HAZARD_VISION_STOP,0.0000,0.0000,0.0000,0.0000,0.0000,0.0000,3,25.59615,0.15000,0.15000,0.00000,0.00000,10558,10708,0.000000,0.000000
50.42,3.25519,0.05775,0.09228,AUTO,HAZARD_VISION_STOP,0.0000,0.0000,0.0000,0.0000,0.0000,0.0000,3,25.59615,0.15000,0.15000,0.00000,0.00000,10558,10708,0.000000,0.000000
50.44,3.25519,0.05775,0.09228,AUTO,HAZARD_VISION_STOP,0.0000,0.0000,0.0000,0.0000,0.0000,0.0000,3,25.59615,0.15000,0.15000,0.00000,0.00000,10558,10708,0.000000,0.000000
50.46,3.25519,0.05775,0.09228,AUTO,HAZARD_VISION_STOP,0.0000,0.0000,0.0000,0.0000,0.0000,0.0000,3,25.59615,0.15000,0.15000,0.00000,0.00000,10558,10708,0.000000,0.000000
50.48,3.25519,0.05775,0.09228,AUTO,HAZARD_VISION_STOP,0.0000,0.0000,0.0000,0.0000,0.0000,0.0000,3,25.59615,0.15000,0.15000,0.00000,0.00000,10558,10708,0.000000,0.000000
50.50,3.25519,0.05775,0.09228,AUTO,HAZARD_VISION_STOP,0.0000,0.0000,0.0000,0.0000,0.0000,0.0000,3,25.59615,0.15000,0.15000,0.00000,0.00000,10558,10708,0.000000,0.000000
50.52,3.25519,0.05775,0.09228,AUTO,HAZARD_VISION_STOP,0.0000,0.0000,0.0000,0.0000,0.0000,0.0000,3,25.59615,0.15000,0.15000,0.00000,0.00000,10558,10708,0.000000,0.000000
50.54,3.25519,0.05775,0.09228,AUTO,HAZARD_VISION_STOP,0.0000,0.0000,0.0000,0.0000,0.0000,0.0000,3,25.59615,0.15000,0.15000,0.00000,0.00000,10558,10708,0.000000,0.000000
50.56,3.25519,0.05775,0.09228,AUTO,HAZARD_VISION_STOP,0.0000,0.0000,0.0000,0.0000,0.0000,0.0000,3,25.59615,0.15000,0.15000,0.00000,0.00000,10558,10708,0.000000,0.000000
50.58,3.25519,0.05775,0.09228,AUTO,HAZARD_VISION_STOP,0.0000,0.0000,0.0000,0.0000,0.0000,0.0000,3,25.59615,0.15000,0.15000,0.00000,0.00000,10558,10708,0.000000,0.000000
50.60,3.25519,0.05775,0.09228,AUTO,HAZARD_VISION_STOP,0.0000,0.0000,0.0000,0.0000,0.0000,0.0000,3,25.59615,0.15000,0.15000,0.00000,0.00000,10558,10708,0.000000,0.000000
50.62,3.25519,0.05775,0.09228,AUTO,HAZARD_VISION_STOP,0.0000,0.0000,0.0000,0.0000,0.0000,0.0000,3,25.59615,0.15000,0.15000,0.00000,0.00000,10558,10708,0.000000,0.000000
50.64,3.25519,0.05775,0.09228,AUTO,HAZARD_VISION_STOP,0.0000,0.0000,0.0000,0.0000,0.0000,0.0000,3,25.59615,0.15000,0.15000,0.00000,0.00000,10558,10708,0.000000,0.000000
50.66,3.25519,0.05775,0.09228,AUTO,HAZARD_VISION_STOP,0.0000,0.0000,0.0000,0.0000,0.0000,0.0000,3,25.59615,0.15000,0.15000,0.00000,0.00000,10558,10708,0.000000,0.000000
50.68,3.25519,0.05775,0.09228,AUTO,HAZARD_VISION_STOP,0.0000,0.0000,0.0000,0.0000,0.0000,0.0000,3,25.59615,0.15000,0.15000,0.00000,0.00000,10558,10708,0.000000,0.000000
50.70,3.25519,0.05775,0.09228,AUTO,HAZARD_VISION_STOP,0.0000,0.0000,0.0000,0.0000,0.0000,0.0000,3,25.59615,0.15000,0.15000,0.00000,0.00000,10558,10708,0.000000,0.000000
50.72,3.25519,0.05775,0.09228,AUTO,HAZARD_VISION_STOP,0.0000,0.0000,0.0000,0.0000,0.0000,0.0000,3,25.59615,0.15000,0.15000,0.00000,0.00000,10558,10708,0.000000,0.000000
50.74,3.25519,0.05775,0.09228,AUTO,HAZARD_VISION_STOP,0.0000,0.0000,0.0000,0.0000,0.0000,0.0000,3,25.59615,0.15000,0.15000,0.00000,0.00000,10558,10708,0.000000,0.000000
50.76,3.25519,0.05775,0.09228,AUTO,HAZARD_VISION_STOP,0.0000,0.0000,0.0000,0.0000,0.0000,0.0000,3,25.59615,0.15000,0.15000,0.00000,0.00000,10558,10708,0.000000,0.000000
50.78,3.25519,0.05775,0.09228,AUTO,HAZARD_VISION_STOP,0.0000,0.0000,0.0000,0.0000,0.0000,0.0000,3,25.59615,0.15000,0.15000,0.00000,0.00000,10558,10708,0.000000,0.000000
50.80,3.25519,0.05775,0.09228,AUTO,HAZARD_VISION_STOP,0.0000,0.0000,0.0000,0.0000,0.0000,0.0000,3,25.59615,0.15000,0.15000,0.00000,0.00000,10558,10708,0.000000,0.000000
50.82,3.25519,0.05775,0.09228,AUTO,HAZARD_VISION_STOP,0.0000,0.0000,0.0000,0.0000,0.0000,0.0000,3,25.59615,0.15000,0.15000,0.00000,0.00000,10558,10708,0.000000,0.000000
50.84,3.25519,0.05775,0.09228,AUTO,HAZARD_VISION_STOP,0.0000,0.0000,0.0000,0.0000,0.0000,0.0000,3,25.59615,0.15000,0.15000,0.00000,0.00000,10558,10708,0.000000,0.000000
50.86,3.25519,0.05775,0.09228,AUTO,HAZARD_VISION_STOP,0.0000,0.0000,0.0000,0.0000,0.0000,0.0000,3,25.59615,0.15000,0.15000,0.00000,0.00000,10558,10708,0.000000,0.000000
50.88,3.25519,0.05775,0.09228,AUTO,HAZARD_VISION_STOP,0.0000,0.0000,0.0000,0.0000,0.0000,0.0000,3,25.59615,0.15000,0.15000,0.00000,0.00000,10558,10708,0.000000,0.000000
50.90,3.25519,0.05775,0.09228,AUTO,HAZARD_VISION_STOP,0.0000,0.0000,0.0000,0.0000,0.0000,0.0000,3,25.59615,0.15000,0.15000,0.00000,0.00000,10558,10708,0.000000,0.000000
50.92,3.25519,0.05775,0.09228,AUTO,HAZARD_VISION_STOP,0.0000,0.0000,0.0000,0.0000,0.0000,0.0000,3,25.59615,0.15000,0.15000,0.00000,0.00000,10558,10708,0.000000,0.000000
50.94,3.25519,0.05775,0.09228,AUTO,HAZARD_VISION_STOP,0.0000,0.0000,0.0000,0.0000,0.0000,0.0000,3,25.59615,0.15000,0.15000,0.00000,0.00000,10558,10708,0.000000,0.000000
50.96,3.25519,0.05775,0.09228,AUTO,HAZARD_VISION_STOP,0.0000,0.0000,0.0000,0.0000,0.0000,0.0000,3,25.59615,0.15000,0.15000,0.00000,0.00000,10558,10708,0.000000,0.000000
50.98,3.25519,0.05775,0.09228,AUTO,HAZARD_VISION_STOP,0.0000,0.0000,0.0000,0.0000,0.0000,0.0000,3,25.59615,0.15000,0.15000,0.00000,0.00000,10558,10708,0.000000,0.000000
51.00,3.25519,0.05775,0.09228,AUTO,HAZARD_VISION_STOP,0.0000,0.0000,0.0000,0.0000,0.0000,0.0000,3,25.59615,0.15000,0.15000,0.00000,0.00000,10558,10708,0.000000,0.000000
51.02,3.25519,0.05775,0.09228,AUTO,HAZARD_VISION_STOP,0.0000,0.0000,0.0000,0.0000,0.0000,0.0000,3,25.59615,0.15000,0.15000,0.00000,0.00000,10558,10708,0.000000,0.000000
51.04,3.25519,0.05775,0.09228,AUTO,HAZARD_VISION_STOP,0.0000,0.0000,0.0000,0.0000,0.0000,0.0000,3,25.59615,0.15000,0.15000,0.00000,0.00000,10558,10708,0.000000,0.000000
51.06,3.25519,0.05775,0.09228,AUTO,HAZARD_VISION_STOP,0.0000,0.0000,0.0000,0.0000,0.0000,0.0000,3,25.59615,0.15000,0.15000,0.00000,0.00000,10558,10708,0.000000,0.000000
51.08,3.25519,0.05775,0.09228,AUTO,HAZARD_VISION_STOP,0.0000,0.0000,0.0000,0.0000,0.0000,0.0000,3,25.59615,0.15000,0.15000,0.00000,0.00000,10558,10708,0.000000,0.000000
51.10,3.25519,0.05775,0.09228,AUTO,HAZARD_VISION_STOP,0.0000,0.0000,0.0000,0.0000,0.0000,0.0000,3,25.59615,0.15000,0.15000,0.00000,0.00000,10558,10708,0.000000,0.000000
51.12,3.25519,0.05775,0.09228,AUTO,HAZARD_VISION_STOP,0.0000,0.0000,0.0000,0.0000,0.0000,0.0000,3,25.59615,0.15000,0.15000,0.00000,0.00000,10558,10708,0.000000,0.000000
51.14,3.25519,0.05775,0.09228,AUTO,HAZARD_VISION_STOP,0.0000,0.0000,0.0000,0.0000,0.0000,0.0000,3,25.59615,0.15000,0.15000,0.00000,0.00000,10558,10708,0.000000,0.000000
51.16,3.25519,0.05775,0.09228,AUTO,HAZARD_VISION_STOP,0.0000,0.0000,0.0000,0.0000,0.0000,0.0000,3,25.59615,0.15000,0.15000,0.00000,0.00000,10558,10708,0.000000,0.000000
51.18,3.25519,0.05775,0.09228,AUTO,HAZARD_VISION_STOP,0.0000,0.0000,0.0000,0.0000,0.0000,0.0000,3,25.59615,0.15000,0.15000,0.00000,0.00000,10558,10708,0.000000,0.000000
51.20,3.25519,0.05775,0.09228,AUTO,HAZARD_VISION_STOP,0.0000,0.0000,0.0000,0.0000,0.0000,0.0000,3,25.59615,0.15000,0.15000,0.00000,0.00000,10558,10708,0.000000,0.000000
51.22,3.25519,0.05775,0.09228,AUTO,HAZARD_VISION_STOP,0.0000,0.0000,0.0000,0.0000,0.0000,0.0000,3,25.59615,0.15000,0.15000,0.00000,0.00000,10558,10708,0.000000,0.000000
51.24,3.25519,0.05775,0.09228,AUTO,HAZARD_VISION_STOP,0.0000,0.0000,0.0000,0.0000,0.0000,0.0000,3,25.59615,0.15000,0.15000,0.00000,0.00000,10558,10708,0.000000,0.000000
51.26,3.25519,0.05775,0.09228,AUTO,HAZARD_VISION_STOP,0.0000,0.0000,0.0000,0.0000,0.0000,0.0000,3,25.59615,0.15000,0.15000,0.00000,0.00000,10558,10708,0.000000,0.000000
51.28,3.25519,0.05775,0.09228,AUTO,HAZARD_VISION_STOP,0.0000,0.0000,0.0000,0.0000,0.0000,0.0000,3,25.59615,0.15000,0.15000,0.00000,0.00000,10558,10708,0.000000,0.000000
51.30,3.25519,0.05775,0.09228,AUTO,HAZARD_VISION_STOP,0.0000,0.0000,0.0000,0.0000,0.0000,0.0000,3,25.59615,0.15000,0.15000,0.00000,0.00000,10558,10708,0.000000,0.000000
51.32,3.25519,0.05775,0.09228,AUTO,HAZARD_VISION_STOP,0.0000,0.0000,0.0000,0.0000,0.0000,0.0000,3,25.59615,0.15000,0.15000,0.00000,0.00000,10558,10708,0.000000,0.000000
51.34,3.25519,0.05775,0.09228,AUTO,HAZARD_VISION_STOP,0.0000,0.0000,0.0000,0.0000,0.0000,0.0000,3,25.59615,0.15000,0.15000,0.00000,0.00000,10558,10708,0.000000,0.000000
51.36,3.25519,0.05775,0.09228,AUTO,HAZARD_VISION_STOP,0.0000,0.0000,0.0000,0.0000,0.0000,0.0000,3,25.59615,0.15000,0.15000,0.00000,0.00000,10558,10708,0.000000,0.000000
51.38,3.25519,0.05775,0.09228,AUTO,HAZARD_VISION_STOP,0.0000,0.0000,0.0000,0.0000,0.0000,0.0000,3,25.59615,0.15000,0.15000,0.00000,0.00000,10558,10708,0.000000,0.000000
51.40,3.25519,0.05775,0.09228,AUTO,HAZARD_VISION_STOP,0.0000,0.0000,0.0000,0.0000,0.0000,0.0000,3,25.59615,0.15000,0.15000,0.00000,0.00000,10558,10708,0.000000,0.000000
51.42,3.25519,0.05775,0.09228,AUTO,HAZARD_VISION_STOP,0.0000,0.0000,0.0000,0.0000,0.0000,0.0000,3,25.59615,0.15000,0.15000,0.00000,0.00000,10558,10708,0.000000,0.000000
51.44,3.25519,0.05775,0.09228,AUTO,HAZARD_VISION_STOP,0.0000,0.0000,0.0000,0.0000,0.0000,0.0000,3,25.59615,0.15000,0.15000,0.00000,0.00000,10558,10708,0.000000,0.000000
51.46,3.25519,0.05775,0.09228,AUTO,HAZARD_VISION_STOP,0.0000,0.0000,0.0000,0.0000,0.0000,0.0000,3,25.59615,0.15000,0.15000,0.00000,0.00000,10558,10708,0.000000,0.000000
51.48,3.25519,0.05775,0.09228,AUTO,HAZARD_VISION_STOP,0.0000,0.0000,0.0000,0.0000,0.0000,0.0000,3,25.59615,0.15000,0.15000,0.00000,0.00000,10558,10708,0.000000,0.000000
51.50,3.25519,0.05775,0.09228,AUTO,HAZARD_VISION_STOP,0.0000,0.0000,0.0000,0.0000,0.0000,0.0000,3,25.59615,0.15000,0.15000,0.00000,0.00000,10558,10708,0.000000,0.000000
51.52,3.25519,0.05775,0.09228,AUTO,HAZARD_VISION_STOP,0.0000,0.0000,0.0000,0.0000,0.0000,0.0000,3,25.59615,0.15000,0.15000,0.00000,0.00000,10558,10708,0.000000,0.000000
51.54,3.25519,0.05775,0.09228,AUTO,HAZARD_VISION_STOP,0.0000,0.0000,0.0000,0.0000,0.0000,0.0000,3,25.59615,0.15000,0.15000,0.00000,0.00000,10558,10708,0.000000,0.000000
51.56,3.25519,0.05775,0.09228,AUTO,HAZARD_VISION_STOP,0.0000,0.0000,0.0000,0.0000,0.0000,0.0000,3,25.59615,0.15000,0.15000,0.00000,0.00000,10558,10708,0.000000,0.000000
51.58,3.25519,0.05775,0.09228,AUTO,HAZARD_VISION_STOP,0.0000,0.0000,0.0000,0.0000,0.0000,0.0000,3,25.59615,0.15000,0.15000,0.00000,0.00000,10558,10708,0.000000,0.000000
51.60,3.25519,0.05775,0.09228,AUTO,HAZARD_VISION_STOP,0.0000,0.0000,0.0000,0.0000,0.0000,0.0000,3,25.59615,0.15000,0.15000,0.00000,0.00000,10558,10708,0.000000,0.000000
51.62,3.25519,0.05775,0.09228,AUTO,HAZARD_VISION_STOP,0.0000,0.0000,0.0000,0.0000,0.0000,0.0000,3,25.59615,0.15000,0.15000,0.00000,0.00000,10558,10708,0.000000,0.000000
51.64,3.25519,0.05775,0.09228,AUTO,HAZARD_VISION_STOP,0.0000,0.0000,0.0000,0.0000,0.0000,0.0000,3,25.59615,0.15000,0.15000,0.00000,0.00000,10558,10708,0.000000,0.000000
51.66,3.25519,0.05775,0.09228,AUTO,HAZARD_VISION_STOP,0.0000,0.0000,0.0000,0.0000,0.0000,0.0000,3,25.59615,0.15000,0.15000,0.00000,0.00000,10558,10708,0.000000,0.000000
51.68,3.25519,0.05775,0.09228,AUTO,HAZARD_VISION_STOP,0.0000,0.0000,0.0000,0.0000,0.0000,0.0000,3,25.59615,0.15000,0.15000,0.00000,0.00000,10558,10708,0.000000,0.000000
51.70,3.25519,0.05775,0.09228,AUTO,HAZARD_VISION_STOP,0.0000,0.0000,0.0000,0.0000,0.0000,0.0000,3,25.59615,0.15000,0.15000,0.00000,0.00000,10558,10708,0.000000,0.000000
51.72,3.25519,0.05775,0.09228,AUTO,HAZARD_VISION_STOP,0.0000,0.0000,0.0000,0.0000,0.0000,0.0000,3,25.59615,0.15000,0.15000,0.00000,0.00000,10558,10708,0.000000,0.000000
51.74,3.25519,0.05775,0.09228,AUTO,HAZARD_VISION_STOP,0.0000,0.0000,0.0000,0.0000,0.0000,0.0000,3,25.59615,0.15000,0.15000,0.00000,0.00000,10558,10708,0.000000,0.000000
51.76,3.25519,0.05775,0.09228,AUTO,HAZARD_VISION_STOP,0.0000,0.0000,0.0000,0.0000,0.0000,0.0000,3,25.59615,0.15000,0.15000,0.00000,0.00000,10558,10708,0.000000,0.000000
51.78,3.25519,0.05775,0.09228,AUTO,HAZARD_VISION_STOP,0.0000,0.0000,0.0000,0.0000,0.0000,0.0000,3,25.59615,0.15000,0.15000,0.00000,0.00000,10558,10708,0.000000,0.000000
51.80,3.25519,0.05775,0.09228,AUTO,HAZARD_VISION_STOP,0.0000,0.0000,0.0000,0.0000,0.0000,0.0000,3,25.59615,0.15000,0.15000,0.00000,0.00000,10558,10708,0.000000,0.000000
51.82,3.25519,0.05775,0.09228,AUTO,HAZARD_VISION_STOP,0.0000,0.0000,0.0000,0.0000,0.0000,0.0000,3,25.59615,0.15000,0.15000,0.00000,0.00000,10558,10708,0.000000,0.000000
51.84,3.25519,0.05775,0.09228,AUTO,HAZARD_VISION_STOP,0.0000,0.0000,0.0000,0.0000,0.0000,0.0000,3,25.59615,0.15000,0.15000,0.00000,0.00000,10558,10708,0.000000,0.000000
51.86,3.25519,0.05775,0.09228,AUTO,HAZARD_VISION_STOP,0.0000,0.0000,0.0000,0.0000,0.0000,0.0000,3,25.59615,0.15000,0.15000,0.00000,0.00000,10558,10708,0.000000,0.000000
51.88,3.25519,0.05775,0.09228,AUTO,HAZARD_VISION_STOP,0.0000,0.0000,0.0000,0.0000,0.0000,0.0000,3,25.59615,0.15000,0.15000,0.00000,0.00000,10558,10708,0.000000,0.000000
51.90,3.25519,0.05775,0.09228,AUTO,HAZARD_VISION_STOP,0.0000,0.0000,0.0000,0.0000,0.0000,0.0000,3,25.59615,0.15000,0.15000,0.00000,0.00000,10558,10708,0.000000,0.000000
51.92,3.25519,0.05775,0.09228,AUTO,HAZARD_VISION_STOP,0.0000,0.0000,0.0000,0.0000,0.0000,0.0000,3,25.59615,0.15000,0.15000,0.00000,0.00000,10558,10708,0.000000,0.000000
51.94,3.25519,0.05775,0.09228,AUTO,HAZARD_VISION_STOP,0.0000,0.0000,0.0000,0.0000,0.0000,0.0000,3,25.59615,0.15000,0.15000,0.00000,0.00000,10558,10708,0.000000,0.000000
51.96,3.25519,0.05775,0.09228,AUTO,HAZARD_VISION_STOP,0.0000,0.0000,0.0000,0.0000,0.0000,0.0000,3,25.59615,0.15000,0.15000,0.00000,0.00000,10558,10708,0.000000,0.000000
51.98,3.25519,0.05775,0.09228,AUTO,HAZARD_VISION_STOP,0.0000,0.0000,0.0000,0.0000,0.0000,0.0000,3,25.59615,0.15000,0.15000,0.00000,0.00000,10558,10708,0.000000,0.000000
52.00,3.25519,0.05775,0.09228,AUTO,HAZARD_VISION_STOP,0.0000,0.0000,0.0000,0.0000,0.0000,0.0000,3,25.59615,0.15000,0.15000,0.00000,0.00000,10558,10708,0.000000,0.000000
52.02,3.25519,0.05775,0.09228,AUTO,HAZARD_VISION_STOP,0.0000,0.0000,0.0000,0.0000,0.0000,0.0000,3,25.59615,0.15000,0.15000,0.00000,0.00000,10558,10708,0.000000,0.000000
52.04,3.25519,0.05775,0.09228,AUTO,HAZARD_VISION_STOP,0.0000,0.0000,0.0000,0.0000,0.0000,0.0000,3,25.59615,0.15000,0.15000,0.00000,0.00000,10558,10708,0.000000,0.000000
52.06,3.25519,0.05775,0.09228,AUTO,HAZARD_VISION_STOP,0.0000,0.0000,0.0000,0.0000,0.0000,0.0000,3,25.59615,0.15000,0.15000,0.00000,0.00000,10558,10708,0.000000,0.000000
52.08,3.25519,0.05775,0.09228,AUTO,HAZARD_VISION_STOP,0.0000,0.0000,0.0000,0.0000,0.0000,0.0000,3,25.59615,0.15000,0.15000,0.00000,0.00000,10558,10708,0.000000,0.000000
52.10,3.25519,0.05775,0.09228,AUTO,HAZARD_VISION_STOP,0.0000,0.0000,0.0000,0.0000,0.0000,0.0000,3,25.59615,0.15000,0.15000,0.00000,0.00000,10558,10708,0.000000,0.000000
52.12,3.25519,0.05775,0.09228,AUTO,HAZARD_VISION_STOP,0.0000,0.0000,0.0000,0.0000,0.0000,0.0000,3,25.59615,0.15000,0.15000,0.00000,0.00000,10558,10708,0.000000,0.000000
52.14,3.25519,0.05775,0.09228,AUTO,HAZARD_VISION_STOP,0.0000,0.0000,0.0000,0.0000,0.0000,0.0000,3,25.59615,0.15000,0.15000,0.00000,0.00000,10558,10708,0.000000,0.000000
52.16,3.25519,0.05775,0.09228,AUTO,HAZARD_VISION_STOP,0.0000,0.0000,0.0000,0.0000,0.0000,0.0000,3,25.59615,0.15000,0.15000,0.00000,0.00000,10558,10708,0.000000,0.000000
52.18,3.25519,0.05775,0.09228,AUTO,HAZARD_VISION_STOP,0.0000,0.0000,0.0000,0.0000,0.0000,0.0000,3,25.59615,0.15000,0.15000,0.00000,0.00000,10558,10708,0.000000,0.000000
52.20,3.25519,0.05775,0.09228,AUTO,HAZARD_VISION_STOP,0.0000,0.0000,0.0000,0.0000,0.0000,0.0000,3,25.59615,0.15000,0.15000,0.00000,0.00000,10558,10708,0.000000,0.000000
52.22,3.25519,0.05775,0.09228,AUTO,HAZARD_VISION_STOP,0.0000,0.0000,0.0000,0.0000,0.0000,0.0000,3,25.59615,0.15000,0.15000,0.00000,0.00000,10558,10708,0.000000,0.000000
52.24,3.25519,0.05775,0.09228,AUTO,HAZARD_VISION_STOP,0.0000,0.0000,0.0000,0.0000,0.0000,0.0000,3,25.59615,0.15000,0.15000,0.00000,0.00000,10558,10708,0.000000,0.000000
52.26,3.25519,0.05775,0.09228,AUTO,HAZARD_VISION_STOP,0.0000,0.0000,0.0000,0.0000,0.0000,0.0000,3,25.59615,0.15000,0.15000,0.00000,0.00000,10558,10708,0.000000,0.000000
52.28,3.25519,0.05775,0.09228,AUTO,HAZARD_VISION_STOP,0.0000,0.0000,0.0000,0.0000,0.0000,0.0000,3,25.59615,0.15000,0.15000,0.00000,0.00000,10558,10708,0.000000,0.000000
52.30,3.25519,0.05775,0.09228,AUTO,HAZARD_VISION_STOP,0.0000,0.0000,0.0000,0.0000,0.0000,0.0000,3,25.59615,0.15000,0.15000,0.00000,0.00000,10558,10708,0.000000,0.000000
52.32,3.25519,0.05775,0.09228,AUTO,HAZARD_VISION_STOP,0.0000,0.0000,0.0000,0.0000,0.0000,0.0000,3,25.59615,0.15000,0.15000,0.00000,0.00000,10558,10708,0.000000,0.000000
52.34,3.25519,0.05775,0.09228,AUTO,HAZARD_VISION_STOP,0.0000,0.0000,0.0000,0.0000,0.0000,0.0000,3,25.59615,0.15000,0.15000,0.00000,0.00000,10558,10708,0.000000,0.000000
52.36,3.25519,0.05775,0.09228,AUTO,HAZARD_VISION_STOP,0.0000,0.0000,0.0000,0.0000,0.0000,0.0000,3,25.59615,0.15000,0.15000,0.00000,0.00000,10558,10708,0.000000,0.000000
52.38,3.25519,0.05775,0.09228,AUTO,HAZARD_VISION_STOP,0.0000,0.0000,0.0000,0.0000,0.0000,0.0000,3,25.59615,0.15000,0.15000,0.00000,0.00000,10558,10708,0.000000,0.000000
52.40,3.25519,0.05775,0.09228,AUTO,HAZARD_VISION_STOP,0.0000,0.0000,0.0000,0.0000,0.0000,0.0000,3,25.59615,0.15000,0.15000,0.00000,0.00000,10558,10708,0.000000,0.000000
52.42,3.25519,0.05775,0.09228,AUTO,HAZARD_VISION_STOP,0.0000,0.0000,0.0000,0.0000,0.0000,0.0000,3,25.59615,0.15000,0.15000,0.00000,0.00000,10558,10708,0.000000,0.000000
52.44,3.25519,0.05775,0.09228,AUTO,HAZARD_VISION_STOP,0.0000,0.0000,0.0000,0.0000,0.0000,0.0000,3,25.59615,0.15000,0.15000,0.00000,0.00000,10558,10708,0.000000,0.000000
52.46,3.25519,0.05775,0.09228,AUTO,HAZARD_VISION_STOP,0.0000,0.0000,0.0000,0.0000,0.0000,0.0000,3,25.59615,0.15000,0.15000,0.00000,0.00000,10558,10708,0.000000,0.000000
52.48,3.25519,0.05775,0.09228,AUTO,HAZARD_VISION_STOP,0.0000,0.0000,0.0000,0.0000,0.0000,0.0000,3,25.59615,0.15000,0.15000,0.00000,0.00000,10558,10708,0.000000,0.000000
52.50,3.25519,0.05775,0.09228,AUTO,HAZARD_VISION_STOP,0.0000,0.0000,0.0000,0.0000,0.0000,0.0000,3,25.59615,0.15000,0.15000,0.00000,0.00000,10558,10708,0.000000,0.000000
52.52,3.25519,0.05775,0.09228,AUTO,HAZARD_VISION_STOP,0.0000,0.0000,0.0000,0.0000,0.0000,0.0000,3,25.59615,0.15000,0.15000,0.00000,0.00000,10558,10708,0.000000,0.000000
52.54,3.25519,0.05775,0.09228,AUTO,HAZARD_VISION_STOP,0.0000,0.0000,0.0000,0.0000,0.0000,0.0000,3,25.59615,0.15000,0.15000,0.00000,0.00000,10558,10708,0.000000,0.000000
52.56,3.25519,0.05775,0.09228,AUTO,HAZARD_VISION_STOP,0.0000,0.0000,0.0000,0.0000,0.0000,0.0000,3,25.59615,0.15000,0.15000,0.00000,0.00000,10558,10708,0.000000,0.000000
52.58,3.25519,0.05775,0.09228,AUTO,HAZARD_VISION_STOP,0.0000,0.0000,0.0000,0.0000,0.0000,0.0000,3,25.59615,0.15000,0.15000,0.00000,0.00000,10558,10708,0.000000,0.000000
52.60,3.25519,0.05775,0.09228,AUTO,HAZARD_VISION_STOP,0.0000,0.0000,0.0000,0.0000,0.0000,0.0000,3,25.59615,0.15000,0.15000,0.00000,0.00000,10558,10708,0.000000,0.000000
52.62,3.25519,0.05775,0.09228,AUTO,HAZARD_VISION_STOP,0.0000,0.0000,0.0000,0.0000,0.0000,0.0000,3,25.59615,0.15000,0.15000,0.00000,0.00000,10558,10708,0.000000,0.000000
52.64,3.25519,0.05775,0.09228,AUTO,HAZARD_VISION_STOP,0.0000,0.0000,0.0000,0.0000,0.0000,0.0000,3,25.59615,0.15000,0.15000,0.00000,0.00000,10558,10708,0.000000,0.000000
52.66,3.25519,0.05775,0.09228,AUTO,HAZARD_VISION_STOP,0.0000,0.0000,0.0000,0.0000,0.0000,0.0000,3,25.59615,0.15000,0.15000,0.00000,0.00000,10558,10708,0.000000,0.000000
52.68,3.25519,0.05775,0.09228,AUTO,HAZARD_VISION_STOP,0.0000,0.0000,0.0000,0.0000,0.0000,0.0000,3,25.59615,0.15000,0.15000,0.00000,0.00000,10558,10708,0.000000,0.000000
52.70,3.25519,0.05775,0.09228,AUTO,HAZARD_VISION_STOP,0.0000,0.0000,0.0000,0.0000,0.0000,0.0000,3,25.59615,0.15000,0.15000,0.00000,0.00000,10558,10708,0.000000,0.000000
52.72,3.25519,0.05775,0.09228,AUTO,HAZARD_VISION_STOP,0.0000,0.0000,0.0000,0.0000,0.0000,0.0000,3,25.59615,0.15000,0.15000,0.00000,0.00000,10558,10708,0.000000,0.000000
52.74,3.25519,0.05775,0.09228,AUTO,HAZARD_VISION_STOP,0.0000,0.0000,0.0000,0.0000,0.0000,0.0000,3,25.59615,0.15000,0.15000,0.00000,0.00000,10558,10708,0.000000,0.000000
52.76,3.25519,0.05775,0.09228,AUTO,HAZARD_VISION_STOP,0.0000,0.0000,0.0000,0.0000,0.0000,0.0000,3,25.59615,0.15000,0.15000,0.00000,0.00000,10558,10708,0.000000,0.000000
52.78,3.25519,0.05775,0.09228,AUTO,HAZARD_VISION_STOP,0.0000,0.0000,0.0000,0.0000,0.0000,0.0000,3,25.59615,0.15000,0.15000,0.00000,0.00000,10558,10708,0.000000,0.000000
52.80,3.25519,0.05775,0.09228,AUTO,HAZARD_VISION_STOP,0.0000,0.0000,0.0000,0.0000,0.0000,0.0000,3,25.59615,0.15000,0.15000,0.00000,0.00000,10558,10708,0.000000,0.000000
52.82,3.25519,0.05775,0.09228,AUTO,HAZARD_VISION_STOP,0.0000,0.0000,0.0000,0.0000,0.0000,0.0000,3,25.59615,0.15000,0.15000,0.00000,0.00000,10558,10708,0.000000,0.000000
52.84,3.25519,0.05775,0.09228,AUTO,HAZARD_VISION_STOP,0.0000,0.0000,0.0000,0.0000,0.0000,0.0000,3,25.59615,0.15000,0.15000,0.00000,0.00000,10558,10708,0.000000,0.000000
52.86,3.25519,0.05775,0.09228,AUTO,HAZARD_VISION_STOP,0.0000,0.0000,0.0000,0.0000,0.0000,0.0000,3,25.59615,0.15000,0.15000,0.00000,0.00000,10558,10708,0.000000,0.000000
52.88,3.25519,0.05775,0.09228,AUTO,HAZARD_VISION_STOP,0.0000,0.0000,0.0000,0.0000,0.0000,0.0000,3,25.59615,0.15000,0.15000,0.00000,0.00000,10558,10708,0.000000,0.000000
52.90,3.25519,0.05775,0.09228,AUTO,HAZARD_VISION_STOP,0.0000,0.0000,0.0000,0.0000,0.0000,0.0000,3,25.59615,0.15000,0.15000,0.00000,0.00000,10558,10708,0.000000,0.000000
52.92,3.25519,0.05775,0.09228,AUTO,HAZARD_VISION_STOP,0.0000,0.0000,0.0000,0.0000,0.0000,0.0000,3,25.59615,0.15000,0.15000,0.00000,0.00000,10558,10708,0.000000,0.000000
52.94,3.25519,0.05775,0.09228,AUTO,HAZARD_VISION_STOP,0.0000,0.0000,0.0000,0.0000,0.0000,0.0000,3,25.59615,0.15000,0.15000,0.00000,0.00000,10558,10708,0.000000,0.000000
52.96,3.25519,0.05775,0.09228,AUTO,HAZARD_VISION_STOP,0.0000,0.0000,0.0000,0.0000,0.0000,0.0000,3,25.59615,0.15000,0.15000,0.00000,0.00000,10558,10708,0.000000,0.000000
52.98,3.25519,0.05775,0.09228,AUTO,HAZARD_VISION_STOP,0.0000,0.0000,0.0000,0.0000,0.0000,0.0000,3,25.59615,0.15000,0.15000,0.00000,0.00000,10558,10708,0.000000,0.000000
53.00,3.25519,0.05775,0.09228,AUTO,HAZARD_VISION_STOP,0.0000,0.0000,0.0000,0.0000,0.0000,0.0000,3,25.59615,0.15000,0.15000,0.00000,0.00000,10558,10708,0.000000,0.000000
53.02,3.25519,0.05775,0.09228,AUTO,HAZARD_VISION_STOP,0.0000,0.0000,0.0000,0.0000,0.0000,0.0000,3,25.59615,0.15000,0.15000,0.00000,0.00000,10558,10708,0.000000,0.000000
53.04,3.25519,0.05775,0.09228,AUTO,HAZARD_VISION_STOP,0.0000,0.0000,0.0000,0.0000,0.0000,0.0000,3,25.59615,0.15000,0.15000,0.00000,0.00000,10558,10708,0.000000,0.000000
53.06,3.25519,0.05775,0.09228,AUTO,HAZARD_VISION_STOP,0.0000,0.0000,0.0000,0.0000,0.0000,0.0000,3,25.59615,0.15000,0.15000,0.00000,0.00000,10558,10708,0.000000,0.000000
53.08,3.25519,0.05775,0.09228,AUTO,HAZARD_VISION_STOP,0.0000,0.0000,0.0000,0.0000,0.0000,0.0000,3,25.59615,0.15000,0.15000,0.00000,0.00000,10558,10708,0.000000,0.000000
53.10,3.25519,0.05775,0.09228,AUTO,HAZARD_VISION_STOP,0.0000,0.0000,0.0000,0.0000,0.0000,0.0000,3,25.59615,0.15000,0.15000,0.00000,0.00000,10558,10708,0.000000,0.000000
53.12,3.25519,0.05775,0.09228,AUTO,HAZARD_VISION_STOP,0.0000,0.0000,0.0000,0.0000,0.0000,0.0000,3,25.59615,0.15000,0.15000,0.00000,0.00000,10558,10708,0.000000,0.000000
53.14,3.25519,0.05775,0.09228,AUTO,HAZARD_VISION_STOP,0.0000,0.0000,0.0000,0.0000,0.0000,0.0000,3,25.59615,0.15000,0.15000,0.00000,0.00000,10558,10708,0.000000,0.000000
53.16,3.25519,0.05775,0.09228,AUTO,HAZARD_VISION_STOP,0.0000,0.0000,0.0000,0.0000,0.0000,0.0000,3,25.59615,0.15000,0.15000,0.00000,0.00000,10558,10708,0.000000,0.000000
53.18,3.25519,0.05775,0.09228,AUTO,HAZARD_VISION_STOP,0.0000,0.0000,0.0000,0.0000,0.0000,0.0000,3,25.59615,0.15000,0.15000,0.00000,0.00000,10558,10708,0.000000,0.000000
53.20,3.25519,0.05775,0.09228,AUTO,HAZARD_VISION_STOP,0.0000,0.0000,0.0000,0.0000,0.0000,0.0000,3,25.59615,0.15000,0.15000,0.00000,0.00000,10558,10708,0.000000,0.000000
53.22,3.25519,0.05775,0.09228,AUTO,HAZARD_VISION_STOP,0.0000,0.0000,0.0000,0.0000,0.0000,0.0000,3,25.59615,0.15000,0.15000,0.00000,0.00000,10558,10708,0.000000,0.000000
53.24,3.25519,0.05775,0.09228,AUTO,HAZARD_VISION_STOP,0.0000,0.0000,0.0000,0.0000,0.0000,0.0000,3,25.59615,0.15000,0.15000,0.00000,0.00000,10558,10708,0.000000,0.000000
53.26,3.25519,0.05775,0.09228,AUTO,HAZARD_VISION_STOP,0.0000,0.0000,0.0000,0.0000,0.0000,0.0000,3,25.59615,0.15000,0.15000,0.00000,0.00000,10558,10708,0.000000,0.000000
53.28,3.25519,0.05775,0.09228,AUTO,HAZARD_VISION_STOP,0.0000,0.0000,0.0000,0.0000,0.0000,0.0000,3,25.59615,0.15000,0.15000,0.00000,0.00000,10558,10708,0.000000,0.000000
53.30,3.25519,0.05775,0.09228,AUTO,HAZARD_VISION_STOP,0.0000,0.0000,0.0000,0.0000,0.0000,0.0000,3,25.59615,0.15000,0.15000,0.00000,0.00000,10558,10708,0.000000,0.000000
53.32,3.25519,0.05775,0.09228,AUTO,HAZARD_VISION_STOP,0.0000,0.0000,0.0000,0.0000,0.0000,0.0000,3,25.59615,0.15000,0.15000,0.00000,0.00000,10558,10708,0.000000,0.000000
53.34,3.25519,0.05775,0.09228,AUTO,HAZARD_VISION_STOP,0.0000,0.0000,0.0000,0.0000,0.0000,0.0000,3,25.59615,0.15000,0.15000,0.00000,0.00000,10558,10708,0.000000,0.000000
53.36,3.25519,0.05775,0.09228,AUTO,HAZARD_VISION_STOP,0.0000,0.0000,0.0000,0.0000,0.0000,0.0000,3,25.59615,0.15000,0.15000,0.00000,0.00000,10558,10708,0.000000,0.000000
53.38,3.25519,0.05775,0.09228,AUTO,HAZARD_VISION_STOP,0.0000,0.0000,0.0000,0.0000,0.0000,0.0000,3,25.59615,0.15000,0.15000,0.00000,0.00000,10558,10708,0.000000,0.000000
53.40,3.25519,0.05775,0.09228,AUTO,HAZARD_VISION_STOP,0.0000,0.0000,0.0000,0.0000,0.0000,0.0000,3,25.59615,0.15000,0.15000,0.00000,0.00000,10558,10708,0.000000,0.000000
53.42,3.25519,0.05775,0.09228,AUTO,HAZARD_VISION_STOP,0.0000,0.0000,0.0000,0.0000,0.0000,0.0000,3,25.59615,0.15000,0.15000,0.00000,0.00000,10558,10708,0.000000,0.000000
53.44,3.25519,0.05775,0.09228,AUTO,HAZARD_VISION_STOP,0.0000,0.0000,0.0000,0.0000,0.0000,0.0000,3,25.59615,0.15000,0.15000,0.00000,0.00000,10558,10708,0.000000,0.000000
53.46,3.25519,0.05775,0.09228,AUTO,HAZARD_VISION_STOP,0.0000,0.0000,0.0000,0.0000,0.0000,0.0000,3,25.59615,0.15000,0.15000,0.00000,0.00000,10558,10708,0.000000,0.000000
53.48,3.25519,0.05775,0.09228,AUTO,HAZARD_VISION_STOP,0.0000,0.0000,0.0000,0.0000,0.0000,0.0000,3,25.59615,0.15000,0.15000,0.00000,0.00000,10558,10708,0.000000,0.000000
53.50,3.25519,0.05775,0.09228,AUTO,HAZARD_VISION_STOP,0.0000,0.0000,0.0000,0.0000,0.0000,0.0000,3,25.59615,0.15000,0.15000,0.00000,0.00000,10558,10708,0.000000,0.000000
53.52,3.25519,0.05775,0.09228,AUTO,HAZARD_VISION_STOP,0.0000,0.0000,0.0000,0.0000,0.0000,0.0000,3,25.59615,0.15000,0.15000,0.00000,0.00000,10558,10708,0.000000,0.000000
53.54,3.25519,0.05775,0.09228,AUTO,HAZARD_VISION_STOP,0.0000,0.0000,0.0000,0.0000,0.0000,0.0000,3,25.59615,0.15000,0.15000,0.00000,0.00000,10558,10708,0.000000,0.000000
53.56,3.25519,0.05775,0.09228,AUTO,HAZARD_VISION_STOP,0.0000,0.0000,0.0000,0.0000,0.0000,0.0000,3,25.59615,0.15000,0.15000,0.00000,0.00000,10558,10708,0.000000,0.000000
53.58,3.25519,0.05775,0.09228,AUTO,HAZARD_VISION_STOP,0.0000,0.0000,0.0000,0.0000,0.0000,0.0000,3,25.59615,0.15000,0.15000,0.00000,0.00000,10558,10708,0.000000,0.000000
53.60,3.25519,0.05775,0.09228,AUTO,HAZARD_VISION_STOP,0.0000,0.0000,0.0000,0.0000,0.0000,0.0000,3,25.59615,0.15000,0.15000,0.00000,0.00000,10558,10708,0.000000,0.000000
53.62,3.25519,0.05775,0.09228,AUTO,HAZARD_VISION_STOP,0.0000,0.0000,0.0000,0.0000,0.0000,0.0000,3,25.59615,0.15000,0.15000,0.00000,0.00000,10558,10708,0.000000,0.000000
53.64,3.25519,0.05775,0.09228,AUTO,HAZARD_VISION_STOP,0.0000,0.0000,0.0000,0.0000,0.0000,0.0000,3,25.59615,0.15000,0.15000,0.00000,0.00000,10558,10708,0.000000,0.000000
53.66,3.25519,0.05775,0.09228,AUTO,HAZARD_VISION_STOP,0.0000,0.0000,0.0000,0.0000,0.0000,0.0000,3,25.59615,0.15000,0.15000,0.00000,0.00000,10558,10708,0.000000,0.000000
53.68,3.25519,0.05775,0.09228,AUTO,HAZARD_VISION_STOP,0.0000,0.0000,0.0000,0.0000,0.0000,0.0000,3,25.59615,0.15000,0.15000,0.00000,0.00000,10558,10708,0.000000,0.000000
53.70,3.25519,0.05775,0.09228,AUTO,HAZARD_VISION_STOP,0.0000,0.0000,0.0000,0.0000,0.0000,0.0000,3,25.59615,0.15000,0.15000,0.00000,0.00000,10558,10708,0.000000,0.000000
53.72,3.25519,0.05775,0.09228,AUTO,HAZARD_VISION_STOP,0.0000,0.0000,0.0000,0.0000,0.0000,0.0000,3,25.59615,0.15000,0.15000,0.00000,0.00000,10558,10708,0.000000,0.000000
53.74,3.25519,0.05775,0.09228,AUTO,HAZARD_VISION_STOP,0.0000,0.0000,0.0000,0.0000,0.0000,0.0000,3,25.59615,0.15000,0.15000,0.00000,0.00000,10558,10708,0.000000,0.000000
53.76,3.25519,0.05775,0.09228,AUTO,HAZARD_VISION_STOP,0.0000,0.0000,0.0000,0.0000,0.0000,0.0000,3,25.59615,0.15000,0.15000,0.00000,0.00000,10558,10708,0.000000,0.000000
53.78,3.25519,0.05775,0.09228,AUTO,HAZARD_VISION_STOP,0.0000,0.0000,0.0000,0.0000,0.0000,0.0000,3,25.59615,0.15000,0.15000,0.00000,0.00000,10558,10708,0.000000,0.000000
53.80,3.25519,0.05775,0.09228,AUTO,HAZARD_VISION_STOP,0.0000,0.0000,0.0000,0.0000,0.0000,0.0000,3,25.59615,0.15000,0.15000,0.00000,0.00000,10558,10708,0.000000,0.000000
53.82,3.25519,0.05775,0.09228,AUTO,HAZARD_VISION_STOP,0.0000,0.0000,0.0000,0.0000,0.0000,0.0000,3,25.59615,0.15000,0.15000,0.00000,0.00000,10558,10708,0.000000,0.000000
53.84,3.25519,0.05775,0.09228,AUTO,HAZARD_VISION_STOP,0.0000,0.0000,0.0000,0.0000,0.0000,0.0000,3,25.59615,0.15000,0.15000,0.00000,0.00000,10558,10708,0.000000,0.000000
53.86,3.25519,0.05775,0.09228,AUTO,HAZARD_VISION_STOP,0.0000,0.0000,0.0000,0.0000,0.0000,0.0000,3,25.59615,0.15000,0.15000,0.00000,0.00000,10558,10708,0.000000,0.000000
53.88,3.25519,0.05775,0.09228,AUTO,HAZARD_VISION_STOP,0.0000,0.0000,0.0000,0.0000,0.0000,0.0000,3,25.59615,0.15000,0.15000,0.00000,0.00000,10558,10708,0.000000,0.000000
53.90,3.25519,0.05775,0.09228,AUTO,HAZARD_VISION_STOP,0.0000,0.0000,0.0000,0.0000,0.0000,0.0000,3,25.59615,0.15000,0.15000,0.00000,0.00000,10558,10708,0.000000,0.000000
53.92,3.25519,0.05775,0.09228,AUTO,HAZARD_VISION_STOP,0.0000,0.0000,0.0000,0.0000,0.0000,0.0000,3,25.59615,0.15000,0.15000,0.00000,0.00000,10558,10708,0.000000,0.000000
53.94,3.25519,0.05775,0.09228,AUTO,HAZARD_VISION_STOP,0.0000,0.0000,0.0000,0.0000,0.0000,0.0000,3,25.59615,0.15000,0.15000,0.00000,0.00000,10558,10708,0.000000,0.000000
53.96,3.25519,0.05775,0.09228,AUTO,HAZARD_VISION_STOP,0.0000,0.0000,0.0000,0.0000,0.0000,0.0000,3,25.59615,0.15000,0.15000,0.00000,0.00000,10558,10708,0.000000,0.000000
53.98,3.25519,0.05775,0.09228,AUTO,HAZARD_VISION_STOP,0.0000,0.0000,0.0000,0.0000,0.0000,0.0000,3,25.59615,0.15000,0.15000,0.00000,0.00000,10558,10708,0.000000,0.000000
54.00,3.25519,0.05775,0.09228,AUTO,HAZARD_VISION_STOP,0.0000,0.0000,0.0000,0.0000,0.0000,0.0000,3,25.59615,0.15000,0.15000,0.00000,0.00000,10558,10708,0.000000,0.000000
54.02,3.25519,0.05775,0.09228,AUTO,HAZARD_VISION_STOP,0.0000,0.0000,0.0000,0.0000,0.0000,0.0000,3,25.59615,0.15000,0.15000,0.00000,0.00000,10558,10708,0.000000,0.000000
54.04,3.25519,0.05775,0.09228,AUTO,HAZARD_VISION_STOP,0.0000,0.0000,0.0000,0.0000,0.0000,0.0000,3,25.59615,0.15000,0.15000,0.00000,0.00000,10558,10708,0.000000,0.000000
54.06,3.25519,0.05775,0.09228,AUTO,HAZARD_VISION_STOP,0.0000,0.0000,0.0000,0.0000,0.0000,0.0000,3,25.59615,0.15000,0.15000,0.00000,0.00000,10558,10708,0.000000,0.000000
54.08,3.25519,0.05775,0.09228,AUTO,HAZARD_VISION_STOP,0.0000,0.0000,0.0000,0.0000,0.0000,0.0000,3,25.59615,0.15000,0.15000,0.00000,0.00000,10558,10708,0.000000,0.000000
54.10,3.25519,0.05775,0.09228,AUTO,HAZARD_VISION_STOP,0.0000,0.0000,0.0000,0.0000,0.0000,0.0000,3,25.59615,0.15000,0.15000,0.00000,0.00000,10558,10708,0.000000,0.000000
54.12,3.25519,0.05775,0.09228,AUTO,HAZARD_VISION_STOP,0.0000,0.0000,0.0000,0.0000,0.0000,0.0000,3,25.59615,0.15000,0.15000,0.00000,0.00000,10558,10708,0.000000,0.000000
54.14,3.25519,0.05775,0.09228,AUTO,HAZARD_VISION_STOP,0.0000,0.0000,0.0000,0.0000,0.0000,0.0000,3,25.59615,0.15000,0.15000,0.00000,0.00000,10558,10708,0.000000,0.000000
54.16,3.25519,0.05775,0.09228,AUTO,HAZARD_VISION_STOP,0.0000,0.0000,0.0000,0.0000,0.0000,0.0000,3,25.59615,0.15000,0.15000,0.00000,0.00000,10558,10708,0.000000,0.000000
54.18,3.25519,0.05775,0.09228,AUTO,HAZARD_VISION_STOP,0.0000,0.0000,0.0000,0.0000,0.0000,0.0000,3,25.59615,0.15000,0.15000,0.00000,0.00000,10558,10708,0.000000,0.000000
54.20,3.25519,0.05775,0.09228,AUTO,HAZARD_VISION_STOP,0.0000,0.0000,0.0000,0.0000,0.0000,0.0000,3,25.59615,0.15000,0.15000,0.00000,0.00000,10558,10708,0.000000,0.000000
54.22,3.25519,0.05775,0.09228,AUTO,HAZARD_VISION_STOP,0.0000,0.0000,0.0000,0.0000,0.0000,0.0000,3,25.59615,0.15000,0.15000,0.00000,0.00000,10558,10708,0.000000,0.000000
54.24,3.25519,0.05775,0.09228,AUTO,HAZARD_VISION_STOP,0.0000,0.0000,0.0000,0.0000,0.0000,0.0000,3,25.59615,0.15000,0.15000,0.00000,0.00000,10558,10708,0.000000,0.000000
54.26,3.25519,0.05775,0.09228,AUTO,HAZARD_VISION_STOP,0.0000,0.0000,0.0000,0.0000,0.0000,0.0000,3,25.59615,0.15000,0.15000,0.00000,0.00000,10558,10708,0.000000,0.000000
54.28,3.25519,0.05775,0.09228,AUTO,HAZARD_VISION_STOP,0.0000,0.0000,0.0000,0.0000,0.0000,0.0000,3,25.59615,0.15000,0.15000,0.00000,0.00000,10558,10708,0.000000,0.000000
54.30,3.25519,0.05775,0.09228,AUTO,HAZARD_VISION_STOP,0.0000,0.0000,0.0000,0.0000,0.0000,0.0000,3,25.59615,0.15000,0.15000,0.00000,0.00000,10558,10708,0.000000,0.000000
54.32,3.25519,0.05775,0.09228,AUTO,HAZARD_VISION_STOP,0.0000,0.0000,0.0000,0.0000,0.0000,0.0000,3,25.59615,0.15000,0.15000,0.00000,0.00000,10558,10708,0.000000,0.000000
54.34,3.25519,0.05775,0.09228,AUTO,HAZARD_VISION_STOP,0.0000,0.0000,0.0000,0.0000,0.0000,0.0000,3,25.59615,0.15000,0.15000,0.00000,0.00000,10558,10708,0.000000,0.000000
54.36,3.25519,0.05775,0.09228,AUTO,HAZARD_VISION_STOP,0.0000,0.0000,0.0000,0.0000,0.0000,0.0000,3,25.59615,0.15000,0.15000,0.00000,0.00000,10558,10708,0.000000,0.000000
54.38,3.25519,0.05775,0.09228,AUTO,HAZARD_VISION_STOP,0.0000,0.0000,0.0000,0.0000,0.0000,0.0000,3,25.59615,0.15000,0.15000,0.00000,0.00000,10558,10708,0.000000,0.000000
54.40,3.25519,0.05775,0.09228,AUTO,HAZARD_VISION_STOP,0.0000,0.0000,0.0000,0.0000,0.0000,0.0000,3,25.59615,0.15000,0.15000,0.00000,0.00000,10558,10708,0.000000,0.000000
54.42,3.25519,0.05775,0.09228,AUTO,HAZARD_VISION_STOP,0.0000,0.0000,0.0000,0.0000,0.0000,0.0000,3,25.59615,0.15000,0.15000,0.00000,0.00000,10558,10708,0.000000,0.000000
54.44,3.25519,0.05775,0.09228,AUTO,HAZARD_VISION_STOP,0.0000,0.0000,0.0000,0.0000,0.0000,0.0000,3,25.59615,0.15000,0.15000,0.00000,0.00000,10558,10708,0.000000,0.000000
54.46,3.25519,0.05775,0.09228,AUTO,HAZARD_VISION_STOP,0.0000,0.0000,0.0000,0.0000,0.0000,0.0000,3,25.59615,0.15000,0.15000,0.00000,0.00000,10558,10708,0.000000,0.000000
54.48,3.25519,0.05775,0.09228,AUTO,HAZARD_VISION_STOP,0.0000,0.0000,0.0000,0.0000,0.0000,0.0000,3,25.59615,0.15000,0.15000,0.00000,0.00000,10558,10708,0.000000,0.000000
54.50,3.25519,0.05775,0.09228,AUTO,HAZARD_VISION_STOP,0.0000,0.0000,0.0000,0.0000,0.0000,0.0000,3,25.59615,0.15000,0.15000,0.00000,0.00000,10558,10708,0.000000,0.000000
54.52,3.25519,0.05775,0.09228,AUTO,HAZARD_VISION_STOP,0.0000,0.0000,0.0000,0.0000,0.0000,0.0000,3,25.59615,0.15000,0.15000,0.00000,0.00000,10558,10708,0.000000,0.000000
54.54,3.25519,0.05775,0.09228,AUTO,HAZARD_VISION_STOP,0.0000,0.0000,0.0000,0.0000,0.0000,0.0000,3,25.59615,0.15000,0.15000,0.00000,0.00000,10558,10708,0.000000,0.000000
54.56,3.25519,0.05775,0.09228,AUTO,HAZARD_VISION_STOP,0.0000,0.0000,0.0000,0.0000,0.0000,0.0000,3,25.59615,0.15000,0.15000,0.00000,0.00000,10558,10708,0.000000,0.000000
54.58,3.25519,0.05775,0.09228,AUTO,HAZARD_VISION_STOP,0.0000,0.0000,0.0000,0.0000,0.0000,0.0000,3,25.59615,0.15000,0.15000,0.00000,0.00000,10558,10708,0.000000,0.000000
54.60,3.25519,0.05775,0.09228,AUTO,HAZARD_VISION_STOP,0.0000,0.0000,0.0000,0.0000,0.0000,0.0000,3,25.59615,0.15000,0.15000,0.00000,0.00000,10558,10708,0.000000,0.000000
54.62,3.25519,0.05775,0.09228,AUTO,HAZARD_VISION_STOP,0.0000,0.0000,0.0000,0.0000,0.0000,0.0000,3,25.59615,0.15000,0.15000,0.00000,0.00000,10558,10708,0.000000,0.000000
54.64,3.25519,0.05775,0.09228,AUTO,HAZARD_VISION_STOP,0.0000,0.0000,0.0000,0.0000,0.0000,0.0000,3,25.59615,0.15000,0.15000,0.00000,0.00000,10558,10708,0.000000,0.000000
54.66,3.25519,0.05775,0.09228,AUTO,HAZARD_VISION_STOP,0.0000,0.0000,0.0000,0.0000,0.0000,0.0000,3,25.59615,0.15000,0.15000,0.00000,0.00000,10558,10708,0.000000,0.000000
54.68,3.25519,0.05775,0.09228,AUTO,HAZARD_VISION_STOP,0.0000,0.0000,0.0000,0.0000,0.0000,0.0000,3,25.59615,0.15000,0.15000,0.00000,0.00000,10558,10708,0.000000,0.000000
54.70,3.25519,0.05775,0.09228,AUTO,HAZARD_VISION_STOP,0.0000,0.0000,0.0000,0.0000,0.0000,0.0000,3,25.59615,0.15000,0.15000,0.00000,0.00000,10558,10708,0.000000,0.000000
54.72,3.25519,0.05775,0.09228,AUTO,HAZARD_VISION_STOP,0.0000,0.0000,0.0000,0.0000,0.0000,0.0000,3,25.59615,0.15000,0.15000,0.00000,0.00000,10558,10708,0.000000,0.000000
54.74,3.25519,0.05775,0.09228,AUTO,HAZARD_VISION_STOP,0.0000,0.0000,0.0000,0.0000,0.0000,0.0000,3,25.59615,0.15000,0.15000,0.00000,0.00000,10558,10708,0.000000,0.000000
54.76,3.25519,0.05775,0.09228,AUTO,HAZARD_VISION_STOP,0.0000,0.0000,0.0000,0.0000,0.0000,0.0000,3,25.59615,0.15000,0.15000,0.00000,0.00000,10558,10708,0.000000,0.000000
54.78,3.25519,0.05775,0.09228,AUTO,HAZARD_VISION_STOP,0.0000,0.0000,0.0000,0.0000,0.0000,0.0000,3,25.59615,0.15000,0.15000,0.00000,0.00000,10558,10708,0.000000,0.000000
54.80,3.25519,0.05775,0.09228,AUTO,HAZARD_VISION_STOP,0.0000,0.0000,0.0000,0.0000,0.0000,0.0000,3,25.59615,0.15000,0.15000,0.00000,0.00000,10558,10708,0.000000,0.000000
54.82,3.25519,0.05775,0.09228,AUTO,HAZARD_VISION_STOP,0.0000,0.0000,0.0000,0.0000,0.0000,0.0000,3,25.59615,0.15000,0.15000,0.00000,0.00000,10558,10708,0.000000,0.000000
54.84,3.25519,0.05775,0.09228,AUTO,HAZARD_VISION_STOP,0.0000,0.0000,0.0000,0.0000,0.0000,0.0000,3,25.59615,0.15000,0.15000,0.00000,0.00000,10558,10708,0.000000,0.000000
54.86,3.25519,0.05775,0.09228,AUTO,HAZARD_VISION_STOP,0.0000,0.0000,0.0000,0.0000,0.0000,0.0000,3,25.59615,0.15000,0.15000,0.00000,0.00000,10558,10708,0.000000,0.000000
54.88,3.25519,0.05775,0.09228,AUTO,HAZARD_VISION_STOP,0.0000,0.0000,0.0000,0.0000,0.0000,0.0000,3,25.59615,0.15000,0.15000,0.00000,0.00000,10558,10708,0.000000,0.000000
54.90,3.25519,0.05775,0.09228,AUTO,HAZARD_VISION_STOP,0.0000,0.0000,0.0000,0.0000,0.0000,0.0000,3,25.59615,0.15000,0.15000,0.00000,0.00000,10558,10708,0.000000,0.000000
54.92,3.25519,0.05775,0.09228,AUTO,HAZARD_VISION_STOP,0.0000,0.0000,0.0000,0.0000,0.0000,0.0000,3,25.59615,0.15000,0.15000,0.00000,0.00000,10558,10708,0.000000,0.000000
54.94,3.25519,0.05775,0.09228,AUTO,HAZARD_VISION_STOP,0.0000,0.0000,0.0000,0.0000,0.0000,0.0000,3,25.59615,0.15000,0.15000,0.00000,0.00000,10558,10708,0.000000,0.000000
54.96,3.25519,0.05775,0.09228,AUTO,HAZARD_VISION_STOP,0.0000,0.0000,0.0000,0.0000,0.0000,0.0000,3,25.59615,0.15000,0.15000,0.00000,0.00000,10558,10708,0.000000,0.000000
54.98,3.25519,0.05775,0.09228,AUTO,HAZARD_VISION_STOP,0.0000,0.0000,0.0000,0.0000,0.0000,0.0000,3,25.59615,0.15000,0.15000,0.00000,0.00000,10558,10708,0.000000,0.000000
55.00,3.25519,0.05775,0.09228,AUTO,HAZARD_VISION_STOP,0.0000,0.0000,0.0000,0.0000,0.0000,0.0000,3,25.59615,0.15000,0.15000,0.00000,0.00000,10558,10708,0.000000,0.000000
55.02,3.25519,0.05775,0.09228,AUTO,HAZARD_VISION_STOP,0.0000,0.0000,0.0000,0.0000,0.0000,0.0000,3,25.59615,0.15000,0.15000,0.00000,0.00000,10558,10708,0.000000,0.000000
55.04,3.25519,0.05775,0.09228,AUTO,HAZARD_VISION_STOP,0.0000,0.0000,0.0000,0.0000,0.0000,0.0000,3,25.59615,0.15000,0.15000,0.00000,0.00000,10558,10708,0.000000,0.000000
55.06,3.25519,0.05775,0.09228,AUTO,HAZARD_VISION_STOP,0.0000,0.0000,0.0000,0.0000,0.0000,0.0000,3,25.59615,0.15000,0.15000,0.00000,0.00000,10558,10708,0.000000,0.000000
55.08,3.25519,0.05775,0.09228,AUTO,HAZARD_VISION_STOP,0.0000,0.0000,0.0000,0.0000,0.0000,0.0000,3,25.59615,0.15000,0.15000,0.00000,0.00000,10558,10708,0.000000,0.000000
55.10,3.25519,0.05775,0.09228,AUTO,HAZARD_VISION_STOP,0.0000,0.0000,0.0000,0.0000,0.0000,0.0000,3,25.59615,0.15000,0.15000,0.00000,0.00000,10558,10708,0.000000,0.000000
55.12,3.25519,0.05775,0.09228,AUTO,HAZARD_VISION_STOP,0.0000,0.0000,0.0000,0.0000,0.0000,0.0000,3,25.59615,0.15000,0.15000,0.00000,0.00000,10558,10708,0.000000,0.000000
55.14,3.25519,0.05775,0.09228,AUTO,HAZARD_VISION_STOP,0.0000,0.0000,0.0000,0.0000,0.0000,0.0000,3,25.59615,0.15000,0.15000,0.00000,0.00000,10558,10708,0.000000,0.000000
55.16,3.25519,0.05775,0.09228,AUTO,HAZARD_VISION_STOP,0.0000,0.0000,0.0000,0.0000,0.0000,0.0000,3,25.59615,0.15000,0.15000,0.00000,0.00000,10558,10708,0.000000,0.000000
55.18,3.25519,0.05775,0.09228,AUTO,HAZARD_VISION_STOP,0.0000,0.0000,0.0000,0.0000,0.0000,0.0000,3,25.59615,0.15000,0.15000,0.00000,0.00000,10558,10708,0.000000,0.000000
55.20,3.25519,0.05775,0.09228,AUTO,HAZARD_VISION_STOP,0.0000,0.0000,0.0000,0.0000,0.0000,0.0000,3,25.59615,0.15000,0.15000,0.00000,0.00000,10558,10708,0.000000,0.000000
55.22,3.25519,0.05775,0.09228,AUTO,HAZARD_VISION_STOP,0.0000,0.0000,0.0000,0.0000,0.0000,0.0000,3,25.59615,0.15000,0.15000,0.00000,0.00000,10558,10708,0.000000,0.000000
55.24,3.25519,0.05775,0.09228,AUTO,HAZARD_VISION_STOP,0.0000,0.0000,0.0000,0.0000,0.0000,0.0000,3,25.59615,0.15000,0.15000,0.00000,0.00000,10558,10708,0.000000,0.000000
55.26,3.25519,0.05775,0.09228,AUTO,HAZARD_VISION_STOP,0.0000,0.0000,0.0000,0.0000,0.0000,0.0000,3,25.59615,0.15000,0.15000,0.00000,0.00000,10558,10708,0.000000,0.000000
55.28,3.25519,0.05775,0.09228,AUTO,HAZARD_VISION_STOP,0.0000,0.0000,0.0000,0.0000,0.0000,0.0000,3,25.59615,0.15000,0.15000,0.00000,0.00000,10558,10708,0.000000,0.000000
55.30,3.25519,0.05775,0.09228,AUTO,HAZARD_VISION_STOP,0.0000,0.0000,0.0000,0.0000,0.0000,0.0000,3,25.59615,0.15000,0.15000,0.00000,0.00000,10558,10708,0.000000,0.000000
55.32,3.25519,0.05775,0.09228,AUTO,HAZARD_VISION_STOP,0.0000,0.0000,0.0000,0.0000,0.0000,0.0000,3,25.59615,0.15000,0.15000,0.00000,0.00000,10558,10708,0.000000,0.000000
55.34,3.25519,0.05775,0.09228,AUTO,HAZARD_VISION_STOP,0.0000,0.0000,0.0000,0.0000,0.0000,0.0000,3,25.59615,0.15000,0.15000,0.00000,0.00000,10558,10708,0.000000,0.000000
55.36,3.25519,0.05775,0.09228,AUTO,HAZARD_VISION_STOP,0.0000,0.0000,0.0000,0.0000,0.0000,0.0000,3,25.59615,0.15000,0.15000,0.00000,0.00000,10558,10708,0.000000,0.000000
55.38,3.25519,0.05775,0.09228,AUTO,HAZARD_VISION_STOP,0.0000,0.0000,0.0000,0.0000,0.0000,0.0000,3,25.59615,0.15000,0.15000,0.00000,0.00000,10558,10708,0.000000,0.000000
55.40,3.25519,0.05775,0.09228,AUTO,HAZARD_VISION_STOP,0.0000,0.0000,0.0000,0.0000,0.0000,0.0000,3,25.59615,0.15000,0.15000,0.00000,0.00000,10558,10708,0.000000,0.000000
55.42,3.25519,0.05775,0.09228,AUTO,HAZARD_VISION_STOP,0.0000,0.0000,0.0000,0.0000,0.0000,0.0000,3,25.59615,0.15000,0.15000,0.00000,0.00000,10558,10708,0.000000,0.000000
55.44,3.25519,0.05775,0.09228,AUTO,HAZARD_VISION_STOP,0.0000,0.0000,0.0000,0.0000,0.0000,0.0000,3,25.59615,0.15000,0.15000,0.00000,0.00000,10558,10708,0.000000,0.000000
55.46,3.25519,0.05775,0.09228,AUTO,HAZARD_VISION_STOP,0.0000,0.0000,0.0000,0.0000,0.0000,0.0000,3,25.59615,0.15000,0.15000,0.00000,0.00000,10558,10708,0.000000,0.000000
55.48,3.25519,0.05775,0.09228,AUTO,HAZARD_VISION_STOP,0.0000,0.0000,0.0000,0.0000,0.0000,0.0000,3,25.59615,0.15000,0.15000,0.00000,0.00000,10558,10708,0.000000,0.000000
55.50,3.25519,0.05775,0.09228,AUTO,HAZARD_VISION_STOP,0.0000,0.0000,0.0000,0.0000,0.0000,0.0000,3,25.59615,0.15000,0.15000,0.00000,0.00000,10558,10708,0.000000,0.000000
55.52,3.25519,0.05775,0.09228,AUTO,HAZARD_VISION_STOP,0.0000,0.0000,0.0000,0.0000,0.0000,0.0000,3,25.59615,0.15000,0.15000,0.00000,0.00000,10558,10708,0.000000,0.000000
55.54,3.25519,0.05775,0.09228,AUTO,HAZARD_VISION_STOP,0.0000,0.0000,0.0000,0.0000,0.0000,0.0000,3,25.59615,0.15000,0.15000,0.00000,0.00000,10558,10708,0.000000,0.000000
55.56,3.25519,0.05775,0.09228,AUTO,HAZARD_VISION_STOP,0.0000,0.0000,0.0000,0.0000,0.0000,0.0000,3,25.59615,0.15000,0.15000,0.00000,0.00000,10558,10708,0.000000,0.000000
55.58,3.25519,0.05775,0.09228,AUTO,HAZARD_VISION_STOP,0.0000,0.0000,0.0000,0.0000,0.0000,0.0000,3,25.59615,0.15000,0.15000,0.00000,0.00000,10558,10708,0.000000,0.000000
55.60,3.25519,0.05775,0.09228,AUTO,HAZARD_VISION_STOP,0.0000,0.0000,0.0000,0.0000,0.0000,0.0000,3,25.59615,0.15000,0.15000,0.00000,0.00000,10558,10708,0.000000,0.000000
55.62,3.25519,0.05775,0.09228,AUTO,HAZARD_VISION_STOP,0.0000,0.0000,0.0000,0.0000,0.0000,0.0000,3,25.59615,0.15000,0.15000,0.00000,0.00000,10558,10708,0.000000,0.000000
55.64,3.25519,0.05775,0.09228,AUTO,HAZARD_VISION_STOP,0.0000,0.0000,0.0000,0.0000,0.0000,0.0000,3,25.59615,0.15000,0.15000,0.00000,0.00000,10558,10708,0.000000,0.000000
55.66,3.25519,0.05775,0.09228,AUTO,HAZARD_VISION_STOP,0.0000,0.0000,0.0000,0.0000,0.0000,0.0000,3,25.59615,0.15000,0.15000,0.00000,0.00000,10558,10708,0.000000,0.000000
55.68,3.25519,0.05775,0.09228,AUTO,HAZARD_VISION_STOP,0.0000,0.0000,0.0000,0.0000,0.0000,0.0000,3,25.59615,0.15000,0.15000,0.00000,0.00000,10558,10708,0.000000,0.000000
55.70,3.25519,0.05775,0.09228,AUTO,HAZARD_VISION_STOP,0.0000,0.0000,0.0000,0.0000,0.0000,0.0000,3,25.59615,0.15000,0.15000,0.00000,0.00000,10558,10708,0.000000,0.000000
55.72,3.25519,0.05775,0.09228,AUTO,HAZARD_VISION_STOP,0.0000,0.0000,0.0000,0.0000,0.0000,0.0000,3,25.59615,0.15000,0.15000,0.00000,0.00000,10558,10708,0.000000,0.000000
55.74,3.25519,0.05775,0.09228,AUTO,HAZARD_VISION_STOP,0.0000,0.0000,0.0000,0.0000,0.0000,0.0000,3,25.59615,0.15000,0.15000,0.00000,0.00000,10558,10708,0.000000,0.000000
55.76,3.25519,0.05775,0.09228,AUTO,HAZARD_VISION_STOP,0.0000,0.0000,0.0000,0.0000,0.0000,0.0000,3,25.59615,0.15000,0.15000,0.00000,0.00000,10558,10708,0.000000,0.000000
55.78,3.25519,0.05775,0.09228,AUTO,HAZARD_VISION_STOP,0.0000,0.0000,0.0000,0.0000,0.0000,0.0000,3,25.59615,0.15000,0.15000,0.00000,0.00000,10558,10708,0.000000,0.000000
55.80,3.25519,0.05775,0.09228,AUTO,HAZARD_VISION_STOP,0.0000,0.0000,0.0000,0.0000,0.0000,0.0000,3,25.59615,0.15000,0.15000,0.00000,0.00000,10558,10708,0.000000,0.000000
55.82,3.25519,0.05775,0.09228,AUTO,HAZARD_VISION_STOP,0.0000,0.0000,0.0000,0.0000,0.0000,0.0000,3,25.59615,0.15000,0.15000,0.00000,0.00000,10558,10708,0.000000,0.000000
55.84,3.25519,0.05775,0.09228,AUTO,HAZARD_VISION_STOP,0.0000,0.0000,0.0000,0.0000,0.0000,0.0000,3,25.59615,0.15000,0.15000,0.00000,0.00000,10558,10708,0.000000,0.000000
55.86,3.25519,0.05775,0.09228,AUTO,HAZARD_VISION_STOP,0.0000,0.0000,0.0000,0.0000,0.0000,0.0000,3,25.59615,0.15000,0.15000,0.00000,0.00000,10558,10708,0.000000,0.000000
55.88,3.25519,0.05775,0.09228,AUTO,HAZARD_VISION_STOP,0.0000,0.0000,0.0000,0.0000,0.0000,0.0000,3,25.59615,0.15000,0.15000,0.00000,0.00000,10558,10708,0.000000,0.000000
55.90,3.25519,0.05775,0.09228,AUTO,HAZARD_VISION_STOP,0.0000,0.0000,0.0000,0.0000,0.0000,0.0000,3,25.59615,0.15000,0.15000,0.00000,0.00000,10558,10708,0.000000,0.000000
55.92,3.25519,0.05775,0.09228,AUTO,HAZARD_VISION_STOP,0.0000,0.0000,0.0000,0.0000,0.0000,0.0000,3,25.59615,0.15000,0.15000,0.00000,0.00000,10558,10708,0.000000,0.000000
55.94,3.25519,0.05775,0.09228,AUTO,HAZARD_VISION_STOP,0.0000,0.0000,0.0000,0.0000,0.0000,0.0000,3,25.59615,0.15000,0.15000,0.00000,0.00000,10558,10708,0.000000,0.000000
55.96,3.25519,0.05775,0.09228,AUTO,HAZARD_VISION_STOP,0.0000,0.0000,0.0000,0.0000,0.0000,0.0000,3,25.59615,0.15000,0.15000,0.00000,0.00000,10558,10708,0.000000,0.000000
55.98,3.25519,0.05775,0.09228,AUTO,HAZARD_VISION_STOP,0.0000,0.0000,0.0000,0.0000,0.0000,0.0000,3,25.59615,0.15000,0.15000,0.00000,0.00000,10558,10708,0.000000,0.000000
56.00,3.25519,0.05775,0.09228,AUTO,HAZARD_VISION_STOP,0.0000,0.0000,0.0000,0.0000,0.0000,0.0000,3,25.59615,0.15000,0.15000,0.00000,0.00000,10558,10708,0.000000,0.000000
56.02,3.25519,0.05775,0.09228,AUTO,HAZARD_VISION_STOP,0.0000,0.0000,0.0000,0.0000,0.0000,0.0000,3,25.59615,0.15000,0.15000,0.00000,0.00000,10558,10708,0.000000,0.000000
56.04,3.25519,0.05775,0.09228,AUTO,HAZARD_VISION_STOP,0.0000,0.0000,0.0000,0.0000,0.0000,0.0000,3,25.59615,0.15000,0.15000,0.00000,0.00000,10558,10708,0.000000,0.000000
56.06,3.25519,0.05775,0.09228,AUTO,HAZARD_VISION_STOP,0.0000,0.0000,0.0000,0.0000,0.0000,0.0000,3,25.59615,0.15000,0.15000,0.00000,0.00000,10558,10708,0.000000,0.000000
56.08,3.25519,0.05775,0.09228,AUTO,HAZARD_VISION_STOP,0.0000,0.0000,0.0000,0.0000,0.0000,0.0000,3,25.59615,0.15000,0.15000,0.00000,0.00000,10558,10708,0.000000,0.000000
56.10,3.25519,0.05775,0.09228,AUTO,HAZARD_VISION_STOP,0.0000,0.0000,0.0000,0.0000,0.0000,0.0000,3,25.59615,0.15000,0.15000,0.00000,0.00000,10558,10708,0.000000,0.000000
56.12,3.25519,0.05775,0.09228,AUTO,HAZARD_VISION_STOP,0.0000,0.0000,0.0000,0.0000,0.0000,0.0000,3,25.59615,0.15000,0.15000,0.00000,0.00000,10558,10708,0.000000,0.000000
56.14,3.25519,0.05775,0.09228,AUTO,HAZARD_VISION_STOP,0.0000,0.0000,0.0000,0.0000,0.0000,0.0000,3,25.59615,0.15000,0.15000,0.00000,0.00000,10558,10708,0.000000,0.000000
56.16,3.25519,0.05775,0.09228,AUTO,HAZARD_VISION_STOP,0.0000,0.0000,0.0000,0.0000,0.0000,0.0000,3,25.59615,0.15000,0.15000,0.00000,0.00000,10558,10708,0.000000,0.000000
56.18,3.25519,0.05775,0.09228,AUTO,HAZARD_VISION_STOP,0.0000,0.0000,0.0000,0.0000,0.0000,0.0000,3,25.59615,0.15000,0.15000,0.00000,0.00000,10558,10708,0.000000,0.000000
56.20,3.25519,0.05775,0.09228,AUTO,HAZARD_VISION_STOP,0.0000,0.0000,0.0000,0.0000,0.0000,0.0000,3,25.59615,0.15000,0.15000,0.00000,0.00000,10558,10708,0.000000,0.000000
56.22,3.25519,0.05775,0.09228,AUTO,HAZARD_VISION_STOP,0.0000,0.0000,0.0000,0.0000,0.0000,0.0000,3,25.59615,0.15000,0.15000,0.00000,0.00000,10558,10708,0.000000,0.000000
56.24,3.25519,0.05775,0.09228,AUTO,HAZARD_VISION_STOP,0.0000,0.0000,0.0000,0.0000,0.0000,0.0000,3,25.59615,0.15000,0.15000,0.00000,0.00000,10558,10708,0.000000,0.000000
56.26,3.25519,0.05775,0.09228,AUTO,HAZARD_VISION_STOP,0.0000,0.0000,0.0000,0.0000,0.0000,0.0000,3,25.59615,0.15000,0.15000,0.00000,0.00000,10558,10708,0.000000,0.000000
56.28,3.25519,0.05775,0.09228,AUTO,HAZARD_VISION_STOP,0.0000,0.0000,0.0000,0.0000,0.0000,0.0000,3,25.59615,0.15000,0.15000,0.00000,0.00000,10558,10708,0.000000,0.000000
56.30,3.25519,0.05775,0.09228,AUTO,HAZARD_VISION_STOP,0.0000,0.0000,0.0000,0.0000,0.0000,0.0000,3,25.59615,0.15000,0.15000,0.00000,0.00000,10558,10708,0.000000,0.000000
56.32,3.25519,0.05775,0.09228,AUTO,HAZARD_VISION_STOP,0.0000,0.0000,0.0000,0.0000,0.0000,0.0000,3,25.59615,0.15000,0.15000,0.00000,0.00000,10558,10708,0.000000,0.000000
56.34,3.25519,0.05775,0.09228,AUTO,HAZARD_VISION_STOP,0.0000,0.0000,0.0000,0.0000,0.0000,0.0000,3,25.59615,0.15000,0.15000,0.00000,0.00000,10558,10708,0.000000,0.000000
56.36,3.25519,0.05775,0.09228,AUTO,HAZARD_VISION_STOP,0.0000,0.0000,0.0000,0.0000,0.0000,0.0000,3,25.59615,0.15000,0.15000,0.00000,0.00000,10558,10708,0.000000,0.000000
56.38,3.25519,0.05775,0.09228,AUTO,HAZARD_VISION_STOP,0.0000,0.0000,0.0000,0.0000,0.0000,0.0000,3,25.59615,0.15000,0.15000,0.00000,0.00000,10558,10708,0.000000,0.000000
56.40,3.25519,0.05775,0.09228,AUTO,HAZARD_VISION_STOP,0.0000,0.0000,0.0000,0.0000,0.0000,0.0000,3,25.59615,0.15000,0.15000,0.00000,0.00000,10558,10708,0.000000,0.000000
56.42,3.25519,0.05775,0.09228,AUTO,HAZARD_VISION_STOP,0.0000,0.0000,0.0000,0.0000,0.0000,0.0000,3,25.59615,0.15000,0.15000,0.00000,0.00000,10558,10708,0.000000,0.000000
56.44,3.25519,0.05775,0.09228,AUTO,HAZARD_VISION_STOP,0.0000,0.0000,0.0000,0.0000,0.0000,0.0000,3,25.59615,0.15000,0.15000,0.00000,0.00000,10558,10708,0.000000,0.000000
56.46,3.25519,0.05775,0.09228,AUTO,HAZARD_VISION_STOP,0.0000,0.0000,0.0000,0.0000,0.0000,0.0000,3,25.59615,0.15000,0.15000,0.00000,0.00000,10558,10708,0.000000,0.000000
56.48,3.25519,0.05775,0.09228,AUTO,HAZARD_VISION_STOP,0.0000,0.0000,0.0000,0.0000,0.0000,0.0000,3,25.59615,0.15000,0.15000,0.00000,0.00000,10558,10708,0.000000,0.000000
56.50,3.25519,0.05775,0.09228,AUTO,HAZARD_VISION_STOP,0.0000,0.0000,0.0000,0.0000,0.0000,0.0000,3,25.59615,0.15000,0.15000,0.00000,0.00000,10558,10708,0.000000,0.000000
56.52,3.25519,0.05775,0.09228,AUTO,HAZARD_VISION_STOP,0.0000,0.0000,0.0000,0.0000,0.0000,0.0000,3,25.59615,0.15000,0.15000,0.00000,0.00000,10558,10708,0.000000,0.000000
56.54,3.25519,0.05775,0.09228,AUTO,HAZARD_VISION_STOP,0.0000,0.0000,0.0000,0.0000,0.0000,0.0000,3,25.59615,0.15000,0.15000,0.00000,0.00000,10558,10708,0.000000,0.000000
56.56,3.25519,0.05775,0.09228,AUTO,HAZARD_VISION_STOP,0.0000,0.0000,0.0000,0.0000,0.0000,0.0000,3,25.59615,0.15000,0.15000,0.00000,0.00000,10558,10708,0.000000,0.000000
56.58,3.25519,0.05775,0.09228,AUTO,HAZARD_VISION_STOP,0.0000,0.0000,0.0000,0.0000,0.0000,0.0000,3,25.59615,0.15000,0.15000,0.00000,0.00000,10558,10708,0.000000,0.000000
56.60,3.25519,0.05775,0.09228,AUTO,HAZARD_VISION_STOP,0.0000,0.0000,0.0000,0.0000,0.0000,0.0000,3,25.59615,0.15000,0.15000,0.00000,0.00000,10558,10708,0.000000,0.000000
56.62,3.25519,0.05775,0.09228,AUTO,HAZARD_VISION_STOP,0.0000,0.0000,0.0000,0.0000,0.0000,0.0000,3,25.59615,0.15000,0.15000,0.00000,0.00000,10558,10708,0.000000,0.000000
56.64,3.25519,0.05775,0.09228,AUTO,HAZARD_VISION_STOP,0.0000,0.0000,0.0000,0.0000,0.0000,0.0000,3,25.59615,0.15000,0.15000,0.00000,0.00000,10558,10708,0.000000,0.000000
56.66,3.25519,0.05775,0.09228,AUTO,HAZARD_VISION_STOP,0.0000,0.0000,0.0000,0.0000,0.0000,0.0000,3,25.59615,0.15000,0.15000,0.00000,0.00000,10558,10708,0.000000,0.000000
56.68,3.25519,0.05775,0.09228,AUTO,HAZARD_VISION_STOP,0.0000,0.0000,0.0000,0.0000,0.0000,0.0000,3,25.59615,0.15000,0.15000,0.00000,0.00000,10558,10708,0.000000,0.000000
56.70,3.25519,0.05775,0.09228,AUTO,HAZARD_VISION_STOP,0.0000,0.0000,0.0000,0.0000,0.0000,0.0000,3,25.59615,0.15000,0.15000,0.00000,0.00000,10558,10708,0.000000,0.000000
56.72,3.25519,0.05775,0.09228,AUTO,HAZARD_VISION_STOP,0.0000,0.0000,0.0000,0.0000,0.0000,0.0000,3,25.59615,0.15000,0.15000,0.00000,0.00000,10558,10708,0.000000,0.000000
56.74,3.25519,0.05775,0.09228,AUTO,HAZARD_VISION_STOP,0.0000,0.0000,0.0000,0.0000,0.0000,0.0000,3,25.59615,0.15000,0.15000,0.00000,0.00000,10558,10708,0.000000,0.000000
56.76,3.25519,0.05775,0.09228,AUTO,HAZARD_VISION_STOP,0.0000,0.0000,0.0000,0.0000,0.0000,0.0000,3,25.59615,0.15000,0.15000,0.00000,0.00000,10558,10708,0.000000,0.000000
56.78,3.25519,0.05775,0.09228,AUTO,HAZARD_VISION_STOP,0.0000,0.0000,0.0000,0.0000,0.0000,0.0000,3,25.59615,0.15000,0.15000,0.00000,0.00000,10558,10708,0.000000,0.000000
56.80,3.25519,0.05775,0.09228,AUTO,HAZARD_VISION_STOP,0.0000,0.0000,0.0000,0.0000,0.0000,0.0000,3,25.59615,0.15000,0.15000,0.00000,0.00000,10558,10708,0.000000,0.000000
56.82,3.25519,0.05775,0.09228,AUTO,HAZARD_VISION_STOP,0.0000,0.0000,0.0000,0.0000,0.0000,0.0000,3,25.59615,0.15000,0.15000,0.00000,0.00000,10558,10708,0.000000,0.000000
56.84,3.25519,0.05775,0.09228,AUTO,HAZARD_VISION_STOP,0.0000,0.0000,0.0000,0.0000,0.0000,0.0000,3,25.59615,0.15000,0.15000,0.00000,0.00000,10558,10708,0.000000,0.000000
56.86,3.25519,0.05775,0.09228,AUTO,HAZARD_VISION_STOP,0.0000,0.0000,0.0000,0.0000,0.0000,0.0000,3,25.59615,0.15000,0.15000,0.00000,0.00000,10558,10708,0.000000,0.000000
56.88,3.25519,0.05775,0.09228,AUTO,HAZARD_VISION_STOP,0.0000,0.0000,0.0000,0.0000,0.0000,0.0000,3,25.59615,0.15000,0.15000,0.00000,0.00000,10558,10708,0.000000,0.000000
56.90,3.25519,0.05775,0.09228,AUTO,HAZARD_VISION_STOP,0.0000,0.0000,0.0000,0.0000,0.0000,0.0000,3,25.59615,0.15000,0.15000,0.00000,0.00000,10558,10708,0.000000,0.000000
56.92,3.25519,0.05775,0.09228,AUTO,HAZARD_VISION_STOP,0.0000,0.0000,0.0000,0.0000,0.0000,0.0000,3,25.59615,0.15000,0.15000,0.00000,0.00000,10558,10708,0.000000,0.000000
56.94,3.25519,0.05775,0.09228,AUTO,HAZARD_VISION_STOP,0.0000,0.0000,0.0000,0.0000,0.0000,0.0000,3,25.59615,0.15000,0.15000,0.00000,0.00000,10558,10708,0.000000,0.000000
56.96,3.25519,0.05775,0.09228,AUTO,HAZARD_VISION_STOP,0.0000,0.0000,0.0000,0.0000,0.0000,0.0000,3,25.59615,0.15000,0.15000,0.00000,0.00000,10558,10708,0.000000,0.000000
56.98,3.25519,0.05775,0.09228,AUTO,HAZARD_VISION_STOP,0.0000,0.0000,0.0000,0.0000,0.0000,0.0000,3,25.59615,0.15000,0.15000,0.00000,0.00000,10558,10708,0.000000,0.000000
57.00,3.25519,0.05775,0.09228,AUTO,HAZARD_VISION_STOP,0.0000,0.0000,0.0000,0.0000,0.0000,0.0000,3,25.59615,0.15000,0.15000,0.00000,0.00000,10558,10708,0.000000,0.000000
57.02,3.25519,0.05775,0.09228,AUTO,HAZARD_VISION_STOP,0.0000,0.0000,0.0000,0.0000,0.0000,0.0000,3,25.59615,0.15000,0.15000,0.00000,0.00000,10558,10708,0.000000,0.000000
57.04,3.25519,0.05775,0.09228,AUTO,HAZARD_VISION_STOP,0.0000,0.0000,0.0000,0.0000,0.0000,0.0000,3,25.59615,0.15000,0.15000,0.00000,0.00000,10558,10708,0.000000,0.000000
57.06,3.25519,0.05775,0.09228,AUTO,HAZARD_VISION_STOP,0.0000,0.0000,0.0000,0.0000,0.0000,0.0000,3,25.59615,0.15000,0.15000,0.00000,0.00000,10558,10708,0.000000,0.000000
57.08,3.25519,0.05775,0.09228,AUTO,HAZARD_VISION_STOP,0.0000,0.0000,0.0000,0.0000,0.0000,0.0000,3,25.59615,0.15000,0.15000,0.00000,0.00000,10558,10708,0.000000,0.000000
57.10,3.25519,0.05775,0.09228,AUTO,HAZARD_VISION_STOP,0.0000,0.0000,0.0000,0.0000,0.0000,0.0000,3,25.59615,0.15000,0.15000,0.00000,0.00000,10558,10708,0.000000,0.000000
57.12,3.25519,0.05775,0.09228,AUTO,HAZARD_VISION_STOP,0.0000,0.0000,0.0000,0.0000,0.0000,0.0000,3,25.59615,0.15000,0.15000,0.00000,0.00000,10558,10708,0.000000,0.000000
57.14,3.25519,0.05775,0.09228,AUTO,HAZARD_VISION_STOP,0.0000,0.0000,0.0000,0.0000,0.0000,0.0000,3,25.59615,0.15000,0.15000,0.00000,0.00000,10558,10708,0.000000,0.000000
57.16,3.25519,0.05775,0.09228,AUTO,HAZARD_VISION_STOP,0.0000,0.0000,0.0000,0.0000,0.0000,0.0000,3,25.59615,0.15000,0.15000,0.00000,0.00000,10558,10708,0.000000,0.000000
57.18,3.25519,0.05775,0.09228,AUTO,HAZARD_VISION_STOP,0.0000,0.0000,0.0000,0.0000,0.0000,0.0000,3,25.59615,0.15000,0.15000,0.00000,0.00000,10558,10708,0.000000,0.000000
57.20,3.25519,0.05775,0.09228,AUTO,HAZARD_VISION_STOP,0.0000,0.0000,0.0000,0.0000,0.0000,0.0000,3,25.59615,0.15000,0.15000,0.00000,0.00000,10558,10708,0.000000,0.000000
57.22,3.25519,0.05775,0.09228,AUTO,HAZARD_VISION_STOP,0.0000,0.0000,0.0000,0.0000,0.0000,0.0000,3,25.59615,0.15000,0.15000,0.00000,0.00000,10558,10708,0.000000,0.000000
57.24,3.25519,0.05775,0.09228,AUTO,HAZARD_VISION_STOP,0.0000,0.0000,0.0000,0.0000,0.0000,0.0000,3,25.59615,0.15000,0.15000,0.00000,0.00000,10558,10708,0.000000,0.000000
57.26,3.25519,0.05775,0.09228,AUTO,HAZARD_VISION_STOP,0.0000,0.0000,0.0000,0.0000,0.0000,0.0000,3,25.59615,0.15000,0.15000,0.00000,0.00000,10558,10708,0.000000,0.000000
57.28,3.25519,0.05775,0.09228,AUTO,HAZARD_VISION_STOP,0.0000,0.0000,0.0000,0.0000,0.0000,0.0000,3,25.59615,0.15000,0.15000,0.00000,0.00000,10558,10708,0.000000,0.000000
57.30,3.25519,0.05775,0.09228,AUTO,HAZARD_VISION_STOP,0.0000,0.0000,0.0000,0.0000,0.0000,0.0000,3,25.59615,0.15000,0.15000,0.00000,0.00000,10558,10708,0.000000,0.000000
57.32,3.25519,0.05775,0.09228,AUTO,HAZARD_VISION_STOP,0.0000,0.0000,0.0000,0.0000,0.0000,0.0000,3,25.59615,0.15000,0.15000,0.00000,0.00000,10558,10708,0.000000,0.000000
57.34,3.25519,0.05775,0.09228,AUTO,HAZARD_VISION_STOP,0.0000,0.0000,0.0000,0.0000,0.0000,0.0000,3,25.59615,0.15000,0.15000,0.00000,0.00000,10558,10708,0.000000,0.000000
57.36,3.25519,0.05775,0.09228,AUTO,HAZARD_VISION_STOP,0.0000,0.0000,0.0000,0.0000,0.0000,0.0000,3,25.59615,0.15000,0.15000,0.00000,0.00000,10558,10708,0.000000,0.000000
57.38,3.25519,0.05775,0.09228,AUTO,HAZARD_VISION_STOP,0.0000,0.0000,0.0000,0.0000,0.0000,0.0000,3,25.59615,0.15000,0.15000,0.00000,0.00000,10558,10708,0.000000,0.000000
57.40,3.25519,0.05775,0.09228,AUTO,HAZARD_VISION_STOP,0.0000,0.0000,0.0000,0.0000,0.0000,0.0000,3,25.59615,0.15000,0.15000,0.00000,0.00000,10558,10708,0.000000,0.000000
57.42,3.25519,0.05775,0.09228,AUTO,HAZARD_VISION_STOP,0.0000,0.0000,0.0000,0.0000,0.0000,0.0000,3,25.59615,0.15000,0.15000,0.00000,0.00000,10558,10708,0.000000,0.000000
57.44,3.25519,0.05775,0.09228,AUTO,HAZARD_VISION_STOP,0.0000,0.0000,0.0000,0.0000,0.0000,0.0000,3,25.59615,0.15000,0.15000,0.00000,0.00000,10558,10708,0.000000,0.000000
57.46,3.25519,0.05775,0.09228,AUTO,HAZARD_VISION_STOP,0.0000,0.0000,0.0000,0.0000,0.0000,0.0000,3,25.59615,0.15000,0.15000,0.00000,0.00000,10558,10708,0.000000,0.000000
57.48,3.25519,0.05775,0.09228,AUTO,HAZARD_VISION_STOP,0.0000,0.0000,0.0000,0.0000,0.0000,0.0000,3,25.59615,0.15000,0.15000,0.00000,0.00000,10558,10708,0.000000,0.000000
57.50,3.25519,0.05775,0.09228,AUTO,HAZARD_VISION_STOP,0.0000,0.0000,0.0000,0.0000,0.0000,0.0000,3,25.59615,0.15000,0.15000,0.00000,0.00000,10558,10708,0.000000,0.000000
57.52,3.25519,0.05775,0.09228,AUTO,HAZARD_VISION_STOP,0.0000,0.0000,0.0000,0.0000,0.0000,0.0000,3,25.59615,0.15000,0.15000,0.00000,0.00000,10558,10708,0.000000,0.000000
57.54,3.25519,0.05775,0.09228,AUTO,HAZARD_VISION_STOP,0.0000,0.0000,0.0000,0.0000,0.0000,0.0000,3,25.59615,0.15000,0.15000,0.00000,0.00000,10558,10708,0.000000,0.000000
57.56,3.25519,0.05775,0.09228,AUTO,HAZARD_VISION_STOP,0.0000,0.0000,0.0000,0.0000,0.0000,0.0000,3,25.59615,0.15000,0.15000,0.00000,0.00000,10558,10708,0.000000,0.000000
57.58,3.25519,0.05775,0.09228,AUTO,HAZARD_VISION_STOP,0.0000,0.0000,0.0000,0.0000,0.0000,0.0000,3,25.59615,0.15000,0.15000,0.00000,0.00000,10558,10708,0.000000,0.000000
57.60,3.25519,0.05775,0.09228,AUTO,HAZARD_VISION_STOP,0.0000,0.0000,0.0000,0.0000,0.0000,0.0000,3,25.59615,0.15000,0.15000,0.00000,0.00000,10558,10708,0.000000,0.000000
57.62,3.25519,0.05775,0.09228,AUTO,HAZARD_VISION_STOP,0.0000,0.0000,0.0000,0.0000,0.0000,0.0000,3,25.59615,0.15000,0.15000,0.00000,0.00000,10558,10708,0.000000,0.000000
57.64,3.25519,0.05775,0.09228,AUTO,HAZARD_VISION_STOP,0.0000,0.0000,0.0000,0.0000,0.0000,0.0000,3,25.59615,0.15000,0.15000,0.00000,0.00000,10558,10708,0.000000,0.000000
57.66,3.25519,0.05775,0.09228,AUTO,HAZARD_VISION_STOP,0.0000,0.0000,0.0000,0.0000,0.0000,0.0000,3,25.59615,0.15000,0.15000,0.00000,0.00000,10558,10708,0.000000,0.000000
57.68,3.25519,0.05775,0.09228,AUTO,HAZARD_VISION_STOP,0.0000,0.0000,0.0000,0.0000,0.0000,0.0000,3,25.59615,0.15000,0.15000,0.00000,0.00000,10558,10708,0.000000,0.000000
57.70,3.25519,0.05775,0.09228,AUTO,HAZARD_VISION_STOP,0.0000,0.0000,0.0000,0.0000,0.0000,0.0000,3,25.59615,0.15000,0.15000,0.00000,0.00000,10558,10708,0.000000,0.000000
57.72,3.25519,0.05775,0.09228,AUTO,HAZARD_VISION_STOP,0.0000,0.0000,0.0000,0.0000,0.0000,0.0000,3,25.59615,0.15000,0.15000,0.00000,0.00000,10558,10708,0.000000,0.000000
57.74,3.25519,0.05775,0.09228,AUTO,HAZARD_VISION_STOP,0.0000,0.0000,0.0000,0.0000,0.0000,0.0000,3,25.59615,0.15000,0.15000,0.00000,0.00000,10558,10708,0.000000,0.000000
57.76,3.25519,0.05775,0.09228,AUTO,HAZARD_VISION_STOP,0.0000,0.0000,0.0000,0.0000,0.0000,0.0000,3,25.59615,0.15000,0.15000,0.00000,0.00000,10558,10708,0.000000,0.000000
57.78,3.25519,0.05775,0.09228,AUTO,HAZARD_VISION_STOP,0.0000,0.0000,0.0000,0.0000,0.0000,0.0000,3,25.59615,0.15000,0.15000,0.00000,0.00000,10558,10708,0.000000,0.000000
57.80,3.25519,0.05775,0.09228,AUTO,HAZARD_VISION_STOP,0.0000,0.0000,0.0000,0.0000,0.0000,0.0000,3,25.59615,0.15000,0.15000,0.00000,0.00000,10558,10708,0.000000,0.000000
57.82,3.25519,0.05775,0.09228,AUTO,HAZARD_VISION_STOP,0.0000,0.0000,0.0000,0.0000,0.0000,0.0000,3,25.59615,0.15000,0.15000,0.00000,0.00000,10558,10708,0.000000,0.000000
57.84,3.25519,0.05775,0.09228,AUTO,HAZARD_VISION_STOP,0.0000,0.0000,0.0000,0.0000,0.0000,0.0000,3,25.59615,0.15000,0.15000,0.00000,0.00000,10558,10708,0.000000,0.000000
57.86,3.25519,0.05775,0.09228,AUTO,HAZARD_VISION_STOP,0.0000,0.0000,0.0000,0.0000,0.0000,0.0000,3,25.59615,0.15000,0.15000,0.00000,0.00000,10558,10708,0.000000,0.000000
57.88,3.25519,0.05775,0.09228,AUTO,HAZARD_VISION_STOP,0.0000,0.0000,0.0000,0.0000,0.0000,0.0000,3,25.59615,0.15000,0.15000,0.00000,0.00000,10558,10708,0.000000,0.000000
57.90,3.25519,0.05775,0.09228,AUTO,HAZARD_VISION_STOP,0.0000,0.0000,0.0000,0.0000,0.0000,0.0000,3,25.59615,0.15000,0.15000,0.00000,0.00000,10558,10708,0.000000,0.000000
57.92,3.25519,0.05775,0.09228,AUTO,HAZARD_VISION_STOP,0.0000,0.0000,0.0000,0.0000,0.0000,0.0000,3,25.59615,0.15000,0.15000,0.00000,0.00000,10558,10708,0.000000,0.000000
57.94,3.25519,0.05775,0.09228,AUTO,HAZARD_VISION_STOP,0.0000,0.0000,0.0000,0.0000,0.0000,0.0000,3,25.59615,0.15000,0.15000,0.00000,0.00000,10558,10708,0.000000,0.000000
57.96,3.25519,0.05775,0.09228,AUTO,HAZARD_VISION_STOP,0.0000,0.0000,0.0000,0.0000,0.0000,0.0000,3,25.59615,0.15000,0.15000,0.00000,0.00000,10558,10708,0.000000,0.000000
57.98,3.25519,0.05775,0.09228,AUTO,HAZARD_VISION_STOP,0.0000,0.0000,0.0000,0.0000,0.0000,0.0000,3,25.59615,0.15000,0.15000,0.00000,0.00000,10558,10708,0.000000,0.000000
58.00,3.25519,0.05775,0.09228,AUTO,HAZARD_VISION_STOP,0.0000,0.0000,0.0000,0.0000,0.0000,0.0000,3,25.59615,0.15000,0.15000,0.00000,0.00000,10558,10708,0.000000,0.000000
58.02,3.25519,0.05775,0.09228,AUTO,HAZARD_VISION_STOP,0.0000,0.0000,0.0000,0.0000,0.0000,0.0000,3,25.59615,0.15000,0.15000,0.00000,0.00000,10558,10708,0.000000,0.000000
58.04,3.25519,0.05775,0.09228,AUTO,HAZARD_VISION_STOP,0.0000,0.0000,0.0000,0.0000,0.0000,0.0000,3,25.59615,0.15000,0.15000,0.00000,0.00000,10558,10708,0.000000,0.000000
58.06,3.25519,0.05775,0.09228,AUTO,HAZARD_VISION_STOP,0.0000,0.0000,0.0000,0.0000,0.0000,0.0000,3,25.59615,0.15000,0.15000,0.00000,0.00000,10558,10708,0.000000,0.000000
58.08,3.25519,0.05775,0.09228,AUTO,HAZARD_VISION_STOP,0.0000,0.0000,0.0000,0.0000,0.0000,0.0000,3,25.59615,0.15000,0.15000,0.00000,0.00000,10558,10708,0.000000,0.000000
58.10,3.25519,0.05775,0.09228,AUTO,HAZARD_VISION_STOP,0.0000,0.0000,0.0000,0.0000,0.0000,0.0000,3,25.59615,0.15000,0.15000,0.00000,0.00000,10558,10708,0.000000,0.000000
58.12,3.25519,0.05775,0.09228,AUTO,HAZARD_VISION_STOP,0.0000,0.0000,0.0000,0.0000,0.0000,0.0000,3,25.59615,0.15000,0.15000,0.00000,0.00000,10558,10708,0.000000,0.000000
58.14,3.25519,0.05775,0.09228,AUTO,HAZARD_VISION_STOP,0.0000,0.0000,0.0000,0.0000,0.0000,0.0000,3,25.59615,0.15000,0.15000,0.00000,0.00000,10558,10708,0.000000,0.000000
58.16,3.25519,0.05775,0.09228,AUTO,HAZARD_VISION_STOP,0.0000,0.0000,0.0000,0.0000,0.0000,0.0000,3,25.59615,0.15000,0.15000,0.00000,0.00000,10558,10708,0.000000,0.000000
58.18,3.25519,0.05775,0.09228,AUTO,HAZARD_VISION_STOP,0.0000,0.0000,0.0000,0.0000,0.0000,0.0000,3,25.59615,0.15000,0.15000,0.00000,0.00000,10558,10708,0.000000,0.000000
58.20,3.25519,0.05775,0.09228,AUTO,HAZARD_VISION_STOP,0.0000,0.0000,0.0000,0.0000,0.0000,0.0000,3,25.59615,0.15000,0.15000,0.00000,0.00000,10558,10708,0.000000,0.000000
58.22,3.25519,0.05775,0.09228,AUTO,HAZARD_VISION_STOP,0.0000,0.0000,0.0000,0.0000,0.0000,0.0000,3,25.59615,0.15000,0.15000,0.00000,0.00000,10558,10708,0.000000,0.000000
58.24,3.25519,0.05775,0.09228,AUTO,HAZARD_VISION_STOP,0.0000,0.0000,0.0000,0.0000,0.0000,0.0000,3,25.59615,0.15000,0.15000,0.00000,0.00000,10558,10708,0.000000,0.000000
58.26,3.25519,0.05775,0.09228,AUTO,HAZARD_VISION_STOP,0.0000,0.0000,0.0000,0.0000,0.0000,0.0000,3,25.59615,0.15000,0.15000,0.00000,0.00000,10558,10708,0.000000,0.000000
58.28,3.25519,0.05775,0.09228,AUTO,HAZARD_VISION_STOP,0.0000,0.0000,0.0000,0.0000,0.0000,0.0000,3,25.59615,0.15000,0.15000,0.00000,0.00000,10558,10708,0.000000,0.000000
58.30,3.25519,0.05775,0.09228,AUTO,HAZARD_VISION_STOP,0.0000,0.0000,0.0000,0.0000,0.0000,0.0000,3,25.59615,0.15000,0.15000,0.00000,0.00000,10558,10708,0.000000,0.000000
58.32,3.25519,0.05775,0.09228,AUTO,HAZARD_VISION_STOP,0.0000,0.0000,0.0000,0.0000,0.0000,0.0000,3,25.59615,0.15000,0.15000,0.00000,0.00000,10558,10708,0.000000,0.000000
58.34,3.25519,0.05775,0.09228,AUTO,HAZARD_VISION_STOP,0.0000,0.0000,0.0000,0.0000,0.0000,0.0000,3,25.59615,0.15000,0.15000,0.00000,0.00000,10558,10708,0.000000,0.000000
58.36,3.25519,0.05775,0.09228,AUTO,HAZARD_VISION_STOP,0.0000,0.0000,0.0000,0.0000,0.0000,0.0000,3,25.59615,0.15000,0.15000,0.00000,0.00000,10558,10708,0.000000,0.000000
58.38,3.25519,0.05775,0.09228,AUTO,HAZARD_VISION_STOP,0.0000,0.0000,0.0000,0.0000,0.0000,0.0000,3,25.59615,0.15000,0.15000,0.00000,0.00000,10558,10708,0.000000,0.000000
58.40,3.25519,0.05775,0.09228,AUTO,HAZARD_VISION_STOP,0.0000,0.0000,0.0000,0.0000,0.0000,0.0000,3,25.59615,0.15000,0.15000,0.00000,0.00000,10558,10708,0.000000,0.000000
58.42,3.25519,0.05775,0.09228,AUTO,HAZARD_VISION_STOP,0.0000,0.0000,0.0000,0.0000,0.0000,0.0000,3,25.59615,0.15000,0.15000,0.00000,0.00000,10558,10708,0.000000,0.000000
58.44,3.25519,0.05775,0.09228,AUTO,HAZARD_VISION_STOP,0.0000,0.0000,0.0000,0.0000,0.0000,0.0000,3,25.59615,0.15000,0.15000,0.00000,0.00000,10558,10708,0.000000,0.000000
58.46,3.25519,0.05775,0.09228,AUTO,HAZARD_VISION_STOP,0.0000,0.0000,0.0000,0.0000,0.0000,0.0000,3,25.59615,0.15000,0.15000,0.00000,0.00000,10558,10708,0.000000,0.000000
58.48,3.25519,0.05775,0.09228,AUTO,HAZARD_VISION_STOP,0.0000,0.0000,0.0000,0.0000,0.0000,0.0000,3,25.59615,0.15000,0.15000,0.00000,0.00000,10558,10708,0.000000,0.000000
58.50,3.25519,0.05775,0.09228,AUTO,HAZARD_VISION_STOP,0.0000,0.0000,0.0000,0.0000,0.0000,0.0000,3,25.59615,0.15000,0.15000,0.00000,0.00000,10558,10708,0.000000,0.000000
58.52,3.25519,0.05775,0.09228,AUTO,HAZARD_VISION_STOP,0.0000,0.0000,0.0000,0.0000,0.0000,0.0000,3,25.59615,0.15000,0.15000,0.00000,0.00000,10558,10708,0.000000,0.000000
58.54,3.25519,0.05775,0.09228,AUTO,HAZARD_VISION_STOP,0.0000,0.0000,0.0000,0.0000,0.0000,0.0000,3,25.59615,0.15000,0.15000,0.00000,0.00000,10558,10708,0.000000,0.000000
58.56,3.25519,0.05775,0.09228,AUTO,HAZARD_VISION_STOP,0.0000,0.0000,0.0000,0.0000,0.0000,0.0000,3,25.59615,0.15000,0.15000,0.00000,0.00000,10558,10708,0.000000,0.000000
58.58,3.25519,0.05775,0.09228,AUTO,HAZARD_VISION_STOP,0.0000,0.0000,0.0000,0.0000,0.0000,0.0000,3,25.59615,0.15000,0.15000,0.00000,0.00000,10558,10708,0.000000,0.000000
58.60,3.25519,0.05775,0.09228,AUTO,HAZARD_VISION_STOP,0.0000,0.0000,0.0000,0.0000,0.0000,0.0000,3,25.59615,0.15000,0.15000,0.00000,0.00000,10558,10708,0.000000,0.000000
58.62,3.25519,0.05775,0.09228,AUTO,HAZARD_VISION_STOP,0.0000,0.0000,0.0000,0.0000,0.0000,0.0000,3,25.59615,0.15000,0.15000,0.00000,0.00000,10558,10708,0.000000,0.000000
58.64,3.25519,0.05775,0.09228,AUTO,HAZARD_VISION_STOP,0.0000,0.0000,0.0000,0.0000,0.0000,0.0000,3,25.59615,0.15000,0.15000,0.00000,0.00000,10558,10708,0.000000,0.000000
58.66,3.25519,0.05775,0.09228,AUTO,HAZARD_VISION_STOP,0.0000,0.0000,0.0000,0.0000,0.0000,0.0000,3,25.59615,0.15000,0.15000,0.00000,0.00000,10558,10708,0.000000,0.000000
58.68,3.25519,0.05775,0.09228,AUTO,HAZARD_VISION_STOP,0.0000,0.0000,0.0000,0.0000,0.0000,0.0000,3,25.59615,0.15000,0.15000,0.00000,0.00000,10558,10708,0.000000,0.000000
58.70,3.25519,0.05775,0.09228,AUTO,HAZARD_VISION_STOP,0.0000,0.0000,0.0000,0.0000,0.0000,0.0000,3,25.59615,0.15000,0.15000,0.00000,0.00000,10558,10708,0.000000,0.000000
58.72,3.25519,0.05775,0.09228,AUTO,HAZARD_VISION_STOP,0.0000,0.0000,0.0000,0.0000,0.0000,0.0000,3,25.59615,0.15000,0.15000,0.00000,0.00000,10558,10708,0.000000,0.000000
58.74,3.25519,0.05775,0.09228,AUTO,HAZARD_VISION_STOP,0.0000,0.0000,0.0000,0.0000,0.0000,0.0000,3,25.59615,0.15000,0.15000,0.00000,0.00000,10558,10708,0.000000,0.000000
58.76,3.25519,0.05775,0.09228,AUTO,HAZARD_VISION_STOP,0.0000,0.0000,0.0000,0.0000,0.0000,0.0000,3,25.59615,0.15000,0.15000,0.00000,0.00000,10558,10708,0.000000,0.000000
58.78,3.25519,0.05775,0.09228,AUTO,HAZARD_VISION_STOP,0.0000,0.0000,0.0000,0.0000,0.0000,0.0000,3,25.59615,0.15000,0.15000,0.00000,0.00000,10558,10708,0.000000,0.000000
58.80,3.25519,0.05775,0.09228,AUTO,HAZARD_VISION_STOP,0.0000,0.0000,0.0000,0.0000,0.0000,0.0000,3,25.59615,0.15000,0.15000,0.00000,0.00000,10558,10708,0.000000,0.000000
58.82,3.25519,0.05775,0.09228,AUTO,HAZARD_VISION_STOP,0.0000,0.0000,0.0000,0.0000,0.0000,0.0000,3,25.59615,0.15000,0.15000,0.00000,0.00000,10558,10708,0.000000,0.000000
58.84,3.25519,0.05775,0.09228,AUTO,HAZARD_VISION_STOP,0.0000,0.0000,0.0000,0.0000,0.0000,0.0000,3,25.59615,0.15000,0.15000,0.00000,0.00000,10558,10708,0.000000,0.000000
58.86,3.25519,0.05775,0.09228,AUTO,HAZARD_VISION_STOP,0.0000,0.0000,0.0000,0.0000,0.0000,0.0000,3,25.59615,0.15000,0.15000,0.00000,0.00000,10558,10708,0.000000,0.000000
58.88,3.25519,0.05775,0.09228,AUTO,HAZARD_VISION_STOP,0.0000,0.0000,0.0000,0.0000,0.0000,0.0000,3,25.59615,0.15000,0.15000,0.00000,0.00000,10558,10708,0.000000,0.000000
58.90,3.25519,0.05775,0.09228,AUTO,HAZARD_VISION_STOP,0.0000,0.0000,0.0000,0.0000,0.0000,0.0000,3,25.59615,0.15000,0.15000,0.00000,0.00000,10558,10708,0.000000,0.000000
58.92,3.25519,0.05775,0.09228,AUTO,HAZARD_VISION_STOP,0.0000,0.0000,0.0000,0.0000,0.0000,0.0000,3,25.59615,0.15000,0.15000,0.00000,0.00000,10558,10708,0.000000,0.000000
58.94,3.25519,0.05775,0.09228,AUTO,HAZARD_VISION_STOP,0.0000,0.0000,0.0000,0.0000,0.0000,0.0000,3,25.59615,0.15000,0.15000,0.00000,0.00000,10558,10708,0.000000,0.000000
58.96,3.25519,0.05775,0.09228,AUTO,HAZARD_VISION_STOP,0.0000,0.0000,0.0000,0.0000,0.0000,0.0000,3,25.59615,0.15000,0.15000,0.00000,0.00000,10558,10708,0.000000,0.000000
58.98,3.25519,0.05775,0.09228,AUTO,HAZARD_VISION_STOP,0.0000,0.0000,0.0000,0.0000,0.0000,0.0000,3,25.59615,0.15000,0.15000,0.00000,0.00000,10558,10708,0.000000,0.000000
59.00,3.25519,0.05775,0.09228,AUTO,HAZARD_VISION_STOP,0.0000,0.0000,0.0000,0.0000,0.0000,0.0000,3,25.59615,0.15000,0.15000,0.00000,0.00000,10558,10708,0.000000,0.000000
59.02,3.25519,0.05775,0.09228,AUTO,HAZARD_VISION_STOP,0.0000,0.0000,0.0000,0.0000,0.0000,0.0000,3,25.59615,0.15000,0.15000,0.00000,0.00000,10558,10708,0.000000,0.000000
59.04,3.25519,0.05775,0.09228,AUTO,HAZARD_VISION_STOP,0.0000,0.0000,0.0000,0.0000,0.0000,0.0000,3,25.59615,0.15000,0.15000,0.00000,0.00000,10558,10708,0.000000,0.000000
59.06,3.25519,0.05775,0.09228,AUTO,HAZARD_VISION_STOP,0.0000,0.0000,0.0000,0.0000,0.0000,0.0000,3,25.59615,0.15000,0.15000,0.00000,0.00000,10558,10708,0.000000,0.000000
59.08,3.25519,0.05775,0.09228,AUTO,HAZARD_VISION_STOP,0.0000,0.0000,0.0000,0.0000,0.0000,0.0000,3,25.59615,0.15000,0.15000,0.00000,0.00000,10558,10708,0.000000,0.000000
59.10,3.25519,0.05775,0.09228,AUTO,HAZARD_VISION_STOP,0.0000,0.0000,0.0000,0.0000,0.0000,0.0000,3,25.59615,0.15000,0.15000,0.00000,0.00000,10558,10708,0.000000,0.000000
59.12,3.25519,0.05775,0.09228,AUTO,HAZARD_VISION_STOP,0.0000,0.0000,0.0000,0.0000,0.0000,0.0000,3,25.59615,0.15000,0.15000,0.00000,0.00000,10558,10708,0.000000,0.000000
59.14,3.25519,0.05775,0.09228,AUTO,HAZARD_VISION_STOP,0.0000,0.0000,0.0000,0.0000,0.0000,0.0000,3,25.59615,0.15000,0.15000,0.00000,0.00000,10558,10708,0.000000,0.000000
59.16,3.25519,0.05775,0.09228,AUTO,HAZARD_VISION_STOP,0.0000,0.0000,0.0000,0.0000,0.0000,0.0000,3,25.59615,0.15000,0.15000,0.00000,0.00000,10558,10708,0.000000,0.000000
59.18,3.25519,0.05775,0.09228,AUTO,HAZARD_VISION_STOP,0.0000,0.0000,0.0000,0.0000,0.0000,0.0000,3,25.59615,0.15000,0.15000,0.00000,0.00000,10558,10708,0.000000,0.000000
59.20,3.25519,0.05775,0.09228,AUTO,HAZARD_VISION_STOP,0.0000,0.0000,0.0000,0.0000,0.0000,0.0000,3,25.59615,0.15000,0.15000,0.00000,0.00000,10558,10708,0.000000,0.000000
59.22,3.25519,0.05775,0.09228,AUTO,HAZARD_VISION_STOP,0.0000,0.0000,0.0000,0.0000,0.0000,0.0000,3,25.59615,0.15000,0.15000,0.00000,0.00000,10558,10708,0.000000,0.000000
59.24,3.25519,0.05775,0.09228,AUTO,HAZARD_VISION_STOP,0.0000,0.0000,0.0000,0.0000,0.0000,0.0000,3,25.59615,0.15000,0.15000,0.00000,0.00000,10558,10708,0.000000,0.000000
59.26,3.25519,0.05775,0.09228,AUTO,HAZARD_VISION_STOP,0.0000,0.0000,0.0000,0.0000,0.0000,0.0000,3,25.59615,0.15000,0.15000,0.00000,0.00000,10558,10708,0.000000,0.000000
59.28,3.25519,0.05775,0.09228,AUTO,HAZARD_VISION_STOP,0.0000,0.0000,0.0000,0.0000,0.0000,0.0000,3,25.59615,0.15000,0.15000,0.00000,0.00000,10558,10708,0.000000,0.000000
59.30,3.25519,0.05775,0.09228,AUTO,HAZARD_VISION_STOP,0.0000,0.0000,0.0000,0.0000,0.0000,0.0000,3,25.59615,0.15000,0.15000,0.00000,0.00000,10558,10708,0.000000,0.000000
59.32,3.25519,0.05775,0.09228,AUTO,HAZARD_VISION_STOP,0.0000,0.0000,0.0000,0.0000,0.0000,0.0000,3,25.59615,0.15000,0.15000,0.00000,0.00000,10558,10708,0.000000,0.000000
59.34,3.25519,0.05775,0.09228,AUTO,HAZARD_VISION_STOP,0.0000,0.0000,0.0000,0.0000,0.0000,0.0000,3,25.59615,0.15000,0.15000,0.00000,0.00000,10558,10708,0.000000,0.000000
59.36,3.25519,0.05775,0.09228,AUTO,HAZARD_VISION_STOP,0.0000,0.0000,0.0000,0.0000,0.0000,0.0000,3,25.59615,0.15000,0.15000,0.00000,0.00000,10558,10708,0.000000,0.000000
59.38,3.25519,0.05775,0.09228,AUTO,HAZARD_VISION_STOP,0.0000,0.0000,0.0000,0.0000,0.0000,0.0000,3,25.59615,0.15000,0.15000,0.00000,0.00000,10558,10708,0.000000,0.000000
59.40,3.25519,0.05775,0.09228,AUTO,HAZARD_VISION_STOP,0.0000,0.0000,0.0000,0.0000,0.0000,0.0000,3,25.59615,0.15000,0.15000,0.00000,0.00000,10558,10708,0.000000,0.000000
59.42,3.25519,0.05775,0.09228,AUTO,HAZARD_VISION_STOP,0.0000,0.0000,0.0000,0.0000,0.0000,0.0000,3,25.59615,0.15000,0.15000,0.00000,0.00000,10558,10708,0.000000,0.000000
59.44,3.25519,0.05775,0.09228,AUTO,HAZARD_VISION_STOP,0.0000,0.0000,0.0000,0.0000,0.0000,0.0000,3,25.59615,0.15000,0.15000,0.00000,0.00000,10558,10708,0.000000,0.000000
59.46,3.25519,0.05775,0.09228,AUTO,HAZARD_VISION_STOP,0.0000,0.0000,0.0000,0.0000,0.0000,0.0000,3,25.59615,0.15000,0.15000,0.00000,0.00000,10558,10708,0.000000,0.000000
59.48,3.25519,0.05775,0.09228,AUTO,HAZARD_VISION_STOP,0.0000,0.0000,0.0000,0.0000,0.0000,0.0000,3,25.59615,0.15000,0.15000,0.00000,0.00000,10558,10708,0.000000,0.000000
59.50,3.25519,0.05775,0.09228,AUTO,HAZARD_VISION_STOP,0.0000,0.0000,0.0000,0.0000,0.0000,0.0000,3,25.59615,0.15000,0.15000,0.00000,0.00000,10558,10708,0.000000,0.000000
59.52,3.25519,0.05775,0.09228,AUTO,HAZARD_VISION_STOP,0.0000,0.0000,0.0000,0.0000,0.0000,0.0000,3,25.59615,0.15000,0.15000,0.00000,0.00000,10558,10708,0.000000,0.000000
59.54,3.25519,0.05775,0.09228,AUTO,HAZARD_VISION_STOP,0.0000,0.0000,0.0000,0.0000,0.0000,0.0000,3,25.59615,0.15000,0.15000,0.00000,0.00000,10558,10708,0.000000,0.000000
59.56,3.25519,0.05775,0.09228,AUTO,HAZARD_VISION_STOP,0.0000,0.0000,0.0000,0.0000,0.0000,0.0000,3,25.59615,0.15000,0.15000,0.00000,0.00000,10558,10708,0.000000,0.000000
59.58,3.25519,0.05775,0.09228,AUTO,HAZARD_VISION_STOP,0.0000,0.0000,0.0000,0.0000,0.0000,0.0000,3,25.59615,0.15000,0.15000,0.00000,0.00000,10558,10708,0.000000,0.000000
59.60,3.25519,0.05775,0.09228,AUTO,HAZARD_VISION_STOP,0.0000,0.0000,0.0000,0.0000,0.0000,0.0000,3,25.59615,0.15000,0.15000,0.00000,0.00000,10558,10708,0.000000,0.000000
59.62,3.25519,0.05775,0.09228,AUTO,HAZARD_VISION_STOP,0.0000,0.0000,0.0000,0.0000,0.0000,0.0000,3,25.59615,0.15000,0.15000,0.00000,0.00000,10558,10708,0.000000,0.000000
59.64,3.25519,0.05775,0.09228,AUTO,HAZARD_VISION_STOP,0.0000,0.0000,0.0000,0.0000,0.0000,0.0000,3,25.59615,0.15000,0.15000,0.00000,0.00000,10558,10708,0.000000,0.000000
59.66,3.25519,0.05775,0.09228,AUTO,HAZARD_VISION_STOP,0.0000,0.0000,0.0000,0.0000,0.0000,0.0000,3,25.59615,0.15000,0.15000,0.00000,0.00000,10558,10708,0.000000,0.000000
59.68,3.25519,0.05775,0.09228,AUTO,HAZARD_VISION_STOP,0.0000,0.0000,0.0000,0.0000,0.0000,0.0000,3,25.59615,0.15000,0.15000,0.00000,0.00000,10558,10708,0.000000,0.000000
59.70,3.25519,0.05775,0.09228,AUTO,HAZARD_VISION_STOP,0.0000,0.0000,0.0000,0.0000,0.0000,0.0000,3,25.59615,0.15000,0.15000,0.00000,0.00000,10558,10708,0.000000,0.000000
59.72,3.25519,0.05775,0.09228,AUTO,HAZARD_VISION_STOP,0.0000,0.0000,0.0000,0.0000,0.0000,0.0000,3,25.59615,0.15000,0.15000,0.00000,0.00000,10558,10708,0.000000,0.000000
59.74,3.25519,0.05775,0.09228,AUTO,HAZARD_VISION_STOP,0.0000,0.0000,0.0000,0.0000,0.0000,0.0000,3,25.59615,0.15000,0.15000,0.00000,0.00000,10558,10708,0.000000,0.000000
59.76,3.25519,0.05775,0.09228,AUTO,HAZARD_VISION_STOP,0.0000,0.0000,0.0000,0.0000,0.0000,0.0000,3,25.59615,0.15000,0.15000,0.00000,0.00000,10558,10708,0.000000,0.000000
59.78,3.25519,0.05775,0.09228,AUTO,HAZARD_VISION_STOP,0.0000,0.0000,0.0000,0.0000,0.0000,0.0000,3,25.59615,0.15000,0.15000,0.00000,0.00000,10558,10708,0.000000,0.000000
59.80,3.25519,0.05775,0.09228,AUTO,HAZARD_VISION_STOP,0.0000,0.0000,0.0000,0.0000,0.0000,0.0000,3,25.59615,0.15000,0.15000,0.00000,0.00000,10558,10708,0.000000,0.000000
59.82,3.25519,0.05775,0.09228,AUTO,HAZARD_VISION_STOP,0.0000,0.0000,0.0000,0.0000,0.0000,0.0000,3,25.59615,0.15000,0.15000,0.00000,0.00000,10558,10708,0.000000,0.000000
59.84,3.25519,0.05775,0.09228,AUTO,HAZARD_VISION_STOP,0.0000,0.0000,0.0000,0.0000,0.0000,0.0000,3,25.59615,0.15000,0.15000,0.00000,0.00000,10558,10708,0.000000,0.000000
59.86,3.25519,0.05775,0.09228,AUTO,HAZARD_VISION_STOP,0.0000,0.0000,0.0000,0.0000,0.0000,0.0000,3,25.59615,0.15000,0.15000,0.00000,0.00000,10558,10708,0.000000,0.000000
59.88,3.25519,0.05775,0.09228,AUTO,HAZARD_VISION_STOP,0.0000,0.0000,0.0000,0.0000,0.0000,0.0000,3,25.59615,0.15000,0.15000,0.00000,0.00000,10558,10708,0.000000,0.000000
59.90,3.25519,0.05775,0.09228,AUTO,HAZARD_VISION_STOP,0.0000,0.0000,0.0000,0.0000,0.0000,0.0000,3,25.59615,0.15000,0.15000,0.00000,0.00000,10558,10708,0.000000,0.000000
59.92,3.25519,0.05775,0.09228,AUTO,HAZARD_VISION_STOP,0.0000,0.0000,0.0000,0.0000,0.0000,0.0000,3,25.59615,0.15000,0.15000,0.00000,0.00000,10558,10708,0.000000,0.000000
59.94,3.25519,0.05775,0.09228,AUTO,HAZARD_VISION_STOP,0.0000,0.0000,0.0000,0.0000,0.0000,0.0000,3,25.59615,0.15000,0.15000,0.00000,0.00000,10558,10708,0.000000,0.000000
59.96,3.25519,0.05775,0.09228,AUTO,HAZARD_VISION_STOP,0.0000,0.0000,0.0000,0.0000,0.0000,0.0000,3,25.59615,0.15000,0.15000,0.00000,0.00000,10558,10708,0.000000,0.000000
59.98,3.25519,0.05775,0.09228,AUTO,HAZARD_VISION_STOP,0.0000,0.0000,0.0000,0.0000,0.0000,0.0000,3,25.59615,0.15000,0.15000,0.00000,0.00000,10558,10708,0.000000,0.000000
60.00,3.25519,0.05775,0.09228,AUTO,HAZARD_VISION_STOP,0.0000,0.0000,0.0000,0.0000,0.0000,0.0000,3,25.59615,0.15000,0.15000,0.00000,0.00000,10558,10708,0.000000,0.000000
60.02,3.25519,0.05775,0.09228,AUTO,HAZARD_VISION_STOP,0.0000,0.0000,0.0000,0.0000,0.0000,0.0000,3,25.59615,0.15000,0.15000,0.00000,0.00000,10558,10708,0.000000,0.000000
60.04,3.25519,0.05775,0.09228,AUTO,HAZARD_VISION_STOP,0.0000,0.0000,0.0000,0.0000,0.0000,0.0000,3,25.59615,0.15000,0.15000,0.00000,0.00000,10558,10708,0.000000,0.000000
60.06,3.25519,0.05775,0.09228,AUTO,HAZARD_VISION_STOP,0.0000,0.0000,0.0000,0.0000,0.0000,0.0000,3,25.59615,0.15000,0.15000,0.00000,0.00000,10558,10708,0.000000,0.000000
60.08,3.25519,0.05775,0.09228,AUTO,HAZARD_VISION_STOP,0.0000,0.0000,0.0000,0.0000,0.0000,0.0000,3,25.59615,0.15000,0.15000,0.00000,0.00000,10558,10708,0.000000,0.000000
60.10,3.25519,0.05775,0.09228,AUTO,HAZARD_VISION_STOP,0.0000,0.0000,0.0000,0.0000,0.0000,0.0000,3,25.59615,0.15000,0.15000,0.00000,0.00000,10558,10708,0.000000,0.000000
60.12,3.25519,0.05775,0.09228,AUTO,HAZARD_VISION_STOP,0.0000,0.0000,0.0000,0.0000,0.0000,0.0000,3,25.59615,0.15000,0.15000,0.00000,0.00000,10558,10708,0.000000,0.000000
60.14,3.25519,0.05775,0.09228,AUTO,HAZARD_VISION_STOP,0.0000,0.0000,0.0000,0.0000,0.0000,0.0000,3,25.59615,0.15000,0.15000,0.00000,0.00000,10558,10708,0.000000,0.000000
60.16,3.25519,0.05775,0.09228,AUTO,HAZARD_VISION_STOP,0.0000,0.0000,0.0000,0.0000,0.0000,0.0000,3,25.59615,0.15000,0.15000,0.00000,0.00000,10558,10708,0.000000,0.000000
60.18,3.25519,0.05775,0.09228,AUTO,HAZARD_VISION_STOP,0.0000,0.0000,0.0000,0.0000,0.0000,0.0000,3,25.59615,0.15000,0.15000,0.00000,0.00000,10558,10708,0.000000,0.000000
60.20,3.25519,0.05775,0.09228,AUTO,HAZARD_VISION_STOP,0.0000,0.0000,0.0000,0.0000,0.0000,0.0000,3,25.59615,0.15000,0.15000,0.00000,0.00000,10558,10708,0.000000,0.000000
60.22,3.25519,0.05775,0.09228,AUTO,HAZARD_VISION_STOP,0.0000,0.0000,0.0000,0.0000,0.0000,0.0000,3,25.59615,0.15000,0.15000,0.00000,0.00000,10558,10708,0.000000,0.000000
60.24,3.25519,0.05775,0.09228,AUTO,HAZARD_VISION_STOP,0.0000,0.0000,0.0000,0.0000,0.0000,0.0000,3,25.59615,0.15000,0.15000,0.00000,0.00000,10558,10708,0.000000,0.000000
60.26,3.25519,0.05775,0.09228,AUTO,HAZARD_VISION_STOP,0.0000,0.0000,0.0000,0.0000,0.0000,0.0000,3,25.59615,0.15000,0.15000,0.00000,0.00000,10558,10708,0.000000,0.000000
60.28,3.25519,0.05775,0.09228,AUTO,HAZARD_VISION_STOP,0.0000,0.0000,0.0000,0.0000,0.0000,0.0000,3,25.59615,0.15000,0.15000,0.00000,0.00000,10558,10708,0.000000,0.000000
60.30,3.25519,0.05775,0.09228,AUTO,HAZARD_VISION_STOP,0.0000,0.0000,0.0000,0.0000,0.0000,0.0000,3,25.59615,0.15000,0.15000,0.00000,0.00000,10558,10708,0.000000,0.000000
60.32,3.25519,0.05775,0.09228,AUTO,HAZARD_VISION_STOP,0.0000,0.0000,0.0000,0.0000,0.0000,0.0000,3,25.59615,0.15000,0.15000,0.00000,0.00000,10558,10708,0.000000,0.000000
60.34,3.25519,0.05775,0.09228,AUTO,HAZARD_VISION_STOP,0.0000,0.0000,0.0000,0.0000,0.0000,0.0000,3,25.59615,0.15000,0.15000,0.00000,0.00000,10558,10708,0.000000,0.000000
60.36,3.25519,0.05775,0.09228,AUTO,HAZARD_VISION_STOP,0.0000,0.0000,0.0000,0.0000,0.0000,0.0000,3,25.59615,0.15000,0.15000,0.00000,0.00000,10558,10708,0.000000,0.000000
60.38,3.25519,0.05775,0.09228,AUTO,HAZARD_VISION_STOP,0.0000,0.0000,0.0000,0.0000,0.0000,0.0000,3,25.59615,0.15000,0.15000,0.00000,0.00000,10558,10708,0.000000,0.000000
60.40,3.25519,0.05775,0.09228,AUTO,HAZARD_VISION_STOP,0.0000,0.0000,0.0000,0.0000,0.0000,0.0000,3,25.59615,0.15000,0.15000,0.00000,0.00000,10558,10708,0.000000,0.000000
60.42,3.25519,0.05775,0.09228,AUTO,HAZARD_VISION_STOP,0.0000,0.0000,0.0000,0.0000,0.0000,0.0000,3,25.59615,0.15000,0.15000,0.00000,0.00000,10558,10708,0.000000,0.000000
60.44,3.25519,0.05775,0.09228,AUTO,HAZARD_VISION_STOP,0.0000,0.0000,0.0000,0.0000,0.0000,0.0000,3,25.59615,0.15000,0.15000,0.00000,0.00000,10558,10708,0.000000,0.000000
60.46,3.25519,0.05775,0.09228,AUTO,HAZARD_VISION_STOP,0.0000,0.0000,0.0000,0.0000,0.0000,0.0000,3,25.59615,0.15000,0.15000,0.00000,0.00000,10558,10708,0.000000,0.000000
60.48,3.25519,0.05775,0.09228,AUTO,HAZARD_VISION_STOP,0.0000,0.0000,0.0000,0.0000,0.0000,0.0000,3,25.59615,0.15000,0.15000,0.00000,0.00000,10558,10708,0.000000,0.000000
60.50,3.25519,0.05775,0.09228,AUTO,HAZARD_VISION_STOP,0.0000,0.0000,0.0000,0.0000,0.0000,0.0000,3,25.59615,0.15000,0.15000,0.00000,0.00000,10558,10708,0.000000,0.000000
60.52,3.25519,0.05775,0.09228,AUTO,HAZARD_VISION_STOP,0.0000,0.0000,0.0000,0.0000,0.0000,0.0000,3,25.59615,0.15000,0.15000,0.00000,0.00000,10558,10708,0.000000,0.000000
60.54,3.25519,0.05775,0.09228,AUTO,HAZARD_VISION_STOP,0.0000,0.0000,0.0000,0.0000,0.0000,0.0000,3,25.59615,0.15000,0.15000,0.00000,0.00000,10558,10708,0.000000,0.000000
60.56,3.25519,0.05775,0.09228,AUTO,HAZARD_VISION_STOP,0.0000,0.0000,0.0000,0.0000,0.0000,0.0000,3,25.59615,0.15000,0.15000,0.00000,0.00000,10558,10708,0.000000,0.000000
60.58,3.25519,0.05775,0.09228,AUTO,HAZARD_VISION_STOP,0.0000,0.0000,0.0000,0.0000,0.0000,0.0000,3,25.59615,0.15000,0.15000,0.00000,0.00000,10558,10708,0.000000,0.000000
60.60,3.25519,0.05775,0.09228,AUTO,HAZARD_VISION_STOP,0.0000,0.0000,0.0000,0.0000,0.0000,0.0000,3,25.59615,0.15000,0.15000,0.00000,0.00000,10558,10708,0.000000,0.000000
60.62,3.25519,0.05775,0.09228,AUTO,HAZARD_VISION_STOP,0.0000,0.0000,0.0000,0.0000,0.0000,0.0000,3,25.59615,0.15000,0.15000,0.00000,0.00000,10558,10708,0.000000,0.000000
60.64,3.25519,0.05775,0.09228,AUTO,HAZARD_VISION_STOP,0.0000,0.0000,0.0000,0.0000,0.0000,0.0000,3,25.59615,0.15000,0.15000,0.00000,0.00000,10558,10708,0.000000,0.000000
60.66,3.25519,0.05775,0.09228,AUTO,HAZARD_VISION_STOP,0.0000,0.0000,0.0000,0.0000,0.0000,0.0000,3,25.59615,0.15000,0.15000,0.00000,0.00000,10558,10708,0.000000,0.000000
60.68,3.25519,0.05775,0.09228,AUTO,HAZARD_VISION_STOP,0.0000,0.0000,0.0000,0.0000,0.0000,0.0000,3,25.59615,0.15000,0.15000,0.00000,0.00000,10558,10708,0.000000,0.000000
60.70,3.25519,0.05775,0.09228,AUTO,HAZARD_VISION_STOP,0.0000,0.0000,0.0000,0.0000,0.0000,0.0000,3,25.59615,0.15000,0.15000,0.00000,0.00000,10558,10708,0.000000,0.000000
60.72,3.25519,0.05775,0.09228,AUTO,HAZARD_VISION_STOP,0.0000,0.0000,0.0000,0.0000,0.0000,0.0000,3,25.59615,0.15000,0.15000,0.00000,0.00000,10558,10708,0.000000,0.000000
60.74,3.25519,0.05775,0.09228,AUTO,HAZARD_VISION_STOP,0.0000,0.0000,0.0000,0.0000,0.0000,0.0000,3,25.59615,0.15000,0.15000,0.00000,0.00000,10558,10708,0.000000,0.000000
60.76,3.25519,0.05775,0.09228,AUTO,HAZARD_VISION_STOP,0.0000,0.0000,0.0000,0.0000,0.0000,0.0000,3,25.59615,0.15000,0.15000,0.00000,0.00000,10558,10708,0.000000,0.000000
60.78,3.25519,0.05775,0.09228,AUTO,HAZARD_VISION_STOP,0.0000,0.0000,0.0000,0.0000,0.0000,0.0000,3,25.59615,0.15000,0.15000,0.00000,0.00000,10558,10708,0.000000,0.000000
60.80,3.25519,0.05775,0.09228,AUTO,HAZARD_VISION_STOP,0.0000,0.0000,0.0000,0.0000,0.0000,0.0000,3,25.59615,0.15000,0.15000,0.00000,0.00000,10558,10708,0.000000,0.000000
60.82,3.25519,0.05775,0.09228,AUTO,HAZARD_VISION_STOP,0.0000,0.0000,0.0000,0.0000,0.0000,0.0000,3,25.59615,0.15000,0.15000,0.00000,0.00000,10558,10708,0.000000,0.000000
60.84,3.25519,0.05775,0.09228,AUTO,HAZARD_VISION_STOP,0.0000,0.0000,0.0000,0.0000,0.0000,0.0000,3,25.59615,0.15000,0.15000,0.00000,0.00000,10558,10708,0.000000,0.000000
60.86,3.25519,0.05775,0.09228,AUTO,HAZARD_VISION_STOP,0.0000,0.0000,0.0000,0.0000,0.0000,0.0000,3,25.59615,0.15000,0.15000,0.00000,0.00000,10558,10708,0.000000,0.000000
60.88,3.25519,0.05775,0.09228,AUTO,HAZARD_VISION_STOP,0.0000,0.0000,0.0000,0.0000,0.0000,0.0000,3,25.59615,0.15000,0.15000,0.00000,0.00000,10558,10708,0.000000,0.000000
60.90,3.25519,0.05775,0.09228,AUTO,HAZARD_VISION_STOP,0.0000,0.0000,0.0000,0.0000,0.0000,0.0000,3,25.59615,0.15000,0.15000,0.00000,0.00000,10558,10708,0.000000,0.000000
60.92,3.25519,0.05775,0.09228,AUTO,HAZARD_VISION_STOP,0.0000,0.0000,0.0000,0.0000,0.0000,0.0000,3,25.59615,0.15000,0.15000,0.00000,0.00000,10558,10708,0.000000,0.000000
60.94,3.25519,0.05775,0.09228,AUTO,HAZARD_VISION_STOP,0.0000,0.0000,0.0000,0.0000,0.0000,0.0000,3,25.59615,0.15000,0.15000,0.00000,0.00000,10558,10708,0.000000,0.000000
60.96,3.25519,0.05775,0.09228,AUTO,HAZARD_VISION_STOP,0.0000,0.0000,0.0000,0.0000,0.0000,0.0000,3,25.59615,0.15000,0.15000,0.00000,0.00000,10558,10708,0.000000,0.000000
60.98,3.25519,0.05775,0.09228,AUTO,HAZARD_VISION_STOP,0.0000,0.0000,0.0000,0.0000,0.0000,0.0000,3,25.59615,0.15000,0.15000,0.00000,0.00000,10558,10708,0.000000,0.000000
61.00,3.25519,0.05775,0.09228,AUTO,HAZARD_VISION_STOP,0.0000,0.0000,0.0000,0.0000,0.0000,0.0000,3,25.59615,0.15000,0.15000,0.00000,0.00000,10558,10708,0.000000,0.000000
61.02,3.25519,0.05775,0.09228,AUTO,HAZARD_VISION_STOP,0.0000,0.0000,0.0000,0.0000,0.0000,0.0000,3,25.59615,0.15000,0.15000,0.00000,0.00000,10558,10708,0.000000,0.000000
61.04,3.25519,0.05775,0.09228,AUTO,HAZARD_VISION_STOP,0.0000,0.0000,0.0000,0.0000,0.0000,0.0000,3,25.59615,0.15000,0.15000,0.00000,0.00000,10558,10708,0.000000,0.000000
61.06,3.25519,0.05775,0.09228,AUTO,HAZARD_VISION_STOP,0.0000,0.0000,0.0000,0.0000,0.0000,0.0000,3,25.59615,0.15000,0.15000,0.00000,0.00000,10558,10708,0.000000,0.000000
61.08,3.25519,0.05775,0.09228,AUTO,HAZARD_VISION_STOP,0.0000,0.0000,0.0000,0.0000,0.0000,0.0000,3,25.59615,0.15000,0.15000,0.00000,0.00000,10558,10708,0.000000,0.000000
61.10,3.25519,0.05775,0.09228,AUTO,HAZARD_VISION_STOP,0.0000,0.0000,0.0000,0.0000,0.0000,0.0000,3,25.59615,0.15000,0.15000,0.00000,0.00000,10558,10708,0.000000,0.000000
61.12,3.25519,0.05775,0.09228,AUTO,HAZARD_VISION_STOP,0.0000,0.0000,0.0000,0.0000,0.0000,0.0000,3,25.59615,0.15000,0.15000,0.00000,0.00000,10558,10708,0.000000,0.000000
61.14,3.25519,0.05775,0.09228,AUTO,HAZARD_VISION_STOP,0.0000,0.0000,0.0000,0.0000,0.0000,0.0000,3,25.59615,0.15000,0.15000,0.00000,0.00000,10558,10708,0.000000,0.000000
61.16,3.25519,0.05775,0.09228,AUTO,HAZARD_VISION_STOP,0.0000,0.0000,0.0000,0.0000,0.0000,0.0000,3,25.59615,0.15000,0.15000,0.00000,0.00000,10558,10708,0.000000,0.000000
61.18,3.25519,0.05775,0.09228,AUTO,HAZARD_VISION_STOP,0.0000,0.0000,0.0000,0.0000,0.0000,0.0000,3,25.59615,0.15000,0.15000,0.00000,0.00000,10558,10708,0.000000,0.000000
61.20,3.25519,0.05775,0.09228,AUTO,HAZARD_VISION_STOP,0.0000,0.0000,0.0000,0.0000,0.0000,0.0000,3,25.59615,0.15000,0.15000,0.00000,0.00000,10558,10708,0.000000,0.000000
61.22,3.25519,0.05775,0.09228,AUTO,HAZARD_VISION_STOP,0.0000,0.0000,0.0000,0.0000,0.0000,0.0000,3,25.59615,0.15000,0.15000,0.00000,0.00000,10558,10708,0.000000,0.000000
61.24,3.25519,0.05775,0.09228,AUTO,HAZARD_VISION_STOP,0.0000,0.0000,0.0000,0.0000,0.0000,0.0000,3,25.59615,0.15000,0.15000,0.00000,0.00000,10558,10708,0.000000,0.000000
61.26,3.25519,0.05775,0.09228,AUTO,HAZARD_VISION_STOP,0.0000,0.0000,0.0000,0.0000,0.0000,0.0000,3,25.59615,0.15000,0.15000,0.00000,0.00000,10558,10708,0.000000,0.000000
61.28,3.25519,0.05775,0.09228,AUTO,HAZARD_VISION_STOP,0.0000,0.0000,0.0000,0.0000,0.0000,0.0000,3,25.59615,0.15000,0.15000,0.00000,0.00000,10558,10708,0.000000,0.000000
61.30,3.25519,0.05775,0.09228,AUTO,HAZARD_VISION_STOP,0.0000,0.0000,0.0000,0.0000,0.0000,0.0000,3,25.59615,0.15000,0.15000,0.00000,0.00000,10558,10708,0.000000,0.000000
61.32,3.25519,0.05775,0.09228,AUTO,HAZARD_VISION_STOP,0.0000,0.0000,0.0000,0.0000,0.0000,0.0000,3,25.59615,0.15000,0.15000,0.00000,0.00000,10558,10708,0.000000,0.000000
61.34,3.25519,0.05775,0.09228,AUTO,HAZARD_VISION_STOP,0.0000,0.0000,0.0000,0.0000,0.0000,0.0000,3,25.59615,0.15000,0.15000,0.00000,0.00000,10558,10708,0.000000,0.000000
61.36,3.25519,0.05775,0.09228,AUTO,HAZARD_VISION_STOP,0.0000,0.0000,0.0000,0.0000,0.0000,0.0000,3,25.59615,0.15000,0.15000,0.00000,0.00000,10558,10708,0.000000,0.000000
61.38,3.25519,0.05775,0.09228,AUTO,HAZARD_VISION_STOP,0.0000,0.0000,0.0000,0.0000,0.0000,0.0000,3,25.59615,0.15000,0.15000,0.00000,0.00000,10558,10708,0.000000,0.000000
61.40,3.25519,0.05775,0.09228,AUTO,HAZARD_VISION_STOP,0.0000,0.0000,0.0000,0.0000,0.0000,0.0000,3,25.59615,0.15000,0.15000,0.00000,0.00000,10558,10708,0.000000,0.000000
61.42,3.25519,0.05775,0.09228,AUTO,HAZARD_VISION_STOP,0.0000,0.0000,0.0000,0.0000,0.0000,0.0000,3,25.59615,0.15000,0.15000,0.00000,0.00000,10558,10708,0.000000,0.000000
61.44,3.25519,0.05775,0.09228,AUTO,HAZARD_VISION_STOP,0.0000,0.0000,0.0000,0.0000,0.0000,0.0000,3,25.59615,0.15000,0.15000,0.00000,0.00000,10558,10708,0.000000,0.000000
61.46,3.25519,0.05775,0.09228,AUTO,HAZARD_VISION_STOP,0.0000,0.0000,0.0000,0.0000,0.0000,0.0000,3,25.59615,0.15000,0.15000,0.00000,0.00000,10558,10708,0.000000,0.000000
61.48,3.25519,0.05775,0.09228,AUTO,HAZARD_VISION_STOP,0.0000,0.0000,0.0000,0.0000,0.0000,0.0000,3,25.59615,0.15000,0.15000,0.00000,0.00000,10558,10708,0.000000,0.000000
61.50,3.25519,0.05775,0.09228,AUTO,HAZARD_VISION_STOP,0.0000,0.0000,0.0000,0.0000,0.0000,0.0000,3,25.59615,0.15000,0.15000,0.00000,0.00000,10558,10708,0.000000,0.000000
61.52,3.25519,0.05775,0.09228,AUTO,HAZARD_VISION_STOP,0.0000,0.0000,0.0000,0.0000,0.0000,0.0000,3,25.59615,0.15000,0.15000,0.00000,0.00000,10558,10708,0.000000,0.000000
61.54,3.25519,0.05775,0.09228,AUTO,HAZARD_VISION_STOP,0.0000,0.0000,0.0000,0.0000,0.0000,0.0000,3,25.59615,0.15000,0.15000,0.00000,0.00000,10558,10708,0.000000,0.000000
61.56,3.25519,0.05775,0.09228,AUTO,HAZARD_VISION_STOP,0.0000,0.0000,0.0000,0.0000,0.0000,0.0000,3,25.59615,0.15000,0.15000,0.00000,0.00000,10558,10708,0.000000,0.000000
61.58,3.25519,0.05775,0.09228,AUTO,HAZARD_VISION_STOP,0.0000,0.0000,0.0000,0.0000,0.0000,0.0000,3,25.59615,0.15000,0.15000,0.00000,0.00000,10558,10708,0.000000,0.000000
61.60,3.25519,0.05775,0.09228,AUTO,HAZARD_VISION_STOP,0.0000,0.0000,0.0000,0.0000,0.0000,0.0000,3,25.59615,0.15000,0.15000,0.00000,0.00000,10558,10708,0.000000,0.000000
61.62,3.25519,0.05775,0.09228,AUTO,HAZARD_VISION_STOP,0.0000,0.0000,0.0000,0.0000,0.0000,0.0000,3,25.59615,0.15000,0.15000,0.00000,0.00000,10558,10708,0.000000,0.000000
61.64,3.25519,0.05775,0.09228,AUTO,HAZARD_VISION_STOP,0.0000,0.0000,0.0000,0.0000,0.0000,0.0000,3,25.59615,0.15000,0.15000,0.00000,0.00000,10558,10708,0.000000,0.000000
61.66,3.25519,0.05775,0.09228,AUTO,HAZARD_VISION_STOP,0.0000,0.0000,0.0000,0.0000,0.0000,0.0000,3,25.59615,0.15000,0.15000,0.00000,0.00000,10558,10708,0.000000,0.000000
61.68,3.25519,0.05775,0.09228,AUTO,HAZARD_VISION_STOP,0.0000,0.0000,0.0000,0.0000,0.0000,0.0000,3,25.59615,0.15000,0.15000,0.00000,0.00000,10558,10708,0.000000,0.000000
61.70,3.25519,0.05775,0.09228,AUTO,HAZARD_VISION_STOP,0.0000,0.0000,0.0000,0.0000,0.0000,0.0000,3,25.59615,0.15000,0.15000,0.00000,0.00000,10558,10708,0.000000,0.000000
61.72,3.25519,0.05775,0.09228,AUTO,HAZARD_VISION_STOP,0.0000,0.0000,0.0000,0.0000,0.0000,0.0000,3,25.59615,0.15000,0.15000,0.00000,0.00000,10558,10708,0.000000,0.000000
61.74,3.25519,0.05775,0.09228,AUTO,HAZARD_VISION_STOP,0.0000,0.0000,0.0000,0.0000,0.0000,0.0000,3,25.59615,0.15000,0.15000,0.00000,0.00000,10558,10708,0.000000,0.000000
61.76,3.25519,0.05775,0.09228,AUTO,HAZARD_VISION_STOP,0.0000,0.0000,0.0000,0.0000,0.0000,0.0000,3,25.59615,0.15000,0.15000,0.00000,0.00000,10558,10708,0.000000,0.000000
61.78,3.25519,0.05775,0.09228,AUTO,HAZARD_VISION_STOP,0.0000,0.0000,0.0000,0.0000,0.0000,0.0000,3,25.59615,0.15000,0.15000,0.00000,0.00000,10558,10708,0.000000,0.000000
61.80,3.25519,0.05775,0.09228,AUTO,HAZARD_VISION_STOP,0.0000,0.0000,0.0000,0.0000,0.0000,0.0000,3,25.59615,0.15000,0.15000,0.00000,0.00000,10558,10708,0.000000,0.000000
61.82,3.25519,0.05775,0.09228,AUTO,HAZARD_VISION_STOP,0.0000,0.0000,0.0000,0.0000,0.0000,0.0000,3,25.59615,0.15000,0.15000,0.00000,0.00000,10558,10708,0.000000,0.000000
61.84,3.25519,0.05775,0.09228,AUTO,HAZARD_VISION_STOP,0.0000,0.0000,0.0000,0.0000,0.0000,0.0000,3,25.59615,0.15000,0.15000,0.00000,0.00000,10558,10708,0.000000,0.000000
61.86,3.25519,0.05775,0.09228,AUTO,HAZARD_VISION_STOP,0.0000,0.0000,0.0000,0.0000,0.0000,0.0000,3,25.59615,0.15000,0.15000,0.00000,0.00000,10558,10708,0.000000,0.000000
61.88,3.25519,0.05775,0.09228,AUTO,HAZARD_VISION_STOP,0.0000,0.0000,0.0000,0.0000,0.0000,0.0000,3,25.59615,0.15000,0.15000,0.00000,0.00000,10558,10708,0.000000,0.000000
61.90,3.25519,0.05775,0.09228,AUTO,HAZARD_VISION_STOP,0.0000,0.0000,0.0000,0.0000,0.0000,0.0000,3,25.59615,0.15000,0.15000,0.00000,0.00000,10558,10708,0.000000,0.000000
61.92,3.25519,0.05775,0.09228,AUTO,HAZARD_VISION_STOP,0.0000,0.0000,0.0000,0.0000,0.0000,0.0000,3,25.59615,0.15000,0.15000,0.00000,0.00000,10558,10708,0.000000,0.000000
61.94,3.25519,0.05775,0.09228,AUTO,HAZARD_VISION_STOP,0.0000,0.0000,0.0000,0.0000,0.0000,0.0000,3,25.59615,0.15000,0.15000,0.00000,0.00000,10558,10708,0.000000,0.000000
61.96,3.25519,0.05775,0.09228,AUTO,HAZARD_VISION_STOP,0.0000,0.0000,0.0000,0.0000,0.0000,0.0000,3,25.59615,0.15000,0.15000,0.00000,0.00000,10558,10708,0.000000,0.000000
61.98,3.25519,0.05775,0.09228,AUTO,HAZARD_VISION_STOP,0.0000,0.0000,0.0000,0.0000,0.0000,0.0000,3,25.59615,0.15000,0.15000,0.00000,0.00000,10558,10708,0.000000,0.000000
62.00,3.25519,0.05775,0.09228,AUTO,HAZARD_VISION_STOP,0.0000,0.0000,0.0000,0.0000,0.0000,0.0000,3,25.59615,0.15000,0.15000,0.00000,0.00000,10558,10708,0.000000,0.000000
62.02,3.25519,0.05775,0.09228,AUTO,HAZARD_VISION_STOP,0.0000,0.0000,0.0000,0.0000,0.0000,0.0000,3,25.59615,0.15000,0.15000,0.00000,0.00000,10558,10708,0.000000,0.000000
62.04,3.25519,0.05775,0.09228,AUTO,HAZARD_VISION_STOP,0.0000,0.0000,0.0000,0.0000,0.0000,0.0000,3,25.59615,0.15000,0.15000,0.00000,0.00000,10558,10708,0.000000,0.000000
62.06,3.25519,0.05775,0.09228,AUTO,HAZARD_VISION_STOP,0.0000,0.0000,0.0000,0.0000,0.0000,0.0000,3,25.59615,0.15000,0.15000,0.00000,0.00000,10558,10708,0.000000,0.000000
62.08,3.25519,0.05775,0.09228,AUTO,HAZARD_VISION_STOP,0.0000,0.0000,0.0000,0.0000,0.0000,0.0000,3,25.59615,0.15000,0.15000,0.00000,0.00000,10558,10708,0.000000,0.000000
62.10,3.25519,0.05775,0.09228,AUTO,HAZARD_VISION_STOP,0.0000,0.0000,0.0000,0.0000,0.0000,0.0000,3,25.59615,0.15000,0.15000,0.00000,0.00000,10558,10708,0.000000,0.000000
62.12,3.25519,0.05775,0.09228,AUTO,HAZARD_VISION_STOP,0.0000,0.0000,0.0000,0.0000,0.0000,0.0000,3,25.59615,0.15000,0.15000,0.00000,0.00000,10558,10708,0.000000,0.000000
62.14,3.25519,0.05775,0.09228,AUTO,HAZARD_VISION_STOP,0.0000,0.0000,0.0000,0.0000,0.0000,0.0000,3,25.59615,0.15000,0.15000,0.00000,0.00000,10558,10708,0.000000,0.000000
62.16,3.25519,0.05775,0.09228,AUTO,HAZARD_VISION_STOP,0.0000,0.0000,0.0000,0.0000,0.0000,0.0000,3,25.59615,0.15000,0.15000,0.00000,0.00000,10558,10708,0.000000,0.000000
62.18,3.25519,0.05775,0.09228,AUTO,HAZARD_VISION_STOP,0.0000,0.0000,0.0000,0.0000,0.0000,0.0000,3,25.59615,0.15000,0.15000,0.00000,0.00000,10558,10708,0.000000,0.000000
62.20,3.25519,0.05775,0.09228,AUTO,HAZARD_VISION_STOP,0.0000,0.0000,0.0000,0.0000,0.0000,0.0000,3,25.59615,0.15000,0.15000,0.00000,0.00000,10558,10708,0.000000,0.000000
62.22,3.25519,0.05775,0.09228,AUTO,HAZARD_VISION_STOP,0.0000,0.0000,0.0000,0.0000,0.0000,0.0000,3,25.59615,0.15000,0.15000,0.00000,0.00000,10558,10708,0.000000,0.000000
62.24,3.25519,0.05775,0.09228,AUTO,HAZARD_VISION_STOP,0.0000,0.0000,0.0000,0.0000,0.0000,0.0000,3,25.59615,0.15000,0.15000,0.00000,0.00000,10558,10708,0.000000,0.000000
62.26,3.25519,0.05775,0.09228,AUTO,HAZARD_VISION_STOP,0.0000,0.0000,0.0000,0.0000,0.0000,0.0000,3,25.59615,0.15000,0.15000,0.00000,0.00000,10558,10708,0.000000,0.000000
62.28,3.25519,0.05775,0.09228,AUTO,HAZARD_VISION_STOP,0.0000,0.0000,0.0000,0.0000,0.0000,0.0000,3,25.59615,0.15000,0.15000,0.00000,0.00000,10558,10708,0.000000,0.000000
62.30,3.25519,0.05775,0.09228,AUTO,HAZARD_VISION_STOP,0.0000,0.0000,0.0000,0.0000,0.0000,0.0000,3,25.59615,0.15000,0.15000,0.00000,0.00000,10558,10708,0.000000,0.000000
62.32,3.25519,0.05775,0.09228,AUTO,HAZARD_VISION_STOP,0.0000,0.0000,0.0000,0.0000,0.0000,0.0000,3,25.59615,0.15000,0.15000,0.00000,0.00000,10558,10708,0.000000,0.000000
62.34,3.25519,0.05775,0.09228,AUTO,HAZARD_VISION_STOP,0.0000,0.0000,0.0000,0.0000,0.0000,0.0000,3,25.59615,0.15000,0.15000,0.00000,0.00000,10558,10708,0.000000,0.000000
62.36,3.25519,0.05775,0.09228,AUTO,HAZARD_VISION_STOP,0.0000,0.0000,0.0000,0.0000,0.0000,0.0000,3,25.59615,0.15000,0.15000,0.00000,0.00000,10558,10708,0.000000,0.000000
62.38,3.25519,0.05775,0.09228,AUTO,HAZARD_VISION_STOP,0.0000,0.0000,0.0000,0.0000,0.0000,0.0000,3,25.59615,0.15000,0.15000,0.00000,0.00000,10558,10708,0.000000,0.000000
62.40,3.25519,0.05775,0.09228,AUTO,HAZARD_VISION_STOP,0.0000,0.0000,0.0000,0.0000,0.0000,0.0000,3,25.59615,0.15000,0.15000,0.00000,0.00000,10558,10708,0.000000,0.000000
62.42,3.25519,0.05775,0.09228,AUTO,HAZARD_VISION_STOP,0.0000,0.0000,0.0000,0.0000,0.0000,0.0000,3,25.59615,0.15000,0.15000,0.00000,0.00000,10558,10708,0.000000,0.000000
62.44,3.25519,0.05775,0.09228,AUTO,HAZARD_VISION_STOP,0.0000,0.0000,0.0000,0.0000,0.0000,0.0000,3,25.59615,0.15000,0.15000,0.00000,0.00000,10558,10708,0.000000,0.000000
62.46,3.25519,0.05775,0.09228,AUTO,HAZARD_VISION_STOP,0.0000,0.0000,0.0000,0.0000,0.0000,0.0000,3,25.59615,0.15000,0.15000,0.00000,0.00000,10558,10708,0.000000,0.000000
62.48,3.25519,0.05775,0.09228,AUTO,HAZARD_VISION_STOP,0.0000,0.0000,0.0000,0.0000,0.0000,0.0000,3,25.59615,0.15000,0.15000,0.00000,0.00000,10558,10708,0.000000,0.000000
62.50,3.25519,0.05775,0.09228,AUTO,HAZARD_VISION_STOP,0.0000,0.0000,0.0000,0.0000,0.0000,0.0000,3,25.59615,0.15000,0.15000,0.00000,0.00000,10558,10708,0.000000,0.000000
62.52,3.25519,0.05775,0.09228,AUTO,HAZARD_VISION_STOP,0.0000,0.0000,0.0000,0.0000,0.0000,0.0000,3,25.59615,0.15000,0.15000,0.00000,0.00000,10558,10708,0.000000,0.000000
62.54,3.25519,0.05775,0.09228,AUTO,HAZARD_VISION_STOP,0.0000,0.0000,0.0000,0.0000,0.0000,0.0000,3,25.59615,0.15000,0.15000,0.00000,0.00000,10558,10708,0.000000,0.000000
62.56,3.25519,0.05775,0.09228,AUTO,HAZARD_VISION_STOP,0.0000,0.0000,0.0000,0.0000,0.0000,0.0000,3,25.59615,0.15000,0.15000,0.00000,0.00000,10558,10708,0.000000,0.000000
62.58,3.25519,0.05775,0.09228,AUTO,HAZARD_VISION_STOP,0.0000,0.0000,0.0000,0.0000,0.0000,0.0000,3,25.59615,0.15000,0.15000,0.00000,0.00000,10558,10708,0.000000,0.000000
62.60,3.25519,0.05775,0.09228,AUTO,HAZARD_VISION_STOP,0.0000,0.0000,0.0000,0.0000,0.0000,0.0000,3,25.59615,0.15000,0.15000,0.00000,0.00000,10558,10708,0.000000,0.000000
62.62,3.25519,0.05775,0.09228,AUTO,HAZARD_VISION_STOP,0.0000,0.0000,0.0000,0.0000,0.0000,0.0000,3,25.59615,0.15000,0.15000,0.00000,0.00000,10558,10708,0.000000,0.000000
62.64,3.25519,0.05775,0.09228,AUTO,HAZARD_VISION_STOP,0.0000,0.0000,0.0000,0.0000,0.0000,0.0000,3,25.59615,0.15000,0.15000,0.00000,0.00000,10558,10708,0.000000,0.000000
62.66,3.25519,0.05775,0.09228,AUTO,HAZARD_VISION_STOP,0.0000,0.0000,0.0000,0.0000,0.0000,0.0000,3,25.59615,0.15000,0.15000,0.00000,0.00000,10558,10708,0.000000,0.000000
62.68,3.25519,0.05775,0.09228,AUTO,HAZARD_VISION_STOP,0.0000,0.0000,0.0000,0.0000,0.0000,0.0000,3,25.59615,0.15000,0.15000,0.00000,0.00000,10558,10708,0.000000,0.000000
62.70,3.25519,0.05775,0.09228,AUTO,HAZARD_VISION_STOP,0.0000,0.0000,0.0000,0.0000,0.0000,0.0000,3,25.59615,0.15000,0.15000,0.00000,0.00000,10558,10708,0.000000,0.000000
62.72,3.25519,0.05775,0.09228,AUTO,HAZARD_VISION_STOP,0.0000,0.0000,0.0000,0.0000,0.0000,0.0000,3,25.59615,0.15000,0.15000,0.00000,0.00000,10558,10708,0.000000,0.000000
62.74,3.25519,0.05775,0.09228,AUTO,HAZARD_VISION_STOP,0.0000,0.0000,0.0000,0.0000,0.0000,0.0000,3,25.59615,0.15000,0.15000,0.00000,0.00000,10558,10708,0.000000,0.000000
62.76,3.25519,0.05775,0.09228,AUTO,HAZARD_VISION_STOP,0.0000,0.0000,0.0000,0.0000,0.0000,0.0000,3,25.59615,0.15000,0.15000,0.00000,0.00000,10558,10708,0.000000,0.000000
62.78,3.25519,0.05775,0.09228,AUTO,HAZARD_VISION_STOP,0.0000,0.0000,0.0000,0.0000,0.0000,0.0000,3,25.59615,0.15000,0.15000,0.00000,0.00000,10558,10708,0.000000,0.000000
62.80,3.25519,0.05775,0.09228,AUTO,HAZARD_VISION_STOP,0.0000,0.0000,0.0000,0.0000,0.0000,0.0000,3,25.59615,0.15000,0.15000,0.00000,0.00000,10558,10708,0.000000,0.000000
62.82,3.25519,0.05775,0.09228,AUTO,HAZARD_VISION_STOP,0.0000,0.0000,0.0000,0.0000,0.0000,0.0000,3,25.59615,0.15000,0.15000,0.00000,0.00000,10558,10708,0.000000,0.000000
62.84,3.25519,0.05775,0.09228,AUTO,HAZARD_VISION_STOP,0.0000,0.0000,0.0000,0.0000,0.0000,0.0000,3,25.59615,0.15000,0.15000,0.00000,0.00000,10558,10708,0.000000,0.000000
62.86,3.25519,0.05775,0.09228,AUTO,HAZARD_VISION_STOP,0.0000,0.0000,0.0000,0.0000,0.0000,0.0000,3,25.59615,0.15000,0.15000,0.00000,0.00000,10558,10708,0.000000,0.000000
62.88,3.25519,0.05775,0.09228,AUTO,HAZARD_VISION_STOP,0.0000,0.0000,0.0000,0.0000,0.0000,0.0000,3,25.59615,0.15000,0.15000,0.00000,0.00000,10558,10708,0.000000,0.000000
62.90,3.25519,0.05775,0.09228,AUTO,HAZARD_VISION_STOP,0.0000,0.0000,0.0000,0.0000,0.0000,0.0000,3,25.59615,0.15000,0.15000,0.00000,0.00000,10558,10708,0.000000,0.000000
62.92,3.25519,0.05775,0.09228,AUTO,HAZARD_VISION_STOP,0.0000,0.0000,0.0000,0.0000,0.0000,0.0000,3,25.59615,0.15000,0.15000,0.00000,0.00000,10558,10708,0.000000,0.000000
62.94,3.25519,0.05775,0.09228,AUTO,HAZARD_VISION_STOP,0.0000,0.0000,0.0000,0.0000,0.0000,0.0000,3,25.59615,0.15000,0.15000,0.00000,0.00000,10558,10708,0.000000,0.000000
62.96,3.25519,0.05775,0.09228,AUTO,HAZARD_VISION_STOP,0.0000,0.0000,0.0000,0.0000,0.0000,0.0000,3,25.59615,0.15000,0.15000,0.00000,0.00000,10558,10708,0.000000,0.000000
62.98,3.25519,0.05775,0.09228,AUTO,HAZARD_VISION_STOP,0.0000,0.0000,0.0000,0.0000,0.0000,0.0000,3,25.59615,0.15000,0.15000,0.00000,0.00000,10558,10708,0.000000,0.000000
63.00,3.25519,0.05775,0.09228,AUTO,HAZARD_VISION_STOP,0.0000,0.0000,0.0000,0.0000,0.0000,0.0000,3,25.59615,0.15000,0.15000,0.00000,0.00000,10558,10708,0.000000,0.000000
63.02,3.25519,0.05775,0.09228,AUTO,HAZARD_VISION_STOP,0.0000,0.0000,0.0000,0.0000,0.0000,0.0000,3,25.59615,0.15000,0.15000,0.00000,0.00000,10558,10708,0.000000,0.000000
63.04,3.25519,0.05775,0.09228,AUTO,HAZARD_VISION_STOP,0.0000,0.0000,0.0000,0.0000,0.0000,0.0000,3,25.59615,0.15000,0.15000,0.00000,0.00000,10558,10708,0.000000,0.000000
63.06,3.25519,0.05775,0.09228,AUTO,HAZARD_VISION_STOP,0.0000,0.0000,0.0000,0.0000,0.0000,0.0000,3,25.59615,0.15000,0.15000,0.00000,0.00000,10558,10708,0.000000,0.000000
63.08,3.25519,0.05775,0.09228,AUTO,HAZARD_VISION_STOP,0.0000,0.0000,0.0000,0.0000,0.0000,0.0000,3,25.59615,0.15000,0.15000,0.00000,0.00000,10558,10708,0.000000,0.000000
63.10,3.25519,0.05775,0.09228,AUTO,HAZARD_VISION_STOP,0.0000,0.0000,0.0000,0.0000,0.0000,0.0000,3,25.59615,0.15000,0.15000,0.00000,0.00000,10558,10708,0.000000,0.000000
63.12,3.25519,0.05775,0.09228,AUTO,HAZARD_VISION_STOP,0.0000,0.0000,0.0000,0.0000,0.0000,0.0000,3,25.59615,0.15000,0.15000,0.00000,0.00000,10558,10708,0.000000,0.000000
63.14,3.25519,0.05775,0.09228,AUTO,HAZARD_VISION_STOP,0.0000,0.0000,0.0000,0.0000,0.0000,0.0000,3,25.59615,0.15000,0.15000,0.00000,0.00000,10558,10708,0.000000,0.000000
63.16,3.25519,0.05775,0.09228,AUTO,HAZARD_VISION_STOP,0.0000,0.0000,0.0000,0.0000,0.0000,0.0000,3,25.59615,0.15000,0.15000,0.00000,0.00000,10558,10708,0.000000,0.000000
63.18,3.25519,0.05775,0.09228,AUTO,HAZARD_VISION_STOP,0.0000,0.0000,0.0000,0.0000,0.0000,0.0000,3,25.59615,0.15000,0.15000,0.00000,0.00000,10558,10708,0.000000,0.000000
63.20,3.25519,0.05775,0.09228,AUTO,HAZARD_VISION_STOP,0.0000,0.0000,0.0000,0.0000,0.0000,0.0000,3,25.59615,0.15000,0.15000,0.00000,0.00000,10558,10708,0.000000,0.000000
63.22,3.25519,0.05775,0.09228,AUTO,HAZARD_VISION_STOP,0.0000,0.0000,0.0000,0.0000,0.0000,0.0000,3,25.59615,0.15000,0.15000,0.00000,0.00000,10558,10708,0.000000,0.000000
63.24,3.25519,0.05775,0.09228,AUTO,HAZARD_VISION_STOP,0.0000,0.0000,0.0000,0.0000,0.0000,0.0000,3,25.59615,0.15000,0.15000,0.00000,0.00000,10558,10708,0.000000,0.000000
63.26,3.25519,0.05775,0.09228,AUTO,HAZARD_VISION_STOP,0.0000,0.0000,0.0000,0.0000,0.0000,0.0000,3,25.59615,0.15000,0.15000,0.00000,0.00000,10558,10708,0.000000,0.000000
63.28,3.25519,0.05775,0.09228,AUTO,HAZARD_VISION_STOP,0.0000,0.0000,0.0000,0.0000,0.0000,0.0000,3,25.59615,0.15000,0.15000,0.00000,0.00000,10558,10708,0.000000,0.000000
63.30,3.25519,0.05775,0.09228,AUTO,HAZARD_VISION_STOP,0.0000,0.0000,0.0000,0.0000,0.0000,0.0000,3,25.59615,0.15000,0.15000,0.00000,0.00000,10558,10708,0.000000,0.000000
63.32,3.25519,0.05775,0.09228,AUTO,HAZARD_VISION_STOP,0.0000,0.0000,0.0000,0.0000,0.0000,0.0000,3,25.59615,0.15000,0.15000,0.00000,0.00000,10558,10708,0.000000,0.000000
63.34,3.25519,0.05775,0.09228,AUTO,HAZARD_VISION_STOP,0.0000,0.0000,0.0000,0.0000,0.0000,0.0000,3,25.59615,0.15000,0.15000,0.00000,0.00000,10558,10708,0.000000,0.000000
63.36,3.25519,0.05775,0.09228,AUTO,HAZARD_VISION_STOP,0.0000,0.0000,0.0000,0.0000,0.0000,0.0000,3,25.59615,0.15000,0.15000,0.00000,0.00000,10558,10708,0.000000,0.000000
63.38,3.25519,0.05775,0.09228,AUTO,HAZARD_VISION_STOP,0.0000,0.0000,0.0000,0.0000,0.0000,0.0000,3,25.59615,0.15000,0.15000,0.00000,0.00000,10558,10708,0.000000,0.000000
63.40,3.25519,0.05775,0.09228,AUTO,HAZARD_VISION_STOP,0.0000,0.0000,0.0000,0.0000,0.0000,0.0000,3,25.59615,0.15000,0.15000,0.00000,0.00000,10558,10708,0.000000,0.000000
63.42,3.25519,0.05775,0.09228,AUTO,HAZARD_VISION_STOP,0.0000,0.0000,0.0000,0.0000,0.0000,0.0000,3,25.59615,0.15000,0.15000,0.00000,0.00000,10558,10708,0.000000,0.000000
63.44,3.25519,0.05775,0.09228,AUTO,HAZARD_VISION_STOP,0.0000,0.0000,0.0000,0.0000,0.0000,0.0000,3,25.59615,0.15000,0.15000,0.00000,0.00000,10558,10708,0.000000,0.000000
63.46,3.25519,0.05775,0.09228,AUTO,HAZARD_VISION_STOP,0.0000,0.0000,0.0000,0.0000,0.0000,0.0000,3,25.59615,0.15000,0.15000,0.00000,0.00000,10558,10708,0.000000,0.000000
63.48,3.25519,0.05775,0.09228,AUTO,HAZARD_VISION_STOP,0.0000,0.0000,0.0000,0.0000,0.0000,0.0000,3,25.59615,0.15000,0.15000,0.00000,0.00000,10558,10708,0.000000,0.000000
63.50,3.25519,0.05775,0.09228,AUTO,HAZARD_VISION_STOP,0.0000,0.0000,0.0000,0.0000,0.0000,0.0000,3,25.59615,0.15000,0.15000,0.00000,0.00000,10558,10708,0.000000,0.000000
63.52,3.25519,0.05775,0.09228,AUTO,HAZARD_VISION_STOP,0.0000,0.0000,0.0000,0.0000,0.0000,0.0000,3,25.59615,0.15000,0.15000,0.00000,0.00000,10558,10708,0.000000,0.000000
63.54,3.25519,0.05775,0.09228,AUTO,HAZARD_VISION_STOP,0.0000,0.0000,0.0000,0.0000,0.0000,0.0000,3,25.59615,0.15000,0.15000,0.00000,0.00000,10558,10708,0.000000,0.000000
63.56,3.25519,0.05775,0.09228,AUTO,HAZARD_VISION_STOP,0.0000,0.0000,0.0000,0.0000,0.0000,0.0000,3,25.59615,0.15000,0.15000,0.00000,0.00000,10558,10708,0.000000,0.000000
63.58,3.25519,0.05775,0.09228,AUTO,HAZARD_VISION_STOP,0.0000,0.0000,0.0000,0.0000,0.0000,0.0000,3,25.59615,0.15000,0.15000,0.00000,0.00000,10558,10708,0.000000,0.000000
63.60,3.25519,0.05775,0.09228,AUTO,HAZARD_VISION_STOP,0.0000,0.0000,0.0000,0.0000,0.0000,0.0000,3,25.59615,0.15000,0.15000,0.00000,0.00000,10558,10708,0.000000,0.000000
63.62,3.25519,0.05775,0.09228,AUTO,HAZARD_VISION_STOP,0.0000,0.0000,0.0000,0.0000,0.0000,0.0000,3,25.59615,0.15000,0.15000,0.00000,0.00000,10558,10708,0.000000,0.000000
63.64,3.25519,0.05775,0.09228,AUTO,HAZARD_VISION_STOP,0.0000,0.0000,0.0000,0.0000,0.0000,0.0000,3,25.59615,0.15000,0.15000,0.00000,0.00000,10558,10708,0.000000,0.000000
63.66,3.25519,0.05775,0.09228,AUTO,HAZARD_VISION_STOP,0.0000,0.0000,0.0000,0.0000,0.0000,0.0000,3,25.59615,0.15000,0.15000,0.00000,0.00000,10558,10708,0.000000,0.000000
63.68,3.25519,0.05775,0.09228,AUTO,HAZARD_VISION_STOP,0.0000,0.0000,0.0000,0.0000,0.0000,0.0000,3,25.59615,0.15000,0.15000,0.00000,0.00000,10558,10708,0.000000,0.000000
63.70,3.25519,0.05775,0.09228,AUTO,HAZARD_VISION_STOP,0.0000,0.0000,0.0000,0.0000,0.0000,0.0000,3,25.59615,0.15000,0.15000,0.00000,0.00000,10558,10708,0.000000,0.000000
63.72,3.25519,0.05775,0.09228,AUTO,HAZARD_VISION_STOP,0.0000,0.0000,0.0000,0.0000,0.0000,0.0000,3,25.59615,0.15000,0.15000,0.00000,0.00000,10558,10708,0.000000,0.000000
63.74,3.25519,0.05775,0.09228,AUTO,HAZARD_VISION_STOP,0.0000,0.0000,0.0000,0.0000,0.0000,0.0000,3,25.59615,0.15000,0.15000,0.00000,0.00000,10558,10708,0.000000,0.000000
63.76,3.25519,0.05775,0.09228,AUTO,HAZARD_VISION_STOP,0.0000,0.0000,0.0000,0.0000,0.0000,0.0000,3,25.59615,0.15000,0.15000,0.00000,0.00000,10558,10708,0.000000,0.000000
63.78,3.25519,0.05775,0.09228,AUTO,HAZARD_VISION_STOP,0.0000,0.0000,0.0000,0.0000,0.0000,0.0000,3,25.59615,0.15000,0.15000,0.00000,0.00000,10558,10708,0.000000,0.000000
63.80,3.25519,0.05775,0.09228,AUTO,HAZARD_VISION_STOP,0.0000,0.0000,0.0000,0.0000,0.0000,0.0000,3,25.59615,0.15000,0.15000,0.00000,0.00000,10558,10708,0.000000,0.000000
63.82,3.25519,0.05775,0.09228,AUTO,HAZARD_VISION_STOP,0.0000,0.0000,0.0000,0.0000,0.0000,0.0000,3,25.59615,0.15000,0.15000,0.00000,0.00000,10558,10708,0.000000,0.000000
63.84,3.25519,0.05775,0.09228,AUTO,HAZARD_VISION_STOP,0.0000,0.0000,0.0000,0.0000,0.0000,0.0000,3,25.59615,0.15000,0.15000,0.00000,0.00000,10558,10708,0.000000,0.000000
63.86,3.25519,0.05775,0.09228,AUTO,HAZARD_VISION_STOP,0.0000,0.0000,0.0000,0.0000,0.0000,0.0000,3,25.59615,0.15000,0.15000,0.00000,0.00000,10558,10708,0.000000,0.000000
63.88,3.25519,0.05775,0.09228,AUTO,HAZARD_VISION_STOP,0.0000,0.0000,0.0000,0.0000,0.0000,0.0000,3,25.59615,0.15000,0.15000,0.00000,0.00000,10558,10708,0.000000,0.000000
63.90,3.25519,0.05775,0.09228,AUTO,HAZARD_VISION_STOP,0.0000,0.0000,0.0000,0.0000,0.0000,0.0000,3,25.59615,0.15000,0.15000,0.00000,0.00000,10558,10708,0.000000,0.000000
63.92,3.25519,0.05775,0.09228,AUTO,HAZARD_VISION_STOP,0.0000,0.0000,0.0000,0.0000,0.0000,0.0000,3,25.59615,0.15000,0.15000,0.00000,0.00000,10558,10708,0.000000,0.000000
63.94,3.25519,0.05775,0.09228,AUTO,HAZARD_VISION_STOP,0.0000,0.0000,0.0000,0.0000,0.0000,0.0000,3,25.59615,0.15000,0.15000,0.00000,0.00000,10558,10708,0.000000,0.000000
63.96,3.25519,0.05775,0.09228,AUTO,HAZARD_VISION_STOP,0.0000,0.0000,0.0000,0.0000,0.0000,0.0000,3,25.59615,0.15000,0.15000,0.00000,0.00000,10558,10708,0.000000,0.000000
63.98,3.25519,0.05775,0.09228,AUTO,HAZARD_VISION_STOP,0.0000,0.0000,0.0000,0.0000,0.0000,0.0000,3,25.59615,0.15000,0.15000,0.00000,0.00000,10558,10708,0.000000,0.000000
64.00,3.25519,0.05775,0.09228,AUTO,HAZARD_VISION_STOP,0.0000,0.0000,0.0000,0.0000,0.0000,0.0000,3,25.59615,0.15000,0.15000,0.00000,0.00000,10558,10708,0.000000,0.000000
64.02,3.25519,0.05775,0.09228,AUTO,HAZARD_VISION_STOP,0.0000,0.0000,0.0000,0.0000,0.0000,0.0000,3,25.59615,0.15000,0.15000,0.00000,0.00000,10558,10708,0.000000,0.000000
64.04,3.25519,0.05775,0.09228,AUTO,HAZARD_VISION_STOP,0.0000,0.0000,0.0000,0.0000,0.0000,0.0000,3,25.59615,0.15000,0.15000,0.00000,0.00000,10558,10708,0.000000,0.000000
64.06,3.25519,0.05775,0.09228,AUTO,HAZARD_VISION_STOP,0.0000,0.0000,0.0000,0.0000,0.0000,0.0000,3,25.59615,0.15000,0.15000,0.00000,0.00000,10558,10708,0.000000,0.000000
64.08,3.25519,0.05775,0.09228,AUTO,HAZARD_VISION_STOP,0.0000,0.0000,0.0000,0.0000,0.0000,0.0000,3,25.59615,0.15000,0.15000,0.00000,0.00000,10558,10708,0.000000,0.000000
64.10,3.25519,0.05775,0.09228,AUTO,HAZARD_VISION_STOP,0.0000,0.0000,0.0000,0.0000,0.0000,0.0000,3,25.59615,0.15000,0.15000,0.00000,0.00000,10558,10708,0.000000,0.000000
64.12,3.25519,0.05775,0.09228,AUTO,HAZARD_VISION_STOP,0.0000,0.0000,0.0000,0.0000,0.0000,0.0000,3,25.59615,0.15000,0.15000,0.00000,0.00000,10558,10708,0.000000,0.000000
64.14,3.25519,0.05775,0.09228,AUTO,HAZARD_VISION_STOP,0.0000,0.0000,0.0000,0.0000,0.0000,0.0000,3,25.59615,0.15000,0.15000,0.00000,0.00000,10558,10708,0.000000,0.000000
64.16,3.25519,0.05775,0.09228,AUTO,HAZARD_VISION_STOP,0.0000,0.0000,0.0000,0.0000,0.0000,0.0000,3,25.59615,0.15000,0.15000,0.00000,0.00000,10558,10708,0.000000,0.000000
64.18,3.25519,0.05775,0.09228,AUTO,HAZARD_VISION_STOP,0.0000,0.0000,0.0000,0.0000,0.0000,0.0000,3,25.59615,0.15000,0.15000,0.00000,0.00000,10558,10708,0.000000,0.000000
64.20,3.25519,0.05775,0.09228,AUTO,HAZARD_VISION_STOP,0.0000,0.0000,0.0000,0.0000,0.0000,0.0000,3,25.59615,0.15000,0.15000,0.00000,0.00000,10558,10708,0.000000,0.000000
64.22,3.25519,0.05775,0.09228,AUTO,HAZARD_VISION_STOP,0.0000,0.0000,0.0000,0.0000,0.0000,0.0000,3,25.59615,0.15000,0.15000,0.00000,0.00000,10558,10708,0.000000,0.000000
64.24,3.25519,0.05775,0.09228,AUTO,HAZARD_VISION_STOP,0.0000,0.0000,0.0000,0.0000,0.0000,0.0000,3,25.59615,0.15000,0.15000,0.00000,0.00000,10558,10708,0.000000,0.000000
64.26,3.25519,0.05775,0.09228,AUTO,HAZARD_VISION_STOP,0.0000,0.0000,0.0000,0.0000,0.0000,0.0000,3,25.59615,0.15000,0.15000,0.00000,0.00000,10558,10708,0.000000,0.000000
64.28,3.25519,0.05775,0.09228,AUTO,HAZARD_VISION_STOP,0.0000,0.0000,0.0000,0.0000,0.0000,0.0000,3,25.59615,0.15000,0.15000,0.00000,0.00000,10558,10708,0.000000,0.000000
64.30,3.25519,0.05775,0.09228,AUTO,HAZARD_VISION_STOP,0.0000,0.0000,0.0000,0.0000,0.0000,0.0000,3,25.59615,0.15000,0.15000,0.00000,0.00000,10558,10708,0.000000,0.000000
64.32,3.25519,0.05775,0.09228,AUTO,HAZARD_VISION_STOP,0.0000,0.0000,0.0000,0.0000,0.0000,0.0000,3,25.59615,0.15000,0.15000,0.00000,0.00000,10558,10708,0.000000,0.000000
64.34,3.25519,0.05775,0.09228,AUTO,HAZARD_VISION_STOP,0.0000,0.0000,0.0000,0.0000,0.0000,0.0000,3,25.59615,0.15000,0.15000,0.00000,0.00000,10558,10708,0.000000,0.000000
64.36,3.25519,0.05775,0.09228,AUTO,HAZARD_VISION_STOP,0.0000,0.0000,0.0000,0.0000,0.0000,0.0000,3,25.59615,0.15000,0.15000,0.00000,0.00000,10558,10708,0.000000,0.000000
64.38,3.25519,0.05775,0.09228,AUTO,HAZARD_VISION_STOP,0.0000,0.0000,0.0000,0.0000,0.0000,0.0000,3,25.59615,0.15000,0.15000,0.00000,0.00000,10558,10708,0.000000,0.000000
64.40,3.25519,0.05775,0.09228,AUTO,HAZARD_VISION_STOP,0.0000,0.0000,0.0000,0.0000,0.0000,0.0000,3,25.59615,0.15000,0.15000,0.00000,0.00000,10558,10708,0.000000,0.000000
64.42,3.25519,0.05775,0.09228,AUTO,HAZARD_VISION_STOP,0.0000,0.0000,0.0000,0.0000,0.0000,0.0000,3,25.59615,0.15000,0.15000,0.00000,0.00000,10558,10708,0.000000,0.000000
64.44,3.25519,0.05775,0.09228,AUTO,HAZARD_VISION_STOP,0.0000,0.0000,0.0000,0.0000,0.0000,0.0000,3,25.59615,0.15000,0.15000,0.00000,0.00000,10558,10708,0.000000,0.000000
64.46,3.25519,0.05775,0.09228,AUTO,HAZARD_VISION_STOP,0.0000,0.0000,0.0000,0.0000,0.0000,0.0000,3,25.59615,0.15000,0.15000,0.00000,0.00000,10558,10708,0.000000,0.000000
64.48,3.25519,0.05775,0.09228,AUTO,HAZARD_VISION_STOP,0.0000,0.0000,0.0000,0.0000,0.0000,0.0000,3,25.59615,0.15000,0.15000,0.00000,0.00000,10558,10708,0.000000,0.000000
64.50,3.25519,0.05775,0.09228,AUTO,HAZARD_VISION_STOP,0.0000,0.0000,0.0000,0.0000,0.0000,0.0000,3,25.59615,0.15000,0.15000,0.00000,0.00000,10558,10708,0.000000,0.000000
64.52,3.25519,0.05775,0.09228,AUTO,HAZARD_VISION_STOP,0.0000,0.0000,0.0000,0.0000,0.0000,0.0000,3,25.59615,0.15000,0.15000,0.00000,0.00000,10558,10708,0.000000,0.000000
64.54,3.25519,0.05775,0.09228,AUTO,HAZARD_VISION_STOP,0.0000,0.0000,0.0000,0.0000,0.0000,0.0000,3,25.59615,0.15000,0.15000,0.00000,0.00000,10558,10708,0.000000,0.000000
64.56,3.25519,0.05775,0.09228,AUTO,HAZARD_VISION_STOP,0.0000,0.0000,0.0000,0.0000,0.0000,0.0000,3,25.59615,0.15000,0.15000,0.00000,0.00000,10558,10708,0.000000,0.000000
64.58,3.25519,0.05775,0.09228,AUTO,HAZARD_VISION_STOP,0.0000,0.0000,0.0000,0.0000,0.0000,0.0000,3,25.59615,0.15000,0.15000,0.00000,0.00000,10558,10708,0.000000,0.000000
64.60,3.25519,0.05775,0.09228,AUTO,HAZARD_VISION_STOP,0.0000,0.0000,0.0000,0.0000,0.0000,0.0000,3,25.59615,0.15000,0.15000,0.00000,0.00000,10558,10708,0.000000,0.000000
64.62,3.25519,0.05775,0.09228,AUTO,HAZARD_VISION_STOP,0.0000,0.0000,0.0000,0.0000,0.0000,0.0000,3,25.59615,0.15000,0.15000,0.00000,0.00000,10558,10708,0.000000,0.000000
64.64,3.25519,0.05775,0.09228,AUTO,HAZARD_VISION_STOP,0.0000,0.0000,0.0000,0.0000,0.0000,0.0000,3,25.59615,0.15000,0.15000,0.00000,0.00000,10558,10708,0.000000,0.000000
64.66,3.25519,0.05775,0.09228,AUTO,HAZARD_VISION_STOP,0.0000,0.0000,0.0000,0.0000,0.0000,0.0000,3,25.59615,0.15000,0.15000,0.00000,0.00000,10558,10708,0.000000,0.000000
64.68,3.25519,0.05775,0.09228,AUTO,HAZARD_VISION_STOP,0.0000,0.0000,0.0000,0.0000,0.0000,0.0000,3,25.59615,0.15000,0.15000,0.00000,0.00000,10558,10708,0.000000,0.000000
64.70,3.25519,0.05775,0.09228,AUTO,HAZARD_VISION_STOP,0.0000,0.0000,0.0000,0.0000,0.0000,0.0000,3,25.59615,0.15000,0.15000,0.00000,0.00000,10558,10708,0.000000,0.000000
64.72,3.25519,0.05775,0.09228,AUTO,HAZARD_VISION_STOP,0.0000,0.0000,0.0000,0.0000,0.0000,0.0000,3,25.59615,0.15000,0.15000,0.00000,0.00000,10558,10708,0.000000,0.000000
64.74,3.25519,0.05775,0.09228,AUTO,HAZARD_VISION_STOP,0.0000,0.0000,0.0000,0.0000,0.0000,0.0000,3,25.59615,0.15000,0.15000,0.00000,0.00000,10558,10708,0.000000,0.000000
64.76,3.25519,0.05775,0.09228,AUTO,HAZARD_VISION_STOP,0.0000,0.0000,0.0000,0.0000,0.0000,0.0000,3,25.59615,0.15000,0.15000,0.00000,0.00000,10558,10708,0.000000,0.000000
64.78,3.25519,0.05775,0.09228,AUTO,HAZARD_VISION_STOP,0.0000,0.0000,0.0000,0.0000,0.0000,0.0000,3,25.59615,0.15000,0.15000,0.00000,0.00000,10558,10708,0.000000,0.000000
64.80,3.25519,0.05775,0.09228,AUTO,HAZARD_VISION_STOP,0.0000,0.0000,0.0000,0.0000,0.0000,0.0000,3,25.59615,0.15000,0.15000,0.00000,0.00000,10558,10708,0.000000,0.000000
64.82,3.25519,0.05775,0.09228,AUTO,HAZARD_VISION_STOP,0.0000,0.0000,0.0000,0.0000,0.0000,0.0000,3,25.59615,0.15000,0.15000,0.00000,0.00000,10558,10708,0.000000,0.000000
64.84,3.25519,0.05775,0.09228,AUTO,HAZARD_VISION_STOP,0.0000,0.0000,0.0000,0.0000,0.0000,0.0000,3,25.59615,0.15000,0.15000,0.00000,0.00000,10558,10708,0.000000,0.000000
64.86,3.25519,0.05775,0.09228,AUTO,HAZARD_VISION_STOP,0.0000,0.0000,0.0000,0.0000,0.0000,0.0000,3,25.59615,0.15000,0.15000,0.00000,0.00000,10558,10708,0.000000,0.000000
64.88,3.25519,0.05775,0.09228,AUTO,HAZARD_VISION_STOP,0.0000,0.0000,0.0000,0.0000,0.0000,0.0000,3,25.59615,0.15000,0.15000,0.00000,0.00000,10558,10708,0.000000,0.000000
64.90,3.25519,0.05775,0.09228,AUTO,HAZARD_VISION_STOP,0.0000,0.0000,0.0000,0.0000,0.0000,0.0000,3,25.59615,0.15000,0.15000,0.00000,0.00000,10558,10708,0.000000,0.000000
64.92,3.25519,0.05775,0.09228,AUTO,HAZARD_VISION_STOP,0.0000,0.0000,0.0000,0.0000,0.0000,0.0000,3,25.59615,0.15000,0.15000,0.00000,0.00000,10558,10708,0.000000,0.000000
64.94,3.25519,0.05775,0.09228,AUTO,HAZARD_VISION_STOP,0.0000,0.0000,0.0000,0.0000,0.0000,0.0000,3,25.59615,0.15000,0.15000,0.00000,0.00000,10558,10708,0.000000,0.000000
64.96,3.25519,0.05775,0.09228,AUTO,HAZARD_VISION_STOP,0.0000,0.0000,0.0000,0.0000,0.0000,0.0000,3,25.59615,0.15000,0.15000,0.00000,0.00000,10558,10708,0.000000,0.000000
64.98,3.25519,0.05775,0.09228,AUTO,HAZARD_VISION_STOP,0.0000,0.0000,0.0000,0.0000,0.0000,0.0000,3,25.59615,0.15000,0.15000,0.00000,0.00000,10558,10708,0.000000,0.000000
65.00,3.25519,0.05775,0.09228,AUTO,HAZARD_VISION_STOP,0.0000,0.0000,0.0000,0.0000,0.0000,0.0000,3,25.59615,0.15000,0.15000,0.00000,0.00000,10558,10708,0.000000,0.000000
65.02,3.25519,0.05775,0.09228,AUTO,HAZARD_VISION_STOP,0.0000,0.0000,0.0000,0.0000,0.0000,0.0000,3,25.59615,0.15000,0.15000,0.00000,0.00000,10558,10708,0.000000,0.000000
65.04,3.25519,0.05775,0.09228,AUTO,HAZARD_VISION_STOP,0.0000,0.0000,0.0000,0.0000,0.0000,0.0000,3,25.59615,0.15000,0.15000,0.00000,0.00000,10558,10708,0.000000,0.000000
65.06,3.25519,0.05775,0.09228,AUTO,HAZARD_VISION_STOP,0.0000,0.0000,0.0000,0.0000,0.0000,0.0000,3,25.59615,0.15000,0.15000,0.00000,0.00000,10558,10708,0.000000,0.000000
65.08,3.25519,0.05775,0.09228,AUTO,HAZARD_VISION_STOP,0.0000,0.0000,0.0000,0.0000,0.0000,0.0000,3,25.59615,0.15000,0.15000,0.00000,0.00000,10558,10708,0.000000,0.000000
65.10,3.25519,0.05775,0.09228,AUTO,HAZARD_VISION_STOP,0.0000,0.0000,0.0000,0.0000,0.0000,0.0000,3,25.59615,0.15000,0.15000,0.00000,0.00000,10558,10708,0.000000,0.000000
65.12,3.25519,0.05775,0.09228,AUTO,HAZARD_VISION_STOP,0.0000,0.0000,0.0000,0.0000,0.0000,0.0000,3,25.59615,0.15000,0.15000,0.00000,0.00000,10558,10708,0.000000,0.000000
65.14,3.25519,0.05775,0.09228,AUTO,HAZARD_VISION_STOP,0.0000,0.0000,0.0000,0.0000,0.0000,0.0000,3,25.59615,0.15000,0.15000,0.00000,0.00000,10558,10708,0.000000,0.000000
65.16,3.25519,0.05775,0.09228,AUTO,HAZARD_VISION_STOP,0.0000,0.0000,0.0000,0.0000,0.0000,0.0000,3,25.59615,0.15000,0.15000,0.00000,0.00000,10558,10708,0.000000,0.000000
65.18,3.25519,0.05775,0.09228,AUTO,HAZARD_VISION_STOP,0.0000,0.0000,0.0000,0.0000,0.0000,0.0000,3,25.59615,0.15000,0.15000,0.00000,0.00000,10558,10708,0.000000,0.000000
65.20,3.25519,0.05775,0.09228,AUTO,HAZARD_VISION_STOP,0.0000,0.0000,0.0000,0.0000,0.0000,0.0000,3,25.59615,0.15000,0.15000,0.00000,0.00000,10558,10708,0.000000,0.000000
65.22,3.25519,0.05775,0.09228,AUTO,HAZARD_VISION_STOP,0.0000,0.0000,0.0000,0.0000,0.0000,0.0000,3,25.59615,0.15000,0.15000,0.00000,0.00000,10558,10708,0.000000,0.000000
65.24,3.25519,0.05775,0.09228,AUTO,HAZARD_VISION_STOP,0.0000,0.0000,0.0000,0.0000,0.0000,0.0000,3,25.59615,0.15000,0.15000,0.00000,0.00000,10558,10708,0.000000,0.000000
65.26,3.25519,0.05775,0.09228,AUTO,HAZARD_VISION_STOP,0.0000,0.0000,0.0000,0.0000,0.0000,0.0000,3,25.59615,0.15000,0.15000,0.00000,0.00000,10558,10708,0.000000,0.000000
65.28,3.25519,0.05775,0.09228,AUTO,HAZARD_VISION_STOP,0.0000,0.0000,0.0000,0.0000,0.0000,0.0000,3,25.59615,0.15000,0.15000,0.00000,0.00000,10558,10708,0.000000,0.000000
65.30,3.25519,0.05775,0.09228,AUTO,HAZARD_VISION_STOP,0.0000,0.0000,0.0000,0.0000,0.0000,0.0000,3,25.59615,0.15000,0.15000,0.00000,0.00000,10558,10708,0.000000,0.000000
65.32,3.25519,0.05775,0.09228,AUTO,HAZARD_VISION_STOP,0.0000,0.0000,0.0000,0.0000,0.0000,0.0000,3,25.59615,0.15000,0.15000,0.00000,0.00000,10558,10708,0.000000,0.000000
65.34,3.25519,0.05775,0.09228,AUTO,HAZARD_VISION_STOP,0.0000,0.0000,0.0000,0.0000,0.0000,0.0000,3,25.59615,0.15000,0.15000,0.00000,0.00000,10558,10708,0.000000,0.000000
65.36,3.25519,0.05775,0.09228,AUTO,HAZARD_VISION_STOP,0.0000,0.0000,0.0000,0.0000,0.0000,0.0000,3,25.59615,0.15000,0.15000,0.00000,0.00000,10558,10708,0.000000,0.000000
65.38,3.25519,0.05775,0.09228,AUTO,HAZARD_VISION_STOP,0.0000,0.0000,0.0000,0.0000,0.0000,0.0000,3,25.59615,0.15000,0.15000,0.00000,0.00000,10558,10708,0.000000,0.000000
65.40,3.25519,0.05775,0.09228,AUTO,HAZARD_VISION_STOP,0.0000,0.0000,0.0000,0.0000,0.0000,0.0000,3,25.59615,0.15000,0.15000,0.00000,0.00000,10558,10708,0.000000,0.000000
65.42,3.25519,0.05775,0.09228,AUTO,HAZARD_VISION_STOP,0.0000,0.0000,0.0000,0.0000,0.0000,0.0000,3,25.59615,0.15000,0.15000,0.00000,0.00000,10558,10708,0.000000,0.000000
65.44,3.25519,0.05775,0.09228,AUTO,HAZARD_VISION_STOP,0.0000,0.0000,0.0000,0.0000,0.0000,0.0000,3,25.59615,0.15000,0.15000,0.00000,0.00000,10558,10708,0.000000,0.000000
65.46,3.25519,0.05775,0.09228,AUTO,HAZARD_VISION_STOP,0.0000,0.0000,0.0000,0.0000,0.0000,0.0000,3,25.59615,0.15000,0.15000,0.00000,0.00000,10558,10708,0.000000,0.000000
65.48,3.25519,0.05775,0.09228,AUTO,HAZARD_VISION_STOP,0.0000,0.0000,0.0000,0.0000,0.0000,0.0000,3,25.59615,0.15000,0.15000,0.00000,0.00000,10558,10708,0.000000,0.000000
65.50,3.25519,0.05775,0.09228,AUTO,HAZARD_VISION_STOP,0.0000,0.0000,0.0000,0.0000,0.0000,0.0000,3,25.59615,0.15000,0.15000,0.00000,0.00000,10558,10708,0.000000,0.000000
65.52,3.25519,0.05775,0.09228,AUTO,HAZARD_VISION_STOP,0.0000,0.0000,0.0000,0.0000,0.0000,0.0000,3,25.59615,0.15000,0.15000,0.00000,0.00000,10558,10708,0.000000,0.000000
65.54,3.25519,0.05775,0.09228,AUTO,HAZARD_VISION_STOP,0.0000,0.0000,0.0000,0.0000,0.0000,0.0000,3,25.59615,0.15000,0.15000,0.00000,0.00000,10558,10708,0.000000,0.000000
65.56,3.25519,0.05775,0.09228,AUTO,HAZARD_VISION_STOP,0.0000,0.0000,0.0000,0.0000,0.0000,0.0000,3,25.59615,0.15000,0.15000,0.00000,0.00000,10558,10708,0.000000,0.000000
65.58,3.25519,0.05775,0.09228,AUTO,HAZARD_VISION_STOP,0.0000,0.0000,0.0000,0.0000,0.0000,0.0000,3,25.59615,0.15000,0.15000,0.00000,0.00000,10558,10708,0.000000,0.000000
65.60,3.25519,0.05775,0.09228,AUTO,HAZARD_VISION_STOP,0.0000,0.0000,0.0000,0.0000,0.0000,0.0000,3,25.59615,0.15000,0.15000,0.00000,0.00000,10558,10708,0.000000,0.000000
65.62,3.25519,0.05775,0.09228,AUTO,HAZARD_VISION_STOP,0.0000,0.0000,0.0000,0.0000,0.0000,0.0000,3,25.59615,0.15000,0.15000,0.00000,0.00000,10558,10708,0.000000,0.000000
65.64,3.25519,0.05775,0.09228,AUTO,HAZARD_VISION_STOP,0.0000,0.0000,0.0000,0.0000,0.0000,0.0000,3,25.59615,0.15000,0.15000,0.00000,0.00000,10558,10708,0.000000,0.000000
65.66,3.25519,0.05775,0.09228,AUTO,HAZARD_VISION_STOP,0.0000,0.0000,0.0000,0.0000,0.0000,0.0000,3,25.59615,0.15000,0.15000,0.00000,0.00000,10558,10708,0.000000,0.000000
65.68,3.25519,0.05775,0.09228,AUTO,HAZARD_VISION_STOP,0.0000,0.0000,0.0000,0.0000,0.0000,0.0000,3,25.59615,0.15000,0.15000,0.00000,0.00000,10558,10708,0.000000,0.000000
65.70,3.25519,0.05775,0.09228,AUTO,HAZARD_VISION_STOP,0.0000,0.0000,0.0000,0.0000,0.0000,0.0000,3,25.59615,0.15000,0.15000,0.00000,0.00000,10558,10708,0.000000,0.000000
65.72,3.25519,0.05775,0.09228,AUTO,HAZARD_VISION_STOP,0.0000,0.0000,0.0000,0.0000,0.0000,0.0000,3,25.59615,0.15000,0.15000,0.00000,0.00000,10558,10708,0.000000,0.000000
65.74,3.25519,0.05775,0.09228,AUTO,HAZARD_VISION_STOP,0.0000,0.0000,0.0000,0.0000,0.0000,0.0000,3,25.59615,0.15000,0.15000,0.00000,0.00000,10558,10708,0.000000,0.000000
65.76,3.25519,0.05775,0.09228,AUTO,HAZARD_VISION_STOP,0.0000,0.0000,0.0000,0.0000,0.0000,0.0000,3,25.59615,0.15000,0.15000,0.00000,0.00000,10558,10708,0.000000,0.000000
65.78,3.25519,0.05775,0.09228,AUTO,HAZARD_VISION_STOP,0.0000,0.0000,0.0000,0.0000,0.0000,0.0000,3,25.59615,0.15000,0.15000,0.00000,0.00000,10558,10708,0.000000,0.000000
65.80,3.25519,0.05775,0.09228,AUTO,HAZARD_VISION_STOP,0.0000,0.0000,0.0000,0.0000,0.0000,0.0000,3,25.59615,0.15000,0.15000,0.00000,0.00000,10558,10708,0.000000,0.000000
65.82,3.25519,0.05775,0.09228,AUTO,HAZARD_VISION_STOP,0.0000,0.0000,0.0000,0.0000,0.0000,0.0000,3,25.59615,0.15000,0.15000,0.00000,0.00000,10558,10708,0.000000,0.000000
65.84,3.25519,0.05775,0.09228,AUTO,HAZARD_VISION_STOP,0.0000,0.0000,0.0000,0.0000,0.0000,0.0000,3,25.59615,0.15000,0.15000,0.00000,0.00000,10558,10708,0.000000,0.000000
65.86,3.25519,0.05775,0.09228,AUTO,HAZARD_VISION_STOP,0.0000,0.0000,0.0000,0.0000,0.0000,0.0000,3,25.59615,0.15000,0.15000,0.00000,0.00000,10558,10708,0.000000,0.000000
65.88,3.25519,0.05775,0.09228,AUTO,HAZARD_VISION_STOP,0.0000,0.0000,0.0000,0.0000,0.0000,0.0000,3,25.59615,0.15000,0.15000,0.00000,0.00000,10558,10708,0.000000,0.000000
65.90,3.25519,0.05775,0.09228,AUTO,HAZARD_VISION_STOP,0.0000,0.0000,0.0000,0.0000,0.0000,0.0000,3,25.59615,0.15000,0.15000,0.00000,0.00000,10558,10708,0.000000,0.000000
65.92,3.25519,0.05775,0.09228,AUTO,HAZARD_VISION_STOP,0.0000,0.0000,0.0000,0.0000,0.0000,0.0000,3,25.59615,0.15000,0.15000,0.00000,0.00000,10558,10708,0.000000,0.000000
65.94,3.25519,0.05775,0.09228,AUTO,HAZARD_VISION_STOP,0.0000,0.0000,0.0000,0.0000,0.0000,0.0000,3,25.59615,0.15000,0.15000,0.00000,0.00000,10558,10708,0.000000,0.000000
65.96,3.25519,0.05775,0.09228,AUTO,HAZARD_VISION_STOP,0.0000,0.0000,0.0000,0.0000,0.0000,0.0000,3,25.59615,0.15000,0.15000,0.00000,0.00000,10558,10708,0.000000,0.000000
65.98,3.25519,0.05775,0.09228,AUTO,HAZARD_VISION_STOP,0.0000,0.0000,0.0000,0.0000,0.0000,0.0000,3,25.59615,0.15000,0.15000,0.00000,0.00000,10558,10708,0.000000,0.000000
66.00,3.25519,0.05775,0.09228,AUTO,HAZARD_VISION_STOP,0.0000,0.0000,0.0000,0.0000,0.0000,0.0000,3,25.59615,0.15000,0.15000,0.00000,0.00000,10558,10708,0.000000,0.000000
66.02,3.25519,0.05775,0.09228,AUTO,HAZARD_VISION_STOP,0.0000,0.0000,0.0000,0.0000,0.0000,0.0000,3,25.59615,0.15000,0.15000,0.00000,0.00000,10558,10708,0.000000,0.000000
66.04,3.25519,0.05775,0.09228,AUTO,HAZARD_VISION_STOP,0.0000,0.0000,0.0000,0.0000,0.0000,0.0000,3,25.59615,0.15000,0.15000,0.00000,0.00000,10558,10708,0.000000,0.000000
66.06,3.25519,0.05775,0.09228,AUTO,HAZARD_VISION_STOP,0.0000,0.0000,0.0000,0.0000,0.0000,0.0000,3,25.59615,0.15000,0.15000,0.00000,0.00000,10558,10708,0.000000,0.000000
66.08,3.25519,0.05775,0.09228,AUTO,HAZARD_VISION_STOP,0.0000,0.0000,0.0000,0.0000,0.0000,0.0000,3,25.59615,0.15000,0.15000,0.00000,0.00000,10558,10708,0.000000,0.000000
66.10,3.25519,0.05775,0.09228,AUTO,HAZARD_VISION_STOP,0.0000,0.0000,0.0000,0.0000,0.0000,0.0000,3,25.59615,0.15000,0.15000,0.00000,0.00000,10558,10708,0.000000,0.000000
66.12,3.25519,0.05775,0.09228,AUTO,HAZARD_VISION_STOP,0.0000,0.0000,0.0000,0.0000,0.0000,0.0000,3,25.59615,0.15000,0.15000,0.00000,0.00000,10558,10708,0.000000,0.000000
66.14,3.25519,0.05775,0.09228,AUTO,HAZARD_VISION_STOP,0.0000,0.0000,0.0000,0.0000,0.0000,0.0000,3,25.59615,0.15000,0.15000,0.00000,0.00000,10558,10708,0.000000,0.000000
66.16,3.25519,0.05775,0.09228,AUTO,HAZARD_VISION_STOP,0.0000,0.0000,0.0000,0.0000,0.0000,0.0000,3,25.59615,0.15000,0.15000,0.00000,0.00000,10558,10708,0.000000,0.000000
66.18,3.25519,0.05775,0.09228,AUTO,HAZARD_VISION_STOP,0.0000,0.0000,0.0000,0.0000,0.0000,0.0000,3,25.59615,0.15000,0.15000,0.00000,0.00000,10558,10708,0.000000,0.000000
66.20,3.25519,0.05775,0.09228,AUTO,HAZARD_VISION_STOP,0.0000,0.0000,0.0000,0.0000,0.0000,0.0000,3,25.59615,0.15000,0.15000,0.00000,0.00000,10558,10708,0.000000,0.000000
66.22,3.25519,0.05775,0.09228,AUTO,HAZARD_VISION_STOP,0.0000,0.0000,0.0000,0.0000,0.0000,0.0000,3,25.59615,0.15000,0.15000,0.00000,0.00000,10558,10708,0.000000,0.000000
66.24,3.25519,0.05775,0.09228,AUTO,HAZARD_VISION_STOP,0.0000,0.0000,0.0000,0.0000,0.0000,0.0000,3,25.59615,0.15000,0.15000,0.00000,0.00000,10558,10708,0.000000,0.000000
66.26,3.25519,0.05775,0.09228,AUTO,HAZARD_VISION_STOP,0.0000,0.0000,0.0000,0.0000,0.0000,0.0000,3,25.59615,0.15000,0.15000,0.00000,0.00000,10558,10708,0.000000,0.000000
66.28,3.25519,0.05775,0.09228,AUTO,HAZARD_VISION_STOP,0.0000,0.0000,0.0000,0.0000,0.0000,0.0000,3,25.59615,0.15000,0.15000,0.00000,0.00000,10558,10708,0.000000,0.000000
66.30,3.25519,0.05775,0.09228,AUTO,HAZARD_VISION_STOP,0.0000,0.0000,0.0000,0.0000,0.0000,0.0000,3,25.59615,0.15000,0.15000,0.00000,0.00000,10558,10708,0.000000,0.000000
66.32,3.25519,0.05775,0.09228,AUTO,HAZARD_VISION_STOP,0.0000,0.0000,0.0000,0.0000,0.0000,0.0000,3,25.59615,0.15000,0.15000,0.00000,0.00000,10558,10708,0.000000,0.000000
66.34,3.25519,0.05775,0.09228,AUTO,HAZARD_VISION_STOP,0.0000,0.0000,0.0000,0.0000,0.0000,0.0000,3,25.59615,0.15000,0.15000,0.00000,0.00000,10558,10708,0.000000,0.000000
66.36,3.25519,0.05775,0.09228,AUTO,HAZARD_VISION_STOP,0.0000,0.0000,0.0000,0.0000,0.0000,0.0000,3,25.59615,0.15000,0.15000,0.00000,0.00000,10558,10708,0.000000,0.000000
66.38,3.25519,0.05775,0.09228,AUTO,HAZARD_VISION_STOP,0.0000,0.0000,0.0000,0.0000,0.0000,0.0000,3,25.59615,0.15000,0.15000,0.00000,0.00000,10558,10708,0.000000,0.000000
66.40,3.25519,0.05775,0.09228,AUTO,HAZARD_VISION_STOP,0.0000,0.0000,0.0000,0.0000,0.0000,0.0000,3,25.59615,0.15000,0.15000,0.00000,0.00000,10558,10708,0.000000,0.000000
66.42,3.25519,0.05775,0.09228,AUTO,HAZARD_VISION_STOP,0.0000,0.0000,0.0000,0.0000,0.0000,0.0000,3,25.59615,0.15000,0.15000,0.00000,0.00000,10558,10708,0.000000,0.000000
66.44,3.25519,0.05775,0.09228,AUTO,HAZARD_VISION_STOP,0.0000,0.0000,0.0000,0.0000,0.0000,0.0000,3,25.59615,0.15000,0.15000,0.00000,0.00000,10558,10708,0.000000,0.000000
66.46,3.25519,0.05775,0.09228,AUTO,HAZARD_VISION_STOP,0.0000,0.0000,0.0000,0.0000,0.0000,0.0000,3,25.59615,0.15000,0.15000,0.00000,0.00000,10558,10708,0.000000,0.000000
66.48,3.25519,0.05775,0.09228,AUTO,HAZARD_VISION_STOP,0.0000,0.0000,0.0000,0.0000,0.0000,0.0000,3,25.59615,0.15000,0.15000,0.00000,0.00000,10558,10708,0.000000,0.000000
66.50,3.25519,0.05775,0.09228,AUTO,HAZARD_VISION_STOP,0.0000,0.0000,0.0000,0.0000,0.0000,0.0000,3,25.59615,0.15000,0.15000,0.00000,0.00000,10558,10708,0.000000,0.000000
66.52,3.25519,0.05775,0.09228,AUTO,HAZARD_VISION_STOP,0.0000,0.0000,0.0000,0.0000,0.0000,0.0000,3,25.59615,0.15000,0.15000,0.00000,0.00000,10558,10708,0.000000,0.000000
66.54,3.25519,0.05775,0.09228,AUTO,HAZARD_VISION_STOP,0.0000,0.0000,0.0000,0.0000,0.0000,0.0000,3,25.59615,0.15000,0.15000,0.00000,0.00000,10558,10708,0.000000,0.000000
66.56,3.25519,0.05775,0.09228,AUTO,HAZARD_VISION_STOP,0.0000,0.0000,0.0000,0.0000,0.0000,0.0000,3,25.59615,0.15000,0.15000,0.00000,0.00000,10558,10708,0.000000,0.000000
66.58,3.25519,0.05775,0.09228,AUTO,HAZARD_VISION_STOP,0.0000,0.0000,0.0000,0.0000,0.0000,0.0000,3,25.59615,0.15000,0.15000,0.00000,0.00000,10558,10708,0.000000,0.000000
66.60,3.25519,0.05775,0.09228,AUTO,HAZARD_VISION_STOP,0.0000,0.0000,0.0000,0.0000,0.0000,0.0000,3,25.59615,0.15000,0.15000,0.00000,0.00000,10558,10708,0.000000,0.000000
66.62,3.25519,0.05775,0.09228,AUTO,HAZARD_VISION_STOP,0.0000,0.0000,0.0000,0.0000,0.0000,0.0000,3,25.59615,0.15000,0.15000,0.00000,0.00000,10558,10708,0.000000,0.000000
66.64,3.25519,0.05775,0.09228,AUTO,HAZARD_VISION_STOP,0.0000,0.0000,0.0000,0.0000,0.0000,0.0000,3,25.59615,0.15000,0.15000,0.00000,0.00000,10558,10708,0.000000,0.000000
66.66,3.25519,0.05775,0.09228,AUTO,HAZARD_VISION_STOP,0.0000,0.0000,0.0000,0.0000,0.0000,0.0000,3,25.59615,0.15000,0.15000,0.00000,0.00000,10558,10708,0.000000,0.000000
66.68,3.25519,0.05775,0.09228,AUTO,HAZARD_VISION_STOP,0.0000,0.0000,0.0000,0.0000,0.0000,0.0000,3,25.59615,0.15000,0.15000,0.00000,0.00000,10558,10708,0.000000,0.000000
66.70,3.25519,0.05775,0.09228,AUTO,HAZARD_VISION_STOP,0.0000,0.0000,0.0000,0.0000,0.0000,0.0000,3,25.59615,0.15000,0.15000,0.00000,0.00000,10558,10708,0.000000,0.000000
66.72,3.25519,0.05775,0.09228,AUTO,HAZARD_VISION_STOP,0.0000,0.0000,0.0000,0.0000,0.0000,0.0000,3,25.59615,0.15000,0.15000,0.00000,0.00000,10558,10708,0.000000,0.000000
66.74,3.25519,0.05775,0.09228,AUTO,HAZARD_VISION_STOP,0.0000,0.0000,0.0000,0.0000,0.0000,0.0000,3,25.59615,0.15000,0.15000,0.00000,0.00000,10558,10708,0.000000,0.000000
66.76,3.25519,0.05775,0.09228,AUTO,HAZARD_VISION_STOP,0.0000,0.0000,0.0000,0.0000,0.0000,0.0000,3,25.59615,0.15000,0.15000,0.00000,0.00000,10558,10708,0.000000,0.000000
66.78,3.25519,0.05775,0.09228,AUTO,HAZARD_VISION_STOP,0.0000,0.0000,0.0000,0.0000,0.0000,0.0000,3,25.59615,0.15000,0.15000,0.00000,0.00000,10558,10708,0.000000,0.000000
66.80,3.25519,0.05775,0.09228,AUTO,HAZARD_VISION_STOP,0.0000,0.0000,0.0000,0.0000,0.0000,0.0000,3,25.59615,0.15000,0.15000,0.00000,0.00000,10558,10708,0.000000,0.000000
66.82,3.25519,0.05775,0.09228,AUTO,HAZARD_VISION_STOP,0.0000,0.0000,0.0000,0.0000,0.0000,0.0000,3,25.59615,0.15000,0.15000,0.00000,0.00000,10558,10708,0.000000,0.000000
66.84,3.25519,0.05775,0.09228,AUTO,HAZARD_VISION_STOP,0.0000,0.0000,0.0000,0.0000,0.0000,0.0000,3,25.59615,0.15000,0.15000,0.00000,0.00000,10558,10708,0.000000,0.000000
66.86,3.25519,0.05775,0.09228,AUTO,HAZARD_VISION_STOP,0.0000,0.0000,0.0000,0.0000,0.0000,0.0000,3,25.59615,0.15000,0.15000,0.00000,0.00000,10558,10708,0.000000,0.000000
66.88,3.25519,0.05775,0.09228,AUTO,HAZARD_VISION_STOP,0.0000,0.0000,0.0000,0.0000,0.0000,0.0000,3,25.59615,0.15000,0.15000,0.00000,0.00000,10558,10708,0.000000,0.000000
66.90,3.25519,0.05775,0.09228,AUTO,HAZARD_VISION_STOP,0.0000,0.0000,0.0000,0.0000,0.0000,0.0000,3,25.59615,0.15000,0.15000,0.00000,0.00000,10558,10708,0.000000,0.000000
66.92,3.25519,0.05775,0.09228,AUTO,HAZARD_VISION_STOP,0.0000,0.0000,0.0000,0.0000,0.0000,0.0000,3,25.59615,0.15000,0.15000,0.00000,0.00000,10558,10708,0.000000,0.000000
66.94,3.25519,0.05775,0.09228,AUTO,HAZARD_VISION_STOP,0.0000,0.0000,0.0000,0.0000,0.0000,0.0000,3,25.59615,0.15000,0.15000,0.00000,0.00000,10558,10708,0.000000,0.000000
66.96,3.25519,0.05775,0.09228,AUTO,HAZARD_VISION_STOP,0.0000,0.0000,0.0000,0.0000,0.0000,0.0000,3,25.59615,0.15000,0.15000,0.00000,0.00000,10558,10708,0.000000,0.000000
66.98,3.25519,0.05775,0.09228,AUTO,HAZARD_VISION_STOP,0.0000,0.0000,0.0000,0.0000,0.0000,0.0000,3,25.59615,0.15000,0.15000,0.00000,0.00000,10558,10708,0.000000,0.000000
67.00,3.25519,0.05775,0.09228,AUTO,HAZARD_VISION_STOP,0.0000,0.0000,0.0000,0.0000,0.0000,0.0000,3,25.59615,0.15000,0.15000,0.00000,0.00000,10558,10708,0.000000,0.000000
67.02,3.25519,0.05775,0.09228,AUTO,HAZARD_VISION_STOP,0.0000,0.0000,0.0000,0.0000,0.0000,0.0000,3,25.59615,0.15000,0.15000,0.00000,0.00000,10558,10708,0.000000,0.000000
67.04,3.25519,0.05775,0.09228,AUTO,HAZARD_VISION_STOP,0.0000,0.0000,0.0000,0.0000,0.0000,0.0000,3,25.59615,0.15000,0.15000,0.00000,0.00000,10558,10708,0.000000,0.000000
67.06,3.25519,0.05775,0.09228,AUTO,HAZARD_VISION_STOP,0.0000,0.0000,0.0000,0.0000,0.0000,0.0000,3,25.59615,0.15000,0.15000,0.00000,0.00000,10558,10708,0.000000,0.000000
67.08,3.25519,0.05775,0.09228,AUTO,HAZARD_VISION_STOP,0.0000,0.0000,0.0000,0.0000,0.0000,0.0000,3,25.59615,0.15000,0.15000,0.00000,0.00000,10558,10708,0.000000,0.000000
67.10,3.25519,0.05775,0.09228,AUTO,HAZARD_VISION_STOP,0.0000,0.0000,0.0000,0.0000,0.0000,0.0000,3,25.59615,0.15000,0.15000,0.00000,0.00000,10558,10708,0.000000,0.000000
67.12,3.25519,0.05775,0.09228,AUTO,HAZARD_VISION_STOP,0.0000,0.0000,0.0000,0.0000,0.0000,0.0000,3,25.59615,0.15000,0.15000,0.00000,0.00000,10558,10708,0.000000,0.000000
67.14,3.25519,0.05775,0.09228,AUTO,HAZARD_VISION_STOP,0.0000,0.0000,0.0000,0.0000,0.0000,0.0000,3,25.59615,0.15000,0.15000,0.00000,0.00000,10558,10708,0.000000,0.000000
67.16,3.25519,0.05775,0.09228,AUTO,HAZARD_VISION_STOP,0.0000,0.0000,0.0000,0.0000,0.0000,0.0000,3,25.59615,0.15000,0.15000,0.00000,0.00000,10558,10708,0.000000,0.000000
67.18,3.25519,0.05775,0.09228,AUTO,HAZARD_VISION_STOP,0.0000,0.0000,0.0000,0.0000,0.0000,0.0000,3,25.59615,0.15000,0.15000,0.00000,0.00000,10558,10708,0.000000,0.000000
67.20,3.25519,0.05775,0.09228,AUTO,HAZARD_VISION_STOP,0.0000,0.0000,0.0000,0.0000,0.0000,0.0000,3,25.59615,0.15000,0.15000,0.00000,0.00000,10558,10708,0.000000,0.000000
67.22,3.25519,0.05775,0.09228,AUTO,HAZARD_VISION_STOP,0.0000,0.0000,0.0000,0.0000,0.0000,0.0000,3,25.59615,0.15000,0.15000,0.00000,0.00000,10558,10708,0.000000,0.000000
67.24,3.25519,0.05775,0.09228,AUTO,HAZARD_VISION_STOP,0.0000,0.0000,0.0000,0.0000,0.0000,0.0000,3,25.59615,0.15000,0.15000,0.00000,0.00000,10558,10708,0.000000,0.000000
67.26,3.25519,0.05775,0.09228,AUTO,HAZARD_VISION_STOP,0.0000,0.0000,0.0000,0.0000,0.0000,0.0000,3,25.59615,0.15000,0.15000,0.00000,0.00000,10558,10708,0.000000,0.000000
67.28,3.25519,0.05775,0.09228,AUTO,HAZARD_VISION_STOP,0.0000,0.0000,0.0000,0.0000,0.0000,0.0000,3,25.59615,0.15000,0.15000,0.00000,0.00000,10558,10708,0.000000,0.000000
67.30,3.25519,0.05775,0.09228,AUTO,HAZARD_VISION_STOP,0.0000,0.0000,0.0000,0.0000,0.0000,0.0000,3,25.59615,0.15000,0.15000,0.00000,0.00000,10558,10708,0.000000,0.000000
67.32,3.25519,0.05775,0.09228,AUTO,HAZARD_VISION_STOP,0.0000,0.0000,0.0000,0.0000,0.0000,0.0000,3,25.59615,0.15000,0.15000,0.00000,0.00000,10558,10708,0.000000,0.000000
67.34,3.25519,0.05775,0.09228,AUTO,HAZARD_VISION_STOP,0.0000,0.0000,0.0000,0.0000,0.0000,0.0000,3,25.59615,0.15000,0.15000,0.00000,0.00000,10558,10708,0.000000,0.000000
67.36,3.25519,0.05775,0.09228,AUTO,HAZARD_VISION_STOP,0.0000,0.0000,0.0000,0.0000,0.0000,0.0000,3,25.59615,0.15000,0.15000,0.00000,0.00000,10558,10708,0.000000,0.000000
67.38,3.25519,0.05775,0.09228,AUTO,HAZARD_VISION_STOP,0.0000,0.0000,0.0000,0.0000,0.0000,0.0000,3,25.59615,0.15000,0.15000,0.00000,0.00000,10558,10708,0.000000,0.000000
67.40,3.25519,0.05775,0.09228,AUTO,HAZARD_VISION_STOP,0.0000,0.0000,0.0000,0.0000,0.0000,0.0000,3,25.59615,0.15000,0.15000,0.00000,0.00000,10558,10708,0.000000,0.000000
67.42,3.25519,0.05775,0.09228,AUTO,HAZARD_VISION_STOP,0.0000,0.0000,0.0000,0.0000,0.0000,0.0000,3,25.59615,0.15000,0.15000,0.00000,0.00000,10558,10708,0.000000,0.000000
67.44,3.25519,0.05775,0.09228,AUTO,HAZARD_VISION_STOP,0.0000,0.0000,0.0000,0.0000,0.0000,0.0000,3,25.59615,0.15000,0.15000,0.00000,0.00000,10558,10708,0.000000,0.000000
67.46,3.25519,0.05775,0.09228,AUTO,HAZARD_VISION_STOP,0.0000,0.0000,0.0000,0.0000,0.0000,0.0000,3,25.59615,0.15000,0.15000,0.00000,0.00000,10558,10708,0.000000,0.000000
67.48,3.25519,0.05775,0.09228,AUTO,HAZARD_VISION_STOP,0.0000,0.0000,0.0000,0.0000,0.0000,0.0000,3,25.59615,0.15000,0.15000,0.00000,0.00000,10558,10708,0.000000,0.000000
67.50,3.25519,0.05775,0.09228,AUTO,HAZARD_VISION_STOP,0.0000,0.0000,0.0000,0.0000,0.0000,0.0000,3,25.59615,0.15000,0.15000,0.00000,0.00000,10558,10708,0.000000,0.000000
67.52,3.25519,0.05775,0.09228,AUTO,HAZARD_VISION_STOP,0.0000,0.0000,0.0000,0.0000,0.0000,0.0000,3,25.59615,0.15000,0.15000,0.00000,0.00000,10558,10708,0.000000,0.000000
67.54,3.25519,0.05775,0.09228,AUTO,HAZARD_VISION_STOP,0.0000,0.0000,0.0000,0.0000,0.0000,0.0000,3,25.59615,0.15000,0.15000,0.00000,0.00000,10558,10708,0.000000,0.000000
67.56,3.25519,0.05775,0.09228,AUTO,HAZARD_VISION_STOP,0.0000,0.0000,0.0000,0.0000,0.0000,0.0000,3,25.59615,0.15000,0.15000,0.00000,0.00000,10558,10708,0.000000,0.000000
67.58,3.25519,0.05775,0.09228,AUTO,HAZARD_VISION_STOP,0.0000,0.0000,0.0000,0.0000,0.0000,0.0000,3,25.59615,0.15000,0.15000,0.00000,0.00000,10558,10708,0.000000,0.000000
67.60,3.25519,0.05775,0.09228,AUTO,HAZARD_VISION_STOP,0.0000,0.0000,0.0000,0.0000,0.0000,0.0000,3,25.59615,0.15000,0.15000,0.00000,0.00000,10558,10708,0.000000,0.000000
67.62,3.25519,0.05775,0.09228,AUTO,HAZARD_VISION_STOP,0.0000,0.0000,0.0000,0.0000,0.0000,0.0000,3,25.59615,0.15000,0.15000,0.00000,0.00000,10558,10708,0.000000,0.000000
67.64,3.25519,0.05775,0.09228,AUTO,HAZARD_VISION_STOP,0.0000,0.0000,0.0000,0.0000,0.0000,0.0000,3,25.59615,0.15000,0.15000,0.00000,0.00000,10558,10708,0.000000,0.000000
67.66,3.25519,0.05775,0.09228,AUTO,HAZARD_VISION_STOP,0.0000,0.0000,0.0000,0.0000,0.0000,0.0000,3,25.59615,0.15000,0.15000,0.00000,0.00000,10558,10708,0.000000,0.000000
67.68,3.25519,0.05775,0.09228,AUTO,HAZARD_VISION_STOP,0.0000,0.0000,0.0000,0.0000,0.0000,0.0000,3,25.59615,0.15000,0.15000,0.00000,0.00000,10558,10708,0.000000,0.000000
67.70,3.25519,0.05775,0.09228,AUTO,HAZARD_VISION_STOP,0.0000,0.0000,0.0000,0.0000,0.0000,0.0000,3,25.59615,0.15000,0.15000,0.00000,0.00000,10558,10708,0.000000,0.000000
67.72,3.25519,0.05775,0.09228,AUTO,HAZARD_VISION_STOP,0.0000,0.0000,0.0000,0.0000,0.0000,0.0000,3,25.59615,0.15000,0.15000,0.00000,0.00000,10558,10708,0.000000,0.000000
67.74,3.25519,0.05775,0.09228,AUTO,HAZARD_VISION_STOP,0.0000,0.0000,0.0000,0.0000,0.0000,0.0000,3,25.59615,0.15000,0.15000,0.00000,0.00000,10558,10708,0.000000,0.000000
67.76,3.25519,0.05775,0.09228,AUTO,HAZARD_VISION_STOP,0.0000,0.0000,0.0000,0.0000,0.0000,0.0000,3,25.59615,0.15000,0.15000,0.00000,0.00000,10558,10708,0.000000,0.000000
67.78,3.25519,0.05775,0.09228,AUTO,HAZARD_VISION_STOP,0.0000,0.0000,0.0000,0.0000,0.0000,0.0000,3,25.59615,0.15000,0.15000,0.00000,0.00000,10558,10708,0.000000,0.000000
67.80,3.25519,0.05775,0.09228,AUTO,HAZARD_VISION_STOP,0.0000,0.0000,0.0000,0.0000,0.0000,0.0000,3,25.59615,0.15000,0.15000,0.00000,0.00000,10558,10708,0.000000,0.000000
67.82,3.25519,0.05775,0.09228,AUTO,HAZARD_VISION_STOP,0.0000,0.0000,0.0000,0.0000,0.0000,0.0000,3,25.59615,0.15000,0.15000,0.00000,0.00000,10558,10708,0.000000,0.000000
67.84,3.25519,0.05775,0.09228,AUTO,HAZARD_VISION_STOP,0.0000,0.0000,0.0000,0.0000,0.0000,0.0000,3,25.59615,0.15000,0.15000,0.00000,0.00000,10558,10708,0.000000,0.000000
67.86,3.25519,0.05775,0.09228,AUTO,HAZARD_VISION_STOP,0.0000,0.0000,0.0000,0.0000,0.0000,0.0000,3,25.59615,0.15000,0.15000,0.00000,0.00000,10558,10708,0.000000,0.000000
67.88,3.25519,0.05775,0.09228,AUTO,HAZARD_VISION_STOP,0.0000,0.0000,0.0000,0.0000,0.0000,0.0000,3,25.59615,0.15000,0.15000,0.00000,0.00000,10558,10708,0.000000,0.000000
67.90,3.25519,0.05775,0.09228,AUTO,HAZARD_VISION_STOP,0.0000,0.0000,0.0000,0.0000,0.0000,0.0000,3,25.59615,0.15000,0.15000,0.00000,0.00000,10558,10708,0.000000,0.000000
67.92,3.25519,0.05775,0.09228,AUTO,HAZARD_VISION_STOP,0.0000,0.0000,0.0000,0.0000,0.0000,0.0000,3,25.59615,0.15000,0.15000,0.00000,0.00000,10558,10708,0.000000,0.000000
67.94,3.25519,0.05775,0.09228,AUTO,HAZARD_VISION_STOP,0.0000,0.0000,0.0000,0.0000,0.0000,0.0000,3,25.59615,0.15000,0.15000,0.00000,0.00000,10558,10708,0.000000,0.000000
67.96,3.25519,0.05775,0.09228,AUTO,HAZARD_VISION_STOP,0.0000,0.0000,0.0000,0.0000,0.0000,0.0000,3,25.59615,0.15000,0.15000,0.00000,0.00000,10558,10708,0.000000,0.000000
67.98,3.25519,0.05775,0.09228,AUTO,HAZARD_VISION_STOP,0.0000,0.0000,0.0000,0.0000,0.0000,0.0000,3,25.59615,0.15000,0.15000,0.00000,0.00000,10558,10708,0.000000,0.000000
68.00,3.25519,0.05775,0.09228,AUTO,HAZARD_VISION_STOP,0.0000,0.0000,0.0000,0.0000,0.0000,0.0000,3,25.59615,0.15000,0.15000,0.00000,0.00000,10558,10708,0.000000,0.000000
68.02,3.25519,0.05775,0.09228,AUTO,HAZARD_VISION_STOP,0.0000,0.0000,0.0000,0.0000,0.0000,0.0000,3,25.59615,0.15000,0.15000,0.00000,0.00000,10558,10708,0.000000,0.000000
68.04,3.25519,0.05775,0.09228,AUTO,HAZARD_VISION_STOP,0.0000,0.0000,0.0000,0.0000,0.0000,0.0000,3,25.59615,0.15000,0.15000,0.00000,0.00000,10558,10708,0.000000,0.000000
68.06,3.25519,0.05775,0.09228,AUTO,HAZARD_VISION_STOP,0.0000,0.0000,0.0000,0.0000,0.0000,0.0000,3,25.59615,0.15000,0.15000,0.00000,0.00000,10558,10708,0.000000,0.000000
68.08,3.25519,0.05775,0.09228,AUTO,HAZARD_VISION_STOP,0.0000,0.0000,0.0000,0.0000,0.0000,0.0000,3,25.59615,0.15000,0.15000,0.00000,0.00000,10558,10708,0.000000,0.000000
68.10,3.25519,0.05775,0.09228,AUTO,HAZARD_VISION_STOP,0.0000,0.0000,0.0000,0.0000,0.0000,0.0000,3,25.59615,0.15000,0.15000,0.00000,0.00000,10558,10708,0.000000,0.000000
68.12,3.25519,0.05775,0.09228,AUTO,HAZARD_VISION_STOP,0.0000,0.0000,0.0000,0.0000,0.0000,0.0000,3,25.59615,0.15000,0.15000,0.00000,0.00000,10558,10708,0.000000,0.000000
68.14,3.25519,0.05775,0.09228,AUTO,HAZARD_VISION_STOP,0.0000,0.0000,0.0000,0.0000,0.0000,0.0000,3,25.59615,0.15000,0.15000,0.00000,0.00000,10558,10708,0.000000,0.000000
68.16,3.25519,0.05775,0.09228,AUTO,HAZARD_VISION_STOP,0.0000,0.0000,0.0000,0.0000,0.0000,0.0000,3,25.59615,0.15000,0.15000,0.00000,0.00000,10558,10708,0.000000,0.000000
68.18,3.25519,0.05775,0.09228,AUTO,HAZARD_VISION_STOP,0.0000,0.0000,0.0000,0.0000,0.0000,0.0000,3,25.59615,0.15000,0.15000,0.00000,0.00000,10558,10708,0.000000,0.000000
68.20,3.25519,0.05775,0.09228,AUTO,HAZARD_VISION_STOP,0.0000,0.0000,0.0000,0.0000,0.0000,0.0000,3,25.59615,0.15000,0.15000,0.00000,0.00000,10558,10708,0.000000,0.000000
68.22,3.25519,0.05775,0.09228,AUTO,HAZARD_VISION_STOP,0.0000,0.0000,0.0000,0.0000,0.0000,0.0000,3,25.59615,0.15000,0.15000,0.00000,0.00000,10558,10708,0.000000,0.000000
68.24,3.25519,0.05775,0.09228,AUTO,HAZARD_VISION_STOP,0.0000,0.0000,0.0000,0.0000,0.0000,0.0000,3,25.59615,0.15000,0.15000,0.00000,0.00000,10558,10708,0.000000,0.000000
68.26,3.25519,0.05775,0.09228,AUTO,HAZARD_VISION_STOP,0.0000,0.0000,0.0000,0.0000,0.0000,0.0000,3,25.59615,0.15000,0.15000,0.00000,0.00000,10558,10708,0.000000,0.000000
68.28,3.25519,0.05775,0.09228,AUTO,HAZARD_VISION_STOP,0.0000,0.0000,0.0000,0.0000,0.0000,0.0000,3,25.59615,0.15000,0.15000,0.00000,0.00000,10558,10708,0.000000,0.000000
68.30,3.25519,0.05775,0.09228,AUTO,HAZARD_VISION_STOP,0.0000,0.0000,0.0000,0.0000,0.0000,0.0000,3,25.59615,0.15000,0.15000,0.00000,0.00000,10558,10708,0.000000,0.000000
68.32,3.25519,0.05775,0.09228,AUTO,HAZARD_VISION_STOP,0.0000,0.0000,0.0000,0.0000,0.0000,0.0000,3,25.59615,0.15000,0.15000,0.00000,0.00000,10558,10708,0.000000,0.000000
68.34,3.25519,0.05775,0.09228,AUTO,HAZARD_VISION_STOP,0.0000,0.0000,0.0000,0.0000,0.0000,0.0000,3,25.59615,0.15000,0.15000,0.00000,0.00000,10558,10708,0.000000,0.000000
68.36,3.25519,0.05775,0.09228,AUTO,HAZARD_VISION_STOP,0.0000,0.0000,0.0000,0.0000,0.0000,0.0000,3,25.59615,0.15000,0.15000,0.00000,0.00000,10558,10708,0.000000,0.000000
68.38,3.25519,0.05775,0.09228,AUTO,HAZARD_VISION_STOP,0.0000,0.0000,0.0000,0.0000,0.0000,0.0000,3,25.59615,0.15000,0.15000,0.00000,0.00000,10558,10708,0.000000,0.000000
68.40,3.25519,0.05775,0.09228,AUTO,HAZARD_VISION_STOP,0.0000,0.0000,0.0000,0.0000,0.0000,0.0000,3,25.59615,0.15000,0.15000,0.00000,0.00000,10558,10708,0.000000,0.000000
68.42,3.25519,0.05775,0.09228,AUTO,HAZARD_VISION_STOP,0.0000,0.0000,0.0000,0.0000,0.0000,0.0000,3,25.59615,0.15000,0.15000,0.00000,0.00000,10558,10708,0.000000,0.000000
68.44,3.25519,0.05775,0.09228,AUTO,HAZARD_VISION_STOP,0.0000,0.0000,0.0000,0.0000,0.0000,0.0000,3,25.59615,0.15000,0.15000,0.00000,0.00000,10558,10708,0.000000,0.000000
68.46,3.25519,0.05775,0.09228,AUTO,HAZARD_VISION_STOP,0.0000,0.0000,0.0000,0.0000,0.0000,0.0000,3,25.59615,0.15000,0.15000,0.00000,0.00000,10558,10708,0.000000,0.000000
68.48,3.25519,0.05775,0.09228,AUTO,HAZARD_VISION_STOP,0.0000,0.0000,0.0000,0.0000,0.0000,0.0000,3,25.59615,0.15000,0.15000,0.00000,0.00000,10558,10708,0.000000,0.000000
68.50,3.25519,0.05775,0.09228,AUTO,HAZARD_VISION_STOP,0.0000,0.0000,0.0000,0.0000,0.0000,0.0000,3,25.59615,0.15000,0.15000,0.00000,0.00000,10558,10708,0.000000,0.000000
68.52,3.25519,0.05775,0.09228,AUTO,HAZARD_VISION_STOP,0.0000,0.0000,0.0000,0.0000,0.0000,0.0000,3,25.59615,0.15000,0.15000,0.00000,0.00000,10558,10708,0.000000,0.000000
68.54,3.25519,0.05775,0.09228,AUTO,HAZARD_VISION_STOP,0.0000,0.0000,0.0000,0.0000,0.0000,0.0000,3,25.59615,0.15000,0.15000,0.00000,0.00000,10558,10708,0.000000,0.000000
68.56,3.25519,0.05775,0.09228,AUTO,HAZARD_VISION_STOP,0.0000,0.0000,0.0000,0.0000,0.0000,0.0000,3,25.59615,0.15000,0.15000,0.00000,0.00000,10558,10708,0.000000,0.000000
68.58,3.25519,0.05775,0.09228,AUTO,HAZARD_VISION_STOP,0.0000,0.0000,0.0000,0.0000,0.0000,0.0000,3,25.59615,0.15000,0.15000,0.00000,0.00000,10558,10708,0.000000,0.000000
68.60,3.25519,0.05775,0.09228,AUTO,HAZARD_VISION_STOP,0.0000,0.0000,0.0000,0.0000,0.0000,0.0000,3,25.59615,0.15000,0.15000,0.00000,0.00000,10558,10708,0.000000,0.000000
68.62,3.25519,0.05775,0.09228,AUTO,HAZARD_VISION_STOP,0.0000,0.0000,0.0000,0.0000,0.0000,0.0000,3,25.59615,0.15000,0.15000,0.00000,0.00000,10558,10708,0.000000,0.000000
68.64,3.25519,0.05775,0.09228,AUTO,HAZARD_VISION_STOP,0.0000,0.0000,0.0000,0.0000,0.0000,0.0000,3,25.59615,0.15000,0.15000,0.00000,0.00000,10558,10708,0.000000,0.000000
68.66,3.25519,0.05775,0.09228,AUTO,HAZARD_VISION_STOP,0.0000,0.0000,0.0000,0.0000,0.0000,0.0000,3,25.59615,0.15000,0.15000,0.00000,0.00000,10558,10708,0.000000,0.000000
68.68,3.25519,0.05775,0.09228,AUTO,HAZARD_VISION_STOP,0.0000,0.0000,0.0000,0.0000,0.0000,0.0000,3,25.59615,0.15000,0.15000,0.00000,0.00000,10558,10708,0.000000,0.000000
68.70,3.25519,0.05775,0.09228,AUTO,HAZARD_VISION_STOP,0.0000,0.0000,0.0000,0.0000,0.0000,0.0000,3,25.59615,0.15000,0.15000,0.00000,0.00000,10558,10708,0.000000,0.000000
68.72,3.25519,0.05775,0.09228,AUTO,HAZARD_VISION_STOP,0.0000,0.0000,0.0000,0.0000,0.0000,0.0000,3,25.59615,0.15000,0.15000,0.00000,0.00000,10558,10708,0.000000,0.000000
68.74,3.25519,0.05775,0.09228,AUTO,HAZARD_VISION_STOP,0.0000,0.0000,0.0000,0.0000,0.0000,0.0000,3,25.59615,0.15000,0.15000,0.00000,0.00000,10558,10708,0.000000,0.000000
68.76,3.25519,0.05775,0.09228,AUTO,HAZARD_VISION_STOP,0.0000,0.0000,0.0000,0.0000,0.0000,0.0000,3,25.59615,0.15000,0.15000,0.00000,0.00000,10558,10708,0.000000,0.000000
68.78,3.25519,0.05775,0.09228,AUTO,HAZARD_VISION_STOP,0.0000,0.0000,0.0000,0.0000,0.0000,0.0000,3,25.59615,0.15000,0.15000,0.00000,0.00000,10558,10708,0.000000,0.000000
68.80,3.25519,0.05775,0.09228,AUTO,HAZARD_VISION_STOP,0.0000,0.0000,0.0000,0.0000,0.0000,0.0000,3,25.59615,0.15000,0.15000,0.00000,0.00000,10558,10708,0.000000,0.000000
68.82,3.25519,0.05775,0.09228,AUTO,HAZARD_VISION_STOP,0.0000,0.0000,0.0000,0.0000,0.0000,0.0000,3,25.59615,0.15000,0.15000,0.00000,0.00000,10558,10708,0.000000,0.000000
68.84,3.25519,0.05775,0.09228,AUTO,HAZARD_VISION_STOP,0.0000,0.0000,0.0000,0.0000,0.0000,0.0000,3,25.59615,0.15000,0.15000,0.00000,0.00000,10558,10708,0.000000,0.000000
68.86,3.25519,0.05775,0.09228,AUTO,HAZARD_VISION_STOP,0.0000,0.0000,0.0000,0.0000,0.0000,0.0000,3,25.59615,0.15000,0.15000,0.00000,0.00000,10558,10708,0.000000,0.000000
68.88,3.25519,0.05775,0.09228,AUTO,HAZARD_VISION_STOP,0.0000,0.0000,0.0000,0.0000,0.0000,0.0000,3,25.59615,0.15000,0.15000,0.00000,0.00000,10558,10708,0.000000,0.000000
68.90,3.25519,0.05775,0.09228,AUTO,HAZARD_VISION_STOP,0.0000,0.0000,0.0000,0.0000,0.0000,0.0000,3,25.59615,0.15000,0.15000,0.00000,0.00000,10558,10708,0.000000,0.000000
68.92,3.25519,0.05775,0.09228,AUTO,HAZARD_VISION_STOP,0.0000,0.0000,0.0000,0.0000,0.0000,0.0000,3,25.59615,0.15000,0.15000,0.00000,0.00000,10558,10708,0.000000,0.000000
68.94,3.25519,0.05775,0.09228,AUTO,HAZARD_VISION_STOP,0.0000,0.0000,0.0000,0.0000,0.0000,0.0000,3,25.59615,0.15000,0.15000,0.00000,0.00000,10558,10708,0.000000,0.000000
68.96,3.25519,0.05775,0.09228,AUTO,HAZARD_VISION_STOP,0.0000,0.0000,0.0000,0.0000,0.0000,0.0000,3,25.59615,0.15000,0.15000,0.00000,0.00000,10558,10708,0.000000,0.000000
68.98,3.25519,0.05775,0.09228,AUTO,HAZARD_VISION_STOP,0.0000,0.0000,0.0000,0.0000,0.0000,0.0000,3,25.59615,0.15000,0.15000,0.00000,0.00000,10558,10708,0.000000,0.000000
69.00,3.25519,0.05775,0.09228,AUTO,HAZARD_VISION_STOP,0.0000,0.0000,0.0000,0.0000,0.0000,0.0000,3,25.59615,0.15000,0.15000,0.00000,0.00000,10558,10708,0.000000,0.000000
69.02,3.25519,0.05775,0.09228,AUTO,HAZARD_VISION_STOP,0.0000,0.0000,0.0000,0.0000,0.0000,0.0000,3,25.59615,0.15000,0.15000,0.00000,0.00000,10558,10708,0.000000,0.000000
69.04,3.25519,0.05775,0.09228,AUTO,HAZARD_VISION_STOP,0.0000,0.0000,0.0000,0.0000,0.0000,0.0000,3,25.59615,0.15000,0.15000,0.00000,0.00000,10558,10708,0.000000,0.000000
69.06,3.25519,0.05775,0.09228,AUTO,HAZARD_VISION_STOP,0.0000,0.0000,0.0000,0.0000,0.0000,0.0000,3,25.59615,0.15000,0.15000,0.00000,0.00000,10558,10708,0.000000,0.000000
69.08,3.25519,0.05775,0.09228,AUTO,HAZARD_VISION_STOP,0.0000,0.0000,0.0000,0.0000,0.0000,0.0000,3,25.59615,0.15000,0.15000,0.00000,0.00000,10558,10708,0.000000,0.000000
69.10,3.25519,0.05775,0.09228,AUTO,HAZARD_VISION_STOP,0.0000,0.0000,0.0000,0.0000,0.0000,0.0000,3,25.59615,0.15000,0.15000,0.00000,0.00000,10558,10708,0.000000,0.000000
69.12,3.25519,0.05775,0.09228,AUTO,HAZARD_VISION_STOP,0.0000,0.0000,0.0000,0.0000,0.0000,0.0000,3,25.59615,0.15000,0.15000,0.00000,0.00000,10558,10708,0.000000,0.000000
69.14,3.25519,0.05775,0.09228,AUTO,HAZARD_VISION_STOP,0.0000,0.0000,0.0000,0.0000,0.0000,0.0000,3,25.59615,0.15000,0.15000,0.00000,0.00000,10558,10708,0.000000,0.000000
69.16,3.25519,0.05775,0.09228,AUTO,HAZARD_VISION_STOP,0.0000,0.0000,0.0000,0.0000,0.0000,0.0000,3,25.59615,0.15000,0.15000,0.00000,0.00000,10558,10708,0.000000,0.000000
69.18,3.25519,0.05775,0.09228,AUTO,HAZARD_VISION_STOP,0.0000,0.0000,0.0000,0.0000,0.0000,0.0000,3,25.59615,0.15000,0.15000,0.00000,0.00000,10558,10708,0.000000,0.000000
69.20,3.25519,0.05775,0.09228,AUTO,HAZARD_VISION_STOP,0.0000,0.0000,0.0000,0.0000,0.0000,0.0000,3,25.59615,0.15000,0.15000,0.00000,0.00000,10558,10708,0.000000,0.000000
69.22,3.25519,0.05775,0.09228,AUTO,HAZARD_VISION_STOP,0.0000,0.0000,0.0000,0.0000,0.0000,0.0000,3,25.59615,0.15000,0.15000,0.00000,0.00000,10558,10708,0.000000,0.000000
69.24,3.25519,0.05775,0.09228,AUTO,HAZARD_VISION_STOP,0.0000,0.0000,0.0000,0.0000,0.0000,0.0000,3,25.59615,0.15000,0.15000,0.00000,0.00000,10558,10708,0.000000,0.000000
69.26,3.25519,0.05775,0.09228,AUTO,HAZARD_VISION_STOP,0.0000,0.0000,0.0000,0.0000,0.0000,0.0000,3,25.59615,0.15000,0.15000,0.00000,0.00000,10558,10708,0.000000,0.000000
69.28,3.25519,0.05775,0.09228,AUTO,HAZARD_VISION_STOP,0.0000,0.0000,0.0000,0.0000,0.0000,0.0000,3,25.59615,0.15000,0.15000,0.00000,0.00000,10558,10708,0.000000,0.000000
69.30,3.25519,0.05775,0.09228,AUTO,HAZARD_VISION_STOP,0.0000,0.0000,0.0000,0.0000,0.0000,0.0000,3,25.59615,0.15000,0.15000,0.00000,0.00000,10558,10708,0.000000,0.000000
69.32,3.25519,0.05775,0.09228,AUTO,HAZARD_VISION_STOP,0.0000,0.0000,0.0000,0.0000,0.0000,0.0000,3,25.59615,0.15000,0.15000,0.00000,0.00000,10558,10708,0.000000,0.000000
69.34,3.25519,0.05775,0.09228,AUTO,HAZARD_VISION_STOP,0.0000,0.0000,0.0000,0.0000,0.0000,0.0000,3,25.59615,0.15000,0.15000,0.00000,0.00000,10558,10708,0.000000,0.000000
69.36,3.25519,0.05775,0.09228,AUTO,HAZARD_VISION_STOP,0.0000,0.0000,0.0000,0.0000,0.0000,0.0000,3,25.59615,0.15000,0.15000,0.00000,0.00000,10558,10708,0.000000,0.000000
69.38,3.25519,0.05775,0.09228,AUTO,HAZARD_VISION_STOP,0.0000,0.0000,0.0000,0.0000,0.0000,0.0000,3,25.59615,0.15000,0.15000,0.00000,0.00000,10558,10708,0.000000,0.000000
69.40,3.25519,0.05775,0.09228,AUTO,HAZARD_VISION_STOP,0.0000,0.0000,0.0000,0.0000,0.0000,0.0000,3,25.59615,0.15000,0.15000,0.00000,0.00000,10558,10708,0.000000,0.000000
69.42,3.25519,0.05775,0.09228,AUTO,HAZARD_VISION_STOP,0.0000,0.0000,0.0000,0.0000,0.0000,0.0000,3,25.59615,0.15000,0.15000,0.00000,0.00000,10558,10708,0.000000,0.000000
69.44,3.25519,0.05775,0.09228,AUTO,HAZARD_VISION_STOP,0.0000,0.0000,0.0000,0.0000,0.0000,0.0000,3,25.59615,0.15000,0.15000,0.00000,0.00000,10558,10708,0.000000,0.000000
69.46,3.25519,0.05775,0.09228,AUTO,HAZARD_VISION_STOP,0.0000,0.0000,0.0000,0.0000,0.0000,0.0000,3,25.59615,0.15000,0.15000,0.00000,0.00000,10558,10708,0.000000,0.000000
69.48,3.25519,0.05775,0.09228,AUTO,HAZARD_VISION_STOP,0.0000,0.0000,0.0000,0.0000,0.0000,0.0000,3,25.59615,0.15000,0.15000,0.00000,0.00000,10558,10708,0.000000,0.000000
69.50,3.25519,0.05775,0.09228,AUTO,HAZARD_VISION_STOP,0.0000,0.0000,0.0000,0.0000,0.0000,0.0000,3,25.59615,0.15000,0.15000,0.00000,0.00000,10558,10708,0.000000,0.000000
69.52,3.25519,0.05775,0.09228,AUTO,HAZARD_VISION_STOP,0.0000,0.0000,0.0000,0.0000,0.0000,0.0000,3,25.59615,0.15000,0.15000,0.00000,0.00000,10558,10708,0.000000,0.000000
69.54,3.25519,0.05775,0.09228,AUTO,HAZARD_VISION_STOP,0.0000,0.0000,0.0000,0.0000,0.0000,0.0000,3,25.59615,0.15000,0.15000,0.00000,0.00000,10558,10708,0.000000,0.000000
69.56,3.25519,0.05775,0.09228,AUTO,HAZARD_VISION_STOP,0.0000,0.0000,0.0000,0.0000,0.0000,0.0000,3,25.59615,0.15000,0.15000,0.00000,0.00000,10558,10708,0.000000,0.000000
69.58,3.25519,0.05775,0.09228,AUTO,HAZARD_VISION_STOP,0.0000,0.0000,0.0000,0.0000,0.0000,0.0000,3,25.59615,0.15000,0.15000,0.00000,0.00000,10558,10708,0.000000,0.000000
69.60,3.25519,0.05775,0.09228,AUTO,HAZARD_VISION_STOP,0.0000,0.0000,0.0000,0.0000,0.0000,0.0000,3,25.59615,0.15000,0.15000,0.00000,0.00000,10558,10708,0.000000,0.000000
69.62,3.25519,0.05775,0.09228,AUTO,HAZARD_VISION_STOP,0.0000,0.0000,0.0000,0.0000,0.0000,0.0000,3,25.59615,0.15000,0.15000,0.00000,0.00000,10558,10708,0.000000,0.000000
69.64,3.25519,0.05775,0.09228,AUTO,HAZARD_VISION_STOP,0.0000,0.0000,0.0000,0.0000,0.0000,0.0000,3,25.59615,0.15000,0.15000,0.00000,0.00000,10558,10708,0.000000,0.000000
69.66,3.25519,0.05775,0.09228,AUTO,HAZARD_VISION_STOP,0.0000,0.0000,0.0000,0.0000,0.0000,0.0000,3,25.59615,0.15000,0.15000,0.00000,0.00000,10558,10708,0.000000,0.000000
69.68,3.25519,0.05775,0.09228,AUTO,HAZARD_VISION_STOP,0.0000,0.0000,0.0000,0.0000,0.0000,0.0000,3,25.59615,0.15000,0.15000,0.00000,0.00000,10558,10708,0.000000,0.000000
69.70,3.25519,0.05775,0.09228,AUTO,HAZARD_VISION_STOP,0.0000,0.0000,0.0000,0.0000,0.0000,0.0000,3,25.59615,0.15000,0.15000,0.00000,0.00000,10558,10708,0.000000,0.000000
69.72,3.25519,0.05775,0.09228,AUTO,HAZARD_VISION_STOP,0.0000,0.0000,0.0000,0.0000,0.0000,0.0000,3,25.59615,0.15000,0.15000,0.00000,0.00000,10558,10708,0.000000,0.000000
69.74,3.25519,0.05775,0.09228,AUTO,HAZARD_VISION_STOP,0.0000,0.0000,0.0000,0.0000,0.0000,0.0000,3,25.59615,0.15000,0.15000,0.00000,0.00000,10558,10708,0.000000,0.000000
69.76,3.25519,0.05775,0.09228,AUTO,HAZARD_VISION_STOP,0.0000,0.0000,0.0000,0.0000,0.0000,0.0000,3,25.59615,0.15000,0.15000,0.00000,0.00000,10558,10708,0.000000,0.000000
69.78,3.25519,0.05775,0.09228,AUTO,HAZARD_VISION_STOP,0.0000,0.0000,0.0000,0.0000,0.0000,0.0000,3,25.59615,0.15000,0.15000,0.00000,0.00000,10558,10708,0.000000,0.000000
69.80,3.25519,0.05775,0.09228,AUTO,HAZARD_VISION_STOP,0.0000,0.0000,0.0000,0.0000,0.0000,0.0000,3,25.59615,0.15000,0.15000,0.00000,0.00000,10558,10708,0.000000,0.000000
69.82,3.25519,0.05775,0.09228,AUTO,HAZARD_VISION_STOP,0.0000,0.0000,0.0000,0.0000,0.0000,0.0000,3,25.59615,0.15000,0.15000,0.00000,0.00000,10558,10708,0.000000,0.000000
69.84,3.25519,0.05775,0.09228,AUTO,HAZARD_VISION_STOP,0.0000,0.0000,0.0000,0.0000,0.0000,0.0000,3,25.59615,0.15000,0.15000,0.00000,0.00000,10558,10708,0.000000,0.000000
69.86,3.25519,0.05775,0.09228,AUTO,HAZARD_VISION_STOP,0.0000,0.0000,0.0000,0.0000,0.0000,0.0000,3,25.59615,0.15000,0.15000,0.00000,0.00000,10558,10708,0.000000,0.000000
69.88,3.25519,0.05775,0.09228,AUTO,HAZARD_VISION_STOP,0.0000,0.0000,0.0000,0.0000,0.0000,0.0000,3,25.59615,0.15000,0.15000,0.00000,0.00000,10558,10708,0.000000,0.000000
69.90,3.25519,0.05775,0.09228,AUTO,HAZARD_VISION_STOP,0.0000,0.0000,0.0000,0.0000,0.0000,0.0000,3,25.59615,0.15000,0.15000,0.00000,0.00000,10558,10708,0.000000,0.000000
69.92,3.25519,0.05775,0.09228,AUTO,HAZARD_VISION_STOP,0.0000,0.0000,0.0000,0.0000,0.0000,0.0000,3,25.59615,0.15000,0.15000,0.00000,0.00000,10558,10708,0.000000,0.000000
69.94,3.25519,0.05775,0.09228,AUTO,HAZARD_VISION_STOP,0.0000,0.0000,0.0000,0.0000,0.0000,0.0000,3,25.59615,0.15000,0.15000,0.00000,0.00000,10558,10708,0.000000,0.000000
69.96,3.25519,0.05775,0.09228,AUTO,HAZARD_VISION_STOP,0.0000,0.0000,0.0000,0.0000,0.0000,0.0000,3,25.59615,0.15000,0.15000,0.00000,0.00000,10558,10708,0.000000,0.000000
69.98,3.25519,0.05775,0.09228,AUTO,HAZARD_VISION_STOP,0.0000,0.0000,0.0000,0.0000,0.0000,0.0000,3,25.59615,0.15000,0.15000,0.00000,0.00000,10558,10708,0.000000,0.000000
70.00,3.25519,0.05775,0.09228,AUTO,HAZARD_VISION_STOP,0.0000,0.0000,0.0000,0.0000,0.0000,0.0000,3,25.59615,0.15000,0.15000,0.00000,0.00000,10558,10708,0.000000,0.000000
70.02,3.25519,0.05775,0.09228,AUTO,HAZARD_VISION_STOP,0.0000,0.0000,0.0000,0.0000,0.0000,0.0000,3,25.59615,0.15000,0.15000,0.00000,0.00000,10558,10708,0.000000,0.000000
70.04,3.25519,0.05775,0.09228,AUTO,HAZARD_VISION_STOP,0.0000,0.0000,0.0000,0.0000,0.0000,0.0000,3,25.59615,0.15000,0.15000,0.00000,0.00000,10558,10708,0.000000,0.000000
70.06,3.25519,0.05775,0.09228,AUTO,HAZARD_VISION_STOP,0.0000,0.0000,0.0000,0.0000,0.0000,0.0000,3,25.59615,0.15000,0.15000,0.00000,0.00000,10558,10708,0.000000,0.000000
70.08,3.25519,0.05775,0.09228,AUTO,HAZARD_VISION_STOP,0.0000,0.0000,0.0000,0.0000,0.0000,0.0000,3,25.59615,0.15000,0.15000,0.00000,0.00000,10558,10708,0.000000,0.000000
70.10,3.25519,0.05775,0.09228,AUTO,HAZARD_VISION_STOP,0.0000,0.0000,0.0000,0.0000,0.0000,0.0000,3,25.59615,0.15000,0.15000,0.00000,0.00000,10558,10708,0.000000,0.000000
70.12,3.25519,0.05775,0.09228,AUTO,HAZARD_VISION_STOP,0.0000,0.0000,0.0000,0.0000,0.0000,0.0000,3,25.59615,0.15000,0.15000,0.00000,0.00000,10558,10708,0.000000,0.000000
70.14,3.25519,0.05775,0.09228,AUTO,HAZARD_VISION_STOP,0.0000,0.0000,0.0000,0.0000,0.0000,0.0000,3,25.59615,0.15000,0.15000,0.00000,0.00000,10558,10708,0.000000,0.000000
70.16,3.25519,0.05775,0.09228,AUTO,HAZARD_VISION_STOP,0.0000,0.0000,0.0000,0.0000,0.0000,0.0000,3,25.59615,0.15000,0.15000,0.00000,0.00000,10558,10708,0.000000,0.000000
70.18,3.25519,0.05775,0.09228,AUTO,HAZARD_VISION_STOP,0.0000,0.0000,0.0000,0.0000,0.0000,0.0000,3,25.59615,0.15000,0.15000,0.00000,0.00000,10558,10708,0.000000,0.000000
70.20,3.25519,0.05775,0.09228,AUTO,HAZARD_VISION_STOP,0.0000,0.0000,0.0000,0.0000,0.0000,0.0000,3,25.59615,0.15000,0.15000,0.00000,0.00000,10558,10708,0.000000,0.000000
70.22,3.25519,0.05775,0.09228,AUTO,HAZARD_VISION_STOP,0.0000,0.0000,0.0000,0.0000,0.0000,0.0000,3,25.59615,0.15000,0.15000,0.00000,0.00000,10558,10708,0.000000,0.000000
70.24,3.25519,0.05775,0.09228,AUTO,HAZARD_VISION_STOP,0.0000,0.0000,0.0000,0.0000,0.0000,0.0000,3,25.59615,0.15000,0.15000,0.00000,0.00000,10558,10708,0.000000,0.000000
70.26,3.25519,0.05775,0.09228,AUTO,HAZARD_VISION_STOP,0.0000,0.0000,0.0000,0.0000,0.0000,0.0000,3,25.59615,0.15000,0.15000,0.00000,0.00000,10558,10708,0.000000,0.000000
70.28,3.25519,0.05775,0.09228,AUTO,HAZARD_VISION_STOP,0.0000,0.0000,0.0000,0.0000,0.0000,0.0000,3,25.59615,0.15000,0.15000,0.00000,0.00000,10558,10708,0.000000,0.000000
70.30,3.25519,0.05775,0.09228,AUTO,HAZARD_VISION_STOP,0.0000,0.0000,0.0000,0.0000,0.0000,0.0000,3,25.59615,0.15000,0.15000,0.00000,0.00000,10558,10708,0.000000,0.000000
70.32,3.25519,0.05775,0.09228,AUTO,HAZARD_VISION_STOP,0.0000,0.0000,0.0000,0.0000,0.0000,0.0000,3,25.59615,0.15000,0.15000,0.00000,0.00000,10558,10708,0.000000,0.000000
70.34,3.25519,0.05775,0.09228,AUTO,HAZARD_VISION_STOP,0.0000,0.0000,0.0000,0.0000,0.0000,0.0000,3,25.59615,0.15000,0.15000,0.00000,0.00000,10558,10708,0.000000,0.000000
70.36,3.25519,0.05775,0.09228,AUTO,HAZARD_VISION_STOP,0.0000,0.0000,0.0000,0.0000,0.0000,0.0000,3,25.59615,0.15000,0.15000,0.00000,0.00000,10558,10708,0.000000,0.000000
70.38,3.25519,0.05775,0.09228,AUTO,HAZARD_VISION_STOP,0.0000,0.0000,0.0000,0.0000,0.0000,0.0000,3,25.59615,0.15000,0.15000,0.00000,0.00000,10558,10708,0.000000,0.000000
70.40,3.25519,0.05775,0.09228,AUTO,HAZARD_VISION_STOP,0.0000,0.0000,0.0000,0.0000,0.0000,0.0000,3,25.59615,0.15000,0.15000,0.00000,0.00000,10558,10708,0.000000,0.000000
70.42,3.25519,0.05775,0.09228,AUTO,HAZARD_VISION_STOP,0.0000,0.0000,0.0000,0.0000,0.0000,0.0000,3,25.59615,0.15000,0.15000,0.00000,0.00000,10558,10708,0.000000,0.000000
70.44,3.25519,0.05775,0.09228,AUTO,HAZARD_VISION_STOP,0.0000,0.0000,0.0000,0.0000,0.0000,0.0000,3,25.59615,0.15000,0.15000,0.00000,0.00000,10558,10708,0.000000,0.000000
70.46,3.25519,0.05775,0.09228,AUTO,HAZARD_VISION_STOP,0.0000,0.0000,0.0000,0.0000,0.0000,0.0000,3,25.59615,0.15000,0.15000,0.00000,0.00000,10558,10708,0.000000,0.000000
70.48,3.25519,0.05775,0.09228,AUTO,HAZARD_VISION_STOP,0.0000,0.0000,0.0000,0.0000,0.0000,0.0000,3,25.59615,0.15000,0.15000,0.00000,0.00000,10558,10708,0.000000,0.000000
70.50,3.25519,0.05775,0.09228,AUTO,HAZARD_VISION_STOP,0.0000,0.0000,0.0000,0.0000,0.0000,0.0000,3,25.59615,0.15000,0.15000,0.00000,0.00000,10558,10708,0.000000,0.000000
70.52,3.25519,0.05775,0.09228,AUTO,HAZARD_VISION_STOP,0.0000,0.0000,0.0000,0.0000,0.0000,0.0000,3,25.59615,0.15000,0.15000,0.00000,0.00000,10558,10708,0.000000,0.000000
70.54,3.25519,0.05775,0.09228,AUTO,HAZARD_VISION_STOP,0.0000,0.0000,0.0000,0.0000,0.0000,0.0000,3,25.59615,0.15000,0.15000,0.00000,0.00000,10558,10708,0.000000,0.000000
70.56,3.25519,0.05775,0.09228,AUTO,HAZARD_VISION_STOP,0.0000,0.0000,0.0000,0.0000,0.0000,0.0000,3,25.59615,0.15000,0.15000,0.00000,0.00000,10558,10708,0.000000,0.000000
70.58,3.25519,0.05775,0.09228,AUTO,HAZARD_VISION_STOP,0.0000,0.0000,0.0000,0.0000,0.0000,0.0000,3,25.59615,0.15000,0.15000,0.00000,0.00000,10558,10708,0.000000,0.000000
70.60,3.25519,0.05775,0.09228,AUTO,HAZARD_VISION_STOP,0.0000,0.0000,0.0000,0.0000,0.0000,0.0000,3,25.59615,0.15000,0.15000,0.00000,0.00000,10558,10708,0.000000,0.000000
70.62,3.25519,0.05775,0.09228,AUTO,HAZARD_VISION_STOP,0.0000,0.0000,0.0000,0.0000,0.0000,0.0000,3,25.59615,0.15000,0.15000,0.00000,0.00000,10558,10708,0.000000,0.000000
70.64,3.25519,0.05775,0.09228,AUTO,HAZARD_VISION_STOP,0.0000,0.0000,0.0000,0.0000,0.0000,0.0000,3,25.59615,0.15000,0.15000,0.00000,0.00000,10558,10708,0.000000,0.000000
70.66,3.25519,0.05775,0.09228,AUTO,HAZARD_VISION_STOP,0.0000,0.0000,0.0000,0.0000,0.0000,0.0000,3,25.59615,0.15000,0.15000,0.00000,0.00000,10558,10708,0.000000,0.000000
70.68,3.25519,0.05775,0.09228,AUTO,HAZARD_VISION_STOP,0.0000,0.0000,0.0000,0.0000,0.0000,0.0000,3,25.59615,0.15000,0.15000,0.00000,0.00000,10558,10708,0.000000,0.000000
70.70,3.25519,0.05775,0.09228,AUTO,HAZARD_VISION_STOP,0.0000,0.0000,0.0000,0.0000,0.0000,0.0000,3,25.59615,0.15000,0.15000,0.00000,0.00000,10558,10708,0.000000,0.000000
70.72,3.25519,0.05775,0.09228,AUTO,HAZARD_VISION_STOP,0.0000,0.0000,0.0000,0.0000,0.0000,0.0000,3,25.59615,0.15000,0.15000,0.00000,0.00000,10558,10708,0.000000,0.000000
70.74,3.25519,0.05775,0.09228,AUTO,HAZARD_VISION_STOP,0.0000,0.0000,0.0000,0.0000,0.0000,0.0000,3,25.59615,0.15000,0.15000,0.00000,0.00000,10558,10708,0.000000,0.000000
70.76,3.25519,0.05775,0.09228,AUTO,HAZARD_VISION_STOP,0.0000,0.0000,0.0000,0.0000,0.0000,0.0000,3,25.59615,0.15000,0.15000,0.00000,0.00000,10558,10708,0.000000,0.000000
70.78,3.25519,0.05775,0.09228,AUTO,HAZARD_VISION_STOP,0.0000,0.0000,0.0000,0.0000,0.0000,0.0000,3,25.59615,0.15000,0.15000,0.00000,0.00000,10558,10708,0.000000,0.000000
70.80,3.25519,0.05775,0.09228,AUTO,HAZARD_VISION_STOP,0.0000,0.0000,0.0000,0.0000,0.0000,0.0000,3,25.59615,0.15000,0.15000,0.00000,0.00000,10558,10708,0.000000,0.000000
70.82,3.25519,0.05775,0.09228,AUTO,HAZARD_VISION_STOP,0.0000,0.0000,0.0000,0.0000,0.0000,0.0000,3,25.59615,0.15000,0.15000,0.00000,0.00000,10558,10708,0.000000,0.000000
70.84,3.25519,0.05775,0.09228,AUTO,HAZARD_VISION_STOP,0.0000,0.0000,0.0000,0.0000,0.0000,0.0000,3,25.59615,0.15000,0.15000,0.00000,0.00000,10558,10708,0.000000,0.000000
70.86,3.25519,0.05775,0.09228,AUTO,HAZARD_VISION_STOP,0.0000,0.0000,0.0000,0.0000,0.0000,0.0000,3,25.59615,0.15000,0.15000,0.00000,0.00000,10558,10708,0.000000,0.000000
70.88,3.25519,0.05775,0.09228,AUTO,HAZARD_VISION_STOP,0.0000,0.0000,0.0000,0.0000,0.0000,0.0000,3,25.59615,0.15000,0.15000,0.00000,0.00000,10558,10708,0.000000,0.000000
70.90,3.25519,0.05775,0.09228,AUTO,HAZARD_VISION_STOP,0.0000,0.0000,0.0000,0.0000,0.0000,0.0000,3,25.59615,0.15000,0.15000,0.00000,0.00000,10558,10708,0.000000,0.000000
70.92,3.25519,0.05775,0.09228,AUTO,HAZARD_VISION_STOP,0.0000,0.0000,0.0000,0.0000,0.0000,0.0000,3,25.59615,0.15000,0.15000,0.00000,0.00000,10558,10708,0.000000,0.000000
70.94,3.25519,0.05775,0.09228,AUTO,HAZARD_VISION_STOP,0.0000,0.0000,0.0000,0.0000,0.0000,0.0000,3,25.59615,0.15000,0.15000,0.00000,0.00000,10558,10708,0.000000,0.000000
70.96,3.25519,0.05775,0.09228,AUTO,HAZARD_VISION_STOP,0.0000,0.0000,0.0000,0.0000,0.0000,0.0000,3,25.59615,0.15000,0.15000,0.00000,0.00000,10558,10708,0.000000,0.000000
70.98,3.25519,0.05775,0.09228,AUTO,HAZARD_VISION_STOP,0.0000,0.0000,0.0000,0.0000,0.0000,0.0000,3,25.59615,0.15000,0.15000,0.00000,0.00000,10558,10708,0.000000,0.000000
71.00,3.25519,0.05775,0.09228,AUTO,HAZARD_VISION_STOP,0.0000,0.0000,0.0000,0.0000,0.0000,0.0000,3,25.59615,0.15000,0.15000,0.00000,0.00000,10558,10708,0.000000,0.000000
71.02,3.25519,0.05775,0.09228,AUTO,HAZARD_VISION_STOP,0.0000,0.0000,0.0000,0.0000,0.0000,0.0000,3,25.59615,0.15000,0.15000,0.00000,0.00000,10558,10708,0.000000,0.000000
71.04,3.25519,0.05775,0.09228,AUTO,HAZARD_VISION_STOP,0.0000,0.0000,0.0000,0.0000,0.0000,0.0000,3,25.59615,0.15000,0.15000,0.00000,0.00000,10558,10708,0.000000,0.000000
71.06,3.25519,0.05775,0.09228,AUTO,HAZARD_VISION_STOP,0.0000,0.0000,0.0000,0.0000,0.0000,0.0000,3,25.59615,0.15000,0.15000,0.00000,0.00000,10558,10708,0.000000,0.000000
71.08,3.25519,0.05775,0.09228,AUTO,HAZARD_VISION_STOP,0.0000,0.0000,0.0000,0.0000,0.0000,0.0000,3,25.59615,0.15000,0.15000,0.00000,0.00000,10558,10708,0.000000,0.000000
71.10,3.25519,0.05775,0.09228,AUTO,HAZARD_VISION_STOP,0.0000,0.0000,0.0000,0.0000,0.0000,0.0000,3,25.59615,0.15000,0.15000,0.00000,0.00000,10558,10708,0.000000,0.000000
71.12,3.25519,0.05775,0.09228,AUTO,HAZARD_VISION_STOP,0.0000,0.0000,0.0000,0.0000,0.0000,0.0000,3,25.59615,0.15000,0.15000,0.00000,0.00000,10558,10708,0.000000,0.000000
71.14,3.25519,0.05775,0.09228,AUTO,HAZARD_VISION_STOP,0.0000,0.0000,0.0000,0.0000,0.0000,0.0000,3,25.59615,0.15000,0.15000,0.00000,0.00000,10558,10708,0.000000,0.000000
71.16,3.25519,0.05775,0.09228,AUTO,HAZARD_VISION_STOP,0.0000,0.0000,0.0000,0.0000,0.0000,0.0000,3,25.59615,0.15000,0.15000,0.00000,0.00000,10558,10708,0.000000,0.000000
71.18,3.25519,0.05775,0.09228,AUTO,HAZARD_VISION_STOP,0.0000,0.0000,0.0000,0.0000,0.0000,0.0000,3,25.59615,0.15000,0.15000,0.00000,0.00000,10558,10708,0.000000,0.000000
71.20,3.25519,0.05775,0.09228,AUTO,HAZARD_VISION_STOP,0.0000,0.0000,0.0000,0.0000,0.0000,0.0000,3,25.59615,0.15000,0.15000,0.00000,0.00000,10558,10708,0.000000,0.000000
71.22,3.25519,0.05775,0.09228,AUTO,HAZARD_VISION_STOP,0.0000,0.0000,0.0000,0.0000,0.0000,0.0000,3,25.59615,0.15000,0.15000,0.00000,0.00000,10558,10708,0.000000,0.000000
71.24,3.25519,0.05775,0.09228,AUTO,HAZARD_VISION_STOP,0.0000,0.0000,0.0000,0.0000,0.0000,0.0000,3,25.59615,0.15000,0.15000,0.00000,0.00000,10558,10708,0.000000,0.000000
71.26,3.25519,0.05775,0.09228,AUTO,HAZARD_VISION_STOP,0.0000,0.0000,0.0000,0.0000,0.0000,0.0000,3,25.59615,0.15000,0.15000,0.00000,0.00000,10558,10708,0.000000,0.000000
71.28,3.25519,0.05775,0.09228,AUTO,HAZARD_VISION_STOP,0.0000,0.0000,0.0000,0.0000,0.0000,0.0000,3,25.59615,0.15000,0.15000,0.00000,0.00000,10558,10708,0.000000,0.000000
71.30,3.25519,0.05775,0.09228,AUTO,HAZARD_VISION_STOP,0.0000,0.0000,0.0000,0.0000,0.0000,0.0000,3,25.59615,0.15000,0.15000,0.00000,0.00000,10558,10708,0.000000,0.000000
71.32,3.25519,0.05775,0.09228,AUTO,HAZARD_VISION_STOP,0.0000,0.0000,0.0000,0.0000,0.0000,0.0000,3,25.59615,0.15000,0.15000,0.00000,0.00000,10558,10708,0.000000,0.000000
71.34,3.25519,0.05775,0.09228,AUTO,HAZARD_VISION_STOP,0.0000,0.0000,0.0000,0.0000,0.0000,0.0000,3,25.59615,0.15000,0.15000,0.00000,0.00000,10558,10708,0.000000,0.000000
71.36,3.25519,0.05775,0.09228,AUTO,HAZARD_VISION_STOP,0.0000,0.0000,0.0000,0.0000,0.0000,0.0000,3,25.59615,0.15000,0.15000,0.00000,0.00000,10558,10708,0.000000,0.000000
71.38,3.25519,0.05775,0.09228,AUTO,HAZARD_VISION_STOP,0.0000,0.0000,0.0000,0.0000,0.0000,0.0000,3,25.59615,0.15000,0.15000,0.00000,0.00000,10558,10708,0.000000,0.000000
71.40,3.25519,0.05775,0.09228,AUTO,HAZARD_VISION_STOP,0.0000,0.0000,0.0000,0.0000,0.0000,0.0000,3,25.59615,0.15000,0.15000,0.00000,0.00000,10558,10708,0.000000,0.000000
71.42,3.25519,0.05775,0.09228,AUTO,HAZARD_VISION_STOP,0.0000,0.0000,0.0000,0.0000,0.0000,0.0000,3,25.59615,0.15000,0.15000,0.00000,0.00000,10558,10708,0.000000,0.000000
71.44,3.25519,0.05775,0.09228,AUTO,HAZARD_VISION_STOP,0.0000,0.0000,0.0000,0.0000,0.0000,0.0000,3,25.59615,0.15000,0.15000,0.00000,0.00000,10558,10708,0.000000,0.000000
71.46,3.25519,0.05775,0.09228,AUTO,HAZARD_VISION_STOP,0.0000,0.0000,0.0000,0.0000,0.0000,0.0000,3,25.59615,0.15000,0.15000,0.00000,0.00000,10558,10708,0.000000,0.000000
71.48,3.25519,0.05775,0.09228,AUTO,HAZARD_VISION_STOP,0.0000,0.0000,0.0000,0.0000,0.0000,0.0000,3,25.59615,0.15000,0.15000,0.00000,0.00000,10558,10708,0.000000,0.000000
71.50,3.25519,0.05775,0.09228,AUTO,HAZARD_VISION_STOP,0.0000,0.0000,0.0000,0.0000,0.0000,0.0000,3,25.59615,0.15000,0.15000,0.00000,0.00000,10558,10708,0.000000,0.000000
71.52,3.25519,0.05775,0.09228,AUTO,HAZARD_VISION_STOP,0.0000,0.0000,0.0000,0.0000,0.0000,0.0000,3,25.59615,0.15000,0.15000,0.00000,0.00000,10558,10708,0.000000,0.000000
71.54,3.25519,0.05775,0.09228,AUTO,HAZARD_VISION_STOP,0.0000,0.0000,0.0000,0.0000,0.0000,0.0000,3,25.59615,0.15000,0.15000,0.00000,0.00000,10558,10708,0.000000,0.000000
71.56,3.25519,0.05775,0.09228,AUTO,HAZARD_VISION_STOP,0.0000,0.0000,0.0000,0.0000,0.0000,0.0000,3,25.59615,0.15000,0.15000,0.00000,0.00000,10558,10708,0.000000,0.000000
71.58,3.25519,0.05775,0.09228,AUTO,HAZARD_VISION_STOP,0.0000,0.0000,0.0000,0.0000,0.0000,0.0000,3,25.59615,0.15000,0.15000,0.00000,0.00000,10558,10708,0.000000,0.000000
71.60,3.25519,0.05775,0.09228,AUTO,HAZARD_VISION_STOP,0.0000,0.0000,0.0000,0.0000,0.0000,0.0000,3,25.59615,0.15000,0.15000,0.00000,0.00000,10558,10708,0.000000,0.000000
71.62,3.25519,0.05775,0.09228,AUTO,HAZARD_VISION_STOP,0.0000,0.0000,0.0000,0.0000,0.0000,0.0000,3,25.59615,0.15000,0.15000,0.00000,0.00000,10558,10708,0.000000,0.000000
71.64,3.25519,0.05775,0.09228,AUTO,HAZARD_VISION_STOP,0.0000,0.0000,0.0000,0.0000,0.0000,0.0000,3,25.59615,0.15000,0.15000,0.00000,0.00000,10558,10708,0.000000,0.000000
71.66,3.25519,0.05775,0.09228,AUTO,HAZARD_VISION_STOP,0.0000,0.0000,0.0000,0.0000,0.0000,0.0000,3,25.59615,0.15000,0.15000,0.00000,0.00000,10558,10708,0.000000,0.000000
71.68,3.25519,0.05775,0.09228,AUTO,HAZARD_VISION_STOP,0.0000,0.0000,0.0000,0.0000,0.0000,0.0000,3,25.59615,0.15000,0.15000,0.00000,0.00000,10558,10708,0.000000,0.000000
71.70,3.25519,0.05775,0.09228,AUTO,HAZARD_VISION_STOP,0.0000,0.0000,0.0000,0.0000,0.0000,0.0000,3,25.59615,0.15000,0.15000,0.00000,0.00000,10558,10708,0.000000,0.000000
71.72,3.25519,0.05775,0.09228,AUTO,HAZARD_VISION_STOP,0.0000,0.0000,0.0000,0.0000,0.0000,0.0000,3,25.59615,0.15000,0.15000,0.00000,0.00000,10558,10708,0.000000,0.000000
71.74,3.25519,0.05775,0.09228,AUTO,HAZARD_VISION_STOP,0.0000,0.0000,0.0000,0.0000,0.0000,0.0000,3,25.59615,0.15000,0.15000,0.00000,0.00000,10558,10708,0.000000,0.000000
71.76,3.25519,0.05775,0.09228,AUTO,HAZARD_VISION_STOP,0.0000,0.0000,0.0000,0.0000,0.0000,0.0000,3,25.59615,0.15000,0.15000,0.00000,0.00000,10558,10708,0.000000,0.000000
71.78,3.25519,0.05775,0.09228,AUTO,HAZARD_VISION_STOP,0.0000,0.0000,0.0000,0.0000,0.0000,0.0000,3,25.59615,0.15000,0.15000,0.00000,0.00000,10558,10708,0.000000,0.000000
71.80,3.25519,0.05775,0.09228,AUTO,HAZARD_VISION_STOP,0.0000,0.0000,0.0000,0.0000,0.0000,0.0000,3,25.59615,0.15000,0.15000,0.00000,0.00000,10558,10708,0.000000,0.000000
71.82,3.25519,0.05775,0.09228,AUTO,HAZARD_VISION_STOP,0.0000,0.0000,0.0000,0.0000,0.0000,0.0000,3,25.59615,0.15000,0.15000,0.00000,0.00000,10558,10708,0.000000,0.000000
71.84,3.25519,0.05775,0.09228,AUTO,HAZARD_VISION_STOP,0.0000,0.0000,0.0000,0.0000,0.0000,0.0000,3,25.59615,0.15000,0.15000,0.00000,0.00000,10558,10708,0.000000,0.000000
71.86,3.25519,0.05775,0.09228,AUTO,HAZARD_VISION_STOP,0.0000,0.0000,0.0000,0.0000,0.0000,0.0000,3,25.59615,0.15000,0.15000,0.00000,0.00000,10558,10708,0.000000,0.000000
71.88,3.25519,0.05775,0.09228,AUTO,HAZARD_VISION_STOP,0.0000,0.0000,0.0000,0.0000,0.0000,0.0000,3,25.59615,0.15000,0.15000,0.00000,0.00000,10558,10708,0.000000,0.000000
71.90,3.25519,0.05775,0.09228,AUTO,HAZARD_VISION_STOP,0.0000,0.0000,0.0000,0.0000,0.0000,0.0000,3,25.59615,0.15000,0.15000,0.00000,0.00000,10558,10708,0.000000,0.000000
71.92,3.25519,0.05775,0.09228,AUTO,HAZARD_VISION_STOP,0.0000,0.0000,0.0000,0.0000,0.0000,0.0000,3,25.59615,0.15000,0.15000,0.00000,0.00000,10558,10708,0.000000,0.000000
71.94,3.25519,0.05775,0.09228,AUTO,HAZARD_VISION_STOP,0.0000,0.0000,0.0000,0.0000,0.0000,0.0000,3,25.59615,0.15000,0.15000,0.00000,0.00000,10558,10708,0.000000,0.000000
71.96,3.25519,0.05775,0.09228,AUTO,HAZARD_VISION_STOP,0.0000,0.0000,0.0000,0.0000,0.0000,0.0000,3,25.59615,0.15000,0.15000,0.00000,0.00000,10558,10708,0.000000,0.000000
71.98,3.25519,0.05775,0.09228,AUTO,HAZARD_VISION_STOP,0.0000,0.0000,0.0000,0.0000,0.0000,0.0000,3,25.59615,0.15000,0.15000,0.00000,0.00000,10558,10708,0.000000,0.000000
72.00,3.25519,0.05775,0.09228,AUTO,HAZARD_VISION_STOP,0.0000,0.0000,0.0000,0.0000,0.0000,0.0000,3,25.59615,0.15000,0.15000,0.00000,0.00000,10558,10708,0.000000,0.000000
72.02,3.25519,0.05775,0.09228,AUTO,HAZARD_VISION_STOP,0.0000,0.0000,0.0000,0.0000,0.0000,0.0000,3,25.59615,0.15000,0.15000,0.00000,0.00000,10558,10708,0.000000,0.000000
72.04,3.25519,0.05775,0.09228,AUTO,HAZARD_VISION_STOP,0.0000,0.0000,0.0000,0.0000,0.0000,0.0000,3,25.59615,0.15000,0.15000,0.00000,0.00000,10558,10708,0.000000,0.000000
72.06,3.25519,0.05775,0.09228,AUTO,HAZARD_VISION_STOP,0.0000,0.0000,0.0000,0.0000,0.0000,0.0000,3,25.59615,0.15000,0.15000,0.00000,0.00000,10558,10708,0.000000,0.000000
72.08,3.25519,0.05775,0.09228,AUTO,HAZARD_VISION_STOP,0.0000,0.0000,0.0000,0.0000,0.0000,0.0000,3,25.59615,0.15000,0.15000,0.00000,0.00000,10558,10708,0.000000,0.000000
72.10,3.25519,0.05775,0.09228,AUTO,HAZARD_VISION_STOP,0.0000,0.0000,0.0000,0.0000,0.0000,0.0000,3,25.59615,0.15000,0.15000,0.00000,0.00000,10558,10708,0.000000,0.000000
72.12,3.25519,0.05775,0.09228,AUTO,HAZARD_VISION_STOP,0.0000,0.0000,0.0000,0.0000,0.0000,0.0000,3,25.59615,0.15000,0.15000,0.00000,0.00000,10558,10708,0.000000,0.000000
72.14,3.25519,0.05775,0.09228,AUTO,HAZARD_VISION_STOP,0.0000,0.0000,0.0000,0.0000,0.0000,0.0000,3,25.59615,0.15000,0.15000,0.00000,0.00000,10558,10708,0.000000,0.000000
72.16,3.25519,0.05775,0.09228,AUTO,HAZARD_VISION_STOP,0.0000,0.0000,0.0000,0.0000,0.0000,0.0000,3,25.59615,0.15000,0.15000,0.00000,0.00000,10558,10708,0.000000,0.000000
72.18,3.25519,0.05775,0.09228,AUTO,HAZARD_VISION_STOP,0.0000,0.0000,0.0000,0.0000,0.0000,0.0000,3,25.59615,0.15000,0.15000,0.00000,0.00000,10558,10708,0.000000,0.000000
72.20,3.25519,0.05775,0.09228,AUTO,HAZARD_VISION_STOP,0.0000,0.0000,0.0000,0.0000,0.0000,0.0000,3,25.59615,0.15000,0.15000,0.00000,0.00000,10558,10708,0.000000,0.000000
72.22,3.25519,0.05775,0.09228,AUTO,HAZARD_VISION_STOP,0.0000,0.0000,0.0000,0.0000,0.0000,0.0000,3,25.59615,0.15000,0.15000,0.00000,0.00000,10558,10708,0.000000,0.000000
72.24,3.25519,0.05775,0.09228,AUTO,HAZARD_VISION_STOP,0.0000,0.0000,0.0000,0.0000,0.0000,0.0000,3,25.59615,0.15000,0.15000,0.00000,0.00000,10558,10708,0.000000,0.000000
72.26,3.25519,0.05775,0.09228,AUTO,HAZARD_VISION_STOP,0.0000,0.0000,0.0000,0.0000,0.0000,0.0000,3,25.59615,0.15000,0.15000,0.00000,0.00000,10558,10708,0.000000,0.000000
72.28,3.25519,0.05775,0.09228,AUTO,HAZARD_VISION_STOP,0.0000,0.0000,0.0000,0.0000,0.0000,0.0000,3,25.59615,0.15000,0.15000,0.00000,0.00000,10558,10708,0.000000,0.000000
72.30,3.25519,0.05775,0.09228,AUTO,HAZARD_VISION_STOP,0.0000,0.0000,0.0000,0.0000,0.0000,0.0000,3,25.59615,0.15000,0.15000,0.00000,0.00000,10558,10708,0.000000,0.000000
72.32,3.25519,0.05775,0.09228,AUTO,HAZARD_VISION_STOP,0.0000,0.0000,0.0000,0.0000,0.0000,0.0000,3,25.59615,0.15000,0.15000,0.00000,0.00000,10558,10708,0.000000,0.000000
72.34,3.25519,0.05775,0.09228,AUTO,HAZARD_VISION_STOP,0.0000,0.0000,0.0000,0.0000,0.0000,0.0000,3,25.59615,0.15000,0.15000,0.00000,0.00000,10558,10708,0.000000,0.000000
72.36,3.25519,0.05775,0.09228,AUTO,HAZARD_VISION_STOP,0.0000,0.0000,0.0000,0.0000,0.0000,0.0000,3,25.59615,0.15000,0.15000,0.00000,0.00000,10558,10708,0.000000,0.000000
72.38,3.25519,0.05775,0.09228,AUTO,HAZARD_VISION_STOP,0.0000,0.0000,0.0000,0.0000,0.0000,0.0000,3,25.59615,0.15000,0.15000,0.00000,0.00000,10558,10708,0.000000,0.000000
72.40,3.25519,0.05775,0.09228,AUTO,HAZARD_VISION_STOP,0.0000,0.0000,0.0000,0.0000,0.0000,0.0000,3,25.59615,0.15000,0.15000,0.00000,0.00000,10558,10708,0.000000,0.000000
72.42,3.25519,0.05775,0.09228,AUTO,HAZARD_VISION_STOP,0.0000,0.0000,0.0000,0.0000,0.0000,0.0000,3,25.59615,0.15000,0.15000,0.00000,0.00000,10558,10708,0.000000,0.000000
72.44,3.25519,0.05775,0.09228,AUTO,HAZARD_VISION_STOP,0.0000,0.0000,0.0000,0.0000,0.0000,0.0000,3,25.59615,0.15000,0.15000,0.00000,0.00000,10558,10708,0.000000,0.000000
72.46,3.25519,0.05775,0.09228,AUTO,HAZARD_VISION_STOP,0.0000,0.0000,0.0000,0.0000,0.0000,0.0000,3,25.59615,0.15000,0.15000,0.00000,0.00000,10558,10708,0.000000,0.000000
72.48,3.25519,0.05775,0.09228,AUTO,HAZARD_VISION_STOP,0.0000,0.0000,0.0000,0.0000,0.0000,0.0000,3,25.59615,0.15000,0.15000,0.00000,0.00000,10558,10708,0.000000,0.000000
72.50,3.25519,0.05775,0.09228,AUTO,HAZARD_VISION_STOP,0.0000,0.0000,0.0000,0.0000,0.0000,0.0000,3,25.59615,0.15000,0.15000,0.00000,0.00000,10558,10708,0.000000,0.000000
72.52,3.25519,0.05775,0.09228,AUTO,HAZARD_VISION_STOP,0.0000,0.0000,0.0000,0.0000,0.0000,0.0000,3,25.59615,0.15000,0.15000,0.00000,0.00000,10558,10708,0.000000,0.000000
72.54,3.25519,0.05775,0.09228,AUTO,HAZARD_VISION_STOP,0.0000,0.0000,0.0000,0.0000,0.0000,0.0000,3,25.59615,0.15000,0.15000,0.00000,0.00000,10558,10708,0.000000,0.000000
72.56,3.25519,0.05775,0.09228,AUTO,HAZARD_VISION_STOP,0.0000,0.0000,0.0000,0.0000,0.0000,0.0000,3,25.59615,0.15000,0.15000,0.00000,0.00000,10558,10708,0.000000,0.000000
72.58,3.25519,0.05775,0.09228,AUTO,HAZARD_VISION_STOP,0.0000,0.0000,0.0000,0.0000,0.0000,0.0000,3,25.59615,0.15000,0.15000,0.00000,0.00000,10558,10708,0.000000,0.000000
72.60,3.25519,0.05775,0.09228,AUTO,HAZARD_VISION_STOP,0.0000,0.0000,0.0000,0.0000,0.0000,0.0000,3,25.59615,0.15000,0.15000,0.00000,0.00000,10558,10708,0.000000,0.000000
72.62,3.25519,0.05775,0.09228,AUTO,HAZARD_VISION_STOP,0.0000,0.0000,0.0000,0.0000,0.0000,0.0000,3,25.59615,0.15000,0.15000,0.00000,0.00000,10558,10708,0.000000,0.000000
72.64,3.25519,0.05775,0.09228,AUTO,HAZARD_VISION_STOP,0.0000,0.0000,0.0000,0.0000,0.0000,0.0000,3,25.59615,0.15000,0.15000,0.00000,0.00000,10558,10708,0.000000,0.000000
72.66,3.25519,0.05775,0.09228,AUTO,HAZARD_VISION_STOP,0.0000,0.0000,0.0000,0.0000,0.0000,0.0000,3,25.59615,0.15000,0.15000,0.00000,0.00000,10558,10708,0.000000,0.000000
72.68,3.25519,0.05775,0.09228,AUTO,HAZARD_VISION_STOP,0.0000,0.0000,0.0000,0.0000,0.0000,0.0000,3,25.59615,0.15000,0.15000,0.00000,0.00000,10558,10708,0.000000,0.000000
72.70,3.25519,0.05775,0.09228,AUTO,HAZARD_VISION_STOP,0.0000,0.0000,0.0000,0.0000,0.0000,0.0000,3,25.59615,0.15000,0.15000,0.00000,0.00000,10558,10708,0.000000,0.000000
72.72,3.25519,0.05775,0.09228,AUTO,HAZARD_VISION_STOP,0.0000,0.0000,0.0000,0.0000,0.0000,0.0000,3,25.59615,0.15000,0.15000,0.00000,0.00000,10558,10708,0.000000,0.000000
72.74,3.25519,0.05775,0.09228,AUTO,HAZARD_VISION_STOP,0.0000,0.0000,0.0000,0.0000,0.0000,0.0000,3,25.59615,0.15000,0.15000,0.00000,0.00000,10558,10708,0.000000,0.000000
72.76,3.25519,0.05775,0.09228,AUTO,HAZARD_VISION_STOP,0.0000,0.0000,0.0000,0.0000,0.0000,0.0000,3,25.59615,0.15000,0.15000,0.00000,0.00000,10558,10708,0.000000,0.000000
72.78,3.25519,0.05775,0.09228,AUTO,HAZARD_VISION_STOP,0.0000,0.0000,0.0000,0.0000,0.0000,0.0000,3,25.59615,0.15000,0.15000,0.00000,0.00000,10558,10708,0.000000,0.000000
72.80,3.25519,0.05775,0.09228,AUTO,HAZARD_VISION_STOP,0.0000,0.0000,0.0000,0.0000,0.0000,0.0000,3,25.59615,0.15000,0.15000,0.00000,0.00000,10558,10708,0.000000,0.000000
72.82,3.25519,0.05775,0.09228,AUTO,HAZARD_VISION_STOP,0.0000,0.0000,0.0000,0.0000,0.0000,0.0000,3,25.59615,0.15000,0.15000,0.00000,0.00000,10558,10708,0.000000,0.000000
72.84,3.25519,0.05775,0.09228,AUTO,HAZARD_VISION_STOP,0.0000,0.0000,0.0000,0.0000,0.0000,0.0000,3,25.59615,0.15000,0.15000,0.00000,0.00000,10558,10708,0.000000,0.000000
72.86,3.25519,0.05775,0.09228,AUTO,HAZARD_VISION_STOP,0.0000,0.0000,0.0000,0.0000,0.0000,0.0000,3,25.59615,0.15000,0.15000,0.00000,0.00000,10558,10708,0.000000,0.000000
72.88,3.25519,0.05775,0.09228,AUTO,HAZARD_VISION_STOP,0.0000,0.0000,0.0000,0.0000,0.0000,0.0000,3,25.59615,0.15000,0.15000,0.00000,0.00000,10558,10708,0.000000,0.000000
72.90,3.25519,0.05775,0.09228,AUTO,HAZARD_VISION_STOP,0.0000,0.0000,0.0000,0.0000,0.0000,0.0000,3,25.59615,0.15000,0.15000,0.00000,0.00000,10558,10708,0.000000,0.000000
72.92,3.25519,0.05775,0.09228,AUTO,HAZARD_VISION_STOP,0.0000,0.0000,0.0000,0.0000,0.0000,0.0000,3,25.59615,0.15000,0.15000,0.00000,0.00000,10558,10708,0.000000,0.000000
72.94,3.25519,0.05775,0.09228,AUTO,HAZARD_VISION_STOP,0.0000,0.0000,0.0000,0.0000,0.0000,0.0000,3,25.59615,0.15000,0.15000,0.00000,0.00000,10558,10708,0.000000,0.000000
72.96,3.25519,0.05775,0.09228,AUTO,HAZARD_VISION_STOP,0.0000,0.0000,0.0000,0.0000,0.0000,0.0000,3,25.59615,0.15000,0.15000,0.00000,0.00000,10558,10708,0.000000,0.000000
72.98,3.25519,0.05775,0.09228,AUTO,HAZARD_VISION_STOP,0.0000,0.0000,0.0000,0.0000,0.0000,0.0000,3,25.59615,0.15000,0.15000,0.00000,0.00000,10558,10708,0.000000,0.000000
73.00,3.25519,0.05775,0.09228,AUTO,HAZARD_VISION_STOP,0.0000,0.0000,0.0000,0.0000,0.0000,0.0000,3,25.59615,0.15000,0.15000,0.00000,0.00000,10558,10708,0.000000,0.000000
73.02,3.25519,0.05775,0.09228,AUTO,HAZARD_VISION_STOP,0.0000,0.0000,0.0000,0.0000,0.0000,0.0000,3,25.59615,0.15000,0.15000,0.00000,0.00000,10558,10708,0.000000,0.000000
73.04,3.25519,0.05775,0.09228,AUTO,HAZARD_VISION_STOP,0.0000,0.0000,0.0000,0.0000,0.0000,0.0000,3,25.59615,0.15000,0.15000,0.00000,0.00000,10558,10708,0.000000,0.000000
73.06,3.25519,0.05775,0.09228,AUTO,HAZARD_VISION_STOP,0.0000,0.0000,0.0000,0.0000,0.0000,0.0000,3,25.59615,0.15000,0.15000,0.00000,0.00000,10558,10708,0.000000,0.000000
73.08,3.25519,0.05775,0.09228,AUTO,HAZARD_VISION_STOP,0.0000,0.0000,0.0000,0.0000,0.0000,0.0000,3,25.59615,0.15000,0.15000,0.00000,0.00000,10558,10708,0.000000,0.000000
73.10,3.25519,0.05775,0.09228,AUTO,HAZARD_VISION_STOP,0.0000,0.0000,0.0000,0.0000,0.0000,0.0000,3,25.59615,0.15000,0.15000,0.00000,0.00000,10558,10708,0.000000,0.000000
73.12,3.25519,0.05775,0.09228,AUTO,HAZARD_VISION_STOP,0.0000,0.0000,0.0000,0.0000,0.0000,0.0000,3,25.59615,0.15000,0.15000,0.00000,0.00000,10558,10708,0.000000,0.000000
73.14,3.25519,0.05775,0.09228,AUTO,HAZARD_VISION_STOP,0.0000,0.0000,0.0000,0.0000,0.0000,0.0000,3,25.59615,0.15000,0.15000,0.00000,0.00000,10558,10708,0.000000,0.000000
73.16,3.25519,0.05775,0.09228,AUTO,HAZARD_VISION_STOP,0.0000,0.0000,0.0000,0.0000,0.0000,0.0000,3,25.59615,0.15000,0.15000,0.00000,0.00000,10558,10708,0.000000,0.000000
73.18,3.25519,0.05775,0.09228,AUTO,HAZARD_VISION_STOP,0.0000,0.0000,0.0000,0.0000,0.0000,0.0000,3,25.59615,0.15000,0.15000,0.00000,0.00000,10558,10708,0.000000,0.000000
73.20,3.25519,0.05775,0.09228,AUTO,HAZARD_VISION_STOP,0.0000,0.0000,0.0000,0.0000,0.0000,0.0000,3,25.59615,0.15000,0.15000,0.00000,0.00000,10558,10708,0.000000,0.000000
73.22,3.25519,0.05775,0.09228,AUTO,HAZARD_VISION_STOP,0.0000,0.0000,0.0000,0.0000,0.0000,0.0000,3,25.59615,0.15000,0.15000,0.00000,0.00000,10558,10708,0.000000,0.000000
73.24,3.25519,0.05775,0.09228,AUTO,HAZARD_VISION_STOP,0.0000,0.0000,0.0000,0.0000,0.0000,0.0000,3,25.59615,0.15000,0.15000,0.00000,0.00000,10558,10708,0.000000,0.000000
73.26,3.25519,0.05775,0.09228,AUTO,HAZARD_VISION_STOP,0.0000,0.0000,0.0000,0.0000,0.0000,0.0000,3,25.59615,0.15000,0.15000,0.00000,0.00000,10558,10708,0.000000,0.000000
73.28,3.25519,0.05775,0.09228,AUTO,HAZARD_VISION_STOP,0.0000,0.0000,0.0000,0.0000,0.0000,0.0000,3,25.59615,0.15000,0.15000,0.00000,0.00000,10558,10708,0.000000,0.000000
73.30,3.25519,0.05775,0.09228,AUTO,HAZARD_VISION_STOP,0.0000,0.0000,0.0000,0.0000,0.0000,0.0000,3,25.59615,0.15000,0.15000,0.00000,0.00000,10558,10708,0.000000,0.000000
73.32,3.25519,0.05775,0.09228,AUTO,HAZARD_VISION_STOP,0.0000,0.0000,0.0000,0.0000,0.0000,0.0000,3,25.59615,0.15000,0.15000,0.00000,0.00000,10558,10708,0.000000,0.000000
73.34,3.25519,0.05775,0.09228,AUTO,HAZARD_VISION_STOP,0.0000,0.0000,0.0000,0.0000,0.0000,0.0000,3,25.59615,0.15000,0.15000,0.00000,0.00000,10558,10708,0.000000,0.000000
73.36,3.25519,0.05775,0.09228,AUTO,HAZARD_VISION_STOP,0.0000,0.0000,0.0000,0.0000,0.0000,0.0000,3,25.59615,0.15000,0.15000,0.00000,0.00000,10558,10708,0.000000,0.000000
73.38,3.25519,0.05775,0.09228,AUTO,HAZARD_VISION_STOP,0.0000,0.0000,0.0000,0.0000,0.0000,0.0000,3,25.59615,0.15000,0.15000,0.00000,0.00000,10558,10708,0.000000,0.000000
73.40,3.25519,0.05775,0.09228,AUTO,HAZARD_VISION_STOP,0.0000,0.0000,0.0000,0.0000,0.0000,0.0000,3,25.59615,0.15000,0.15000,0.00000,0.00000,10558,10708,0.000000,0.000000
73.42,3.25519,0.05775,0.09228,AUTO,HAZARD_VISION_STOP,0.0000,0.0000,0.0000,0.0000,0.0000,0.0000,3,25.59615,0.15000,0.15000,0.00000,0.00000,10558,10708,0.000000,0.000000
73.44,3.25519,0.05775,0.09228,AUTO,HAZARD_VISION_STOP,0.0000,0.0000,0.0000,0.0000,0.0000,0.0000,3,25.59615,0.15000,0.15000,0.00000,0.00000,10558,10708,0.000000,0.000000
73.46,3.25519,0.05775,0.09228,AUTO,HAZARD_VISION_STOP,0.0000,0.0000,0.0000,0.0000,0.0000,0.0000,3,25.59615,0.15000,0.15000,0.00000,0.00000,10558,10708,0.000000,0.000000
73.48,3.25519,0.05775,0.09228,AUTO,HAZARD_VISION_STOP,0.0000,0.0000,0.0000,0.0000,0.0000,0.0000,3,25.59615,0.15000,0.15000,0.00000,0.00000,10558,10708,0.000000,0.000000
73.50,3.25519,0.05775,0.09228,AUTO,HAZARD_VISION_STOP,0.0000,0.0000,0.0000,0.0000,0.0000,0.0000,3,25.59615,0.15000,0.15000,0.00000,0.00000,10558,10708,0.000000,0.000000
73.52,3.25519,0.05775,0.09228,AUTO,HAZARD_VISION_STOP,0.0000,0.0000,0.0000,0.0000,0.0000,0.0000,3,25.59615,0.15000,0.15000,0.00000,0.00000,10558,10708,0.000000,0.000000
73.54,3.25519,0.05775,0.09228,AUTO,HAZARD_VISION_STOP,0.0000,0.0000,0.0000,0.0000,0.0000,0.0000,3,25.59615,0.15000,0.15000,0.00000,0.00000,10558,10708,0.000000,0.000000
73.56,3.25519,0.05775,0.09228,AUTO,HAZARD_VISION_STOP,0.0000,0.0000,0.0000,0.0000,0.0000,0.0000,3,25.59615,0.15000,0.15000,0.00000,0.00000,10558,10708,0.000000,0.000000
73.58,3.25519,0.05775,0.09228,AUTO,HAZARD_VISION_STOP,0.0000,0.0000,0.0000,0.0000,0.0000,0.0000,3,25.59615,0.15000,0.15000,0.00000,0.00000,10558,10708,0.000000,0.000000
73.60,3.25519,0.05775,0.09228,AUTO,HAZARD_VISION_STOP,0.0000,0.0000,0.0000,0.0000,0.0000,0.0000,3,25.59615,0.15000,0.15000,0.00000,0.00000,10558,10708,0.000000,0.000000
73.62,3.25519,0.05775,0.09228,AUTO,HAZARD_VISION_STOP,0.0000,0.0000,0.0000,0.0000,0.0000,0.0000,3,25.59615,0.15000,0.15000,0.00000,0.00000,10558,10708,0.000000,0.000000
73.64,3.25519,0.05775,0.09228,AUTO,HAZARD_VISION_STOP,0.0000,0.0000,0.0000,0.0000,0.0000,0.0000,3,25.59615,0.15000,0.15000,0.00000,0.00000,10558,10708,0.000000,0.000000
73.66,3.25519,0.05775,0.09228,AUTO,HAZARD_VISION_STOP,0.0000,0.0000,0.0000,0.0000,0.0000,0.0000,3,25.59615,0.15000,0.15000,0.00000,0.00000,10558,10708,0.000000,0.000000
73.68,3.25519,0.05775,0.09228,AUTO,HAZARD_VISION_STOP,0.0000,0.0000,0.0000,0.0000,0.0000,0.0000,3,25.59615,0.15000,0.15000,0.00000,0.00000,10558,10708,0.000000,0.000000
73.70,3.25519,0.05775,0.09228,AUTO,HAZARD_VISION_STOP,0.0000,0.0000,0.0000,0.0000,0.0000,0.0000,3,25.59615,0.15000,0.15000,0.00000,0.00000,10558,10708,0.000000,0.000000
73.72,3.25519,0.05775,0.09228,AUTO,HAZARD_VISION_STOP,0.0000,0.0000,0.0000,0.0000,0.0000,0.0000,3,25.59615,0.15000,0.15000,0.00000,0.00000,10558,10708,0.000000,0.000000
73.74,3.25519,0.05775,0.09228,AUTO,HAZARD_VISION_STOP,0.0000,0.0000,0.0000,0.0000,0.0000,0.0000,3,25.59615,0.15000,0.15000,0.00000,0.00000,10558,10708,0.000000,0.000000
73.76,3.25519,0.05775,0.09228,AUTO,HAZARD_VISION_STOP,0.0000,0.0000,0.0000,0.0000,0.0000,0.0000,3,25.59615,0.15000,0.15000,0.00000,0.00000,10558,10708,0.000000,0.000000
73.78,3.25519,0.05775,0.09228,AUTO,HAZARD_VISION_STOP,0.0000,0.0000,0.0000,0.0000,0.0000,0.0000,3,25.59615,0.15000,0.15000,0.00000,0.00000,10558,10708,0.000000,0.000000
73.80,3.25519,0.05775,0.09228,AUTO,HAZARD_VISION_STOP,0.0000,0.0000,0.0000,0.0000,0.0000,0.0000,3,25.59615,0.15000,0.15000,0.00000,0.00000,10558,10708,0.000000,0.000000
73.82,3.25519,0.05775,0.09228,AUTO,HAZARD_VISION_STOP,0.0000,0.0000,0.0000,0.0000,0.0000,0.0000,3,25.59615,0.15000,0.15000,0.00000,0.00000,10558,10708,0.000000,0.000000
73.84,3.25519,0.05775,0.09228,AUTO,HAZARD_VISION_STOP,0.0000,0.0000,0.0000,0.0000,0.0000,0.0000,3,25.59615,0.15000,0.15000,0.00000,0.00000,10558,10708,0.000000,0.000000
73.86,3.25519,0.05775,0.09228,AUTO,HAZARD_VISION_STOP,0.0000,0.0000,0.0000,0.0000,0.0000,0.0000,3,25.59615,0.15000,0.15000,0.00000,0.00000,10558,10708,0.000000,0.000000
73.88,3.25519,0.05775,0.09228,AUTO,HAZARD_VISION_STOP,0.0000,0.0000,0.0000,0.0000,0.0000,0.0000,3,25.59615,0.15000,0.15000,0.00000,0.00000,10558,10708,0.000000,0.000000
73.90,3.25519,0.05775,0.09228,AUTO,HAZARD_VISION_STOP,0.0000,0.0000,0.0000,0.0000,0.0000,0.0000,3,25.59615,0.15000,0.15000,0.00000,0.00000,10558,10708,0.000000,0.000000
73.92,3.25519,0.05775,0.09228,AUTO,HAZARD_VISION_STOP,0.0000,0.0000,0.0000,0.0000,0.0000,0.0000,3,25.59615,0.15000,0.15000,0.00000,0.00000,10558,10708,0.000000,0.000000
73.94,3.25519,0.05775,0.09228,AUTO,HAZARD_VISION_STOP,0.0000,0.0000,0.0000,0.0000,0.0000,0.0000,3,25.59615,0.15000,0.15000,0.00000,0.00000,10558,10708,0.000000,0.000000
73.96,3.25519,0.05775,0.09228,AUTO,HAZARD_VISION_STOP,0.0000,0.0000,0.0000,0.0000,0.0000,0.0000,3,25.59615,0.15000,0.15000,0.00000,0.00000,10558,10708,0.000000,0.000000
73.98,3.25519,0.05775,0.09228,AUTO,HAZARD_VISION_STOP,0.0000,0.0000,0.0000,0.0000,0.0000,0.0000,3,25.59615,0.15000,0.15000,0.00000,0.00000,10558,10708,0.000000,0.000000
74.00,3.25519,0.05775,0.09228,AUTO,HAZARD_VISION_STOP,0.0000,0.0000,0.0000,0.0000,0.0000,0.0000,3,25.59615,0.15000,0.15000,0.00000,0.00000,10558,10708,0.000000,0.000000
74.02,3.25519,0.05775,0.09228,AUTO,HAZARD_VISION_STOP,0.0000,0.0000,0.0000,0.0000,0.0000,0.0000,3,25.59615,0.15000,0.15000,0.00000,0.00000,10558,10708,0.000000,0.000000
74.04,3.25519,0.05775,0.09228,AUTO,HAZARD_VISION_STOP,0.0000,0.0000,0.0000,0.0000,0.0000,0.0000,3,25.59615,0.15000,0.15000,0.00000,0.00000,10558,10708,0.000000,0.000000
74.06,3.25519,0.05775,0.09228,AUTO,HAZARD_VISION_STOP,0.0000,0.0000,0.0000,0.0000,0.0000,0.0000,3,25.59615,0.15000,0.15000,0.00000,0.00000,10558,10708,0.000000,0.000000
74.08,3.25519,0.05775,0.09228,AUTO,HAZARD_VISION_STOP,0.0000,0.0000,0.0000,0.0000,0.0000,0.0000,3,25.59615,0.15000,0.15000,0.00000,0.00000,10558,10708,0.000000,0.000000
74.10,3.25519,0.05775,0.09228,AUTO,HAZARD_VISION_STOP,0.0000,0.0000,0.0000,0.0000,0.0000,0.0000,3,25.59615,0.15000,0.15000,0.00000,0.00000,10558,10708,0.000000,0.000000
74.12,3.25519,0.05775,0.09228,AUTO,HAZARD_VISION_STOP,0.0000,0.0000,0.0000,0.0000,0.0000,0.0000,3,25.59615,0.15000,0.15000,0.00000,0.00000,10558,10708,0.000000,0.000000
74.14,3.25519,0.05775,0.09228,AUTO,HAZARD_VISION_STOP,0.0000,0.0000,0.0000,0.0000,0.0000,0.0000,3,25.59615,0.15000,0.15000,0.00000,0.00000,10558,10708,0.000000,0.000000
74.16,3.25519,0.05775,0.09228,AUTO,HAZARD_VISION_STOP,0.0000,0.0000,0.0000,0.0000,0.0000,0.0000,3,25.59615,0.15000,0.15000,0.00000,0.00000,10558,10708,0.000000,0.000000
74.18,3.25519,0.05775,0.09228,AUTO,HAZARD_VISION_STOP,0.0000,0.0000,0.0000,0.0000,0.0000,0.0000,3,25.59615,0.15000,0.15000,0.00000,0.00000,10558,10708,0.000000,0.000000
74.20,3.25519,0.05775,0.09228,AUTO,HAZARD_VISION_STOP,0.0000,0.0000,0.0000,0.0000,0.0000,0.0000,3,25.59615,0.15000,0.15000,0.00000,0.00000,10558,10708,0.000000,0.000000
74.22,3.25519,0.05775,0.09228,AUTO,HAZARD_VISION_STOP,0.0000,0.0000,0.0000,0.0000,0.0000,0.0000,3,25.59615,0.15000,0.15000,0.00000,0.00000,10558,10708,0.000000,0.000000
74.24,3.25519,0.05775,0.09228,AUTO,HAZARD_VISION_STOP,0.0000,0.0000,0.0000,0.0000,0.0000,0.0000,3,25.59615,0.15000,0.15000,0.00000,0.00000,10558,10708,0.000000,0.000000
74.26,3.25519,0.05775,0.09228,AUTO,HAZARD_VISION_STOP,0.0000,0.0000,0.0000,0.0000,0.0000,0.0000,3,25.59615,0.15000,0.15000,0.00000,0.00000,10558,10708,0.000000,0.000000
74.28,3.25519,0.05775,0.09228,AUTO,HAZARD_VISION_STOP,0.0000,0.0000,0.0000,0.0000,0.0000,0.0000,3,25.59615,0.15000,0.15000,0.00000,0.00000,10558,10708,0.000000,0.000000
74.30,3.25519,0.05775,0.09228,AUTO,HAZARD_VISION_STOP,0.0000,0.0000,0.0000,0.0000,0.0000,0.0000,3,25.59615,0.15000,0.15000,0.00000,0.00000,10558,10708,0.000000,0.000000
74.32,3.25519,0.05775,0.09228,AUTO,HAZARD_VISION_STOP,0.0000,0.0000,0.0000,0.0000,0.0000,0.0000,3,25.59615,0.15000,0.15000,0.00000,0.00000,10558,10708,0.000000,0.000000
74.34,3.25519,0.05775,0.09228,AUTO,HAZARD_VISION_STOP,0.0000,0.0000,0.0000,0.0000,0.0000,0.0000,3,25.59615,0.15000,0.15000,0.00000,0.00000,10558,10708,0.000000,0.000000
74.36,3.25519,0.05775,0.09228,AUTO,HAZARD_VISION_STOP,0.0000,0.0000,0.0000,0.0000,0.0000,0.0000,3,25.59615,0.15000,0.15000,0.00000,0.00000,10558,10708,0.000000,0.000000
74.38,3.25519,0.05775,0.09228,AUTO,HAZARD_VISION_STOP,0.0000,0.0000,0.0000,0.0000,0.0000,0.0000,3,25.59615,0.15000,0.15000,0.00000,0.00000,10558,10708,0.000000,0.000000
74.40,3.25519,0.05775,0.09228,AUTO,HAZARD_VISION_STOP,0.0000,0.0000,0.0000,0.0000,0.0000,0.0000,3,25.59615,0.15000,0.15000,0.00000,0.00000,10558,10708,0.000000,0.000000
74.42,3.25519,0.05775,0.09228,AUTO,HAZARD_VISION_STOP,0.0000,0.0000,0.0000,0.0000,0.0000,0.0000,3,25.59615,0.15000,0.15000,0.00000,0.00000,10558,10708,0.000000,0.000000
74.44,3.25519,0.05775,0.09228,AUTO,HAZARD_VISION_STOP,0.0000,0.0000,0.0000,0.0000,0.0000,0.0000,3,25.59615,0.15000,0.15000,0.00000,0.00000,10558,10708,0.000000,0.000000
74.46,3.25519,0.05775,0.09228,AUTO,HAZARD_VISION_STOP,0.0000,0.0000,0.0000,0.0000,0.0000,0.0000,3,25.59615,0.15000,0.15000,0.00000,0.00000,10558,10708,0.000000,0.000000
74.48,3.25519,0.05775,0.09228,AUTO,HAZARD_VISION_STOP,0.0000,0.0000,0.0000,0.0000,0.0000,0.0000,3,25.59615,0.15000,0.15000,0.00000,0.00000,10558,10708,0.000000,0.000000
74.50,3.25519,0.05775,0.09228,AUTO,HAZARD_VISION_STOP,0.0000,0.0000,0.0000,0.0000,0.0000,0.0000,3,25.59615,0.15000,0.15000,0.00000,0.00000,10558,10708,0.000000,0.000000
74.52,3.25519,0.05775,0.09228,AUTO,HAZARD_VISION_STOP,0.0000,0.0000,0.0000,0.0000,0.0000,0.0000,3,25.59615,0.15000,0.15000,0.00000,0.00000,10558,10708,0.000000,0.000000
74.54,3.25519,0.05775,0.09228,AUTO,HAZARD_VISION_STOP,0.0000,0.0000,0.0000,0.0000,0.0000,0.0000,3,25.59615,0.15000,0.15000,0.00000,0.00000,10558,10708,0.000000,0.000000
74.56,3.25519,0.05775,0.09228,AUTO,HAZARD_VISION_STOP,0.0000,0.0000,0.0000,0.0000,0.0000,0.0000,3,25.59615,0.15000,0.15000,0.00000,0.00000,10558,10708,0.000000,0.000000
74.58,3.25519,0.05775,0.09228,AUTO,HAZARD_VISION_STOP,0.0000,0.0000,0.0000,0.0000,0.0000,0.0000,3,25.59615,0.15000,0.15000,0.00000,0.00000,10558,10708,0.000000,0.000000
74.60,3.25519,0.05775,0.09228,AUTO,HAZARD_VISION_STOP,0.0000,0.0000,0.0000,0.0000,0.0000,0.0000,3,25.59615,0.15000,0.15000,0.00000,0.00000,10558,10708,0.000000,0.000000
74.62,3.25519,0.05775,0.09228,AUTO,HAZARD_VISION_STOP,0.0000,0.0000,0.0000,0.0000,0.0000,0.0000,3,25.59615,0.15000,0.15000,0.00000,0.00000,10558,10708,0.000000,0.000000
74.64,3.25519,0.05775,0.09228,AUTO,HAZARD_VISION_STOP,0.0000,0.0000,0.0000,0.0000,0.0000,0.0000,3,25.59615,0.15000,0.15000,0.00000,0.00000,10558,10708,0.000000,0.000000
74.66,3.25519,0.05775,0.09228,AUTO,HAZARD_VISION_STOP,0.0000,0.0000,0.0000,0.0000,0.0000,0.0000,3,25.59615,0.15000,0.15000,0.00000,0.00000,10558,10708,0.000000,0.000000
74.68,3.25519,0.05775,0.09228,AUTO,HAZARD_VISION_STOP,0.0000,0.0000,0.0000,0.0000,0.0000,0.0000,3,25.59615,0.15000,0.15000,0.00000,0.00000,10558,10708,0.000000,0.000000
74.70,3.25519,0.05775,0.09228,AUTO,HAZARD_VISION_STOP,0.0000,0.0000,0.0000,0.0000,0.0000,0.0000,3,25.59615,0.15000,0.15000,0.00000,0.00000,10558,10708,0.000000,0.000000
74.72,3.25519,0.05775,0.09228,AUTO,HAZARD_VISION_STOP,0.0000,0.0000,0.0000,0.0000,0.0000,0.0000,3,25.59615,0.15000,0.15000,0.00000,0.00000,10558,10708,0.000000,0.000000
74.74,3.25519,0.05775,0.09228,AUTO,HAZARD_VISION_STOP,0.0000,0.0000,0.0000,0.0000,0.0000,0.0000,3,25.59615,0.15000,0.15000,0.00000,0.00000,10558,10708,0.000000,0.000000
74.76,3.25519,0.05775,0.09228,AUTO,HAZARD_VISION_STOP,0.0000,0.0000,0.0000,0.0000,0.0000,0.0000,3,25.59615,0.15000,0.15000,0.00000,0.00000,10558,10708,0.000000,0.000000
74.78,3.25519,0.05775,0.09228,AUTO,HAZARD_VISION_STOP,0.0000,0.0000,0.0000,0.0000,0.0000,0.0000,3,25.59615,0.15000,0.15000,0.00000,0.00000,10558,10708,0.000000,0.000000
74.80,3.25519,0.05775,0.09228,AUTO,HAZARD_VISION_STOP,0.0000,0.0000,0.0000,0.0000,0.0000,0.0000,3,25.59615,0.15000,0.15000,0.00000,0.00000,10558,10708,0.000000,0.000000
74.82,3.25519,0.05775,0.09228,AUTO,HAZARD_VISION_STOP,0.0000,0.0000,0.0000,0.0000,0.0000,0.0000,3,25.59615,0.15000,0.15000,0.00000,0.00000,10558,10708,0.000000,0.000000
74.84,3.25519,0.05775,0.09228,AUTO,HAZARD_VISION_STOP,0.0000,0.0000,0.0000,0.0000,0.0000,0.0000,3,25.59615,0.15000,0.15000,0.00000,0.00000,10558,10708,0.000000,0.000000
74.86,3.25519,0.05775,0.09228,AUTO,HAZARD_VISION_STOP,0.0000,0.0000,0.0000,0.0000,0.0000,0.0000,3,25.59615,0.15000,0.15000,0.00000,0.00000,10558,10708,0.000000,0.000000
74.88,3.25519,0.05775,0.09228,AUTO,HAZARD_VISION_STOP,0.0000,0.0000,0.0000,0.0000,0.0000,0.0000,3,25.59615,0.15000,0.15000,0.00000,0.00000,10558,10708,0.000000,0.000000
74.90,3.25519,0.05775,0.09228,AUTO,HAZARD_VISION_STOP,0.0000,0.0000,0.0000,0.0000,0.0000,0.0000,3,25.59615,0.15000,0.15000,0.00000,0.00000,10558,10708,0.000000,0.000000
74.92,3.25519,0.05775,0.09228,AUTO,HAZARD_VISION_STOP,0.0000,0.0000,0.0000,0.0000,0.0000,0.0000,3,25.59615,0.15000,0.15000,0.00000,0.00000,10558,10708,0.000000,0.000000
74.94,3.25519,0.05775,0.09228,AUTO,HAZARD_VISION_STOP,0.0000,0.0000,0.0000,0.0000,0.0000,0.0000,3,25.59615,0.15000,0.15000,0.00000,0.00000,10558,10708,0.000000,0.000000
74.96,3.25519,0.05775,0.09228,AUTO,HAZARD_VISION_STOP,0.0000,0.0000,0.0000,0.0000,0.0000,0.0000,3,25.59615,0.15000,0.15000,0.00000,0.00000,10558,10708,0.000000,0.000000
74.98,3.25519,0.05775,0.09228,AUTO,HAZARD_VISION_STOP,0.0000,0.0000,0.0000,0.0000,0.0000,0.0000,3,25.59615,0.15000,0.15000,0.00000,0.00000,10558,10708,0.000000,0.000000
75.00,3.25519,0.05775,0.09228,AUTO,HAZARD_VISION_STOP,0.0000,0.0000,0.0000,0.0000,0.0000,0.0000,3,25.59615,0.15000,0.15000,0.00000,0.00000,10558,10708,0.000000,0.000000
75.02,3.25519,0.05775,0.09228,AUTO,HAZARD_VISION_STOP,0.0000,0.0000,0.0000,0.0000,0.0000,0.0000,3,25.59615,0.15000,0.15000,0.00000,0.00000,10558,10708,0.000000,0.000000
75.04,3.25519,0.05775,0.09228,AUTO,HAZARD_VISION_STOP,0.0000,0.0000,0.0000,0.0000,0.0000,0.0000,3,25.59615,0.15000,0.15000,0.00000,0.00000,10558,10708,0.000000,0.000000
75.06,3.25519,0.05775,0.09228,AUTO,HAZARD_VISION_STOP,0.0000,0.0000,0.0000,0.0000,0.0000,0.0000,3,25.59615,0.15000,0.15000,0.00000,0.00000,10558,10708,0.000000,0.000000
75.08,3.25519,0.05775,0.09228,AUTO,HAZARD_VISION_STOP,0.0000,0.0000,0.0000,0.0000,0.0000,0.0000,3,25.59615,0.15000,0.15000,0.00000,0.00000,10558,10708,0.000000,0.000000
75.10,3.25519,0.05775,0.09228,AUTO,HAZARD_VISION_STOP,0.0000,0.0000,0.0000,0.0000,0.0000,0.0000,3,25.59615,0.15000,0.15000,0.00000,0.00000,10558,10708,0.000000,0.000000
75.12,3.25519,0.05775,0.09228,AUTO,HAZARD_VISION_STOP,0.0000,0.0000,0.0000,0.0000,0.0000,0.0000,3,25.59615,0.15000,0.15000,0.00000,0.00000,10558,10708,0.000000,0.000000
75.14,3.25519,0.05775,0.09228,AUTO,HAZARD_VISION_STOP,0.0000,0.0000,0.0000,0.0000,0.0000,0.0000,3,25.59615,0.15000,0.15000,0.00000,0.00000,10558,10708,0.000000,0.000000
75.16,3.25519,0.05775,0.09228,AUTO,HAZARD_VISION_STOP,0.0000,0.0000,0.0000,0.0000,0.0000,0.0000,3,25.59615,0.15000,0.15000,0.00000,0.00000,10558,10708,0.000000,0.000000
75.18,3.25519,0.05775,0.09228,AUTO,HAZARD_VISION_STOP,0.0000,0.0000,0.0000,0.0000,0.0000,0.0000,3,25.59615,0.15000,0.15000,0.00000,0.00000,10558,10708,0.000000,0.000000
75.20,3.25519,0.05775,0.09228,AUTO,HAZARD_VISION_STOP,0.0000,0.0000,0.0000,0.0000,0.0000,0.0000,3,25.59615,0.15000,0.15000,0.00000,0.00000,10558,10708,0.000000,0.000000
75.22,3.25519,0.05775,0.09228,AUTO,HAZARD_VISION_STOP,0.0000,0.0000,0.0000,0.0000,0.0000,0.0000,3,25.59615,0.15000,0.15000,0.00000,0.00000,10558,10708,0.000000,0.000000
75.24,3.25519,0.05775,0.09228,AUTO,HAZARD_VISION_STOP,0.0000,0.0000,0.0000,0.0000,0.0000,0.0000,3,25.59615,0.15000,0.15000,0.00000,0.00000,10558,10708,0.000000,0.000000
75.26,3.25519,0.05775,0.09228,AUTO,HAZARD_VISION_STOP,0.0000,0.0000,0.0000,0.0000,0.0000,0.0000,3,25.59615,0.15000,0.15000,0.00000,0.00000,10558,10708,0.000000,0.000000
75.28,3.25519,0.05775,0.09228,AUTO,HAZARD_VISION_STOP,0.0000,0.0000,0.0000,0.0000,0.0000,0.0000,3,25.59615,0.15000,0.15000,0.00000,0.00000,10558,10708,0.000000,0.000000
75.30,3.25519,0.05775,0.09228,AUTO,HAZARD_VISION_STOP,0.0000,0.0000,0.0000,0.0000,0.0000,0.0000,3,25.59615,0.15000,0.15000,0.00000,0.00000,10558,10708,0.000000,0.000000
75.32,3.25519,0.05775,0.09228,AUTO,HAZARD_VISION_STOP,0.0000,0.0000,0.0000,0.0000,0.0000,0.0000,3,25.59615,0.15000,0.15000,0.00000,0.00000,10558,10708,0.000000,0.000000
75.34,3.25519,0.05775,0.09228,AUTO,HAZARD_VISION_STOP,0.0000,0.0000,0.0000,0.0000,0.0000,0.0000,3,25.59615,0.15000,0.15000,0.00000,0.00000,10558,10708,0.000000,0.000000
75.36,3.25519,0.05775,0.09228,AUTO,HAZARD_VISION_STOP,0.0000,0.0000,0.0000,0.0000,0.0000,0.0000,3,25.59615,0.15000,0.15000,0.00000,0.00000,10558,10708,0.000000,0.000000
75.38,3.25519,0.05775,0.09228,AUTO,HAZARD_VISION_STOP,0.0000,0.0000,0.0000,0.0000,0.0000,0.0000,3,25.59615,0.15000,0.15000,0.00000,0.00000,10558,10708,0.000000,0.000000
75.40,3.25519,0.05775,0.09228,AUTO,HAZARD_VISION_STOP,0.0000,0.0000,0.0000,0.0000,0.0000,0.0000,3,25.59615,0.15000,0.15000,0.00000,0.00000,10558,10708,0.000000,0.000000
75.42,3.25519,0.05775,0.09228,AUTO,HAZARD_VISION_STOP,0.0000,0.0000,0.0000,0.0000,0.0000,0.0000,3,25.59615,0.15000,0.15000,0.00000,0.00000,10558,10708,0.000000,0.000000
75.44,3.25519,0.05775,0.09228,AUTO,HAZARD_VISION_STOP,0.0000,0.0000,0.0000,0.0000,0.0000,0.0000,3,25.59615,0.15000,0.15000,0.00000,0.00000,10558,10708,0.000000,0.000000
75.46,3.25519,0.05775,0.09228,AUTO,HAZARD_VISION_STOP,0.0000,0.0000,0.0000,0.0000,0.0000,0.0000,3,25.59615,0.15000,0.15000,0.00000,0.00000,10558,10708,0.000000,0.000000
75.48,3.25519,0.05775,0.09228,AUTO,HAZARD_VISION_STOP,0.0000,0.0000,0.0000,0.0000,0.0000,0.0000,3,25.59615,0.15000,0.15000,0.00000,0.00000,10558,10708,0.000000,0.000000
75.50,3.25519,0.05775,0.09228,AUTO,HAZARD_VISION_STOP,0.0000,0.0000,0.0000,0.0000,0.0000,0.0000,3,25.59615,0.15000,0.15000,0.00000,0.00000,10558,10708,0.000000,0.000000
75.52,3.25519,0.05775,0.09228,AUTO,HAZARD_VISION_STOP,0.0000,0.0000,0.0000,0.0000,0.0000,0.0000,3,25.59615,0.15000,0.15000,0.00000,0.00000,10558,10708,0.000000,0.000000
75.54,3.25519,0.05775,0.09228,AUTO,HAZARD_VISION_STOP,0.0000,0.0000,0.0000,0.0000,0.0000,0.0000,3,25.59615,0.15000,0.15000,0.00000,0.00000,10558,10708,0.000000,0.000000
75.56,3.25519,0.05775,0.09228,AUTO,HAZARD_VISION_STOP,0.0000,0.0000,0.0000,0.0000,0.0000,0.0000,3,25.59615,0.15000,0.15000,0.00000,0.00000,10558,10708,0.000000,0.000000
75.58,3.25519,0.05775,0.09228,AUTO,HAZARD_VISION_STOP,0.0000,0.0000,0.0000,0.0000,0.0000,0.0000,3,25.59615,0.15000,0.15000,0.00000,0.00000,10558,10708,0.000000,0.000000
75.60,3.25519,0.05775,0.09228,AUTO,HAZARD_VISION_STOP,0.0000,0.0000,0.0000,0.0000,0.0000,0.0000,3,25.59615,0.15000,0.15000,0.00000,0.00000,10558,10708,0.000000,0.000000
75.62,3.25519,0.05775,0.09228,AUTO,HAZARD_VISION_STOP,0.0000,0.0000,0.0000,0.0000,0.0000,0.0000,3,25.59615,0.15000,0.15000,0.00000,0.00000,10558,10708,0.000000,0.000000
75.64,3.25519,0.05775,0.09228,AUTO,HAZARD_VISION_STOP,0.0000,0.0000,0.0000,0.0000,0.0000,0.0000,3,25.59615,0.15000,0.15000,0.00000,0.00000,10558,10708,0.000000,0.000000
75.66,3.25519,0.05775,0.09228,AUTO,HAZARD_VISION_STOP,0.0000,0.0000,0.0000,0.0000,0.0000,0.0000,3,25.59615,0.15000,0.15000,0.00000,0.00000,10558,10708,0.000000,0.000000
75.68,3.25519,0.05775,0.09228,AUTO,HAZARD_VISION_STOP,0.0000,0.0000,0.0000,0.0000,0.0000,0.0000,3,25.59615,0.15000,0.15000,0.00000,0.00000,10558,10708,0.000000,0.000000
75.70,3.25519,0.05775,0.09228,AUTO,HAZARD_VISION_STOP,0.0000,0.0000,0.0000,0.0000,0.0000,0.0000,3,25.59615,0.15000,0.15000,0.00000,0.00000,10558,10708,0.000000,0.000000
75.72,3.25519,0.05775,0.09228,AUTO,HAZARD_VISION_STOP,0.0000,0.0000,0.0000,0.0000,0.0000,0.0000,3,25.59615,0.15000,0.15000,0.00000,0.00000,10558,10708,0.000000,0.000000
75.74,3.25519,0.05775,0.09228,AUTO,HAZARD_VISION_STOP,0.0000,0.0000,0.0000,0.0000,0.0000,0.0000,3,25.59615,0.15000,0.15000,0.00000,0.00000,10558,10708,0.000000,0.000000
75.76,3.25519,0.05775,0.09228,AUTO,HAZARD_VISION_STOP,0.0000,0.0000,0.0000,0.0000,0.0000,0.0000,3,25.59615,0.15000,0.15000,0.00000,0.00000,10558,10708,0.000000,0.000000
75.78,3.25519,0.05775,0.09228,AUTO,HAZARD_VISION_STOP,0.0000,0.0000,0.0000,0.0000,0.0000,0.0000,3,25.59615,0.15000,0.15000,0.00000,0.00000,10558,10708,0.000000,0.000000
75.80,3.25519,0.05775,0.09228,AUTO,HAZARD_VISION_STOP,0.0000,0.0000,0.0000,0.0000,0.0000,0.0000,3,25.59615,0.15000,0.15000,0.00000,0.00000,10558,10708,0.000000,0.000000
75.82,3.25519,0.05775,0.09228,AUTO,HAZARD_VISION_STOP,0.0000,0.0000,0.0000,0.0000,0.0000,0.0000,3,25.59615,0.15000,0.15000,0.00000,0.00000,10558,10708,0.000000,0.000000
75.84,3.25519,0.05775,0.09228,AUTO,HAZARD_VISION_STOP,0.0000,0.0000,0.0000,0.0000,0.0000,0.0000,3,25.59615,0.15000,0.15000,0.00000,0.00000,10558,10708,0.000000,0.000000
75.86,3.25519,0.05775,0.09228,AUTO,HAZARD_VISION_STOP,0.0000,0.0000,0.0000,0.0000,0.0000,0.0000,3,25.59615,0.15000,0.15000,0.00000,0.00000,10558,10708,0.000000,0.000000
75.88,3.25519,0.05775,0.09228,AUTO,HAZARD_VISION_STOP,0.0000,0.0000,0.0000,0.0000,0.0000,0.0000,3,25.59615,0.15000,0.15000,0.00000,0.00000,10558,10708,0.000000,0.000000
75.90,3.25519,0.05775,0.09228,AUTO,HAZARD_VISION_STOP,0.0000,0.0000,0.0000,0.0000,0.0000,0.0000,3,25.59615,0.15000,0.15000,0.00000,0.00000,10558,10708,0.000000,0.000000
75.92,3.25519,0.05775,0.09228,AUTO,HAZARD_VISION_STOP,0.0000,0.0000,0.0000,0.0000,0.0000,0.0000,3,25.59615,0.15000,0.15000,0.00000,0.00000,10558,10708,0.000000,0.000000
75.94,3.25519,0.05775,0.09228,AUTO,HAZARD_VISION_STOP,0.0000,0.0000,0.0000,0.0000,0.0000,0.0000,3,25.59615,0.15000,0.15000,0.00000,0.00000,10558,10708,0.000000,0.000000
75.96,3.25519,0.05775,0.09228,AUTO,HAZARD_VISION_STOP,0.0000,0.0000,0.0000,0.0000,0.0000,0.0000,3,25.59615,0.15000,0.15000,0.00000,0.00000,10558,10708,0.000000,0.000000
75.98,3.25519,0.05775,0.09228,AUTO,HAZARD_VISION_STOP,0.0000,0.0000,0.0000,0.0000,0.0000,0.0000,3,25.59615,0.15000,0.15000,0.00000,0.00000,10558,10708,0.000000,0.000000
76.00,3.25519,0.05775,0.09228,AUTO,HAZARD_VISION_STOP,0.0000,0.0000,0.0000,0.0000,0.0000,0.0000,3,25.59615,0.15000,0.15000,0.00000,0.00000,10558,10708,0.000000,0.000000
76.02,3.25519,0.05775,0.09228,AUTO,HAZARD_VISION_STOP,0.0000,0.0000,0.0000,0.0000,0.0000,0.0000,3,25.59615,0.15000,0.15000,0.00000,0.00000,10558,10708,0.000000,0.000000
76.04,3.25519,0.05775,0.09228,AUTO,HAZARD_VISION_STOP,0.0000,0.0000,0.0000,0.0000,0.0000,0.0000,3,25.59615,0.15000,0.15000,0.00000,0.00000,10558,10708,0.000000,0.000000
76.06,3.25519,0.05775,0.09228,AUTO,HAZARD_VISION_STOP,0.0000,0.0000,0.0000,0.0000,0.0000,0.0000,3,25.59615,0.15000,0.15000,0.00000,0.00000,10558,10708,0.000000,0.000000
76.08,3.25519,0.05775,0.09228,AUTO,HAZARD_VISION_STOP,0.0000,0.0000,0.0000,0.0000,0.0000,0.0000,3,25.59615,0.15000,0.15000,0.00000,0.00000,10558,10708,0.000000,0.000000
76.10,3.25519,0.05775,0.09228,AUTO,HAZARD_VISION_STOP,0.0000,0.0000,0.0000,0.0000,0.0000,0.0000,3,25.59615,0.15000,0.15000,0.00000,0.00000,10558,10708,0.000000,0.000000
76.12,3.25519,0.05775,0.09228,AUTO,HAZARD_VISION_STOP,0.0000,0.0000,0.0000,0.0000,0.0000,0.0000,3,25.59615,0.15000,0.15000,0.00000,0.00000,10558,10708,0.000000,0.000000
76.14,3.25519,0.05775,0.09228,AUTO,HAZARD_VISION_STOP,0.0000,0.0000,0.0000,0.0000,0.0000,0.0000,3,25.59615,0.15000,0.15000,0.00000,0.00000,10558,10708,0.000000,0.000000
76.16,3.25519,0.05775,0.09228,AUTO,HAZARD_VISION_STOP,0.0000,0.0000,0.0000,0.0000,0.0000,0.0000,3,25.59615,0.15000,0.15000,0.00000,0.00000,10558,10708,0.000000,0.000000
76.18,3.25519,0.05775,0.09228,AUTO,HAZARD_VISION_STOP,0.0000,0.0000,0.0000,0.0000,0.0000,0.0000,3,25.59615,0.15000,0.15000,0.00000,0.00000,10558,10708,0.000000,0.000000
76.20,3.25519,0.05775,0.09228,AUTO,HAZARD_VISION_STOP,0.0000,0.0000,0.0000,0.0000,0.0000,0.0000,3,25.59615,0.15000,0.15000,0.00000,0.00000,10558,10708,0.000000,0.000000
76.22,3.25519,0.05775,0.09228,AUTO,HAZARD_VISION_STOP,0.0000,0.0000,0.0000,0.0000,0.0000,0.0000,3,25.59615,0.15000,0.15000,0.00000,0.00000,10558,10708,0.000000,0.000000
76.24,3.25519,0.05775,0.09228,AUTO,HAZARD_VISION_STOP,0.0000,0.0000,0.0000,0.0000,0.0000,0.0000,3,25.59615,0.15000,0.15000,0.00000,0.00000,10558,10708,0.000000,0.000000
76.26,3.25519,0.05775,0.09228,AUTO,HAZARD_VISION_STOP,0.0000,0.0000,0.0000,0.0000,0.0000,0.0000,3,25.59615,0.15000,0.15000,0.00000,0.00000,10558,10708,0.000000,0.000000
76.28,3.25519,0.05775,0.09228,AUTO,HAZARD_VISION_STOP,0.0000,0.0000,0.0000,0.0000,0.0000,0.0000,3,25.59615,0.15000,0.15000,0.00000,0.00000,10558,10708,0.000000,0.000000
76.30,3.25519,0.05775,0.09228,AUTO,HAZARD_VISION_STOP,0.0000,0.0000,0.0000,0.0000,0.0000,0.0000,3,25.59615,0.15000,0.15000,0.00000,0.00000,10558,10708,0.000000,0.000000
76.32,3.25519,0.05775,0.09228,AUTO,HAZARD_VISION_STOP,0.0000,0.0000,0.0000,0.0000,0.0000,0.0000,3,25.59615,0.15000,0.15000,0.00000,0.00000,10558,10708,0.000000,0.000000
76.34,3.25519,0.05775,0.09228,AUTO,HAZARD_VISION_STOP,0.0000,0.0000,0.0000,0.0000,0.0000,0.0000,3,25.59615,0.15000,0.15000,0.00000,0.00000,10558,10708,0.000000,0.000000
76.36,3.25519,0.05775,0.09228,AUTO,HAZARD_VISION_STOP,0.0000,0.0000,0.0000,0.0000,0.0000,0.0000,3,25.59615,0.15000,0.15000,0.00000,0.00000,10558,10708,0.000000,0.000000
76.38,3.25519,0.05775,0.09228,AUTO,HAZARD_VISION_STOP,0.0000,0.0000,0.0000,0.0000,0.0000,0.0000,3,25.59615,0.15000,0.15000,0.00000,0.00000,10558,10708,0.000000,0.000000
76.40,3.25519,0.05775,0.09228,AUTO,HAZARD_VISION_STOP,0.0000,0.0000,0.0000,0.0000,0.0000,0.0000,3,25.59615,0.15000,0.15000,0.00000,0.00000,10558,10708,0.000000,0.000000
76.42,3.25519,0.05775,0.09228,AUTO,HAZARD_VISION_STOP,0.0000,0.0000,0.0000,0.0000,0.0000,0.0000,3,25.59615,0.15000,0.15000,0.00000,0.00000,10558,10708,0.000000,0.000000
76.44,3.25519,0.05775,0.09228,AUTO,HAZARD_VISION_STOP,0.0000,0.0000,0.0000,0.0000,0.0000,0.0000,3,25.59615,0.15000,0.15000,0.00000,0.00000,10558,10708,0.000000,0.000000
76.46,3.25519,0.05775,0.09228,AUTO,HAZARD_VISION_STOP,0.0000,0.0000,0.0000,0.0000,0.0000,0.0000,3,25.59615,0.15000,0.15000,0.00000,0.00000,10558,10708,0.000000,0.000000
76.48,3.25519,0.05775,0.09228,AUTO,HAZARD_VISION_STOP,0.0000,0.0000,0.0000,0.0000,0.0000,0.0000,3,25.59615,0.15000,0.15000,0.00000,0.00000,10558,10708,0.000000,0.000000
76.50,3.25519,0.05775,0.09228,AUTO,HAZARD_VISION_STOP,0.0000,0.0000,0.0000,0.0000,0.0000,0.0000,3,25.59615,0.15000,0.15000,0.00000,0.00000,10558,10708,0.000000,0.000000
76.52,3.25519,0.05775,0.09228,AUTO,HAZARD_VISION_STOP,0.0000,0.0000,0.0000,0.0000,0.0000,0.0000,3,25.59615,0.15000,0.15000,0.00000,0.00000,10558,10708,0.000000,0.000000
76.54,3.25519,0.05775,0.09228,AUTO,HAZARD_VISION_STOP,0.0000,0.0000,0.0000,0.0000,0.0000,0.0000,3,25.59615,0.15000,0.15000,0.00000,0.00000,10558,10708,0.000000,0.000000
76.56,3.25519,0.05775,0.09228,AUTO,HAZARD_VISION_STOP,0.0000,0.0000,0.0000,0.0000,0.0000,0.0000,3,25.59615,0.15000,0.15000,0.00000,0.00000,10558,10708,0.000000,0.000000
76.58,3.25519,0.05775,0.09228,AUTO,HAZARD_VISION_STOP,0.0000,0.0000,0.0000,0.0000,0.0000,0.0000,3,25.59615,0.15000,0.15000,0.00000,0.00000,10558,10708,0.000000,0.000000
76.60,3.25519,0.05775,0.09228,AUTO,HAZARD_VISION_STOP,0.0000,0.0000,0.0000,0.0000,0.0000,0.0000,3,25.59615,0.15000,0.15000,0.00000,0.00000,10558,10708,0.000000,0.000000
76.62,3.25519,0.05775,0.09228,AUTO,HAZARD_VISION_STOP,0.0000,0.0000,0.0000,0.0000,0.0000,0.0000,3,25.59615,0.15000,0.15000,0.00000,0.00000,10558,10708,0.000000,0.000000
76.64,3.25519,0.05775,0.09228,AUTO,HAZARD_VISION_STOP,0.0000,0.0000,0.0000,0.0000,0.0000,0.0000,3,25.59615,0.15000,0.15000,0.00000,0.00000,10558,10708,0.000000,0.000000
76.66,3.25519,0.05775,0.09228,AUTO,HAZARD_VISION_STOP,0.0000,0.0000,0.0000,0.0000,0.0000,0.0000,3,25.59615,0.15000,0.15000,0.00000,0.00000,10558,10708,0.000000,0.000000
76.68,3.25519,0.05775,0.09228,AUTO,HAZARD_VISION_STOP,0.0000,0.0000,0.0000,0.0000,0.0000,0.0000,3,25.59615,0.15000,0.15000,0.00000,0.00000,10558,10708,0.000000,0.000000
76.70,3.25519,0.05775,0.09228,AUTO,HAZARD_VISION_STOP,0.0000,0.0000,0.0000,0.0000,0.0000,0.0000,3,25.59615,0.15000,0.15000,0.00000,0.00000,10558,10708,0.000000,0.000000
76.72,3.25519,0.05775,0.09228,AUTO,HAZARD_VISION_STOP,0.0000,0.0000,0.0000,0.0000,0.0000,0.0000,3,25.59615,0.15000,0.15000,0.00000,0.00000,10558,10708,0.000000,0.000000
76.74,3.25519,0.05775,0.09228,AUTO,HAZARD_VISION_STOP,0.0000,0.0000,0.0000,0.0000,0.0000,0.0000,3,25.59615,0.15000,0.15000,0.00000,0.00000,10558,10708,0.000000,0.000000
76.76,3.25519,0.05775,0.09228,AUTO,HAZARD_VISION_STOP,0.0000,0.0000,0.0000,0.0000,0.0000,0.0000,3,25.59615,0.15000,0.15000,0.00000,0.00000,10558,10708,0.000000,0.000000
76.78,3.25519,0.05775,0.09228,AUTO,HAZARD_VISION_STOP,0.0000,0.0000,0.0000,0.0000,0.0000,0.0000,3,25.59615,0.15000,0.15000,0.00000,0.00000,10558,10708,0.000000,0.000000
76.80,3.25519,0.05775,0.09228,AUTO,HAZARD_VISION_STOP,0.0000,0.0000,0.0000,0.0000,0.0000,0.0000,3,25.59615,0.15000,0.15000,0.00000,0.00000,10558,10708,0.000000,0.000000
76.82,3.25519,0.05775,0.09228,AUTO,HAZARD_VISION_STOP,0.0000,0.0000,0.0000,0.0000,0.0000,0.0000,3,25.59615,0.15000,0.15000,0.00000,0.00000,10558,10708,0.000000,0.000000
76.84,3.25519,0.05775,0.09228,AUTO,HAZARD_VISION_STOP,0.0000,0.0000,0.0000,0.0000,0.0000,0.0000,3,25.59615,0.15000,0.15000,0.00000,0.00000,10558,10708,0.000000,0.000000
76.86,3.25519,0.05775,0.09228,AUTO,HAZARD_VISION_STOP,0.0000,0.0000,0.0000,0.0000,0.0000,0.0000,3,25.59615,0.15000,0.15000,0.00000,0.00000,10558,10708,0.000000,0.000000
76.88,3.25519,0.05775,0.09228,AUTO,HAZARD_VISION_STOP,0.0000,0.0000,0.0000,0.0000,0.0000,0.0000,3,25.59615,0.15000,0.15000,0.00000,0.00000,10558,10708,0.000000,0.000000
76.90,3.25519,0.05775,0.09228,AUTO,HAZARD_VISION_STOP,0.0000,0.0000,0.0000,0.0000,0.0000,0.0000,3,25.59615,0.15000,0.15000,0.00000,0.00000,10558,10708,0.000000,0.000000
76.92,3.25519,0.05775,0.09228,AUTO,HAZARD_VISION_STOP,0.0000,0.0000,0.0000,0.0000,0.0000,0.0000,3,25.59615,0.15000,0.15000,0.00000,0.00000,10558,10708,0.000000,0.000000
76.94,3.25519,0.05775,0.09228,AUTO,HAZARD_VISION_STOP,0.0000,0.0000,0.0000,0.0000,0.0000,0.0000,3,25.59615,0.15000,0.15000,0.00000,0.00000,10558,10708,0.000000,0.000000
76.96,3.25519,0.05775,0.09228,AUTO,HAZARD_VISION_STOP,0.0000,0.0000,0.0000,0.0000,0.0000,0.0000,3,25.59615,0.15000,0.15000,0.00000,0.00000,10558,10708,0.000000,0.000000
76.98,3.25519,0.05775,0.09228,AUTO,HAZARD_VISION_STOP,0.0000,0.0000,0.0000,0.0000,0.0000,0.0000,3,25.59615,0.15000,0.15000,0.00000,0.00000,10558,10708,0.000000,0.000000
77.00,3.25519,0.05775,0.09228,AUTO,HAZARD_VISION_STOP,0.0000,0.0000,0.0000,0.0000,0.0000,0.0000,3,25.59615,0.15000,0.15000,0.00000,0.00000,10558,10708,0.000000,0.000000
77.02,3.25519,0.05775,0.09228,AUTO,HAZARD_VISION_STOP,0.0000,0.0000,0.0000,0.0000,0.0000,0.0000,3,25.59615,0.15000,0.15000,0.00000,0.00000,10558,10708,0.000000,0.000000
77.04,3.25519,0.05775,0.09228,AUTO,HAZARD_VISION_STOP,0.0000,0.0000,0.0000,0.0000,0.0000,0.0000,3,25.59615,0.15000,0.15000,0.00000,0.00000,10558,10708,0.000000,0.000000
77.06,3.25519,0.05775,0.09228,AUTO,HAZARD_VISION_STOP,0.0000,0.0000,0.0000,0.0000,0.0000,0.0000,3,25.59615,0.15000,0.15000,0.00000,0.00000,10558,10708,0.000000,0.000000
77.08,3.25519,0.05775,0.09228,AUTO,HAZARD_VISION_STOP,0.0000,0.0000,0.0000,0.0000,0.0000,0.0000,3,25.59615,0.15000,0.15000,0.00000,0.00000,10558,10708,0.000000,0.000000
77.10,3.25519,0.05775,0.09228,AUTO,HAZARD_VISION_STOP,0.0000,0.0000,0.0000,0.0000,0.0000,0.0000,3,25.59615,0.15000,0.15000,0.00000,0.00000,10558,10708,0.000000,0.000000
77.12,3.25519,0.05775,0.09228,AUTO,HAZARD_VISION_STOP,0.0000,0.0000,0.0000,0.0000,0.0000,0.0000,3,25.59615,0.15000,0.15000,0.00000,0.00000,10558,10708,0.000000,0.000000
77.14,3.25519,0.05775,0.09228,AUTO,HAZARD_VISION_STOP,0.0000,0.0000,0.0000,0.0000,0.0000,0.0000,3,25.59615,0.15000,0.15000,0.00000,0.00000,10558,10708,0.000000,0.000000
77.16,3.25519,0.05775,0.09228,AUTO,HAZARD_VISION_STOP,0.0000,0.0000,0.0000,0.0000,0.0000,0.0000,3,25.59615,0.15000,0.15000,0.00000,0.00000,10558,10708,0.000000,0.000000
77.18,3.25519,0.05775,0.09228,AUTO,HAZARD_VISION_STOP,0.0000,0.0000,0.0000,0.0000,0.0000,0.0000,3,25.59615,0.15000,0.15000,0.00000,0.00000,10558,10708,0.000000,0.000000
77.20,3.25519,0.05775,0.09228,AUTO,HAZARD_VISION_STOP,0.0000,0.0000,0.0000,0.0000,0.0000,0.0000,3,25.59615,0.15000,0.15000,0.00000,0.00000,10558,10708,0.000000,0.000000
77.22,3.25519,0.05775,0.09228,AUTO,HAZARD_VISION_STOP,0.0000,0.0000,0.0000,0.0000,0.0000,0.0000,3,25.59615,0.15000,0.15000,0.00000,0.00000,10558,10708,0.000000,0.000000
77.24,3.25519,0.05775,0.09228,AUTO,HAZARD_VISION_STOP,0.0000,0.0000,0.0000,0.0000,0.0000,0.0000,3,25.59615,0.15000,0.15000,0.00000,0.00000,10558,10708,0.000000,0.000000
77.26,3.25519,0.05775,0.09228,AUTO,HAZARD_VISION_STOP,0.0000,0.0000,0.0000,0.0000,0.0000,0.0000,3,25.59615,0.15000,0.15000,0.00000,0.00000,10558,10708,0.000000,0.000000
77.28,3.25519,0.05775,0.09228,AUTO,HAZARD_VISION_STOP,0.0000,0.0000,0.0000,0.0000,0.0000,0.0000,3,25.59615,0.15000,0.15000,0.00000,0.00000,10558,10708,0.000000,0.000000
77.30,3.25519,0.05775,0.09228,AUTO,HAZARD_VISION_STOP,0.0000,0.0000,0.0000,0.0000,0.0000,0.0000,3,25.59615,0.15000,0.15000,0.00000,0.00000,10558,10708,0.000000,0.000000
77.32,3.25519,0.05775,0.09228,AUTO,HAZARD_VISION_STOP,0.0000,0.0000,0.0000,0.0000,0.0000,0.0000,3,25.59615,0.15000,0.15000,0.00000,0.00000,10558,10708,0.000000,0.000000
77.34,3.25519,0.05775,0.09228,AUTO,HAZARD_VISION_STOP,0.0000,0.0000,0.0000,0.0000,0.0000,0.0000,3,25.59615,0.15000,0.15000,0.00000,0.00000,10558,10708,0.000000,0.000000
77.36,3.25519,0.05775,0.09228,AUTO,HAZARD_VISION_STOP,0.0000,0.0000,0.0000,0.0000,0.0000,0.0000,3,25.59615,0.15000,0.15000,0.00000,0.00000,10558,10708,0.000000,0.000000
77.38,3.25519,0.05775,0.09228,AUTO,HAZARD_VISION_STOP,0.0000,0.0000,0.0000,0.0000,0.0000,0.0000,3,25.59615,0.15000,0.15000,0.00000,0.00000,10558,10708,0.000000,0.000000
77.40,3.25519,0.05775,0.09228,AUTO,HAZARD_VISION_STOP,0.0000,0.0000,0.0000,0.0000,0.0000,0.0000,3,25.59615,0.15000,0.15000,0.00000,0.00000,10558,10708,0.000000,0.000000
77.42,3.25519,0.05775,0.09228,AUTO,HAZARD_VISION_STOP,0.0000,0.0000,0.0000,0.0000,0.0000,0.0000,3,25.59615,0.15000,0.15000,0.00000,0.00000,10558,10708,0.000000,0.000000
77.44,3.25519,0.05775,0.09228,AUTO,HAZARD_VISION_STOP,0.0000,0.0000,0.0000,0.0000,0.0000,0.0000,3,25.59615,0.15000,0.15000,0.00000,0.00000,10558,10708,0.000000,0.000000
77.46,3.25519,0.05775,0.09228,AUTO,HAZARD_VISION_STOP,0.0000,0.0000,0.0000,0.0000,0.0000,0.0000,3,25.59615,0.15000,0.15000,0.00000,0.00000,10558,10708,0.000000,0.000000
77.48,3.25519,0.05775,0.09228,AUTO,HAZARD_VISION_STOP,0.0000,0.0000,0.0000,0.0000,0.0000,0.0000,3,25.59615,0.15000,0.15000,0.00000,0.00000,10558,10708,0.000000,0.000000
77.50,3.25519,0.05775,0.09228,AUTO,HAZARD_VISION_STOP,0.0000,0.0000,0.0000,0.0000,0.0000,0.0000,3,25.59615,0.15000,0.15000,0.00000,0.00000,10558,10708,0.000000,0.000000
77.52,3.25519,0.05775,0.09228,AUTO,HAZARD_VISION_STOP,0.0000,0.0000,0.0000,0.0000,0.0000,0.0000,3,25.59615,0.15000,0.15000,0.00000,0.00000,10558,10708,0.000000,0.000000
77.54,3.25519,0.05775,0.09228,AUTO,HAZARD_VISION_STOP,0.0000,0.0000,0.0000,0.0000,0.0000,0.0000,3,25.59615,0.15000,0.15000,0.00000,0.00000,10558,10708,0.000000,0.000000
77.56,3.25519,0.05775,0.09228,AUTO,HAZARD_VISION_STOP,0.0000,0.0000,0.0000,0.0000,0.0000,0.0000,3,25.59615,0.15000,0.15000,0.00000,0.00000,10558,10708,0.000000,0.000000
77.58,3.25519,0.05775,0.09228,AUTO,HAZARD_VISION_STOP,0.0000,0.0000,0.0000,0.0000,0.0000,0.0000,3,25.59615,0.15000,0.15000,0.00000,0.00000,10558,10708,0.000000,0.000000
77.60,3.25519,0.05775,0.09228,AUTO,HAZARD_VISION_STOP,0.0000,0.0000,0.0000,0.0000,0.0000,0.0000,3,25.59615,0.15000,0.15000,0.00000,0.00000,10558,10708,0.000000,0.000000
77.62,3.25519,0.05775,0.09228,AUTO,HAZARD_VISION_STOP,0.0000,0.0000,0.0000,0.0000,0.0000,0.0000,3,25.59615,0.15000,0.15000,0.00000,0.00000,10558,10708,0.000000,0.000000
77.64,3.25519,0.05775,0.09228,AUTO,HAZARD_VISION_STOP,0.0000,0.0000,0.0000,0.0000,0.0000,0.0000,3,25.59615,0.15000,0.15000,0.00000,0.00000,10558,10708,0.000000,0.000000
77.66,3.25519,0.05775,0.09228,AUTO,HAZARD_VISION_STOP,0.0000,0.0000,0.0000,0.0000,0.0000,0.0000,3,25.59615,0.15000,0.15000,0.00000,0.00000,10558,10708,0.000000,0.000000
77.68,3.25519,0.05775,0.09228,AUTO,HAZARD_VISION_STOP,0.0000,0.0000,0.0000,0.0000,0.0000,0.0000,3,25.59615,0.15000,0.15000,0.00000,0.00000,10558,10708,0.000000,0.000000
77.70,3.25519,0.05775,0.09228,AUTO,HAZARD_VISION_STOP,0.0000,0.0000,0.0000,0.0000,0.0000,0.0000,3,25.59615,0.15000,0.15000,0.00000,0.00000,10558,10708,0.000000,0.000000
77.72,3.25519,0.05775,0.09228,AUTO,HAZARD_VISION_STOP,0.0000,0.0000,0.0000,0.0000,0.0000,0.0000,3,25.59615,0.15000,0.15000,0.00000,0.00000,10558,10708,0.000000,0.000000
77.74,3.25519,0.05775,0.09228,AUTO,HAZARD_VISION_STOP,0.0000,0.0000,0.0000,0.0000,0.0000,0.0000,3,25.59615,0.15000,0.15000,0.00000,0.00000,10558,10708,0.000000,0.000000
77.76,3.25519,0.05775,0.09228,AUTO,HAZARD_VISION_STOP,0.0000,0.0000,0.0000,0.0000,0.0000,0.0000,3,25.59615,0.15000,0.15000,0.00000,0.00000,10558,10708,0.000000,0.000000
77.78,3.25519,0.05775,0.09228,AUTO,HAZARD_VISION_STOP,0.0000,0.0000,0.0000,0.0000,0.0000,0.0000,3,25.59615,0.15000,0.15000,0.00000,0.00000,10558,10708,0.000000,0.000000
77.80,3.25519,0.05775,0.09228,AUTO,HAZARD_VISION_STOP,0.0000,0.0000,0.0000,0.0000,0.0000,0.0000,3,25.59615,0.15000,0.15000,0.00000,0.00000,10558,10708,0.000000,0.000000
77.82,3.25519,0.05775,0.09228,AUTO,HAZARD_VISION_STOP,0.0000,0.0000,0.0000,0.0000,0.0000,0.0000,3,25.59615,0.15000,0.15000,0.00000,0.00000,10558,10708,0.000000,0.000000
77.84,3.25519,0.05775,0.09228,AUTO,HAZARD_VISION_STOP,0.0000,0.0000,0.0000,0.0000,0.0000,0.0000,3,25.59615,0.15000,0.15000,0.00000,0.00000,10558,10708,0.000000,0.000000
77.86,3.25519,0.05775,0.09228,AUTO,HAZARD_VISION_STOP,0.0000,0.0000,0.0000,0.0000,0.0000,0.0000,3,25.59615,0.15000,0.15000,0.00000,0.00000,10558,10708,0.000000,0.000000
77.88,3.25519,0.05775,0.09228,AUTO,HAZARD_VISION_STOP,0.0000,0.0000,0.0000,0.0000,0.0000,0.0000,3,25.59615,0.15000,0.15000,0.00000,0.00000,10558,10708,0.000000,0.000000
77.90,3.25519,0.05775,0.09228,AUTO,HAZARD_VISION_STOP,0.0000,0.0000,0.0000,0.0000,0.0000,0.0000,3,25.59615,0.15000,0.15000,0.00000,0.00000,10558,10708,0.000000,0.000000
77.92,3.25519,0.05775,0.09228,AUTO,HAZARD_VISION_STOP,0.0000,0.0000,0.0000,0.0000,0.0000,0.0000,3,25.59615,0.15000,0.15000,0.00000,0.00000,10558,10708,0.000000,0.000000
77.94,3.25519,0.05775,0.09228,AUTO,HAZARD_VISION_STOP,0.0000,0.0000,0.0000,0.0000,0.0000,0.0000,3,25.59615,0.15000,0.15000,0.00000,0.00000,10558,10708,0.000000,0.000000
77.96,3.25519,0.05775,0.09228,AUTO,HAZARD_VISION_STOP,0.0000,0.0000,0.0000,0.0000,0.0000,0.0000,3,25.59615,0.15000,0.15000,0.00000,0.00000,10558,10708,0.000000,0.000000
77.98,3.25519,0.05775,0.09228,AUTO,HAZARD_VISION_STOP,0.0000,0.0000,0.0000,0.0000,0.0000,0.0000,3,25.59615,0.15000,0.15000,0.00000,0.00000,10558,10708,0.000000,0.000000
78.00,3.25519,0.05775,0.09228,AUTO,HAZARD_VISION_STOP,0.0000,0.0000,0.0000,0.0000,0.0000,0.0000,3,25.59615,0.15000,0.15000,0.00000,0.00000,10558,10708,0.000000,0.000000
78.02,3.25519,0.05775,0.09228,AUTO,HAZARD_VISION_STOP,0.0000,0.0000,0.0000,0.0000,0.0000,0.0000,3,25.59615,0.15000,0.15000,0.00000,0.00000,10558,10708,0.000000,0.000000
78.04,3.25519,0.05775,0.09228,AUTO,HAZARD_VISION_STOP,0.0000,0.0000,0.0000,0.0000,0.0000,0.0000,3,25.59615,0.15000,0.15000,0.00000,0.00000,10558,10708,0.000000,0.000000
78.06,3.25519,0.05775,0.09228,AUTO,HAZARD_VISION_STOP,0.0000,0.0000,0.0000,0.0000,0.0000,0.0000,3,25.59615,0.15000,0.15000,0.00000,0.00000,10558,10708,0.000000,0.000000
78.08,3.25519,0.05775,0.09228,AUTO,HAZARD_VISION_STOP,0.0000,0.0000,0.0000,0.0000,0.0000,0.0000,3,25.59615,0.15000,0.15000,0.00000,0.00000,10558,10708,0.000000,0.000000
78.10,3.25519,0.05775,0.09228,AUTO,HAZARD_VISION_STOP,0.0000,0.0000,0.0000,0.0000,0.0000,0.0000,3,25.59615,0.15000,0.15000,0.00000,0.00000,10558,10708,0.000000,0.000000
78.12,3.25519,0.05775,0.09228,AUTO,HAZARD_VISION_STOP,0.0000,0.0000,0.0000,0.0000,0.0000,0.0000,3,25.59615,0.15000,0.15000,0.00000,0.00000,10558,10708,0.000000,0.000000
78.14,3.25519,0.05775,0.09228,AUTO,HAZARD_VISION_STOP,0.0000,0.0000,0.0000,0.0000,0.0000,0.0000,3,25.59615,0.15000,0.15000,0.00000,0.00000,10558,10708,0.000000,0.000000
78.16,3.25519,0.05775,0.09228,AUTO,HAZARD_VISION_STOP,0.0000,0.0000,0.0000,0.0000,0.0000,0.0000,3,25.59615,0.15000,0.15000,0.00000,0.00000,10558,10708,0.000000,0.000000
78.18,3.25519,0.05775,0.09228,AUTO,HAZARD_VISION_STOP,0.0000,0.0000,0.0000,0.0000,0.0000,0.0000,3,25.59615,0.15000,0.15000,0.00000,0.00000,10558,10708,0.000000,0.000000
78.20,3.25519,0.05775,0.09228,AUTO,HAZARD_VISION_STOP,0.0000,0.0000,0.0000,0.0000,0.0000,0.0000,3,25.59615,0.15000,0.15000,0.00000,0.00000,10558,10708,0.000000,0.000000
78.22,3.25519,0.05775,0.09228,AUTO,HAZARD_VISION_STOP,0.0000,0.0000,0.0000,0.0000,0.0000,0.0000,3,25.59615,0.15000,0.15000,0.00000,0.00000,10558,10708,0.000000,0.000000
78.24,3.25519,0.05775,0.09228,AUTO,HAZARD_VISION_STOP,0.0000,0.0000,0.0000,0.0000,0.0000,0.0000,3,25.59615,0.15000,0.15000,0.00000,0.00000,10558,10708,0.000000,0.000000
78.26,3.25519,0.05775,0.09228,AUTO,HAZARD_VISION_STOP,0.0000,0.0000,0.0000,0.0000,0.0000,0.0000,3,25.59615,0.15000,0.15000,0.00000,0.00000,10558,10708,0.000000,0.000000
78.28,3.25519,0.05775,0.09228,AUTO,HAZARD_VISION_STOP,0.0000,0.0000,0.0000,0.0000,0.0000,0.0000,3,25.59615,0.15000,0.15000,0.00000,0.00000,10558,10708,0.000000,0.000000
78.30,3.25519,0.05775,0.09228,AUTO,HAZARD_VISION_STOP,0.0000,0.0000,0.0000,0.0000,0.0000,0.0000,3,25.59615,0.15000,0.15000,0.00000,0.00000,10558,10708,0.000000,0.000000
78.32,3.25519,0.05775,0.09228,AUTO,HAZARD_VISION_STOP,0.0000,0.0000,0.0000,0.0000,0.0000,0.0000,3,25.59615,0.15000,0.15000,0.00000,0.00000,10558,10708,0.000000,0.000000
78.34,3.25519,0.05775,0.09228,AUTO,HAZARD_VISION_STOP,0.0000,0.0000,0.0000,0.0000,0.0000,0.0000,3,25.59615,0.15000,0.15000,0.00000,0.00000,10558,10708,0.000000,0.000000
78.36,3.25519,0.05775,0.09228,AUTO,HAZARD_VISION_STOP,0.0000,0.0000,0.0000,0.0000,0.0000,0.0000,3,25.59615,0.15000,0.15000,0.00000,0.00000,10558,10708,0.000000,0.000000
78.38,3.25519,0.05775,0.09228,AUTO,HAZARD_VISION_STOP,0.0000,0.0000,0.0000,0.0000,0.0000,0.0000,3,25.59615,0.15000,0.15000,0.00000,0.00000,10558,10708,0.000000,0.000000
78.40,3.25519,0.05775,0.09228,AUTO,HAZARD_VISION_STOP,0.0000,0.0000,0.0000,0.0000,0.0000,0.0000,3,25.59615,0.15000,0.15000,0.00000,0.00000,10558,10708,0.000000,0.000000
78.42,3.25519,0.05775,0.09228,AUTO,HAZARD_VISION_STOP,0.0000,0.0000,0.0000,0.0000,0.0000,0.0000,3,25.59615,0.15000,0.15000,0.00000,0.00000,10558,10708,0.000000,0.000000
78.44,3.25519,0.05775,0.09228,AUTO,HAZARD_VISION_STOP,0.0000,0.0000,0.0000,0.0000,0.0000,0.0000,3,25.59615,0.15000,0.15000,0.00000,0.00000,10558,10708,0.000000,0.000000
78.46,3.25519,0.05775,0.09228,AUTO,HAZARD_VISION_STOP,0.0000,0.0000,0.0000,0.0000,0.0000,0.0000,3,25.59615,0.15000,0.15000,0.00000,0.00000,10558,10708,0.000000,0.000000
78.48,3.25519,0.05775,0.09228,AUTO,HAZARD_VISION_STOP,0.0000,0.0000,0.0000,0.0000,0.0000,0.0000,3,25.59615,0.15000,0.15000,0.00000,0.00000,10558,10708,0.000000,0.000000
78.50,3.25519,0.05775,0.09228,AUTO,HAZARD_VISION_STOP,0.0000,0.0000,0.0000,0.0000,0.0000,0.0000,3,25.59615,0.15000,0.15000,0.00000,0.00000,10558,10708,0.000000,0.000000
78.52,3.25519,0.05775,0.09228,AUTO,HAZARD_VISION_STOP,0.0000,0.0000,0.0000,0.0000,0.0000,0.0000,3,25.59615,0.15000,0.15000,0.00000,0.00000,10558,10708,0.000000,0.000000
78.54,3.25519,0.05775,0.09228,AUTO,HAZARD_VISION_STOP,0.0000,0.0000,0.0000,0.0000,0.0000,0.0000,3,25.59615,0.15000,0.15000,0.00000,0.00000,10558,10708,0.000000,0.000000
78.56,3.25519,0.05775,0.09228,AUTO,HAZARD_VISION_STOP,0.0000,0.0000,0.0000,0.0000,0.0000,0.0000,3,25.59615,0.15000,0.15000,0.00000,0.00000,10558,10708,0.000000,0.000000
78.58,3.25519,0.05775,0.09228,AUTO,HAZARD_VISION_STOP,0.0000,0.0000,0.0000,0.0000,0.0000,0.0000,3,25.59615,0.15000,0.15000,0.00000,0.00000,10558,10708,0.000000,0.000000
78.60,3.25519,0.05775,0.09228,AUTO,HAZARD_VISION_STOP,0.0000,0.0000,0.0000,0.0000,0.0000,0.0000,3,25.59615,0.15000,0.15000,0.00000,0.00000,10558,10708,0.000000,0.000000
78.62,3.25519,0.05775,0.09228,AUTO,HAZARD_VISION_STOP,0.0000,0.0000,0.0000,0.0000,0.0000,0.0000,3,25.59615,0.15000,0.15000,0.00000,0.00000,10558,10708,0.000000,0.000000
78.64,3.25519,0.05775,0.09228,AUTO,HAZARD_VISION_STOP,0.0000,0.0000,0.0000,0.0000,0.0000,0.0000,3,25.59615,0.15000,0.15000,0.00000,0.00000,10558,10708,0.000000,0.000000
78.66,3.25519,0.05775,0.09228,AUTO,HAZARD_VISION_STOP,0.0000,0.0000,0.0000,0.0000,0.0000,0.0000,3,25.59615,0.15000,0.15000,0.00000,0.00000,10558,10708,0.000000,0.000000
78.68,3.25519,0.05775,0.09228,AUTO,HAZARD_VISION_STOP,0.0000,0.0000,0.0000,0.0000,0.0000,0.0000,3,25.59615,0.15000,0.15000,0.00000,0.00000,10558,10708,0.000000,0.000000
78.70,3.25519,0.05775,0.09228,AUTO,HAZARD_VISION_STOP,0.0000,0.0000,0.0000,0.0000,0.0000,0.0000,3,25.59615,0.15000,0.15000,0.00000,0.00000,10558,10708,0.000000,0.000000
78.72,3.25519,0.05775,0.09228,AUTO,HAZARD_VISION_STOP,0.0000,0.0000,0.0000,0.0000,0.0000,0.0000,3,25.59615,0.15000,0.15000,0.00000,0.00000,10558,10708,0.000000,0.000000
78.74,3.25519,0.05775,0.09228,AUTO,HAZARD_VISION_STOP,0.0000,0.0000,0.0000,0.0000,0.0000,0.0000,3,25.59615,0.15000,0.15000,0.00000,0.00000,10558,10708,0.000000,0.000000
78.76,3.25519,0.05775,0.09228,AUTO,HAZARD_VISION_STOP,0.0000,0.0000,0.0000,0.0000,0.0000,0.0000,3,25.59615,0.15000,0.15000,0.00000,0.00000,10558,10708,0.000000,0.000000
78.78,3.25519,0.05775,0.09228,AUTO,HAZARD_VISION_STOP,0.0000,0.0000,0.0000,0.0000,0.0000,0.0000,3,25.59615,0.15000,0.15000,0.00000,0.00000,10558,10708,0.000000,0.000000
78.80,3.25519,0.05775,0.09228,AUTO,HAZARD_VISION_STOP,0.0000,0.0000,0.0000,0.0000,0.0000,0.0000,3,25.59615,0.15000,0.15000,0.00000,0.00000,10558,10708,0.000000,0.000000
78.82,3.25519,0.05775,0.09228,AUTO,HAZARD_VISION_STOP,0.0000,0.0000,0.0000,0.0000,0.0000,0.0000,3,25.59615,0.15000,0.15000,0.00000,0.00000,10558,10708,0.000000,0.000000
78.84,3.25519,0.05775,0.09228,AUTO,HAZARD_VISION_STOP,0.0000,0.0000,0.0000,0.0000,0.0000,0.0000,3,25.59615,0.15000,0.15000,0.00000,0.00000,10558,10708,0.000000,0.000000
78.86,3.25519,0.05775,0.09228,AUTO,HAZARD_VISION_STOP,0.0000,0.0000,0.0000,0.0000,0.0000,0.0000,3,25.59615,0.15000,0.15000,0.00000,0.00000,10558,10708,0.000000,0.000000
78.88,3.25519,0.05775,0.09228,AUTO,HAZARD_VISION_STOP,0.0000,0.0000,0.0000,0.0000,0.0000,0.0000,3,25.59615,0.15000,0.15000,0.00000,0.00000,10558,10708,0.000000,0.000000
78.90,3.25519,0.05775,0.09228,AUTO,HAZARD_VISION_STOP,0.0000,0.0000,0.0000,0.0000,0.0000,0.0000,3,25.59615,0.15000,0.15000,0.00000,0.00000,10558,10708,0.000000,0.000000
78.92,3.25519,0.05775,0.09228,AUTO,HAZARD_VISION_STOP,0.0000,0.0000,0.0000,0.0000,0.0000,0.0000,3,25.59615,0.15000,0.15000,0.00000,0.00000,10558,10708,0.000000,0.000000
78.94,3.25519,0.05775,0.09228,AUTO,HAZARD_VISION_STOP,0.0000,0.0000,0.0000,0.0000,0.0000,0.0000,3,25.59615,0.15000,0.15000,0.00000,0.00000,10558,10708,0.000000,0.000000
78.96,3.25519,0.05775,0.09228,AUTO,HAZARD_VISION_STOP,0.0000,0.0000,0.0000,0.0000,0.0000,0.0000,3,25.59615,0.15000,0.15000,0.00000,0.00000,10558,10708,0.000000,0.000000
78.98,3.25519,0.05775,0.09228,AUTO,HAZARD_VISION_STOP,0.0000,0.0000,0.0000,0.0000,0.0000,0.0000,3,25.59615,0.15000,0.15000,0.00000,0.00000,10558,10708,0.000000,0.000000
79.00,3.25519,0.05775,0.09228,AUTO,HAZARD_VISION_STOP,0.0000,0.0000,0.0000,0.0000,0.0000,0.0000,3,25.59615,0.15000,0.15000,0.00000,0.00000,10558,10708,0.000000,0.000000
79.02,3.25519,0.05775,0.09228,AUTO,HAZARD_VISION_STOP,0.0000,0.0000,0.0000,0.0000,0.0000,0.0000,3,25.59615,0.15000,0.15000,0.00000,0.00000,10558,10708,0.000000,0.000000
79.04,3.25519,0.05775,0.09228,AUTO,HAZARD_VISION_STOP,0.0000,0.0000,0.0000,0.0000,0.0000,0.0000,3,25.59615,0.15000,0.15000,0.00000,0.00000,10558,10708,0.000000,0.000000
79.06,3.25519,0.05775,0.09228,AUTO,HAZARD_VISION_STOP,0.0000,0.0000,0.0000,0.0000,0.0000,0.0000,3,25.59615,0.15000,0.15000,0.00000,0.00000,10558,10708,0.000000,0.000000
79.08,3.25519,0.05775,0.09228,AUTO,HAZARD_VISION_STOP,0.0000,0.0000,0.0000,0.0000,0.0000,0.0000,3,25.59615,0.15000,0.15000,0.00000,0.00000,10558,10708,0.000000,0.000000
79.10,3.25519,0.05775,0.09228,AUTO,HAZARD_VISION_STOP,0.0000,0.0000,0.0000,0.0000,0.0000,0.0000,3,25.59615,0.15000,0.15000,0.00000,0.00000,10558,10708,0.000000,0.000000
79.12,3.25519,0.05775,0.09228,AUTO,HAZARD_VISION_STOP,0.0000,0.0000,0.0000,0.0000,0.0000,0.0000,3,25.59615,0.15000,0.15000,0.00000,0.00000,10558,10708,0.000000,0.000000
79.14,3.25519,0.05775,0.09228,AUTO,HAZARD_VISION_STOP,0.0000,0.0000,0.0000,0.0000,0.0000,0.0000,3,25.59615,0.15000,0.15000,0.00000,0.00000,10558,10708,0.000000,0.000000
79.16,3.25519,0.05775,0.09228,AUTO,HAZARD_VISION_STOP,0.0000,0.0000,0.0000,0.0000,0.0000,0.0000,3,25.59615,0.15000,0.15000,0.00000,0.00000,10558,10708,0.000000,0.000000
79.18,3.25519,0.05775,0.09228,AUTO,HAZARD_VISION_STOP,0.0000,0.0000,0.0000,0.0000,0.0000,0.0000,3,25.59615,0.15000,0.15000,0.00000,0.00000,10558,10708,0.000000,0.000000
79.20,3.25519,0.05775,0.09228,AUTO,HAZARD_VISION_STOP,0.0000,0.0000,0.0000,0.0000,0.0000,0.0000,3,25.59615,0.15000,0.15000,0.00000,0.00000,10558,10708,0.000000,0.000000
79.22,3.25519,0.05775,0.09228,AUTO,HAZARD_VISION_STOP,0.0000,0.0000,0.0000,0.0000,0.0000,0.0000,3,25.59615,0.15000,0.15000,0.00000,0.00000,10558,10708,0.000000,0.000000
79.24,3.25519,0.05775,0.09228,AUTO,HAZARD_VISION_STOP,0.0000,0.0000,0.0000,0.0000,0.0000,0.0000,3,25.59615,0.15000,0.15000,0.00000,0.00000,10558,10708,0.000000,0.000000
79.26,3.25519,0.05775,0.09228,AUTO,HAZARD_VISION_STOP,0.0000,0.0000,0.0000,0.0000,0.0000,0.0000,3,25.59615,0.15000,0.15000,0.00000,0.00000,10558,10708,0.000000,0.000000
79.28,3.25519,0.05775,0.09228,AUTO,HAZARD_VISION_STOP,0.0000,0.0000,0.0000,0.0000,0.0000,0.0000,3,25.59615,0.15000,0.15000,0.00000,0.00000,10558,10708,0.000000,0.000000
79.30,3.25519,0.05775,0.09228,AUTO,HAZARD_VISION_STOP,0.0000,0.0000,0.0000,0.0000,0.0000,0.0000,3,25.59615,0.15000,0.15000,0.00000,0.00000,10558,10708,0.000000,0.000000
79.32,3.25519,0.05775,0.09228,AUTO,HAZARD_VISION_STOP,0.0000,0.0000,0.0000,0.0000,0.0000,0.0000,3,25.59615,0.15000,0.15000,0.00000,0.00000,10558,10708,0.000000,0.000000
79.34,3.25519,0.05775,0.09228,AUTO,HAZARD_VISION_STOP,0.0000,0.0000,0.0000,0.0000,0.0000,0.0000,3,25.59615,0.15000,0.15000,0.00000,0.00000,10558,10708,0.000000,0.000000
79.36,3.25519,0.05775,0.09228,AUTO,HAZARD_VISION_STOP,0.0000,0.0000,0.0000,0.0000,0.0000,0.0000,3,25.59615,0.15000,0.15000,0.00000,0.00000,10558,10708,0.000000,0.000000
79.38,3.25519,0.05775,0.09228,AUTO,HAZARD_VISION_STOP,0.0000,0.0000,0.0000,0.0000,0.0000,0.0000,3,25.59615,0.15000,0.15000,0.00000,0.00000,10558,10708,0.000000,0.000000
79.40,3.25519,0.05775,0.09228,AUTO,HAZARD_VISION_STOP,0.0000,0.0000,0.0000,0.0000,0.0000,0.0000,3,25.59615,0.15000,0.15000,0.00000,0.00000,10558,10708,0.000000,0.000000
79.42,3.25519,0.05775,0.09228,AUTO,HAZARD_VISION_STOP,0.0000,0.0000,0.0000,0.0000,0.0000,0.0000,3,25.59615,0.15000,0.15000,0.00000,0.00000,10558,10708,0.000000,0.000000
79.44,3.25519,0.05775,0.09228,AUTO,HAZARD_VISION_STOP,0.0000,0.0000,0.0000,0.0000,0.0000,0.0000,3,25.59615,0.15000,0.15000,0.00000,0.00000,10558,10708,0.000000,0.000000
79.46,3.25519,0.05775,0.09228,AUTO,HAZARD_VISION_STOP,0.0000,0.0000,0.0000,0.0000,0.0000,0.0000,3,25.59615,0.15000,0.15000,0.00000,0.00000,10558,10708,0.000000,0.000000
79.48,3.25519,0.05775,0.09228,AUTO,HAZARD_VISION_STOP,0.0000,0.0000,0.0000,0.0000,0.0000,0.0000,3,25.59615,0.15000,0.15000,0.00000,0.00000,10558,10708,0.000000,0.000000
79.50,3.25519,0.05775,0.09228,AUTO,HAZARD_VISION_STOP,0.0000,0.0000,0.0000,0.0000,0.0000,0.0000,3,25.59615,0.15000,0.15000,0.00000,0.00000,10558,10708,0.000000,0.000000
79.52,3.25519,0.05775,0.09228,AUTO,HAZARD_VISION_STOP,0.0000,0.0000,0.0000,0.0000,0.0000,0.0000,3,25.59615,0.15000,0.15000,0.00000,0.00000,10558,10708,0.000000,0.000000
79.54,3.25519,0.05775,0.09228,AUTO,HAZARD_VISION_STOP,0.0000,0.0000,0.0000,0.0000,0.0000,0.0000,3,25.59615,0.15000,0.15000,0.00000,0.00000,10558,10708,0.000000,0.000000
79.56,3.25519,0.05775,0.09228,AUTO,HAZARD_VISION_STOP,0.0000,0.0000,0.0000,0.0000,0.0000,0.0000,3,25.59615,0.15000,0.15000,0.00000,0.00000,10558,10708,0.000000,0.000000
79.58,3.25519,0.05775,0.09228,AUTO,HAZARD_VISION_STOP,0.0000,0.0000,0.0000,0.0000,0.0000,0.0000,3,25.59615,0.15000,0.15000,0.00000,0.00000,10558,10708,0.000000,0.000000
79.60,3.25519,0.05775,0.09228,AUTO,HAZARD_VISION_STOP,0.0000,0.0000,0.0000,0.0000,0.0000,0.0000,3,25.59615,0.15000,0.15000,0.00000,0.00000,10558,10708,0.000000,0.000000
79.62,3.25519,0.05775,0.09228,AUTO,HAZARD_VISION_STOP,0.0000,0.0000,0.0000,0.0000,0.0000,0.0000,3,25.59615,0.15000,0.15000,0.00000,0.00000,10558,10708,0.000000,0.000000
79.64,3.25519,0.05775,0.09228,AUTO,HAZARD_VISION_STOP,0.0000,0.0000,0.0000,0.0000,0.0000,0.0000,3,25.59615,0.15000,0.15000,0.00000,0.00000,10558,10708,0.000000,0.000000
79.66,3.25519,0.05775,0.09228,AUTO,HAZARD_VISION_STOP,0.0000,0.0000,0.0000,0.0000,0.0000,0.0000,3,25.59615,0.15000,0.15000,0.00000,0.00000,10558,10708,0.000000,0.000000
79.68,3.25519,0.05775,0.09228,AUTO,HAZARD_VISION_STOP,0.0000,0.0000,0.0000,0.0000,0.0000,0.0000,3,25.59615,0.15000,0.15000,0.00000,0.00000,10558,10708,0.000000,0.000000
79.70,3.25519,0.05775,0.09228,AUTO,HAZARD_VISION_STOP,0.0000,0.0000,0.0000,0.0000,0.0000,0.0000,3,25.59615,0.15000,0.15000,0.00000,0.00000,10558,10708,0.000000,0.000000
79.72,3.25519,0.05775,0.09228,AUTO,HAZARD_VISION_STOP,0.0000,0.0000,0.0000,0.0000,0.0000,0.0000,3,25.59615,0.15000,0.15000,0.00000,0.00000,10558,10708,0.000000,0.000000
79.74,3.25519,0.05775,0.09228,AUTO,HAZARD_VISION_STOP,0.0000,0.0000,0.0000,0.0000,0.0000,0.0000,3,25.59615,0.15000,0.15000,0.00000,0.00000,10558,10708,0.000000,0.000000
79.76,3.25519,0.05775,0.09228,AUTO,HAZARD_VISION_STOP,0.0000,0.0000,0.0000,0.0000,0.0000,0.0000,3,25.59615,0.15000,0.15000,0.00000,0.00000,10558,10708,0.000000,0.000000
79.78,3.25519,0.05775,0.09228,AUTO,HAZARD_VISION_STOP,0.0000,0.0000,0.0000,0.0000,0.0000,0.0000,3,25.59615,0.15000,0.15000,0.00000,0.00000,10558,10708,0.000000,0.000000
79.80,3.25519,0.05775,0.09228,AUTO,HAZARD_VISION_STOP,0.0000,0.0000,0.0000,0.0000,0.0000,0.0000,3,25.59615,0.15000,0.15000,0.00000,0.00000,10558,10708,0.000000,0.000000
79.82,3.25519,0.05775,0.09228,AUTO,HAZARD_VISION_STOP,0.0000,0.0000,0.0000,0.0000,0.0000,0.0000,3,25.59615,0.15000,0.15000,0.00000,0.00000,10558,10708,0.000000,0.000000
79.84,3.25519,0.05775,0.09228,AUTO,HAZARD_VISION_STOP,0.0000,0.0000,0.0000,0.0000,0.0000,0.0000,3,25.59615,0.15000,0.15000,0.00000,0.00000,10558,10708,0.000000,0.000000
79.86,3.25519,0.05775,0.09228,AUTO,HAZARD_VISION_STOP,0.0000,0.0000,0.0000,0.0000,0.0000,0.0000,3,25.59615,0.15000,0.15000,0.00000,0.00000,10558,10708,0.000000,0.000000
79.88,3.25519,0.05775,0.09228,AUTO,HAZARD_VISION_STOP,0.0000,0.0000,0.0000,0.0000,0.0000,0.0000,3,25.59615,0.15000,0.15000,0.00000,0.00000,10558,10708,0.000000,0.000000
79.90,3.25519,0.05775,0.09228,AUTO,HAZARD_VISION_STOP,0.0000,0.0000,0.0000,0.0000,0.0000,0.0000,3,25.59615,0.15000,0.15000,0.00000,0.00000,10558,10708,0.000000,0.000000
79.92,3.25519,0.05775,0.09228,AUTO,HAZARD_VISION_STOP,0.0000,0.0000,0.0000,0.0000,0.0000,0.0000,3,25.59615,0.15000,0.15000,0.00000,0.00000,10558,10708,0.000000,0.000000
79.94,3.25519,0.05775,0.09228,AUTO,HAZARD_VISION_STOP,0.0000,0.0000,0.0000,0.0000,0.0000,0.0000,3,25.59615,0.15000,0.15000,0.00000,0.00000,10558,10708,0.000000,0.000000
79.96,3.25519,0.05775,0.09228,AUTO,HAZARD_VISION_STOP,0.0000,0.0000,0.0000,0.0000,0.0000,0.0000,3,25.59615,0.15000,0.15000,0.00000,0.00000,10558,10708,0.000000,0.000000
79.98,3.25519,0.05775,0.09228,AUTO,HAZARD_VISION_STOP,0.0000,0.0000,0.0000,0.0000,0.0000,0.0000,3,25.59615,0.15000,0.15000,0.00000,0.00000,10558,10708,0.000000,0.000000
80.00,3.25519,0.05775,0.09228,AUTO,HAZARD_VISION_STOP,0.0000,0.0000,0.0000,0.0000,0.0000,0.0000,3,25.59615,0.15000,0.15000,0.00000,0.00000,10558,10708,0.000000,0.000000
80.02,3.25519,0.05775,0.09228,AUTO,HAZARD_VISION_STOP,0.0000,0.0000,0.0000,0.0000,0.0000,0.0000,3,25.59615,0.15000,0.15000,0.00000,0.00000,10558,10708,0.000000,0.000000
80.04,3.25519,0.05775,0.09228,AUTO,HAZARD_VISION_STOP,0.0000,0.0000,0.0000,0.0000,0.0000,0.0000,3,25.59615,0.15000,0.15000,0.00000,0.00000,10558,10708,0.000000,0.000000
80.06,3.25519,0.05775,0.09228,AUTO,HAZARD_VISION_STOP,0.0000,0.0000,0.0000,0.0000,0.0000,0.0000,3,25.59615,0.15000,0.15000,0.00000,0.00000,10558,10708,0.000000,0.000000
80.08,3.25519,0.05775,0.09228,AUTO,HAZARD_VISION_STOP,0.0000,0.0000,0.0000,0.0000,0.0000,0.0000,3,25.59615,0.15000,0.15000,0.00000,0.00000,10558,10708,0.000000,0.000000
80.10,3.25519,0.05775,0.09228,AUTO,HAZARD_VISION_STOP,0.0000,0.0000,0.0000,0.0000,0.0000,0.0000,3,25.59615,0.15000,0.15000,0.00000,0.00000,10558,10708,0.000000,0.000000
80.12,3.25519,0.05775,0.09228,AUTO,HAZARD_VISION_STOP,0.0000,0.0000,0.0000,0.0000,0.0000,0.0000,3,25.59615,0.15000,0.15000,0.00000,0.00000,10558,10708,0.000000,0.000000
80.14,3.25519,0.05775,0.09228,AUTO,HAZARD_VISION_STOP,0.0000,0.0000,0.0000,0.0000,0.0000,0.0000,3,25.59615,0.15000,0.15000,0.00000,0.00000,10558,10708,0.000000,0.000000
80.16,3.25519,0.05775,0.09228,AUTO,HAZARD_VISION_STOP,0.0000,0.0000,0.0000,0.0000,0.0000,0.0000,3,25.59615,0.15000,0.15000,0.00000,0.00000,10558,10708,0.000000,0.000000
80.18,3.25519,0.05775,0.09228,AUTO,HAZARD_VISION_STOP,0.0000,0.0000,0.0000,0.0000,0.0000,0.0000,3,25.59615,0.15000,0.15000,0.00000,0.00000,10558,10708,0.000000,0.000000
80.20,3.25519,0.05775,0.09228,AUTO,HAZARD_VISION_STOP,0.0000,0.0000,0.0000,0.0000,0.0000,0.0000,3,25.59615,0.15000,0.15000,0.00000,0.00000,10558,10708,0.000000,0.000000
80.22,3.25519,0.05775,0.09228,AUTO,HAZARD_VISION_STOP,0.0000,0.0000,0.0000,0.0000,0.0000,0.0000,3,25.59615,0.15000,0.15000,0.00000,0.00000,10558,10708,0.000000,0.000000
80.24,3.25519,0.05775,0.09228,AUTO,HAZARD_VISION_STOP,0.0000,0.0000,0.0000,0.0000,0.0000,0.0000,3,25.59615,0.15000,0.15000,0.00000,0.00000,10558,10708,0.000000,0.000000
80.26,3.25519,0.05775,0.09228,AUTO,HAZARD_VISION_STOP,0.0000,0.0000,0.0000,0.0000,0.0000,0.0000,3,25.59615,0.15000,0.15000,0.00000,0.00000,10558,10708,0.000000,0.000000
80.28,3.25519,0.05775,0.09228,AUTO,HAZARD_VISION_STOP,0.0000,0.0000,0.0000,0.0000,0.0000,0.0000,3,25.59615,0.15000,0.15000,0.00000,0.00000,10558,10708,0.000000,0.000000
80.30,3.25519,0.05775,0.09228,AUTO,HAZARD_VISION_STOP,0.0000,0.0000,0.0000,0.0000,0.0000,0.0000,3,25.59615,0.15000,0.15000,0.00000,0.00000,10558,10708,0.000000,0.000000
80.32,3.25519,0.05775,0.09228,AUTO,HAZARD_VISION_STOP,0.0000,0.0000,0.0000,0.0000,0.0000,0.0000,3,25.59615,0.15000,0.15000,0.00000,0.00000,10558,10708,0.000000,0.000000
80.34,3.25519,0.05775,0.09228,AUTO,HAZARD_VISION_STOP,0.0000,0.0000,0.0000,0.0000,0.0000,0.0000,3,25.59615,0.15000,0.15000,0.00000,0.00000,10558,10708,0.000000,0.000000
80.36,3.25519,0.05775,0.09228,AUTO,HAZARD_VISION_STOP,0.0000,0.0000,0.0000,0.0000,0.0000,0.0000,3,25.59615,0.15000,0.15000,0.00000,0.00000,10558,10708,0.000000,0.000000
80.38,3.25519,0.05775,0.09228,AUTO,HAZARD_VISION_STOP,0.0000,0.0000,0.0000,0.0000,0.0000,0.0000,3,25.59615,0.15000,0.15000,0.00000,0.00000,10558,10708,0.000000,0.000000
80.40,3.25519,0.05775,0.09228,AUTO,HAZARD_VISION_STOP,0.0000,0.0000,0.0000,0.0000,0.0000,0.0000,3,25.59615,0.15000,0.15000,0.00000,0.00000,10558,10708,0.000000,0.000000
80.42,3.25519,0.05775,0.09228,AUTO,HAZARD_VISION_STOP,0.0000,0.0000,0.0000,0.0000,0.0000,0.0000,3,25.59615,0.15000,0.15000,0.00000,0.00000,10558,10708,0.000000,0.000000
80.44,3.25519,0.05775,0.09228,AUTO,HAZARD_VISION_STOP,0.0000,0.0000,0.0000,0.0000,0.0000,0.0000,3,25.59615,0.15000,0.15000,0.00000,0.00000,10558,10708,0.000000,0.000000
80.46,3.25519,0.05775,0.09228,AUTO,HAZARD_VISION_STOP,0.0000,0.0000,0.0000,0.0000,0.0000,0.0000,3,25.59615,0.15000,0.15000,0.00000,0.00000,10558,10708,0.000000,0.000000
80.48,3.25519,0.05775,0.09228,AUTO,HAZARD_VISION_STOP,0.0000,0.0000,0.0000,0.0000,0.0000,0.0000,3,25.59615,0.15000,0.15000,0.00000,0.00000,10558,10708,0.000000,0.000000
80.50,3.25519,0.05775,0.09228,AUTO,HAZARD_VISION_STOP,0.0000,0.0000,0.0000,0.0000,0.0000,0.0000,3,25.59615,0.15000,0.15000,0.00000,0.00000,10558,10708,0.000000,0.000000
80.52,3.25519,0.05775,0.09228,AUTO,HAZARD_VISION_STOP,0.0000,0.0000,0.0000,0.0000,0.0000,0.0000,3,25.59615,0.15000,0.15000,0.00000,0.00000,10558,10708,0.000000,0.000000
80.54,3.25519,0.05775,0.09228,AUTO,HAZARD_VISION_STOP,0.0000,0.0000,0.0000,0.0000,0.0000,0.0000,3,25.59615,0.15000,0.15000,0.00000,0.00000,10558,10708,0.000000,0.000000
80.56,3.25519,0.05775,0.09228,AUTO,HAZARD_VISION_STOP,0.0000,0.0000,0.0000,0.0000,0.0000,0.0000,3,25.59615,0.15000,0.15000,0.00000,0.00000,10558,10708,0.000000,0.000000
80.58,3.25519,0.05775,0.09228,AUTO,HAZARD_VISION_STOP,0.0000,0.0000,0.0000,0.0000,0.0000,0.0000,3,25.59615,0.15000,0.15000,0.00000,0.00000,10558,10708,0.000000,0.000000
80.60,3.25519,0.05775,0.09228,AUTO,HAZARD_VISION_STOP,0.0000,0.0000,0.0000,0.0000,0.0000,0.0000,3,25.59615,0.15000,0.15000,0.00000,0.00000,10558,10708,0.000000,0.000000
80.62,3.25519,0.05775,0.09228,AUTO,HAZARD_VISION_STOP,0.0000,0.0000,0.0000,0.0000,0.0000,0.0000,3,25.59615,0.15000,0.15000,0.00000,0.00000,10558,10708,0.000000,0.000000
80.64,3.25519,0.05775,0.09228,AUTO,HAZARD_VISION_STOP,0.0000,0.0000,0.0000,0.0000,0.0000,0.0000,3,25.59615,0.15000,0.15000,0.00000,0.00000,10558,10708,0.000000,0.000000
80.66,3.25519,0.05775,0.09228,AUTO,HAZARD_VISION_STOP,0.0000,0.0000,0.0000,0.0000,0.0000,0.0000,3,25.59615,0.15000,0.15000,0.00000,0.00000,10558,10708,0.000000,0.000000
80.68,3.25519,0.05775,0.09228,AUTO,HAZARD_VISION_STOP,0.0000,0.0000,0.0000,0.0000,0.0000,0.0000,3,25.59615,0.15000,0.15000,0.00000,0.00000,10558,10708,0.000000,0.000000
80.70,3.25519,0.05775,0.09228,AUTO,HAZARD_VISION_STOP,0.0000,0.0000,0.0000,0.0000,0.0000,0.0000,3,25.59615,0.15000,0.15000,0.00000,0.00000,10558,10708,0.000000,0.000000
80.72,3.25519,0.05775,0.09228,AUTO,HAZARD_VISION_STOP,0.0000,0.0000,0.0000,0.0000,0.0000,0.0000,3,25.59615,0.15000,0.15000,0.00000,0.00000,10558,10708,0.000000,0.000000
80.74,3.25519,0.05775,0.09228,AUTO,HAZARD_VISION_STOP,0.0000,0.0000,0.0000,0.0000,0.0000,0.0000,3,25.59615,0.15000,0.15000,0.00000,0.00000,10558,10708,0.000000,0.000000
80.76,3.25519,0.05775,0.09228,AUTO,HAZARD_VISION_STOP,0.0000,0.0000,0.0000,0.0000,0.0000,0.0000,3,25.59615,0.15000,0.15000,0.00000,0.00000,10558,10708,0.000000,0.000000
80.78,3.25519,0.05775,0.09228,AUTO,HAZARD_VISION_STOP,0.0000,0.0000,0.0000,0.0000,0.0000,0.0000,3,25.59615,0.15000,0.15000,0.00000,0.00000,10558,10708,0.000000,0.000000
80.80,3.25519,0.05775,0.09228,AUTO,HAZARD_VISION_STOP,0.0000,0.0000,0.0000,0.0000,0.0000,0.0000,3,25.59615,0.15000,0.15000,0.00000,0.00000,10558,10708,0.000000,0.000000
80.82,3.25519,0.05775,0.09228,AUTO,HAZARD_VISION_STOP,0.0000,0.0000,0.0000,0.0000,0.0000,0.0000,3,25.59615,0.15000,0.15000,0.00000,0.00000,10558,10708,0.000000,0.000000
80.84,3.25519,0.05775,0.09228,AUTO,HAZARD_VISION_STOP,0.0000,0.0000,0.0000,0.0000,0.0000,0.0000,3,25.59615,0.15000,0.15000,0.00000,0.00000,10558,10708,0.000000,0.000000
80.86,3.25519,0.05775,0.09228,AUTO,HAZARD_VISION_STOP,0.0000,0.0000,0.0000,0.0000,0.0000,0.0000,3,25.59615,0.15000,0.15000,0.00000,0.00000,10558,10708,0.000000,0.000000
80.88,3.25519,0.05775,0.09228,AUTO,HAZARD_VISION_STOP,0.0000,0.0000,0.0000,0.0000,0.0000,0.0000,3,25.59615,0.15000,0.15000,0.00000,0.00000,10558,10708,0.000000,0.000000
80.90,3.25519,0.05775,0.09228,AUTO,HAZARD_VISION_STOP,0.0000,0.0000,0.0000,0.0000,0.0000,0.0000,3,25.59615,0.15000,0.15000,0.00000,0.00000,10558,10708,0.000000,0.000000
80.92,3.25519,0.05775,0.09228,AUTO,HAZARD_VISION_STOP,0.0000,0.0000,0.0000,0.0000,0.0000,0.0000,3,25.59615,0.15000,0.15000,0.00000,0.00000,10558,10708,0.000000,0.000000
80.94,3.25519,0.05775,0.09228,AUTO,HAZARD_VISION_STOP,0.0000,0.0000,0.0000,0.0000,0.0000,0.0000,3,25.59615,0.15000,0.15000,0.00000,0.00000,10558,10708,0.000000,0.000000
80.96,3.25519,0.05775,0.09228,AUTO,HAZARD_VISION_STOP,0.0000,0.0000,0.0000,0.0000,0.0000,0.0000,3,25.59615,0.15000,0.15000,0.00000,0.00000,10558,10708,0.000000,0.000000
80.98,3.25519,0.05775,0.09228,AUTO,HAZARD_VISION_STOP,0.0000,0.0000,0.0000,0.0000,0.0000,0.0000,3,25.59615,0.15000,0.15000,0.00000,0.00000,10558,10708,0.000000,0.000000
81.00,3.25519,0.05775,0.09228,AUTO,HAZARD_VISION_STOP,0.0000,0.0000,0.0000,0.0000,0.0000,0.0000,3,25.59615,0.15000,0.15000,0.00000,0.00000,10558,10708,0.000000,0.000000
81.02,3.25519,0.05775,0.09228,AUTO,HAZARD_VISION_STOP,0.0000,0.0000,0.0000,0.0000,0.0000,0.0000,3,25.59615,0.15000,0.15000,0.00000,0.00000,10558,10708,0.000000,0.000000
81.04,3.25519,0.05775,0.09228,AUTO,HAZARD_VISION_STOP,0.0000,0.0000,0.0000,0.0000,0.0000,0.0000,3,25.59615,0.15000,0.15000,0.00000,0.00000,10558,10708,0.000000,0.000000
81.06,3.25519,0.05775,0.09228,AUTO,HAZARD_VISION_STOP,0.0000,0.0000,0.0000,0.0000,0.0000,0.0000,3,25.59615,0.15000,0.15000,0.00000,0.00000,10558,10708,0.000000,0.000000
81.08,3.25519,0.05775,0.09228,AUTO,HAZARD_VISION_STOP,0.0000,0.0000,0.0000,0.0000,0.0000,0.0000,3,25.59615,0.15000,0.15000,0.00000,0.00000,10558,10708,0.000000,0.000000
81.10,3.25519,0.05775,0.09228,AUTO,HAZARD_VISION_STOP,0.0000,0.0000,0.0000,0.0000,0.0000,0.0000,3,25.59615,0.15000,0.15000,0.00000,0.00000,10558,10708,0.000000,0.000000
81.12,3.25519,0.05775,0.09228,AUTO,HAZARD_VISION_STOP,0.0000,0.0000,0.0000,0.0000,0.0000,0.0000,3,25.59615,0.15000,0.15000,0.00000,0.00000,10558,10708,0.000000,0.000000
81.14,3.25519,0.05775,0.09228,AUTO,HAZARD_VISION_STOP,0.0000,0.0000,0.0000,0.0000,0.0000,0.0000,3,25.59615,0.15000,0.15000,0.00000,0.00000,10558,10708,0.000000,0.000000
81.16,3.25519,0.05775,0.09228,AUTO,HAZARD_VISION_STOP,0.0000,0.0000,0.0000,0.0000,0.0000,0.0000,3,25.59615,0.15000,0.15000,0.00000,0.00000,10558,10708,0.000000,0.000000
81.18,3.25519,0.05775,0.09228,AUTO,HAZARD_VISION_STOP,0.0000,0.0000,0.0000,0.0000,0.0000,0.0000,3,25.59615,0.15000,0.15000,0.00000,0.00000,10558,10708,0.000000,0.000000
81.20,3.25519,0.05775,0.09228,AUTO,HAZARD_VISION_STOP,0.0000,0.0000,0.0000,0.0000,0.0000,0.0000,3,25.59615,0.15000,0.15000,0.00000,0.00000,10558,10708,0.000000,0.000000
81.22,3.25519,0.05775,0.09228,AUTO,HAZARD_VISION_STOP,0.0000,0.0000,0.0000,0.0000,0.0000,0.0000,3,25.59615,0.15000,0.15000,0.00000,0.00000,10558,10708,0.000000,0.000000
81.24,3.25519,0.05775,0.09228,AUTO,HAZARD_VISION_STOP,0.0000,0.0000,0.0000,0.0000,0.0000,0.0000,3,25.59615,0.15000,0.15000,0.00000,0.00000,10558,10708,0.000000,0.000000
81.26,3.25519,0.05775,0.09228,AUTO,HAZARD_VISION_STOP,0.0000,0.0000,0.0000,0.0000,0.0000,0.0000,3,25.59615,0.15000,0.15000,0.00000,0.00000,10558,10708,0.000000,0.000000
81.28,3.25519,0.05775,0.09228,AUTO,HAZARD_VISION_STOP,0.0000,0.0000,0.0000,0.0000,0.0000,0.0000,3,25.59615,0.15000,0.15000,0.00000,0.00000,10558,10708,0.000000,0.000000
81.30,3.25519,0.05775,0.09228,AUTO,HAZARD_VISION_STOP,0.0000,0.0000,0.0000,0.0000,0.0000,0.0000,3,25.59615,0.15000,0.15000,0.00000,0.00000,10558,10708,0.000000,0.000000
81.32,3.25519,0.05775,0.09228,AUTO,HAZARD_VISION_STOP,0.0000,0.0000,0.0000,0.0000,0.0000,0.0000,3,25.59615,0.15000,0.15000,0.00000,0.00000,10558,10708,0.000000,0.000000
81.34,3.25519,0.05775,0.09228,AUTO,HAZARD_VISION_STOP,0.0000,0.0000,0.0000,0.0000,0.0000,0.0000,3,25.59615,0.15000,0.15000,0.00000,0.00000,10558,10708,0.000000,0.000000
81.36,3.25519,0.05775,0.09228,AUTO,HAZARD_VISION_STOP,0.0000,0.0000,0.0000,0.0000,0.0000,0.0000,3,25.59615,0.15000,0.15000,0.00000,0.00000,10558,10708,0.000000,0.000000
81.38,3.25519,0.05775,0.09228,AUTO,HAZARD_VISION_STOP,0.0000,0.0000,0.0000,0.0000,0.0000,0.0000,3,25.59615,0.15000,0.15000,0.00000,0.00000,10558,10708,0.000000,0.000000
81.40,3.25519,0.05775,0.09228,AUTO,HAZARD_VISION_STOP,0.0000,0.0000,0.0000,0.0000,0.0000,0.0000,3,25.59615,0.15000,0.15000,0.00000,0.00000,10558,10708,0.000000,0.000000
81.42,3.25519,0.05775,0.09228,AUTO,HAZARD_VISION_STOP,0.0000,0.0000,0.0000,0.0000,0.0000,0.0000,3,25.59615,0.15000,0.15000,0.00000,0.00000,10558,10708,0.000000,0.000000
81.44,3.25519,0.05775,0.09228,AUTO,HAZARD_VISION_STOP,0.0000,0.0000,0.0000,0.0000,0.0000,0.0000,3,25.59615,0.15000,0.15000,0.00000,0.00000,10558,10708,0.000000,0.000000
81.46,3.25519,0.05775,0.09228,AUTO,HAZARD_VISION_STOP,0.0000,0.0000,0.0000,0.0000,0.0000,0.0000,3,25.59615,0.15000,0.15000,0.00000,0.00000,10558,10708,0.000000,0.000000
81.48,3.25519,0.05775,0.09228,AUTO,HAZARD_VISION_STOP,0.0000,0.0000,0.0000,0.0000,0.0000,0.0000,3,25.59615,0.15000,0.15000,0.00000,0.00000,10558,10708,0.000000,0.000000
81.50,3.25519,0.05775,0.09228,AUTO,HAZARD_VISION_STOP,0.0000,0.0000,0.0000,0.0000,0.0000,0.0000,3,25.59615,0.15000,0.15000,0.00000,0.00000,10558,10708,0.000000,0.000000
81.52,3.25519,0.05775,0.09228,AUTO,HAZARD_VISION_STOP,0.0000,0.0000,0.0000,0.0000,0.0000,0.0000,3,25.59615,0.15000,0.15000,0.00000,0.00000,10558,10708,0.000000,0.000000
81.54,3.25519,0.05775,0.09228,AUTO,HAZARD_VISION_STOP,0.0000,0.0000,0.0000,0.0000,0.0000,0.0000,3,25.59615,0.15000,0.15000,0.00000,0.00000,10558,10708,0.000000,0.000000
81.56,3.25519,0.05775,0.09228,AUTO,HAZARD_VISION_STOP,0.0000,0.0000,0.0000,0.0000,0.0000,0.0000,3,25.59615,0.15000,0.15000,0.00000,0.00000,10558,10708,0.000000,0.000000
81.58,3.25519,0.05775,0.09228,AUTO,HAZARD_VISION_STOP,0.0000,0.0000,0.0000,0.0000,0.0000,0.0000,3,25.59615,0.15000,0.15000,0.00000,0.00000,10558,10708,0.000000,0.000000
81.60,3.25519,0.05775,0.09228,AUTO,HAZARD_VISION_STOP,0.0000,0.0000,0.0000,0.0000,0.0000,0.0000,3,25.59615,0.15000,0.15000,0.00000,0.00000,10558,10708,0.000000,0.000000
81.62,3.25519,0.05775,0.09228,AUTO,HAZARD_VISION_STOP,0.0000,0.0000,0.0000,0.0000,0.0000,0.0000,3,25.59615,0.15000,0.15000,0.00000,0.00000,10558,10708,0.000000,0.000000
81.64,3.25519,0.05775,0.09228,AUTO,HAZARD_VISION_STOP,0.0000,0.0000,0.0000,0.0000,0.0000,0.0000,3,25.59615,0.15000,0.15000,0.00000,0.00000,10558,10708,0.000000,0.000000
81.66,3.25519,0.05775,0.09228,AUTO,HAZARD_VISION_STOP,0.0000,0.0000,0.0000,0.0000,0.0000,0.0000,3,25.59615,0.15000,0.15000,0.00000,0.00000,10558,10708,0.000000,0.000000
81.68,3.25519,0.05775,0.09228,AUTO,HAZARD_VISION_STOP,0.0000,0.0000,0.0000,0.0000,0.0000,0.0000,3,25.59615,0.15000,0.15000,0.00000,0.00000,10558,10708,0.000000,0.000000
81.70,3.25519,0.05775,0.09228,AUTO,HAZARD_VISION_STOP,0.0000,0.0000,0.0000,0.0000,0.0000,0.0000,3,25.59615,0.15000,0.15000,0.00000,0.00000,10558,10708,0.000000,0.000000
81.72,3.25519,0.05775,0.09228,AUTO,HAZARD_VISION_STOP,0.0000,0.0000,0.0000,0.0000,0.0000,0.0000,3,25.59615,0.15000,0.15000,0.00000,0.00000,10558,10708,0.000000,0.000000
81.74,3.25519,0.05775,0.09228,AUTO,HAZARD_VISION_STOP,0.0000,0.0000,0.0000,0.0000,0.0000,0.0000,3,25.59615,0.15000,0.15000,0.00000,0.00000,10558,10708,0.000000,0.000000
81.76,3.25519,0.05775,0.09228,AUTO,HAZARD_VISION_STOP,0.0000,0.0000,0.0000,0.0000,0.0000,0.0000,3,25.59615,0.15000,0.15000,0.00000,0.00000,10558,10708,0.000000,0.000000
81.78,3.25519,0.05775,0.09228,AUTO,HAZARD_VISION_STOP,0.0000,0.0000,0.0000,0.0000,0.0000,0.0000,3,25.59615,0.15000,0.15000,0.00000,0.00000,10558,10708,0.000000,0.000000
81.80,3.25519,0.05775,0.09228,AUTO,HAZARD_VISION_STOP,0.0000,0.0000,0.0000,0.0000,0.0000,0.0000,3,25.59615,0.15000,0.15000,0.00000,0.00000,10558,10708,0.000000,0.000000
81.82,3.25519,0.05775,0.09228,AUTO,HAZARD_VISION_STOP,0.0000,0.0000,0.0000,0.0000,0.0000,0.0000,3,25.59615,0.15000,0.15000,0.00000,0.00000,10558,10708,0.000000,0.000000
81.84,3.25519,0.05775,0.09228,AUTO,HAZARD_VISION_STOP,0.0000,0.0000,0.0000,0.0000,0.0000,0.0000,3,25.59615,0.15000,0.15000,0.00000,0.00000,10558,10708,0.000000,0.000000
81.86,3.25519,0.05775,0.09228,AUTO,HAZARD_VISION_STOP,0.0000,0.0000,0.0000,0.0000,0.0000,0.0000,3,25.59615,0.15000,0.15000,0.00000,0.00000,10558,10708,0.000000,0.000000
81.88,3.25519,0.05775,0.09228,AUTO,HAZARD_VISION_STOP,0.0000,0.0000,0.0000,0.0000,0.0000,0.0000,3,25.59615,0.15000,0.15000,0.00000,0.00000,10558,10708,0.000000,0.000000
81.90,3.25519,0.05775,0.09228,AUTO,HAZARD_VISION_STOP,0.0000,0.0000,0.0000,0.0000,0.0000,0.0000,3,25.59615,0.15000,0.15000,0.00000,0.00000,10558,10708,0.000000,0.000000
81.92,3.25519,0.05775,0.09228,AUTO,HAZARD_VISION_STOP,0.0000,0.0000,0.0000,0.0000,0.0000,0.0000,3,25.59615,0.15000,0.15000,0.00000,0.00000,10558,10708,0.000000,0.000000
81.94,3.25519,0.05775,0.09228,AUTO,HAZARD_VISION_STOP,0.0000,0.0000,0.0000,0.0000,0.0000,0.0000,3,25.59615,0.15000,0.15000,0.00000,0.00000,10558,10708,0.000000,0.000000
81.96,3.25519,0.05775,0.09228,AUTO,HAZARD_VISION_STOP,0.0000,0.0000,0.0000,0.0000,0.0000,0.0000,3,25.59615,0.15000,0.15000,0.00000,0.00000,10558,10708,0.000000,0.000000
81.98,3.25519,0.05775,0.09228,AUTO,HAZARD_VISION_STOP,0.0000,0.0000,0.0000,0.0000,0.0000,0.0000,3,25.59615,0.15000,0.15000,0.00000,0.00000,10558,10708,0.000000,0.000000
82.00,3.25519,0.05775,0.09228,AUTO,HAZARD_VISION_STOP,0.0000,0.0000,0.0000,0.0000,0.0000,0.0000,3,25.59615,0.15000,0.15000,0.00000,0.00000,10558,10708,0.000000,0.000000
82.02,3.25519,0.05775,0.09228,AUTO,HAZARD_VISION_STOP,0.0000,0.0000,0.0000,0.0000,0.0000,0.0000,3,25.59615,0.15000,0.15000,0.00000,0.00000,10558,10708,0.000000,0.000000
82.04,3.25519,0.05775,0.09228,AUTO,HAZARD_VISION_STOP,0.0000,0.0000,0.0000,0.0000,0.0000,0.0000,3,25.59615,0.15000,0.15000,0.00000,0.00000,10558,10708,0.000000,0.000000
82.06,3.25519,0.05775,0.09228,AUTO,HAZARD_VISION_STOP,0.0000,0.0000,0.0000,0.0000,0.0000,0.0000,3,25.59615,0.15000,0.15000,0.00000,0.00000,10558,10708,0.000000,0.000000
82.08,3.25519,0.05775,0.09228,AUTO,HAZARD_VISION_STOP,0.0000,0.0000,0.0000,0.0000,0.0000,0.0000,3,25.59615,0.15000,0.15000,0.00000,0.00000,10558,10708,0.000000,0.000000
82.10,3.25519,0.05775,0.09228,AUTO,HAZARD_VISION_STOP,0.0000,0.0000,0.0000,0.0000,0.0000,0.0000,3,25.59615,0.15000,0.15000,0.00000,0.00000,10558,10708,0.000000,0.000000
82.12,3.25519,0.05775,0.09228,AUTO,HAZARD_VISION_STOP,0.0000,0.0000,0.0000,0.0000,0.0000,0.0000,3,25.59615,0.15000,0.15000,0.00000,0.00000,10558,10708,0.000000,0.000000
82.14,3.25519,0.05775,0.09228,AUTO,HAZARD_VISION_STOP,0.0000,0.0000,0.0000,0.0000,0.0000,0.0000,3,25.59615,0.15000,0.15000,0.00000,0.00000,10558,10708,0.000000,0.000000
82.16,3.25519,0.05775,0.09228,AUTO,HAZARD_VISION_STOP,0.0000,0.0000,0.0000,0.0000,0.0000,0.0000,3,25.59615,0.15000,0.15000,0.00000,0.00000,10558,10708,0.000000,0.000000
82.18,3.25519,0.05775,0.09228,AUTO,HAZARD_VISION_STOP,0.0000,0.0000,0.0000,0.0000,0.0000,0.0000,3,25.59615,0.15000,0.15000,0.00000,0.00000,10558,10708,0.000000,0.000000
82.20,3.25519,0.05775,0.09228,AUTO,HAZARD_VISION_STOP,0.0000,0.0000,0.0000,0.0000,0.0000,0.0000,3,25.59615,0.15000,0.15000,0.00000,0.00000,10558,10708,0.000000,0.000000
82.22,3.25519,0.05775,0.09228,AUTO,HAZARD_VISION_STOP,0.0000,0.0000,0.0000,0.0000,0.0000,0.0000,3,25.59615,0.15000,0.15000,0.00000,0.00000,10558,10708,0.000000,0.000000
82.24,3.25519,0.05775,0.09228,AUTO,HAZARD_VISION_STOP,0.0000,0.0000,0.0000,0.0000,0.0000,0.0000,3,25.59615,0.15000,0.15000,0.00000,0.00000,10558,10708,0.000000,0.000000
82.26,3.25519,0.05775,0.09228,AUTO,HAZARD_VISION_STOP,0.0000,0.0000,0.0000,0.0000,0.0000,0.0000,3,25.59615,0.15000,0.15000,0.00000,0.00000,10558,10708,0.000000,0.000000
82.28,3.25519,0.05775,0.09228,AUTO,HAZARD_VISION_STOP,0.0000,0.0000,0.0000,0.0000,0.0000,0.0000,3,25.59615,0.15000,0.15000,0.00000,0.00000,10558,10708,0.000000,0.000000
82.30,3.25519,0.05775,0.09228,AUTO,HAZARD_VISION_STOP,0.0000,0.0000,0.0000,0.0000,0.0000,0.0000,3,25.59615,0.15000,0.15000,0.00000,0.00000,10558,10708,0.000000,0.000000
82.32,3.25519,0.05775,0.09228,AUTO,HAZARD_VISION_STOP,0.0000,0.0000,0.0000,0.0000,0.0000,0.0000,3,25.59615,0.15000,0.15000,0.00000,0.00000,10558,10708,0.000000,0.000000
82.34,3.25519,0.05775,0.09228,AUTO,HAZARD_VISION_STOP,0.0000,0.0000,0.0000,0.0000,0.0000,0.0000,3,25.59615,0.15000,0.15000,0.00000,0.00000,10558,10708,0.000000,0.000000
82.36,3.25519,0.05775,0.09228,AUTO,HAZARD_VISION_STOP,0.0000,0.0000,0.0000,0.0000,0.0000,0.0000,3,25.59615,0.15000,0.15000,0.00000,0.00000,10558,10708,0.000000,0.000000
82.38,3.25519,0.05775,0.09228,AUTO,HAZARD_VISION_STOP,0.0000,0.0000,0.0000,0.0000,0.0000,0.0000,3,25.59615,0.15000,0.15000,0.00000,0.00000,10558,10708,0.000000,0.000000
82.40,3.25519,0.05775,0.09228,AUTO,HAZARD_VISION_STOP,0.0000,0.0000,0.0000,0.0000,0.0000,0.0000,3,25.59615,0.15000,0.15000,0.00000,0.00000,10558,10708,0.000000,0.000000
82.42,3.25519,0.05775,0.09228,AUTO,HAZARD_VISION_STOP,0.0000,0.0000,0.0000,0.0000,0.0000,0.0000,3,25.59615,0.15000,0.15000,0.00000,0.00000,10558,10708,0.000000,0.000000
82.44,3.25519,0.05775,0.09228,AUTO,HAZARD_VISION_STOP,0.0000,0.0000,0.0000,0.0000,0.0000,0.0000,3,25.59615,0.15000,0.15000,0.00000,0.00000,10558,10708,0.000000,0.000000
82.46,3.25519,0.05775,0.09228,AUTO,HAZARD_VISION_STOP,0.0000,0.0000,0.0000,0.0000,0.0000,0.0000,3,25.59615,0.15000,0.15000,0.00000,0.00000,10558,10708,0.000000,0.000000
82.48,3.25519,0.05775,0.09228,AUTO,HAZARD_VISION_STOP,0.0000,0.0000,0.0000,0.0000,0.0000,0.0000,3,25.59615,0.15000,0.15000,0.00000,0.00000,10558,10708,0.000000,0.000000
82.50,3.25519,0.05775,0.09228,AUTO,HAZARD_VISION_STOP,0.0000,0.0000,0.0000,0.0000,0.0000,0.0000,3,25.59615,0.15000,0.15000,0.00000,0.00000,10558,10708,0.000000,0.000000
82.52,3.25519,0.05775,0.09228,AUTO,HAZARD_VISION_STOP,0.0000,0.0000,0.0000,0.0000,0.0000,0.0000,3,25.59615,0.15000,0.15000,0.00000,0.00000,10558,10708,0.000000,0.000000
82.54,3.25519,0.05775,0.09228,AUTO,HAZARD_VISION_STOP,0.0000,0.0000,0.0000,0.0000,0.0000,0.0000,3,25.59615,0.15000,0.15000,0.00000,0.00000,10558,10708,0.000000,0.000000
82.56,3.25519,0.05775,0.09228,AUTO,HAZARD_VISION_STOP,0.0000,0.0000,0.0000,0.0000,0.0000,0.0000,3,25.59615,0.15000,0.15000,0.00000,0.00000,10558,10708,0.000000,0.000000
82.58,3.25519,0.05775,0.09228,AUTO,HAZARD_VISION_STOP,0.0000,0.0000,0.0000,0.0000,0.0000,0.0000,3,25.59615,0.15000,0.15000,0.00000,0.00000,10558,10708,0.000000,0.000000
82.60,3.25519,0.05775,0.09228,AUTO,HAZARD_VISION_STOP,0.0000,0.0000,0.0000,0.0000,0.0000,0.0000,3,25.59615,0.15000,0.15000,0.00000,0.00000,10558,10708,0.000000,0.000000
82.62,3.25519,0.05775,0.09228,AUTO,HAZARD_VISION_STOP,0.0000,0.0000,0.0000,0.0000,0.0000,0.0000,3,25.59615,0.15000,0.15000,0.00000,0.00000,10558,10708,0.000000,0.000000
82.64,3.25519,0.05775,0.09228,AUTO,HAZARD_VISION_STOP,0.0000,0.0000,0.0000,0.0000,0.0000,0.0000,3,25.59615,0.15000,0.15000,0.00000,0.00000,10558,10708,0.000000,0.000000
82.66,3.25519,0.05775,0.09228,AUTO,HAZARD_VISION_STOP,0.0000,0.0000,0.0000,0.0000,0.0000,0.0000,3,25.59615,0.15000,0.15000,0.00000,0.00000,10558,10708,0.000000,0.000000
82.68,3.25519,0.05775,0.09228,AUTO,HAZARD_VISION_STOP,0.0000,0.0000,0.0000,0.0000,0.0000,0.0000,3,25.59615,0.15000,0.15000,0.00000,0.00000,10558,10708,0.000000,0.000000
82.70,3.25519,0.05775,0.09228,AUTO,HAZARD_VISION_STOP,0.0000,0.0000,0.0000,0.0000,0.0000,0.0000,3,25.59615,0.15000,0.15000,0.00000,0.00000,10558,10708,0.000000,0.000000
82.72,3.25519,0.05775,0.09228,AUTO,HAZARD_VISION_STOP,0.0000,0.0000,0.0000,0.0000,0.0000,0.0000,3,25.59615,0.15000,0.15000,0.00000,0.00000,10558,10708,0.000000,0.000000
82.74,3.25519,0.05775,0.09228,AUTO,HAZARD_VISION_STOP,0.0000,0.0000,0.0000,0.0000,0.0000,0.0000,3,25.59615,0.15000,0.15000,0.00000,0.00000,10558,10708,0.000000,0.000000
82.76,3.25519,0.05775,0.09228,AUTO,HAZARD_VISION_STOP,0.0000,0.0000,0.0000,0.0000,0.0000,0.0000,3,25.59615,0.15000,0.15000,0.00000,0.00000,10558,10708,0.000000,0.000000
82.78,3.25519,0.05775,0.09228,AUTO,HAZARD_VISION_STOP,0.0000,0.0000,0.0000,0.0000,0.0000,0.0000,3,25.59615,0.15000,0.15000,0.00000,0.00000,10558,10708,0.000000,0.000000
82.80,3.25519,0.05775,0.09228,AUTO,HAZARD_VISION_STOP,0.0000,0.0000,0.0000,0.0000,0.0000,0.0000,3,25.59615,0.15000,0.15000,0.00000,0.00000,10558,10708,0.000000,0.000000
82.82,3.25519,0.05775,0.09228,AUTO,HAZARD_VISION_STOP,0.0000,0.0000,0.0000,0.0000,0.0000,0.0000,3,25.59615,0.15000,0.15000,0.00000,0.00000,10558,10708,0.000000,0.000000
82.84,3.25519,0.05775,0.09228,AUTO,HAZARD_VISION_STOP,0.0000,0.0000,0.0000,0.0000,0.0000,0.0000,3,25.59615,0.15000,0.15000,0.00000,0.00000,10558,10708,0.000000,0.000000
82.86,3.25519,0.05775,0.09228,AUTO,HAZARD_VISION_STOP,0.0000,0.0000,0.0000,0.0000,0.0000,0.0000,3,25.59615,0.15000,0.15000,0.00000,0.00000,10558,10708,0.000000,0.000000
82.88,3.25519,0.05775,0.09228,AUTO,HAZARD_VISION_STOP,0.0000,0.0000,0.0000,0.0000,0.0000,0.0000,3,25.59615,0.15000,0.15000,0.00000,0.00000,10558,10708,0.000000,0.000000
82.90,3.25519,0.05775,0.09228,AUTO,HAZARD_VISION_STOP,0.0000,0.0000,0.0000,0.0000,0.0000,0.0000,3,25.59615,0.15000,0.15000,0.00000,0.00000,10558,10708,0.000000,0.000000
82.92,3.25519,0.05775,0.09228,AUTO,HAZARD_VISION_STOP,0.0000,0.0000,0.0000,0.0000,0.0000,0.0000,3,25.59615,0.15000,0.15000,0.00000,0.00000,10558,10708,0.000000,0.000000
82.94,3.25519,0.05775,0.09228,AUTO,HAZARD_VISION_STOP,0.0000,0.0000,0.0000,0.0000,0.0000,0.0000,3,25.59615,0.15000,0.15000,0.00000,0.00000,10558,10708,0.000000,0.000000
82.96,3.25519,0.05775,0.09228,AUTO,HAZARD_VISION_STOP,0.0000,0.0000,0.0000,0.0000,0.0000,0.0000,3,25.59615,0.15000,0.15000,0.00000,0.00000,10558,10708,0.000000,0.000000
82.98,3.25519,0.05775,0.09228,AUTO,HAZARD_VISION_STOP,0.0000,0.0000,0.0000,0.0000,0.0000,0.0000,3,25.59615,0.15000,0.15000,0.00000,0.00000,10558,10708,0.000000,0.000000
83.00,3.25519,0.05775,0.09228,AUTO,HAZARD_VISION_STOP,0.0000,0.0000,0.0000,0.0000,0.0000,0.0000,3,25.59615,0.15000,0.15000,0.00000,0.00000,10558,10708,0.000000,0.000000
83.02,3.25519,0.05775,0.09228,AUTO,HAZARD_VISION_STOP,0.0000,0.0000,0.0000,0.0000,0.0000,0.0000,3,25.59615,0.15000,0.15000,0.00000,0.00000,10558,10708,0.000000,0.000000
83.04,3.25519,0.05775,0.09228,AUTO,HAZARD_VISION_STOP,0.0000,0.0000,0.0000,0.0000,0.0000,0.0000,3,25.59615,0.15000,0.15000,0.00000,0.00000,10558,10708,0.000000,0.000000
83.06,3.25519,0.05775,0.09228,AUTO,HAZARD_VISION_STOP,0.0000,0.0000,0.0000,0.0000,0.0000,0.0000,3,25.59615,0.15000,0.15000,0.00000,0.00000,10558,10708,0.000000,0.000000
83.08,3.25519,0.05775,0.09228,AUTO,HAZARD_VISION_STOP,0.0000,0.0000,0.0000,0.0000,0.0000,0.0000,3,25.59615,0.15000,0.15000,0.00000,0.00000,10558,10708,0.000000,0.000000
83.10,3.25519,0.05775,0.09228,AUTO,HAZARD_VISION_STOP,0.0000,0.0000,0.0000,0.0000,0.0000,0.0000,3,25.59615,0.15000,0.15000,0.00000,0.00000,10558,10708,0.000000,0.000000
83.12,3.25519,0.05775,0.09228,AUTO,HAZARD_VISION_STOP,0.0000,0.0000,0.0000,0.0000,0.0000,0.0000,3,25.59615,0.15000,0.15000,0.00000,0.00000,10558,10708,0.000000,0.000000
83.14,3.25519,0.05775,0.09228,AUTO,HAZARD_VISION_STOP,0.0000,0.0000,0.0000,0.0000,0.0000,0.0000,3,25.59615,0.15000,0.15000,0.00000,0.00000,10558,10708,0.000000,0.000000
83.16,3.25519,0.05775,0.09228,AUTO,HAZARD_VISION_STOP,0.0000,0.0000,0.0000,0.0000,0.0000,0.0000,3,25.59615,0.15000,0.15000,0.00000,0.00000,10558,10708,0.000000,0.000000
83.18,3.25519,0.05775,0.09228,AUTO,HAZARD_VISION_STOP,0.0000,0.0000,0.0000,0.0000,0.0000,0.0000,3,25.59615,0.15000,0.15000,0.00000,0.00000,10558,10708,0.000000,0.000000
83.20,3.25519,0.05775,0.09228,AUTO,HAZARD_VISION_STOP,0.0000,0.0000,0.0000,0.0000,0.0000,0.0000,3,25.59615,0.15000,0.15000,0.00000,0.00000,10558,10708,0.000000,0.000000
83.22,3.25519,0.05775,0.09228,AUTO,HAZARD_VISION_STOP,0.0000,0.0000,0.0000,0.0000,0.0000,0.0000,3,25.59615,0.15000,0.15000,0.00000,0.00000,10558,10708,0.000000,0.000000
83.24,3.25519,0.05775,0.09228,AUTO,HAZARD_VISION_STOP,0.0000,0.0000,0.0000,0.0000,0.0000,0.0000,3,25.59615,0.15000,0.15000,0.00000,0.00000,10558,10708,0.000000,0.000000
83.26,3.25519,0.05775,0.09228,AUTO,HAZARD_VISION_STOP,0.0000,0.0000,0.0000,0.0000,0.0000,0.0000,3,25.59615,0.15000,0.15000,0.00000,0.00000,10558,10708,0.000000,0.000000
83.28,3.25519,0.05775,0.09228,AUTO,HAZARD_VISION_STOP,0.0000,0.0000,0.0000,0.0000,0.0000,0.0000,3,25.59615,0.15000,0.15000,0.00000,0.00000,10558,10708,0.000000,0.000000
83.30,3.25519,0.05775,0.09228,AUTO,HAZARD_VISION_STOP,0.0000,0.0000,0.0000,0.0000,0.0000,0.0000,3,25.59615,0.15000,0.15000,0.00000,0.00000,10558,10708,0.000000,0.000000
83.32,3.25519,0.05775,0.09228,AUTO,HAZARD_VISION_STOP,0.0000,0.0000,0.0000,0.0000,0.0000,0.0000,3,25.59615,0.15000,0.15000,0.00000,0.00000,10558,10708,0.000000,0.000000
83.34,3.25519,0.05775,0.09228,AUTO,HAZARD_VISION_STOP,0.0000,0.0000,0.0000,0.0000,0.0000,0.0000,3,25.59615,0.15000,0.15000,0.00000,0.00000,10558,10708,0.000000,0.000000
83.36,3.25519,0.05775,0.09228,AUTO,HAZARD_VISION_STOP,0.0000,0.0000,0.0000,0.0000,0.0000,0.0000,3,25.59615,0.15000,0.15000,0.00000,0.00000,10558,10708,0.000000,0.000000
83.38,3.25519,0.05775,0.09228,AUTO,HAZARD_VISION_STOP,0.0000,0.0000,0.0000,0.0000,0.0000,0.0000,3,25.59615,0.15000,0.15000,0.00000,0.00000,10558,10708,0.000000,0.000000
83.40,3.25519,0.05775,0.09228,AUTO,HAZARD_VISION_STOP,0.0000,0.0000,0.0000,0.0000,0.0000,0.0000,3,25.59615,0.15000,0.15000,0.00000,0.00000,10558,10708,0.000000,0.000000
83.42,3.25519,0.05775,0.09228,AUTO,HAZARD_VISION_STOP,0.0000,0.0000,0.0000,0.0000,0.0000,0.0000,3,25.59615,0.15000,0.15000,0.00000,0.00000,10558,10708,0.000000,0.000000
83.44,3.25519,0.05775,0.09228,AUTO,HAZARD_VISION_STOP,0.0000,0.0000,0.0000,0.0000,0.0000,0.0000,3,25.59615,0.15000,0.15000,0.00000,0.00000,10558,10708,0.000000,0.000000
83.46,3.25519,0.05775,0.09228,AUTO,HAZARD_VISION_STOP,0.0000,0.0000,0.0000,0.0000,0.0000,0.0000,3,25.59615,0.15000,0.15000,0.00000,0.00000,10558,10708,0.000000,0.000000
83.48,3.25519,0.05775,0.09228,AUTO,HAZARD_VISION_STOP,0.0000,0.0000,0.0000,0.0000,0.0000,0.0000,3,25.59615,0.15000,0.15000,0.00000,0.00000,10558,10708,0.000000,0.000000
83.50,3.25519,0.05775,0.09228,AUTO,HAZARD_VISION_STOP,0.0000,0.0000,0.0000,0.0000,0.0000,0.0000,3,25.59615,0.15000,0.15000,0.00000,0.00000,10558,10708,0.000000,0.000000
83.52,3.25519,0.05775,0.09228,AUTO,HAZARD_VISION_STOP,0.0000,0.0000,0.0000,0.0000,0.0000,0.0000,3,25.59615,0.15000,0.15000,0.00000,0.00000,10558,10708,0.000000,0.000000
83.54,3.25519,0.05775,0.09228,AUTO,HAZARD_VISION_STOP,0.0000,0.0000,0.0000,0.0000,0.0000,0.0000,3,25.59615,0.15000,0.15000,0.00000,0.00000,10558,10708,0.000000,0.000000
83.56,3.25519,0.05775,0.09228,AUTO,HAZARD_VISION_STOP,0.0000,0.0000,0.0000,0.0000,0.0000,0.0000,3,25.59615,0.15000,0.15000,0.00000,0.00000,10558,10708,0.000000,0.000000
83.58,3.25519,0.05775,0.09228,AUTO,HAZARD_VISION_STOP,0.0000,0.0000,0.0000,0.0000,0.0000,0.0000,3,25.59615,0.15000,0.15000,0.00000,0.00000,10558,10708,0.000000,0.000000
83.60,3.25519,0.05775,0.09228,AUTO,HAZARD_VISION_STOP,0.0000,0.0000,0.0000,0.0000,0.0000,0.0000,3,25.59615,0.15000,0.15000,0.00000,0.00000,10558,10708,0.000000,0.000000
83.62,3.25519,0.05775,0.09228,AUTO,HAZARD_VISION_STOP,0.0000,0.0000,0.0000,0.0000,0.0000,0.0000,3,25.59615,0.15000,0.15000,0.00000,0.00000,10558,10708,0.000000,0.000000
83.64,3.25519,0.05775,0.09228,AUTO,HAZARD_VISION_STOP,0.0000,0.0000,0.0000,0.0000,0.0000,0.0000,3,25.59615,0.15000,0.15000,0.00000,0.00000,10558,10708,0.000000,0.000000
83.66,3.25519,0.05775,0.09228,AUTO,HAZARD_VISION_STOP,0.0000,0.0000,0.0000,0.0000,0.0000,0.0000,3,25.59615,0.15000,0.15000,0.00000,0.00000,10558,10708,0.000000,0.000000
83.68,3.25519,0.05775,0.09228,AUTO,HAZARD_VISION_STOP,0.0000,0.0000,0.0000,0.0000,0.0000,0.0000,3,25.59615,0.15000,0.15000,0.00000,0.00000,10558,10708,0.000000,0.000000
83.70,3.25519,0.05775,0.09228,AUTO,HAZARD_VISION_STOP,0.0000,0.0000,0.0000,0.0000,0.0000,0.0000,3,25.59615,0.15000,0.15000,0.00000,0.00000,10558,10708,0.000000,0.000000
83.72,3.25519,0.05775,0.09228,AUTO,HAZARD_VISION_STOP,0.0000,0.0000,0.0000,0.0000,0.0000,0.0000,3,25.59615,0.15000,0.15000,0.00000,0.00000,10558,10708,0.000000,0.000000
83.74,3.25519,0.05775,0.09228,AUTO,HAZARD_VISION_STOP,0.0000,0.0000,0.0000,0.0000,0.0000,0.0000,3,25.59615,0.15000,0.15000,0.00000,0.00000,10558,10708,0.000000,0.000000
83.76,3.25519,0.05775,0.09228,AUTO,HAZARD_VISION_STOP,0.0000,0.0000,0.0000,0.0000,0.0000,0.0000,3,25.59615,0.15000,0.15000,0.00000,0.00000,10558,10708,0.000000,0.000000
83.78,3.25519,0.05775,0.09228,AUTO,HAZARD_VISION_STOP,0.0000,0.0000,0.0000,0.0000,0.0000,0.0000,3,25.59615,0.15000,0.15000,0.00000,0.00000,10558,10708,0.000000,0.000000
83.80,3.25519,0.05775,0.09228,AUTO,HAZARD_VISION_STOP,0.0000,0.0000,0.0000,0.0000,0.0000,0.0000,3,25.59615,0.15000,0.15000,0.00000,0.00000,10558,10708,0.000000,0.000000
83.82,3.25519,0.05775,0.09228,AUTO,HAZARD_VISION_STOP,0.0000,0.0000,0.0000,0.0000,0.0000,0.0000,3,25.59615,0.15000,0.15000,0.00000,0.00000,10558,10708,0.000000,0.000000
83.84,3.25519,0.05775,0.09228,AUTO,HAZARD_VISION_STOP,0.0000,0.0000,0.0000,0.0000,0.0000,0.0000,3,25.59615,0.15000,0.15000,0.00000,0.00000,10558,10708,0.000000,0.000000
83.86,3.25519,0.05775,0.09228,AUTO,HAZARD_VISION_STOP,0.0000,0.0000,0.0000,0.0000,0.0000,0.0000,3,25.59615,0.15000,0.15000,0.00000,0.00000,10558,10708,0.000000,0.000000
83.88,3.25519,0.05775,0.09228,AUTO,HAZARD_VISION_STOP,0.0000,0.0000,0.0000,0.0000,0.0000,0.0000,3,25.59615,0.15000,0.15000,0.00000,0.00000,10558,10708,0.000000,0.000000
83.90,3.25519,0.05775,0.09228,AUTO,HAZARD_VISION_STOP,0.0000,0.0000,0.0000,0.0000,0.0000,0.0000,3,25.59615,0.15000,0.15000,0.00000,0.00000,10558,10708,0.000000,0.000000
83.92,3.25519,0.05775,0.09228,AUTO,HAZARD_VISION_STOP,0.0000,0.0000,0.0000,0.0000,0.0000,0.0000,3,25.59615,0.15000,0.15000,0.00000,0.00000,10558,10708,0.000000,0.000000
83.94,3.25519,0.05775,0.09228,AUTO,HAZARD_VISION_STOP,0.0000,0.0000,0.0000,0.0000,0.0000,0.0000,3,25.59615,0.15000,0.15000,0.00000,0.00000,10558,10708,0.000000,0.000000
83.96,3.25519,0.05775,0.09228,AUTO,HAZARD_VISION_STOP,0.0000,0.0000,0.0000,0.0000,0.0000,0.0000,3,25.59615,0.15000,0.15000,0.00000,0.00000,10558,10708,0.000000,0.000000
83.98,3.25519,0.05775,0.09228,AUTO,HAZARD_VISION_STOP,0.0000,0.0000,0.0000,0.0000,0.0000,0.0000,3,25.59615,0.15000,0.15000,0.00000,0.00000,10558,10708,0.000000,0.000000
84.00,3.25519,0.05775,0.09228,AUTO,HAZARD_VISION_STOP,0.0000,0.0000,0.0000,0.0000,0.0000,0.0000,3,25.59615,0.15000,0.15000,0.00000,0.00000,10558,10708,0.000000,0.000000
84.02,3.25519,0.05775,0.09228,AUTO,HAZARD_VISION_STOP,0.0000,0.0000,0.0000,0.0000,0.0000,0.0000,3,25.59615,0.15000,0.15000,0.00000,0.00000,10558,10708,0.000000,0.000000
84.04,3.25519,0.05775,0.09228,AUTO,HAZARD_VISION_STOP,0.0000,0.0000,0.0000,0.0000,0.0000,0.0000,3,25.59615,0.15000,0.15000,0.00000,0.00000,10558,10708,0.000000,0.000000
84.06,3.25519,0.05775,0.09228,AUTO,HAZARD_VISION_STOP,0.0000,0.0000,0.0000,0.0000,0.0000,0.0000,3,25.59615,0.15000,0.15000,0.00000,0.00000,10558,10708,0.000000,0.000000
84.08,3.25519,0.05775,0.09228,AUTO,HAZARD_VISION_STOP,0.0000,0.0000,0.0000,0.0000,0.0000,0.0000,3,25.59615,0.15000,0.15000,0.00000,0.00000,10558,10708,0.000000,0.000000
84.10,3.25519,0.05775,0.09228,AUTO,HAZARD_VISION_STOP,0.0000,0.0000,0.0000,0.0000,0.0000,0.0000,3,25.59615,0.15000,0.15000,0.00000,0.00000,10558,10708,0.000000,0.000000
84.12,3.25519,0.05775,0.09228,AUTO,HAZARD_VISION_STOP,0.0000,0.0000,0.0000,0.0000,0.0000,0.0000,3,25.59615,0.15000,0.15000,0.00000,0.00000,10558,10708,0.000000,0.000000
84.14,3.25519,0.05775,0.09228,AUTO,HAZARD_VISION_STOP,0.0000,0.0000,0.0000,0.0000,0.0000,0.0000,3,25.59615,0.15000,0.15000,0.00000,0.00000,10558,10708,0.000000,0.000000
84.16,3.25519,0.05775,0.09228,AUTO,HAZARD_VISION_STOP,0.0000,0.0000,0.0000,0.0000,0.0000,0.0000,3,25.59615,0.15000,0.15000,0.00000,0.00000,10558,10708,0.000000,0.000000
84.18,3.25519,0.05775,0.09228,AUTO,HAZARD_VISION_STOP,0.0000,0.0000,0.0000,0.0000,0.0000,0.0000,3,25.59615,0.15000,0.15000,0.00000,0.00000,10558,10708,0.000000,0.000000
84.20,3.25519,0.05775,0.09228,AUTO,HAZARD_VISION_STOP,0.0000,0.0000,0.0000,0.0000,0.0000,0.0000,3,25.59615,0.15000,0.15000,0.00000,0.00000,10558,10708,0.000000,0.000000
84.22,3.25519,0.05775,0.09228,AUTO,HAZARD_VISION_STOP,0.0000,0.0000,0.0000,0.0000,0.0000,0.0000,3,25.59615,0.15000,0.15000,0.00000,0.00000,10558,10708,0.000000,0.000000
84.24,3.25519,0.05775,0.09228,AUTO,HAZARD_VISION_STOP,0.0000,0.0000,0.0000,0.0000,0.0000,0.0000,3,25.59615,0.15000,0.15000,0.00000,0.00000,10558,10708,0.000000,0.000000
84.26,3.25519,0.05775,0.09228,AUTO,HAZARD_VISION_STOP,0.0000,0.0000,0.0000,0.0000,0.0000,0.0000,3,25.59615,0.15000,0.15000,0.00000,0.00000,10558,10708,0.000000,0.000000
84.28,3.25519,0.05775,0.09228,AUTO,HAZARD_VISION_STOP,0.0000,0.0000,0.0000,0.0000,0.0000,0.0000,3,25.59615,0.15000,0.15000,0.00000,0.00000,10558,10708,0.000000,0.000000
84.30,3.25519,0.05775,0.09228,AUTO,HAZARD_VISION_STOP,0.0000,0.0000,0.0000,0.0000,0.0000,0.0000,3,25.59615,0.15000,0.15000,0.00000,0.00000,10558,10708,0.000000,0.000000
84.32,3.25519,0.05775,0.09228,AUTO,HAZARD_VISION_STOP,0.0000,0.0000,0.0000,0.0000,0.0000,0.0000,3,25.59615,0.15000,0.15000,0.00000,0.00000,10558,10708,0.000000,0.000000
84.34,3.25519,0.05775,0.09228,AUTO,HAZARD_VISION_STOP,0.0000,0.0000,0.0000,0.0000,0.0000,0.0000,3,25.59615,0.15000,0.15000,0.00000,0.00000,10558,10708,0.000000,0.000000
84.36,3.25519,0.05775,0.09228,AUTO,HAZARD_VISION_STOP,0.0000,0.0000,0.0000,0.0000,0.0000,0.0000,3,25.59615,0.15000,0.15000,0.00000,0.00000,10558,10708,0.000000,0.000000
84.38,3.25519,0.05775,0.09228,AUTO,HAZARD_VISION_STOP,0.0000,0.0000,0.0000,0.0000,0.0000,0.0000,3,25.59615,0.15000,0.15000,0.00000,0.00000,10558,10708,0.000000,0.000000
84.40,3.25519,0.05775,0.09228,AUTO,HAZARD_VISION_STOP,0.0000,0.0000,0.0000,0.0000,0.0000,0.0000,3,25.59615,0.15000,0.15000,0.00000,0.00000,10558,10708,0.000000,0.000000
84.42,3.25519,0.05775,0.09228,AUTO,HAZARD_VISION_STOP,0.0000,0.0000,0.0000,0.0000,0.0000,0.0000,3,25.59615,0.15000,0.15000,0.00000,0.00000,10558,10708,0.000000,0.000000
84.44,3.25519,0.05775,0.09228,AUTO,HAZARD_VISION_STOP,0.0000,0.0000,0.0000,0.0000,0.0000,0.0000,3,25.59615,0.15000,0.15000,0.00000,0.00000,10558,10708,0.000000,0.000000
84.46,3.25519,0.05775,0.09228,AUTO,HAZARD_VISION_STOP,0.0000,0.0000,0.0000,0.0000,0.0000,0.0000,3,25.59615,0.15000,0.15000,0.00000,0.00000,10558,10708,0.000000,0.000000
84.48,3.25519,0.05775,0.09228,AUTO,HAZARD_VISION_STOP,0.0000,0.0000,0.0000,0.0000,0.0000,0.0000,3,25.59615,0.15000,0.15000,0.00000,0.00000,10558,10708,0.000000,0.000000
84.50,3.25519,0.05775,0.09228,AUTO,HAZARD_VISION_STOP,0.0000,0.0000,0.0000,0.0000,0.0000,0.0000,3,25.59615,0.15000,0.15000,0.00000,0.00000,10558,10708,0.000000,0.000000
84.52,3.25519,0.05775,0.09228,AUTO,HAZARD_VISION_STOP,0.0000,0.0000,0.0000,0.0000,0.0000,0.0000,3,25.59615,0.15000,0.15000,0.00000,0.00000,10558,10708,0.000000,0.000000
84.54,3.25519,0.05775,0.09228,AUTO,HAZARD_VISION_STOP,0.0000,0.0000,0.0000,0.0000,0.0000,0.0000,3,25.59615,0.15000,0.15000,0.00000,0.00000,10558,10708,0.000000,0.000000
84.56,3.25519,0.05775,0.09228,AUTO,HAZARD_VISION_STOP,0.0000,0.0000,0.0000,0.0000,0.0000,0.0000,3,25.59615,0.15000,0.15000,0.00000,0.00000,10558,10708,0.000000,0.000000
84.58,3.25519,0.05775,0.09228,AUTO,HAZARD_VISION_STOP,0.0000,0.0000,0.0000,0.0000,0.0000,0.0000,3,25.59615,0.15000,0.15000,0.00000,0.00000,10558,10708,0.000000,0.000000
84.60,3.25519,0.05775,0.09228,AUTO,HAZARD_VISION_STOP,0.0000,0.0000,0.0000,0.0000,0.0000,0.0000,3,25.59615,0.15000,0.15000,0.00000,0.00000,10558,10708,0.000000,0.000000
84.62,3.25519,0.05775,0.09228,AUTO,HAZARD_VISION_STOP,0.0000,0.0000,0.0000,0.0000,0.0000,0.0000,3,25.59615,0.15000,0.15000,0.00000,0.00000,10558,10708,0.000000,0.000000
84.64,3.25519,0.05775,0.09228,AUTO,HAZARD_VISION_STOP,0.0000,0.0000,0.0000,0.0000,0.0000,0.0000,3,25.59615,0.15000,0.15000,0.00000,0.00000,10558,10708,0.000000,0.000000
84.66,3.25519,0.05775,0.09228,AUTO,HAZARD_VISION_STOP,0.0000,0.0000,0.0000,0.0000,0.0000,0.0000,3,25.59615,0.15000,0.15000,0.00000,0.00000,10558,10708,0.000000,0.000000
84.68,3.25519,0.05775,0.09228,AUTO,HAZARD_VISION_STOP,0.0000,0.0000,0.0000,0.0000,0.0000,0.0000,3,25.59615,0.15000,0.15000,0.00000,0.00000,10558,10708,0.000000,0.000000
84.70,3.25519,0.05775,0.09228,AUTO,HAZARD_VISION_STOP,0.0000,0.0000,0.0000,0.0000,0.0000,0.0000,3,25.59615,0.15000,0.15000,0.00000,0.00000,10558,10708,0.000000,0.000000
84.72,3.25519,0.05775,0.09228,AUTO,HAZARD_VISION_STOP,0.0000,0.0000,0.0000,0.0000,0.0000,0.0000,3,25.59615,0.15000,0.15000,0.00000,0.00000,10558,10708,0.000000,0.000000
84.74,3.25519,0.05775,0.09228,AUTO,HAZARD_VISION_STOP,0.0000,0.0000,0.0000,0.0000,0.0000,0.0000,3,25.59615,0.15000,0.15000,0.00000,0.00000,10558,10708,0.000000,0.000000
84.76,3.25519,0.05775,0.09228,AUTO,HAZARD_VISION_STOP,0.0000,0.0000,0.0000,0.0000,0.0000,0.0000,3,25.59615,0.15000,0.15000,0.00000,0.00000,10558,10708,0.000000,0.000000
84.78,3.25519,0.05775,0.09228,AUTO,HAZARD_VISION_STOP,0.0000,0.0000,0.0000,0.0000,0.0000,0.0000,3,25.59615,0.15000,0.15000,0.00000,0.00000,10558,10708,0.000000,0.000000
84.80,3.25519,0.05775,0.09228,AUTO,HAZARD_VISION_STOP,0.0000,0.0000,0.0000,0.0000,0.0000,0.0000,3,25.59615,0.15000,0.15000,0.00000,0.00000,10558,10708,0.000000,0.000000
84.82,3.25519,0.05775,0.09228,AUTO,HAZARD_VISION_STOP,0.0000,0.0000,0.0000,0.0000,0.0000,0.0000,3,25.59615,0.15000,0.15000,0.00000,0.00000,10558,10708,0.000000,0.000000
84.84,3.25519,0.05775,0.09228,AUTO,HAZARD_VISION_STOP,0.0000,0.0000,0.0000,0.0000,0.0000,0.0000,3,25.59615,0.15000,0.15000,0.00000,0.00000,10558,10708,0.000000,0.000000
84.86,3.25519,0.05775,0.09228,AUTO,HAZARD_VISION_STOP,0.0000,0.0000,0.0000,0.0000,0.0000,0.0000,3,25.59615,0.15000,0.15000,0.00000,0.00000,10558,10708,0.000000,0.000000
84.88,3.25519,0.05775,0.09228,AUTO,HAZARD_VISION_STOP,0.0000,0.0000,0.0000,0.0000,0.0000,0.0000,3,25.59615,0.15000,0.15000,0.00000,0.00000,10558,10708,0.000000,0.000000
84.90,3.25519,0.05775,0.09228,AUTO,HAZARD_VISION_STOP,0.0000,0.0000,0.0000,0.0000,0.0000,0.0000,3,25.59615,0.15000,0.15000,0.00000,0.00000,10558,10708,0.000000,0.000000
84.92,3.25519,0.05775,0.09228,AUTO,HAZARD_VISION_STOP,0.0000,0.0000,0.0000,0.0000,0.0000,0.0000,3,25.59615,0.15000,0.15000,0.00000,0.00000,10558,10708,0.000000,0.000000
84.94,3.25519,0.05775,0.09228,AUTO,HAZARD_VISION_STOP,0.0000,0.0000,0.0000,0.0000,0.0000,0.0000,3,25.59615,0.15000,0.15000,0.00000,0.00000,10558,10708,0.000000,0.000000
84.96,3.25519,0.05775,0.09228,AUTO,HAZARD_VISION_STOP,0.0000,0.0000,0.0000,0.0000,0.0000,0.0000,3,25.59615,0.15000,0.15000,0.00000,0.00000,10558,10708,0.000000,0.000000
84.98,3.25519,0.05775,0.09228,AUTO,HAZARD_VISION_STOP,0.0000,0.0000,0.0000,0.0000,0.0000,0.0000,3,25.59615,0.15000,0.15000,0.00000,0.00000,10558,10708,0.000000,0.000000
85.00,3.25519,0.05775,0.09228,AUTO,HAZARD_VISION_STOP,0.0000,0.0000,0.0000,0.0000,0.0000,0.0000,3,25.59615,0.15000,0.15000,0.00000,0.00000,10558,10708,0.000000,0.000000
85.02,3.25519,0.05775,0.09228,AUTO,HAZARD_VISION_STOP,0.0000,0.0000,0.0000,0.0000,0.0000,0.0000,3,25.59615,0.15000,0.15000,0.00000,0.00000,10558,10708,0.000000,0.000000
85.04,3.25519,0.05775,0.09228,AUTO,HAZARD_VISION_STOP,0.0000,0.0000,0.0000,0.0000,0.0000,0.0000,3,25.59615,0.15000,0.15000,0.00000,0.00000,10558,10708,0.000000,0.000000
85.06,3.25519,0.05775,0.09228,AUTO,HAZARD_VISION_STOP,0.0000,0.0000,0.0000,0.0000,0.0000,0.0000,3,25.59615,0.15000,0.15000,0.00000,0.00000,10558,10708,0.000000,0.000000
85.08,3.25519,0.05775,0.09228,AUTO,HAZARD_VISION_STOP,0.0000,0.0000,0.0000,0.0000,0.0000,0.0000,3,25.59615,0.15000,0.15000,0.00000,0.00000,10558,10708,0.000000,0.000000
85.10,3.25519,0.05775,0.09228,AUTO,HAZARD_VISION_STOP,0.0000,0.0000,0.0000,0.0000,0.0000,0.0000,3,25.59615,0.15000,0.15000,0.00000,0.00000,10558,10708,0.000000,0.000000
85.12,3.25519,0.05775,0.09228,AUTO,HAZARD_VISION_STOP,0.0000,0.0000,0.0000,0.0000,0.0000,0.0000,3,25.59615,0.15000,0.15000,0.00000,0.00000,10558,10708,0.000000,0.000000
85.14,3.25519,0.05775,0.09228,AUTO,HAZARD_VISION_STOP,0.0000,0.0000,0.0000,0.0000,0.0000,0.0000,3,25.59615,0.15000,0.15000,0.00000,0.00000,10558,10708,0.000000,0.000000
85.16,3.25519,0.05775,0.09228,AUTO,HAZARD_VISION_STOP,0.0000,0.0000,0.0000,0.0000,0.0000,0.0000,3,25.59615,0.15000,0.15000,0.00000,0.00000,10558,10708,0.000000,0.000000
85.18,3.25519,0.05775,0.09228,AUTO,HAZARD_VISION_STOP,0.0000,0.0000,0.0000,0.0000,0.0000,0.0000,3,25.59615,0.15000,0.15000,0.00000,0.00000,10558,10708,0.000000,0.000000
85.20,3.25519,0.05775,0.09228,AUTO,HAZARD_VISION_STOP,0.0000,0.0000,0.0000,0.0000,0.0000,0.0000,3,25.59615,0.15000,0.15000,0.00000,0.00000,10558,10708,0.000000,0.000000
85.22,3.25519,0.05775,0.09228,AUTO,HAZARD_VISION_STOP,0.0000,0.0000,0.0000,0.0000,0.0000,0.0000,3,25.59615,0.15000,0.15000,0.00000,0.00000,10558,10708,0.000000,0.000000
85.24,3.25519,0.05775,0.09228,AUTO,HAZARD_VISION_STOP,0.0000,0.0000,0.0000,0.0000,0.0000,0.0000,3,25.59615,0.15000,0.15000,0.00000,0.00000,10558,10708,0.000000,0.000000
85.26,3.25519,0.05775,0.09228,AUTO,HAZARD_VISION_STOP,0.0000,0.0000,0.0000,0.0000,0.0000,0.0000,3,25.59615,0.15000,0.15000,0.00000,0.00000,10558,10708,0.000000,0.000000
85.28,3.25519,0.05775,0.09228,AUTO,HAZARD_VISION_STOP,0.0000,0.0000,0.0000,0.0000,0.0000,0.0000,3,25.59615,0.15000,0.15000,0.00000,0.00000,10558,10708,0.000000,0.000000
85.30,3.25519,0.05775,0.09228,AUTO,HAZARD_VISION_STOP,0.0000,0.0000,0.0000,0.0000,0.0000,0.0000,3,25.59615,0.15000,0.15000,0.00000,0.00000,10558,10708,0.000000,0.000000
85.32,3.25519,0.05775,0.09228,AUTO,HAZARD_VISION_STOP,0.0000,0.0000,0.0000,0.0000,0.0000,0.0000,3,25.59615,0.15000,0.15000,0.00000,0.00000,10558,10708,0.000000,0.000000
85.34,3.25519,0.05775,0.09228,AUTO,HAZARD_VISION_STOP,0.0000,0.0000,0.0000,0.0000,0.0000,0.0000,3,25.59615,0.15000,0.15000,0.00000,0.00000,10558,10708,0.000000,0.000000
85.36,3.25519,0.05775,0.09228,AUTO,HAZARD_VISION_STOP,0.0000,0.0000,0.0000,0.0000,0.0000,0.0000,3,25.59615,0.15000,0.15000,0.00000,0.00000,10558,10708,0.000000,0.000000
85.38,3.25519,0.05775,0.09228,AUTO,HAZARD_VISION_STOP,0.0000,0.0000,0.0000,0.0000,0.0000,0.0000,3,25.59615,0.15000,0.15000,0.00000,0.00000,10558,10708,0.000000,0.000000
85.40,3.25519,0.05775,0.09228,AUTO,HAZARD_VISION_STOP,0.0000,0.0000,0.0000,0.0000,0.0000,0.0000,3,25.59615,0.15000,0.15000,0.00000,0.00000,10558,10708,0.000000,0.000000
85.42,3.25519,0.05775,0.09228,AUTO,HAZARD_VISION_STOP,0.0000,0.0000,0.0000,0.0000,0.0000,0.0000,3,25.59615,0.15000,0.15000,0.00000,0.00000,10558,10708,0.000000,0.000000
85.44,3.25519,0.05775,0.09228,AUTO,HAZARD_VISION_STOP,0.0000,0.0000,0.0000,0.0000,0.0000,0.0000,3,25.59615,0.15000,0.15000,0.00000,0.00000,10558,10708,0.000000,0.000000
85.46,3.25519,0.05775,0.09228,AUTO,HAZARD_VISION_STOP,0.0000,0.0000,0.0000,0.0000,0.0000,0.0000,3,25.59615,0.15000,0.15000,0.00000,0.00000,10558,10708,0.000000,0.000000
85.48,3.25519,0.05775,0.09228,AUTO,HAZARD_VISION_STOP,0.0000,0.0000,0.0000,0.0000,0.0000,0.0000,3,25.59615,0.15000,0.15000,0.00000,0.00000,10558,10708,0.000000,0.000000
85.50,3.25519,0.05775,0.09228,AUTO,HAZARD_VISION_STOP,0.0000,0.0000,0.0000,0.0000,0.0000,0.0000,3,25.59615,0.15000,0.15000,0.00000,0.00000,10558,10708,0.000000,0.000000
85.52,3.25519,0.05775,0.09228,AUTO,HAZARD_VISION_STOP,0.0000,0.0000,0.0000,0.0000,0.0000,0.0000,3,25.59615,0.15000,0.15000,0.00000,0.00000,10558,10708,0.000000,0.000000
85.54,3.25519,0.05775,0.09228,AUTO,HAZARD_VISION_STOP,0.0000,0.0000,0.0000,0.0000,0.0000,0.0000,3,25.59615,0.15000,0.15000,0.00000,0.00000,10558,10708,0.000000,0.000000
85.56,3.25519,0.05775,0.09228,AUTO,HAZARD_VISION_STOP,0.0000,0.0000,0.0000,0.0000,0.0000,0.0000,3,25.59615,0.15000,0.15000,0.00000,0.00000,10558,10708,0.000000,0.000000
85.58,3.25519,0.05775,0.09228,AUTO,HAZARD_VISION_STOP,0.0000,0.0000,0.0000,0.0000,0.0000,0.0000,3,25.59615,0.15000,0.15000,0.00000,0.00000,10558,10708,0.000000,0.000000
85.60,3.25519,0.05775,0.09228,AUTO,HAZARD_VISION_STOP,0.0000,0.0000,0.0000,0.0000,0.0000,0.0000,3,25.59615,0.15000,0.15000,0.00000,0.00000,10558,10708,0.000000,0.000000
85.62,3.25519,0.05775,0.09228,AUTO,HAZARD_VISION_STOP,0.0000,0.0000,0.0000,0.0000,0.0000,0.0000,3,25.59615,0.15000,0.15000,0.00000,0.00000,10558,10708,0.000000,0.000000
85.64,3.25519,0.05775,0.09228,AUTO,HAZARD_VISION_STOP,0.0000,0.0000,0.0000,0.0000,0.0000,0.0000,3,25.59615,0.15000,0.15000,0.00000,0.00000,10558,10708,0.000000,0.000000
85.66,3.25519,0.05775,0.09228,AUTO,HAZARD_VISION_STOP,0.0000,0.0000,0.0000,0.0000,0.0000,0.0000,3,25.59615,0.15000,0.15000,0.00000,0.00000,10558,10708,0.000000,0.000000
85.68,3.25519,0.05775,0.09228,AUTO,HAZARD_VISION_STOP,0.0000,0.0000,0.0000,0.0000,0.0000,0.0000,3,25.59615,0.15000,0.15000,0.00000,0.00000,10558,10708,0.000000,0.000000
85.70,3.25519,0.05775,0.09228,AUTO,HAZARD_VISION_STOP,0.0000,0.0000,0.0000,0.0000,0.0000,0.0000,3,25.59615,0.15000,0.15000,0.00000,0.00000,10558,10708,0.000000,0.000000
85.72,3.25519,0.05775,0.09228,AUTO,HAZARD_VISION_STOP,0.0000,0.0000,0.0000,0.0000,0.0000,0.0000,3,25.59615,0.15000,0.15000,0.00000,0.00000,10558,10708,0.000000,0.000000
85.74,3.25519,0.05775,0.09228,AUTO,HAZARD_VISION_STOP,0.0000,0.0000,0.0000,0.0000,0.0000,0.0000,3,25.59615,0.15000,0.15000,0.00000,0.00000,10558,10708,0.000000,0.000000
85.76,3.25519,0.05775,0.09228,AUTO,HAZARD_VISION_STOP,0.0000,0.0000,0.0000,0.0000,0.0000,0.0000,3,25.59615,0.15000,0.15000,0.00000,0.00000,10558,10708,0.000000,0.000000
85.78,3.25519,0.05775,0.09228,AUTO,HAZARD_VISION_STOP,0.0000,0.0000,0.0000,0.0000,0.0000,0.0000,3,25.59615,0.15000,0.15000,0.00000,0.00000,10558,10708,0.000000,0.000000
85.80,3.25519,0.05775,0.09228,AUTO,HAZARD_VISION_STOP,0.0000,0.0000,0.0000,0.0000,0.0000,0.0000,3,25.59615,0.15000,0.15000,0.00000,0.00000,10558,10708,0.000000,0.000000
85.82,3.25519,0.05775,0.09228,AUTO,HAZARD_VISION_STOP,0.0000,0.0000,0.0000,0.0000,0.0000,0.0000,3,25.59615,0.15000,0.15000,0.00000,0.00000,10558,10708,0.000000,0.000000
85.84,3.25519,0.05775,0.09228,AUTO,HAZARD_VISION_STOP,0.0000,0.0000,0.0000,0.0000,0.0000,0.0000,3,25.59615,0.15000,0.15000,0.00000,0.00000,10558,10708,0.000000,0.000000
85.86,3.25519,0.05775,0.09228,AUTO,HAZARD_VISION_STOP,0.0000,0.0000,0.0000,0.0000,0.0000,0.0000,3,25.59615,0.15000,0.15000,0.00000,0.00000,10558,10708,0.000000,0.000000
85.88,3.25519,0.05775,0.09228,AUTO,HAZARD_VISION_STOP,0.0000,0.0000,0.0000,0.0000,0.0000,0.0000,3,25.59615,0.15000,0.15000,0.00000,0.00000,10558,10708,0.000000,0.000000
85.90,3.25519,0.05775,0.09228,AUTO,HAZARD_VISION_STOP,0.0000,0.0000,0.0000,0.0000,0.0000,0.0000,3,25.59615,0.15000,0.15000,0.00000,0.00000,10558,10708,0.000000,0.000000
85.92,3.25519,0.05775,0.09228,AUTO,HAZARD_VISION_STOP,0.0000,0.0000,0.0000,0.0000,0.0000,0.0000,3,25.59615,0.15000,0.15000,0.00000,0.00000,10558,10708,0.000000,0.000000
85.94,3.25519,0.05775,0.09228,AUTO,HAZARD_VISION_STOP,0.0000,0.0000,0.0000,0.0000,0.0000,0.0000,3,25.59615,0.15000,0.15000,0.00000,0.00000,10558,10708,0.000000,0.000000
85.96,3.25519,0.05775,0.09228,AUTO,HAZARD_VISION_STOP,0.0000,0.0000,0.0000,0.0000,0.0000,0.0000,3,25.59615,0.15000,0.15000,0.00000,0.00000,10558,10708,0.000000,0.000000
85.98,3.25519,0.05775,0.09228,AUTO,HAZARD_VISION_STOP,0.0000,0.0000,0.0000,0.0000,0.0000,0.0000,3,25.59615,0.15000,0.15000,0.00000,0.00000,10558,10708,0.000000,0.000000
86.00,3.25519,0.05775,0.09228,AUTO,HAZARD_VISION_STOP,0.0000,0.0000,0.0000,0.0000,0.0000,0.0000,3,25.59615,0.15000,0.15000,0.00000,0.00000,10558,10708,0.000000,0.000000
86.02,3.25519,0.05775,0.09228,AUTO,HAZARD_VISION_STOP,0.0000,0.0000,0.0000,0.0000,0.0000,0.0000,3,25.59615,0.15000,0.15000,0.00000,0.00000,10558,10708,0.000000,0.000000
86.04,3.25519,0.05775,0.09228,AUTO,HAZARD_VISION_STOP,0.0000,0.0000,0.0000,0.0000,0.0000,0.0000,3,25.59615,0.15000,0.15000,0.00000,0.00000,10558,10708,0.000000,0.000000
86.06,3.25519,0.05775,0.09228,AUTO,HAZARD_VISION_STOP,0.0000,0.0000,0.0000,0.0000,0.0000,0.0000,3,25.59615,0.15000,0.15000,0.00000,0.00000,10558,10708,0.000000,0.000000
86.08,3.25519,0.05775,0.09228,AUTO,HAZARD_VISION_STOP,0.0000,0.0000,0.0000,0.0000,0.0000,0.0000,3,25.59615,0.15000,0.15000,0.00000,0.00000,10558,10708,0.000000,0.000000
86.10,3.25519,0.05775,0.09228,AUTO,HAZARD_VISION_STOP,0.0000,0.0000,0.0000,0.0000,0.0000,0.0000,3,25.59615,0.15000,0.15000,0.00000,0.00000,10558,10708,0.000000,0.000000
86.12,3.25519,0.05775,0.09228,AUTO,HAZARD_VISION_STOP,0.0000,0.0000,0.0000,0.0000,0.0000,0.0000,3,25.59615,0.15000,0.15000,0.00000,0.00000,10558,10708,0.000000,0.000000
86.14,3.25519,0.05775,0.09228,AUTO,HAZARD_VISION_STOP,0.0000,0.0000,0.0000,0.0000,0.0000,0.0000,3,25.59615,0.15000,0.15000,0.00000,0.00000,10558,10708,0.000000,0.000000
86.16,3.25519,0.05775,0.09228,AUTO,HAZARD_VISION_STOP,0.0000,0.0000,0.0000,0.0000,0.0000,0.0000,3,25.59615,0.15000,0.15000,0.00000,0.00000,10558,10708,0.000000,0.000000
86.18,3.25519,0.05775,0.09228,AUTO,HAZARD_VISION_STOP,0.0000,0.0000,0.0000,0.0000,0.0000,0.0000,3,25.59615,0.15000,0.15000,0.00000,0.00000,10558,10708,0.000000,0.000000
86.20,3.25519,0.05775,0.09228,AUTO,HAZARD_VISION_STOP,0.0000,0.0000,0.0000,0.0000,0.0000,0.0000,3,25.59615,0.15000,0.15000,0.00000,0.00000,10558,10708,0.000000,0.000000
86.22,3.25519,0.05775,0.09228,AUTO,HAZARD_VISION_STOP,0.0000,0.0000,0.0000,0.0000,0.0000,0.0000,3,25.59615,0.15000,0.15000,0.00000,0.00000,10558,10708,0.000000,0.000000
86.24,3.25519,0.05775,0.09228,AUTO,HAZARD_VISION_STOP,0.0000,0.0000,0.0000,0.0000,0.0000,0.0000,3,25.59615,0.15000,0.15000,0.00000,0.00000,10558,10708,0.000000,0.000000
86.26,3.25519,0.05775,0.09228,AUTO,HAZARD_VISION_STOP,0.0000,0.0000,0.0000,0.0000,0.0000,0.0000,3,25.59615,0.15000,0.15000,0.00000,0.00000,10558,10708,0.000000,0.000000
86.28,3.25519,0.05775,0.09228,AUTO,HAZARD_VISION_STOP,0.0000,0.0000,0.0000,0.0000,0.0000,0.0000,3,25.59615,0.15000,0.15000,0.00000,0.00000,10558,10708,0.000000,0.000000
86.30,3.25519,0.05775,0.09228,AUTO,HAZARD_VISION_STOP,0.0000,0.0000,0.0000,0.0000,0.0000,0.0000,3,25.59615,0.15000,0.15000,0.00000,0.00000,10558,10708,0.000000,0.000000
86.32,3.25519,0.05775,0.09228,AUTO,HAZARD_VISION_STOP,0.0000,0.0000,0.0000,0.0000,0.0000,0.0000,3,25.59615,0.15000,0.15000,0.00000,0.00000,10558,10708,0.000000,0.000000
86.34,3.25519,0.05775,0.09228,AUTO,HAZARD_VISION_STOP,0.0000,0.0000,0.0000,0.0000,0.0000,0.0000,3,25.59615,0.15000,0.15000,0.00000,0.00000,10558,10708,0.000000,0.000000
86.36,3.25519,0.05775,0.09228,AUTO,HAZARD_VISION_STOP,0.0000,0.0000,0.0000,0.0000,0.0000,0.0000,3,25.59615,0.15000,0.15000,0.00000,0.00000,10558,10708,0.000000,0.000000
86.38,3.25519,0.05775,0.09228,AUTO,HAZARD_VISION_STOP,0.0000,0.0000,0.0000,0.0000,0.0000,0.0000,3,25.59615,0.15000,0.15000,0.00000,0.00000,10558,10708,0.000000,0.000000
86.40,3.25519,0.05775,0.09228,AUTO,HAZARD_VISION_STOP,0.0000,0.0000,0.0000,0.0000,0.0000,0.0000,3,25.59615,0.15000,0.15000,0.00000,0.00000,10558,10708,0.000000,0.000000
86.42,3.25519,0.05775,0.09228,AUTO,HAZARD_VISION_STOP,0.0000,0.0000,0.0000,0.0000,0.0000,0.0000,3,25.59615,0.15000,0.15000,0.00000,0.00000,10558,10708,0.000000,0.000000
86.44,3.25519,0.05775,0.09228,AUTO,HAZARD_VISION_STOP,0.0000,0.0000,0.0000,0.0000,0.0000,0.0000,3,25.59615,0.15000,0.15000,0.00000,0.00000,10558,10708,0.000000,0.000000
86.46,3.25519,0.05775,0.09228,AUTO,HAZARD_VISION_STOP,0.0000,0.0000,0.0000,0.0000,0.0000,0.0000,3,25.59615,0.15000,0.15000,0.00000,0.00000,10558,10708,0.000000,0.000000
86.48,3.25519,0.05775,0.09228,AUTO,HAZARD_VISION_STOP,0.0000,0.0000,0.0000,0.0000,0.0000,0.0000,3,25.59615,0.15000,0.15000,0.00000,0.00000,10558,10708,0.000000,0.000000
86.50,3.25519,0.05775,0.09228,AUTO,HAZARD_VISION_STOP,0.0000,0.0000,0.0000,0.0000,0.0000,0.0000,3,25.59615,0.15000,0.15000,0.00000,0.00000,10558,10708,0.000000,0.000000
86.52,3.25519,0.05775,0.09228,AUTO,HAZARD_VISION_STOP,0.0000,0.0000,0.0000,0.0000,0.0000,0.0000,3,25.59615,0.15000,0.15000,0.00000,0.00000,10558,10708,0.000000,0.000000
86.54,3.25519,0.05775,0.09228,AUTO,HAZARD_VISION_STOP,0.0000,0.0000,0.0000,0.0000,0.0000,0.0000,3,25.59615,0.15000,0.15000,0.00000,0.00000,10558,10708,0.000000,0.000000
86.56,3.25519,0.05775,0.09228,AUTO,HAZARD_VISION_STOP,0.0000,0.0000,0.0000,0.0000,0.0000,0.0000,3,25.59615,0.15000,0.15000,0.00000,0.00000,10558,10708,0.000000,0.000000
86.58,3.25519,0.05775,0.09228,AUTO,HAZARD_VISION_STOP,0.0000,0.0000,0.0000,0.0000,0.0000,0.0000,3,25.59615,0.15000,0.15000,0.00000,0.00000,10558,10708,0.000000,0.000000
86.60,3.25519,0.05775,0.09228,AUTO,HAZARD_VISION_STOP,0.0000,0.0000,0.0000,0.0000,0.0000,0.0000,3,25.59615,0.15000,0.15000,0.00000,0.00000,10558,10708,0.000000,0.000000
86.62,3.25519,0.05775,0.09228,AUTO,HAZARD_VISION_STOP,0.0000,0.0000,0.0000,0.0000,0.0000,0.0000,3,25.59615,0.15000,0.15000,0.00000,0.00000,10558,10708,0.000000,0.000000
86.64,3.25519,0.05775,0.09228,AUTO,HAZARD_VISION_STOP,0.0000,0.0000,0.0000,0.0000,0.0000,0.0000,3,25.59615,0.15000,0.15000,0.00000,0.00000,10558,10708,0.000000,0.000000
86.66,3.25519,0.05775,0.09228,AUTO,HAZARD_VISION_STOP,0.0000,0.0000,0.0000,0.0000,0.0000,0.0000,3,25.59615,0.15000,0.15000,0.00000,0.00000,10558,10708,0.000000,0.000000
86.68,3.25519,0.05775,0.09228,AUTO,HAZARD_VISION_STOP,0.0000,0.0000,0.0000,0.0000,0.0000,0.0000,3,25.59615,0.15000,0.15000,0.00000,0.00000,10558,10708,0.000000,0.000000
86.70,3.25519,0.05775,0.09228,AUTO,HAZARD_VISION_STOP,0.0000,0.0000,0.0000,0.0000,0.0000,0.0000,3,25.59615,0.15000,0.15000,0.00000,0.00000,10558,10708,0.000000,0.000000
86.72,3.25519,0.05775,0.09228,AUTO,HAZARD_VISION_STOP,0.0000,0.0000,0.0000,0.0000,0.0000,0.0000,3,25.59615,0.15000,0.15000,0.00000,0.00000,10558,10708,0.000000,0.000000
86.74,3.25519,0.05775,0.09228,AUTO,HAZARD_VISION_STOP,0.0000,0.0000,0.0000,0.0000,0.0000,0.0000,3,25.59615,0.15000,0.15000,0.00000,0.00000,10558,10708,0.000000,0.000000
86.76,3.25519,0.05775,0.09228,AUTO,HAZARD_VISION_STOP,0.0000,0.0000,0.0000,0.0000,0.0000,0.0000,3,25.59615,0.15000,0.15000,0.00000,0.00000,10558,10708,0.000000,0.000000
86.78,3.25519,0.05775,0.09228,AUTO,HAZARD_VISION_STOP,0.0000,0.0000,0.0000,0.0000,0.0000,0.0000,3,25.59615,0.15000,0.15000,0.00000,0.00000,10558,10708,0.000000,0.000000
86.80,3.25519,0.05775,0.09228,AUTO,HAZARD_VISION_STOP,0.0000,0.0000,0.0000,0.0000,0.0000,0.0000,3,25.59615,0.15000,0.15000,0.00000,0.00000,10558,10708,0.000000,0.000000
86.82,3.25519,0.05775,0.09228,AUTO,HAZARD_VISION_STOP,0.0000,0.0000,0.0000,0.0000,0.0000,0.0000,3,25.59615,0.15000,0.15000,0.00000,0.00000,10558,10708,0.000000,0.000000
86.84,3.25519,0.05775,0.09228,AUTO,HAZARD_VISION_STOP,0.0000,0.0000,0.0000,0.0000,0.0000,0.0000,3,25.59615,0.15000,0.15000,0.00000,0.00000,10558,10708,0.000000,0.000000
86.86,3.25519,0.05775,0.09228,AUTO,HAZARD_VISION_STOP,0.0000,0.0000,0.0000,0.0000,0.0000,0.0000,3,25.59615,0.15000,0.15000,0.00000,0.00000,10558,10708,0.000000,0.000000
86.88,3.25519,0.05775,0.09228,AUTO,HAZARD_VISION_STOP,0.0000,0.0000,0.0000,0.0000,0.0000,0.0000,3,25.59615,0.15000,0.15000,0.00000,0.00000,10558,10708,0.000000,0.000000
86.90,3.25519,0.05775,0.09228,AUTO,HAZARD_VISION_STOP,0.0000,0.0000,0.0000,0.0000,0.0000,0.0000,3,25.59615,0.15000,0.15000,0.00000,0.00000,10558,10708,0.000000,0.000000
86.92,3.25519,0.05775,0.09228,AUTO,HAZARD_VISION_STOP,0.0000,0.0000,0.0000,0.0000,0.0000,0.0000,3,25.59615,0.15000,0.15000,0.00000,0.00000,10558,10708,0.000000,0.000000
86.94,3.25519,0.05775,0.09228,AUTO,HAZARD_VISION_STOP,0.0000,0.0000,0.0000,0.0000,0.0000,0.0000,3,25.59615,0.15000,0.15000,0.00000,0.00000,10558,10708,0.000000,0.000000
86.96,3.25519,0.05775,0.09228,AUTO,HAZARD_VISION_STOP,0.0000,0.0000,0.0000,0.0000,0.0000,0.0000,3,25.59615,0.15000,0.15000,0.00000,0.00000,10558,10708,0.000000,0.000000
86.98,3.25519,0.05775,0.09228,AUTO,HAZARD_VISION_STOP,0.0000,0.0000,0.0000,0.0000,0.0000,0.0000,3,25.59615,0.15000,0.15000,0.00000,0.00000,10558,10708,0.000000,0.000000
87.00,3.25519,0.05775,0.09228,AUTO,HAZARD_VISION_STOP,0.0000,0.0000,0.0000,0.0000,0.0000,0.0000,3,25.59615,0.15000,0.15000,0.00000,0.00000,10558,10708,0.000000,0.000000
87.02,3.25519,0.05775,0.09228,AUTO,HAZARD_VISION_STOP,0.0000,0.0000,0.0000,0.0000,0.0000,0.0000,3,25.59615,0.15000,0.15000,0.00000,0.00000,10558,10708,0.000000,0.000000
87.04,3.25519,0.05775,0.09228,AUTO,HAZARD_VISION_STOP,0.0000,0.0000,0.0000,0.0000,0.0000,0.0000,3,25.59615,0.15000,0.15000,0.00000,0.00000,10558,10708,0.000000,0.000000
87.06,3.25519,0.05775,0.09228,AUTO,HAZARD_VISION_STOP,0.0000,0.0000,0.0000,0.0000,0.0000,0.0000,3,25.59615,0.15000,0.15000,0.00000,0.00000,10558,10708,0.000000,0.000000
87.08,3.25519,0.05775,0.09228,AUTO,HAZARD_VISION_STOP,0.0000,0.0000,0.0000,0.0000,0.0000,0.0000,3,25.59615,0.15000,0.15000,0.00000,0.00000,10558,10708,0.000000,0.000000
87.10,3.25519,0.05775,0.09228,AUTO,HAZARD_VISION_STOP,0.0000,0.0000,0.0000,0.0000,0.0000,0.0000,3,25.59615,0.15000,0.15000,0.00000,0.00000,10558,10708,0.000000,0.000000
87.12,3.25519,0.05775,0.09228,AUTO,HAZARD_VISION_STOP,0.0000,0.0000,0.0000,0.0000,0.0000,0.0000,3,25.59615,0.15000,0.15000,0.00000,0.00000,10558,10708,0.000000,0.000000
87.14,3.25519,0.05775,0.09228,AUTO,HAZARD_VISION_STOP,0.0000,0.0000,0.0000,0.0000,0.0000,0.0000,3,25.59615,0.15000,0.15000,0.00000,0.00000,10558,10708,0.000000,0.000000
87.16,3.25519,0.05775,0.09228,AUTO,HAZARD_VISION_STOP,0.0000,0.0000,0.0000,0.0000,0.0000,0.0000,3,25.59615,0.15000,0.15000,0.00000,0.00000,10558,10708,0.000000,0.000000
87.18,3.25519,0.05775,0.09228,AUTO,HAZARD_VISION_STOP,0.0000,0.0000,0.0000,0.0000,0.0000,0.0000,3,25.59615,0.15000,0.15000,0.00000,0.00000,10558,10708,0.000000,0.000000
87.20,3.25519,0.05775,0.09228,AUTO,HAZARD_VISION_STOP,0.0000,0.0000,0.0000,0.0000,0.0000,0.0000,3,25.59615,0.15000,0.15000,0.00000,0.00000,10558,10708,0.000000,0.000000
87.22,3.25519,0.05775,0.09228,AUTO,HAZARD_VISION_STOP,0.0000,0.0000,0.0000,0.0000,0.0000,0.0000,3,25.59615,0.15000,0.15000,0.00000,0.00000,10558,10708,0.000000,0.000000
87.24,3.25519,0.05775,0.09228,AUTO,HAZARD_VISION_STOP,0.0000,0.0000,0.0000,0.0000,0.0000,0.0000,3,25.59615,0.15000,0.15000,0.00000,0.00000,10558,10708,0.000000,0.000000
87.26,3.25519,0.05775,0.09228,AUTO,HAZARD_VISION_STOP,0.0000,0.0000,0.0000,0.0000,0.0000,0.0000,3,25.59615,0.15000,0.15000,0.00000,0.00000,10558,10708,0.000000,0.000000
87.28,3.25519,0.05775,0.09228,AUTO,HAZARD_VISION_STOP,0.0000,0.0000,0.0000,0.0000,0.0000,0.0000,3,25.59615,0.15000,0.15000,0.00000,0.00000,10558,10708,0.000000,0.000000
87.30,3.25519,0.05775,0.09228,AUTO,HAZARD_VISION_STOP,0.0000,0.0000,0.0000,0.0000,0.0000,0.0000,3,25.59615,0.15000,0.15000,0.00000,0.00000,10558,10708,0.000000,0.000000
87.32,3.25519,0.05775,0.09228,AUTO,HAZARD_VISION_STOP,0.0000,0.0000,0.0000,0.0000,0.0000,0.0000,3,25.59615,0.15000,0.15000,0.00000,0.00000,10558,10708,0.000000,0.000000
87.34,3.25519,0.05775,0.09228,AUTO,HAZARD_VISION_STOP,0.0000,0.0000,0.0000,0.0000,0.0000,0.0000,3,25.59615,0.15000,0.15000,0.00000,0.00000,10558,10708,0.000000,0.000000
87.36,3.25519,0.05775,0.09228,AUTO,HAZARD_VISION_STOP,0.0000,0.0000,0.0000,0.0000,0.0000,0.0000,3,25.59615,0.15000,0.15000,0.00000,0.00000,10558,10708,0.000000,0.000000
87.38,3.25519,0.05775,0.09228,AUTO,HAZARD_VISION_STOP,0.0000,0.0000,0.0000,0.0000,0.0000,0.0000,3,25.59615,0.15000,0.15000,0.00000,0.00000,10558,10708,0.000000,0.000000
87.40,3.25519,0.05775,0.09228,AUTO,HAZARD_VISION_STOP,0.0000,0.0000,0.0000,0.0000,0.0000,0.0000,3,25.59615,0.15000,0.15000,0.00000,0.00000,10558,10708,0.000000,0.000000
87.42,3.25519,0.05775,0.09228,AUTO,HAZARD_VISION_STOP,0.0000,0.0000,0.0000,0.0000,0.0000,0.0000,3,25.59615,0.15000,0.15000,0.00000,0.00000,10558,10708,0.000000,0.000000
87.44,3.25519,0.05775,0.09228,AUTO,HAZARD_VISION_STOP,0.0000,0.0000,0.0000,0.0000,0.0000,0.0000,3,25.59615,0.15000,0.15000,0.00000,0.00000,10558,10708,0.000000,0.000000
87.46,3.25519,0.05775,0.09228,AUTO,HAZARD_VISION_STOP,0.0000,0.0000,0.0000,0.0000,0.0000,0.0000,3,25.59615,0.15000,0.15000,0.00000,0.00000,10558,10708,0.000000,0.000000
87.48,3.25519,0.05775,0.09228,AUTO,HAZARD_VISION_STOP,0.0000,0.0000,0.0000,0.0000,0.0000,0.0000,3,25.59615,0.15000,0.15000,0.00000,0.00000,10558,10708,0.000000,0.000000
87.50,3.25519,0.05775,0.09228,AUTO,HAZARD_VISION_STOP,0.0000,0.0000,0.0000,0.0000,0.0000,0.0000,3,25.59615,0.15000,0.15000,0.00000,0.00000,10558,10708,0.000000,0.000000
87.52,3.25519,0.05775,0.09228,AUTO,HAZARD_VISION_STOP,0.0000,0.0000,0.0000,0.0000,0.0000,0.0000,3,25.59615,0.15000,0.15000,0.00000,0.00000,10558,10708,0.000000,0.000000
87.54,3.25519,0.05775,0.09228,AUTO,HAZARD_VISION_STOP,0.0000,0.0000,0.0000,0.0000,0.0000,0.0000,3,25.59615,0.15000,0.15000,0.00000,0.00000,10558,10708,0.000000,0.000000
87.56,3.25519,0.05775,0.09228,AUTO,HAZARD_VISION_STOP,0.0000,0.0000,0.0000,0.0000,0.0000,0.0000,3,25.59615,0.15000,0.15000,0.00000,0.00000,10558,10708,0.000000,0.000000
87.58,3.25519,0.05775,0.09228,AUTO,HAZARD_VISION_STOP,0.0000,0.0000,0.0000,0.0000,0.0000,0.0000,3,25.59615,0.15000,0.15000,0.00000,0.00000,10558,10708,0.000000,0.000000
87.60,3.25519,0.05775,0.09228,AUTO,HAZARD_VISION_STOP,0.0000,0.0000,0.0000,0.0000,0.0000,0.0000,3,25.59615,0.15000,0.15000,0.00000,0.00000,10558,10708,0.000000,0.000000
87.62,3.25519,0.05775,0.09228,AUTO,HAZARD_VISION_STOP,0.0000,0.0000,0.0000,0.0000,0.0000,0.0000,3,25.59615,0.15000,0.15000,0.00000,0.00000,10558,10708,0.000000,0.000000
87.64,3.25519,0.05775,0.09228,AUTO,HAZARD_VISION_STOP,0.0000,0.0000,0.0000,0.0000,0.0000,0.0000,3,25.59615,0.15000,0.15000,0.00000,0.00000,10558,10708,0.000000,0.000000
87.66,3.25519,0.05775,0.09228,AUTO,HAZARD_VISION_STOP,0.0000,0.0000,0.0000,0.0000,0.0000,0.0000,3,25.59615,0.15000,0.15000,0.00000,0.00000,10558,10708,0.000000,0.000000
87.68,3.25519,0.05775,0.09228,AUTO,HAZARD_VISION_STOP,0.0000,0.0000,0.0000,0.0000,0.0000,0.0000,3,25.59615,0.15000,0.15000,0.00000,0.00000,10558,10708,0.000000,0.000000
87.70,3.25519,0.05775,0.09228,AUTO,HAZARD_VISION_STOP,0.0000,0.0000,0.0000,0.0000,0.0000,0.0000,3,25.59615,0.15000,0.15000,0.00000,0.00000,10558,10708,0.000000,0.000000
87.72,3.25519,0.05775,0.09228,AUTO,HAZARD_VISION_STOP,0.0000,0.0000,0.0000,0.0000,0.0000,0.0000,3,25.59615,0.15000,0.15000,0.00000,0.00000,10558,10708,0.000000,0.000000
87.74,3.25519,0.05775,0.09228,AUTO,HAZARD_VISION_STOP,0.0000,0.0000,0.0000,0.0000,0.0000,0.0000,3,25.59615,0.15000,0.15000,0.00000,0.00000,10558,10708,0.000000,0.000000
87.76,3.25519,0.05775,0.09228,AUTO,HAZARD_VISION_STOP,0.0000,0.0000,0.0000,0.0000,0.0000,0.0000,3,25.59615,0.15000,0.15000,0.00000,0.00000,10558,10708,0.000000,0.000000
87.78,3.25519,0.05775,0.09228,AUTO,HAZARD_VISION_STOP,0.0000,0.0000,0.0000,0.0000,0.0000,0.0000,3,25.59615,0.15000,0.15000,0.00000,0.00000,10558,10708,0.000000,0.000000
87.80,3.25519,0.05775,0.09228,AUTO,HAZARD_VISION_STOP,0.0000,0.0000,0.0000,0.0000,0.0000,0.0000,3,25.59615,0.15000,0.15000,0.00000,0.00000,10558,10708,0.000000,0.000000
87.82,3.25519,0.05775,0.09228,AUTO,HAZARD_VISION_STOP,0.0000,0.0000,0.0000,0.0000,0.0000,0.0000,3,25.59615,0.15000,0.15000,0.00000,0.00000,10558,10708,0.000000,0.000000
87.84,3.25519,0.05775,0.09228,AUTO,HAZARD_VISION_STOP,0.0000,0.0000,0.0000,0.0000,0.0000,0.0000,3,25.59615,0.15000,0.15000,0.00000,0.00000,10558,10708,0.000000,0.000000
87.86,3.25519,0.05775,0.09228,AUTO,HAZARD_VISION_STOP,0.0000,0.0000,0.0000,0.0000,0.0000,0.0000,3,25.59615,0.15000,0.15000,0.00000,0.00000,10558,10708,0.000000,0.000000
87.88,3.25519,0.05775,0.09228,AUTO,HAZARD_VISION_STOP,0.0000,0.0000,0.0000,0.0000,0.0000,0.0000,3,25.59615,0.15000,0.15000,0.00000,0.00000,10558,10708,0.000000,0.000000
87.90,3.25519,0.05775,0.09228,AUTO,HAZARD_VISION_STOP,0.0000,0.0000,0.0000,0.0000,0.0000,0.0000,3,25.59615,0.15000,0.15000,0.00000,0.00000,10558,10708,0.000000,0.000000
87.92,3.25519,0.05775,0.09228,AUTO,HAZARD_VISION_STOP,0.0000,0.0000,0.0000,0.0000,0.0000,0.0000,3,25.59615,0.15000,0.15000,0.00000,0.00000,10558,10708,0.000000,0.000000
87.94,3.25519,0.05775,0.09228,AUTO,HAZARD_VISION_STOP,0.0000,0.0000,0.0000,0.0000,0.0000,0.0000,3,25.59615,0.15000,0.15000,0.00000,0.00000,10558,10708,0.000000,0.000000
87.96,3.25519,0.05775,0.09228,AUTO,HAZARD_VISION_STOP,0.0000,0.0000,0.0000,0.0000,0.0000,0.0000,3,25.59615,0.15000,0.15000,0.00000,0.00000,10558,10708,0.000000,0.000000
87.98,3.25519,0.05775,0.09228,AUTO,HAZARD_VISION_STOP,0.0000,0.0000,0.0000,0.0000,0.0000,0.0000,3,25.59615,0.15000,0.15000,0.00000,0.00000,10558,10708,0.000000,0.000000
88.00,3.25519,0.05775,0.09228,AUTO,HAZARD_VISION_STOP,0.0000,0.0000,0.0000,0.0000,0.0000,0.0000,3,25.59615,0.15000,0.15000,0.00000,0.00000,10558,10708,0.000000,0.000000
88.02,3.25519,0.05775,0.09228,AUTO,HAZARD_VISION_STOP,0.0000,0.0000,0.0000,0.0000,0.0000,0.0000,3,25.59615,0.15000,0.15000,0.00000,0.00000,10558,10708,0.000000,0.000000
88.04,3.25519,0.05775,0.09228,AUTO,HAZARD_VISION_STOP,0.0000,0.0000,0.0000,0.0000,0.0000,0.0000,3,25.59615,0.15000,0.15000,0.00000,0.00000,10558,10708,0.000000,0.000000
88.06,3.25519,0.05775,0.09228,AUTO,HAZARD_VISION_STOP,0.0000,0.0000,0.0000,0.0000,0.0000,0.0000,3,25.59615,0.15000,0.15000,0.00000,0.00000,10558,10708,0.000000,0.000000
88.08,3.25519,0.05775,0.09228,AUTO,HAZARD_VISION_STOP,0.0000,0.0000,0.0000,0.0000,0.0000,0.0000,3,25.59615,0.15000,0.15000,0.00000,0.00000,10558,10708,0.000000,0.000000
88.10,3.25519,0.05775,0.09228,AUTO,HAZARD_VISION_STOP,0.0000,0.0000,0.0000,0.0000,0.0000,0.0000,3,25.59615,0.15000,0.15000,0.00000,0.00000,10558,10708,0.000000,0.000000
88.12,3.25519,0.05775,0.09228,AUTO,HAZARD_VISION_STOP,0.0000,0.0000,0.0000,0.0000,0.0000,0.0000,3,25.59615,0.15000,0.15000,0.00000,0.00000,10558,10708,0.000000,0.000000
88.14,3.25519,0.05775,0.09228,AUTO,HAZARD_VISION_STOP,0.0000,0.0000,0.0000,0.0000,0.0000,0.0000,3,25.59615,0.15000,0.15000,0.00000,0.00000,10558,10708,0.000000,0.000000
88.16,3.25519,0.05775,0.09228,AUTO,HAZARD_VISION_STOP,0.0000,0.0000,0.0000,0.0000,0.0000,0.0000,3,25.59615,0.15000,0.15000,0.00000,0.00000,10558,10708,0.000000,0.000000
88.18,3.25519,0.05775,0.09228,AUTO,HAZARD_VISION_STOP,0.0000,0.0000,0.0000,0.0000,0.0000,0.0000,3,25.59615,0.15000,0.15000,0.00000,0.00000,10558,10708,0.000000,0.000000
88.20,3.25519,0.05775,0.09228,AUTO,HAZARD_VISION_STOP,0.0000,0.0000,0.0000,0.0000,0.0000,0.0000,3,25.59615,0.15000,0.15000,0.00000,0.00000,10558,10708,0.000000,0.000000
88.22,3.25519,0.05775,0.09228,AUTO,HAZARD_VISION_STOP,0.0000,0.0000,0.0000,0.0000,0.0000,0.0000,3,25.59615,0.15000,0.15000,0.00000,0.00000,10558,10708,0.000000,0.000000
88.24,3.25519,0.05775,0.09228,AUTO,HAZARD_VISION_STOP,0.0000,0.0000,0.0000,0.0000,0.0000,0.0000,3,25.59615,0.15000,0.15000,0.00000,0.00000,10558,10708,0.000000,0.000000
88.26,3.25519,0.05775,0.09228,AUTO,HAZARD_VISION_STOP,0.0000,0.0000,0.0000,0.0000,0.0000,0.0000,3,25.59615,0.15000,0.15000,0.00000,0.00000,10558,10708,0.000000,0.000000
88.28,3.25519,0.05775,0.09228,AUTO,HAZARD_VISION_STOP,0.0000,0.0000,0.0000,0.0000,0.0000,0.0000,3,25.59615,0.15000,0.15000,0.00000,0.00000,10558,10708,0.000000,0.000000
88.30,3.25519,0.05775,0.09228,AUTO,HAZARD_VISION_STOP,0.0000,0.0000,0.0000,0.0000,0.0000,0.0000,3,25.59615,0.15000,0.15000,0.00000,0.00000,10558,10708,0.000000,0.000000
88.32,3.25519,0.05775,0.09228,AUTO,HAZARD_VISION_STOP,0.0000,0.0000,0.0000,0.0000,0.0000,0.0000,3,25.59615,0.15000,0.15000,0.00000,0.00000,10558,10708,0.000000,0.000000
88.34,3.25519,0.05775,0.09228,AUTO,HAZARD_VISION_STOP,0.0000,0.0000,0.0000,0.0000,0.0000,0.0000,3,25.59615,0.15000,0.15000,0.00000,0.00000,10558,10708,0.000000,0.000000
88.36,3.25519,0.05775,0.09228,AUTO,HAZARD_VISION_STOP,0.0000,0.0000,0.0000,0.0000,0.0000,0.0000,3,25.59615,0.15000,0.15000,0.00000,0.00000,10558,10708,0.000000,0.000000
88.38,3.25519,0.05775,0.09228,AUTO,HAZARD_VISION_STOP,0.0000,0.0000,0.0000,0.0000,0.0000,0.0000,3,25.59615,0.15000,0.15000,0.00000,0.00000,10558,10708,0.000000,0.000000
88.40,3.25519,0.05775,0.09228,AUTO,HAZARD_VISION_STOP,0.0000,0.0000,0.0000,0.0000,0.0000,0.0000,3,25.59615,0.15000,0.15000,0.00000,0.00000,10558,10708,0.000000,0.000000
88.42,3.25519,0.05775,0.09228,AUTO,HAZARD_VISION_STOP,0.0000,0.0000,0.0000,0.0000,0.0000,0.0000,3,25.59615,0.15000,0.15000,0.00000,0.00000,10558,10708,0.000000,0.000000
88.44,3.25519,0.05775,0.09228,AUTO,HAZARD_VISION_STOP,0.0000,0.0000,0.0000,0.0000,0.0000,0.0000,3,25.59615,0.15000,0.15000,0.00000,0.00000,10558,10708,0.000000,0.000000
88.46,3.25519,0.05775,0.09228,AUTO,HAZARD_VISION_STOP,0.0000,0.0000,0.0000,0.0000,0.0000,0.0000,3,25.59615,0.15000,0.15000,0.00000,0.00000,10558,10708,0.000000,0.000000
88.48,3.25519,0.05775,0.09228,AUTO,HAZARD_VISION_STOP,0.0000,0.0000,0.0000,0.0000,0.0000,0.0000,3,25.59615,0.15000,0.15000,0.00000,0.00000,10558,10708,0.000000,0.000000
88.50,3.25519,0.05775,0.09228,AUTO,HAZARD_VISION_STOP,0.0000,0.0000,0.0000,0.0000,0.0000,0.0000,3,25.59615,0.15000,0.15000,0.00000,0.00000,10558,10708,0.000000,0.000000
88.52,3.25519,0.05775,0.09228,AUTO,HAZARD_VISION_STOP,0.0000,0.0000,0.0000,0.0000,0.0000,0.0000,3,25.59615,0.15000,0.15000,0.00000,0.00000,10558,10708,0.000000,0.000000
88.54,3.25519,0.05775,0.09228,AUTO,HAZARD_VISION_STOP,0.0000,0.0000,0.0000,0.0000,0.0000,0.0000,3,25.59615,0.15000,0.15000,0.00000,0.00000,10558,10708,0.000000,0.000000
88.56,3.25519,0.05775,0.09228,AUTO,HAZARD_VISION_STOP,0.0000,0.0000,0.0000,0.0000,0.0000,0.0000,3,25.59615,0.15000,0.15000,0.00000,0.00000,10558,10708,0.000000,0.000000
88.58,3.25519,0.05775,0.09228,AUTO,HAZARD_VISION_STOP,0.0000,0.0000,0.0000,0.0000,0.0000,0.0000,3,25.59615,0.15000,0.15000,0.00000,0.00000,10558,10708,0.000000,0.000000
88.60,3.25519,0.05775,0.09228,AUTO,HAZARD_VISION_STOP,0.0000,0.0000,0.0000,0.0000,0.0000,0.0000,3,25.59615,0.15000,0.15000,0.00000,0.00000,10558,10708,0.000000,0.000000
88.62,3.25519,0.05775,0.09228,AUTO,HAZARD_VISION_STOP,0.0000,0.0000,0.0000,0.0000,0.0000,0.0000,3,25.59615,0.15000,0.15000,0.00000,0.00000,10558,10708,0.000000,0.000000
88.64,3.25519,0.05775,0.09228,AUTO,HAZARD_VISION_STOP,0.0000,0.0000,0.0000,0.0000,0.0000,0.0000,3,25.59615,0.15000,0.15000,0.00000,0.00000,10558,10708,0.000000,0.000000
88.66,3.25519,0.05775,0.09228,AUTO,HAZARD_VISION_STOP,0.0000,0.0000,0.0000,0.0000,0.0000,0.0000,3,25.59615,0.15000,0.15000,0.00000,0.00000,10558,10708,0.000000,0.000000
88.68,3.25519,0.05775,0.09228,AUTO,HAZARD_VISION_STOP,0.0000,0.0000,0.0000,0.0000,0.0000,0.0000,3,25.59615,0.15000,0.15000,0.00000,0.00000,10558,10708,0.000000,0.000000
88.70,3.25519,0.05775,0.09228,AUTO,HAZARD_VISION_STOP,0.0000,0.0000,0.0000,0.0000,0.0000,0.0000,3,25.59615,0.15000,0.15000,0.00000,0.00000,10558,10708,0.000000,0.000000
88.72,3.25519,0.05775,0.09228,AUTO,HAZARD_VISION_STOP,0.0000,0.0000,0.0000,0.0000,0.0000,0.0000,3,25.59615,0.15000,0.15000,0.00000,0.00000,10558,10708,0.000000,0.000000
88.74,3.25519,0.05775,0.09228,AUTO,HAZARD_VISION_STOP,0.0000,0.0000,0.0000,0.0000,0.0000,0.0000,3,25.59615,0.15000,0.15000,0.00000,0.00000,10558,10708,0.000000,0.000000
88.76,3.25519,0.05775,0.09228,AUTO,HAZARD_VISION_STOP,0.0000,0.0000,0.0000,0.0000,0.0000,0.0000,3,25.59615,0.15000,0.15000,0.00000,0.00000,10558,10708,0.000000,0.000000
88.78,3.25519,0.05775,0.09228,AUTO,HAZARD_VISION_STOP,0.0000,0.0000,0.0000,0.0000,0.0000,0.0000,3,25.59615,0.15000,0.15000,0.00000,0.00000,10558,10708,0.000000,0.000000
88.80,3.25519,0.05775,0.09228,AUTO,HAZARD_VISION_STOP,0.0000,0.0000,0.0000,0.0000,0.0000,0.0000,3,25.59615,0.15000,0.15000,0.00000,0.00000,10558,10708,0.000000,0.000000
88.82,3.25519,0.05775,0.09228,AUTO,HAZARD_VISION_STOP,0.0000,0.0000,0.0000,0.0000,0.0000,0.0000,3,25.59615,0.15000,0.15000,0.00000,0.00000,10558,10708,0.000000,0.000000
88.84,3.25519,0.05775,0.09228,AUTO,HAZARD_VISION_STOP,0.0000,0.0000,0.0000,0.0000,0.0000,0.0000,3,25.59615,0.15000,0.15000,0.00000,0.00000,10558,10708,0.000000,0.000000
88.86,3.25519,0.05775,0.09228,AUTO,HAZARD_VISION_STOP,0.0000,0.0000,0.0000,0.0000,0.0000,0.0000,3,25.59615,0.15000,0.15000,0.00000,0.00000,10558,10708,0.000000,0.000000
88.88,3.25519,0.05775,0.09228,AUTO,HAZARD_VISION_STOP,0.0000,0.0000,0.0000,0.0000,0.0000,0.0000,3,25.59615,0.15000,0.15000,0.00000,0.00000,10558,10708,0.000000,0.000000
88.90,3.25519,0.05775,0.09228,AUTO,HAZARD_VISION_STOP,0.0000,0.0000,0.0000,0.0000,0.0000,0.0000,3,25.59615,0.15000,0.15000,0.00000,0.00000,10558,10708,0.000000,0.000000
88.92,3.25519,0.05775,0.09228,AUTO,HAZARD_VISION_STOP,0.0000,0.0000,0.0000,0.0000,0.0000,0.0000,3,25.59615,0.15000,0.15000,0.00000,0.00000,10558,10708,0.000000,0.000000
88.94,3.25519,0.05775,0.09228,AUTO,HAZARD_VISION_STOP,0.0000,0.0000,0.0000,0.0000,0.0000,0.0000,3,25.59615,0.15000,0.15000,0.00000,0.00000,10558,10708,0.000000,0.000000
88.96,3.25519,0.05775,0.09228,AUTO,HAZARD_VISION_STOP,0.0000,0.0000,0.0000,0.0000,0.0000,0.0000,3,25.59615,0.15000,0.15000,0.00000,0.00000,10558,10708,0.000000,0.000000
88.98,3.25519,0.05775,0.09228,AUTO,HAZARD_VISION_STOP,0.0000,0.0000,0.0000,0.0000,0.0000,0.0000,3,25.59615,0.15000,0.15000,0.00000,0.00000,10558,10708,0.000000,0.000000
89.00,3.25519,0.05775,0.09228,AUTO,HAZARD_VISION_STOP,0.0000,0.0000,0.0000,0.0000,0.0000,0.0000,3,25.59615,0.15000,0.15000,0.00000,0.00000,10558,10708,0.000000,0.000000
89.02,3.25519,0.05775,0.09228,AUTO,HAZARD_VISION_STOP,0.0000,0.0000,0.0000,0.0000,0.0000,0.0000,3,25.59615,0.15000,0.15000,0.00000,0.00000,10558,10708,0.000000,0.000000
89.04,3.25519,0.05775,0.09228,AUTO,HAZARD_VISION_STOP,0.0000,0.0000,0.0000,0.0000,0.0000,0.0000,3,25.59615,0.15000,0.15000,0.00000,0.00000,10558,10708,0.000000,0.000000
89.06,3.25519,0.05775,0.09228,AUTO,HAZARD_VISION_STOP,0.0000,0.0000,0.0000,0.0000,0.0000,0.0000,3,25.59615,0.15000,0.15000,0.00000,0.00000,10558,10708,0.000000,0.000000
89.08,3.25519,0.05775,0.09228,AUTO,HAZARD_VISION_STOP,0.0000,0.0000,0.0000,0.0000,0.0000,0.0000,3,25.59615,0.15000,0.15000,0.00000,0.00000,10558,10708,0.000000,0.000000
89.10,3.25519,0.05775,0.09228,AUTO,HAZARD_VISION_STOP,0.0000,0.0000,0.0000,0.0000,0.0000,0.0000,3,25.59615,0.15000,0.15000,0.00000,0.00000,10558,10708,0.000000,0.000000
89.12,3.25519,0.05775,0.09228,AUTO,HAZARD_VISION_STOP,0.0000,0.0000,0.0000,0.0000,0.0000,0.0000,3,25.59615,0.15000,0.15000,0.00000,0.00000,10558,10708,0.000000,0.000000
89.14,3.25519,0.05775,0.09228,AUTO,HAZARD_VISION_STOP,0.0000,0.0000,0.0000,0.0000,0.0000,0.0000,3,25.59615,0.15000,0.15000,0.00000,0.00000,10558,10708,0.000000,0.000000
89.16,3.25519,0.05775,0.09228,AUTO,HAZARD_VISION_STOP,0.0000,0.0000,0.0000,0.0000,0.0000,0.0000,3,25.59615,0.15000,0.15000,0.00000,0.00000,10558,10708,0.000000,0.000000
89.18,3.25519,0.05775,0.09228,AUTO,HAZARD_VISION_STOP,0.0000,0.0000,0.0000,0.0000,0.0000,0.0000,3,25.59615,0.15000,0.15000,0.00000,0.00000,10558,10708,0.000000,0.000000
89.20,3.25519,0.05775,0.09228,AUTO,HAZARD_VISION_STOP,0.0000,0.0000,0.0000,0.0000,0.0000,0.0000,3,25.59615,0.15000,0.15000,0.00000,0.00000,10558,10708,0.000000,0.000000
89.22,3.25519,0.05775,0.09228,AUTO,HAZARD_VISION_STOP,0.0000,0.0000,0.0000,0.0000,0.0000,0.0000,3,25.59615,0.15000,0.15000,0.00000,0.00000,10558,10708,0.000000,0.000000
89.24,3.25519,0.05775,0.09228,AUTO,HAZARD_VISION_STOP,0.0000,0.0000,0.0000,0.0000,0.0000,0.0000,3,25.59615,0.15000,0.15000,0.00000,0.00000,10558,10708,0.000000,0.000000
89.26,3.25519,0.05775,0.09228,AUTO,HAZARD_VISION_STOP,0.0000,0.0000,0.0000,0.0000,0.0000,0.0000,3,25.59615,0.15000,0.15000,0.00000,0.00000,10558,10708,0.000000,0.000000
89.28,3.25519,0.05775,0.09228,AUTO,HAZARD_VISION_STOP,0.0000,0.0000,0.0000,0.0000,0.0000,0.0000,3,25.59615,0.15000,0.15000,0.00000,0.00000,10558,10708,0.000000,0.000000
89.30,3.25519,0.05775,0.09228,AUTO,HAZARD_VISION_STOP,0.0000,0.0000,0.0000,0.0000,0.0000,0.0000,3,25.59615,0.15000,0.15000,0.00000,0.00000,10558,10708,0.000000,0.000000
89.32,3.25519,0.05775,0.09228,AUTO,HAZARD_VISION_STOP,0.0000,0.0000,0.0000,0.0000,0.0000,0.0000,3,25.59615,0.15000,0.15000,0.00000,0.00000,10558,10708,0.000000,0.000000
89.34,3.25519,0.05775,0.09228,AUTO,HAZARD_VISION_STOP,0.0000,0.0000,0.0000,0.0000,0.0000,0.0000,3,25.59615,0.15000,0.15000,0.00000,0.00000,10558,10708,0.000000,0.000000
89.36,3.25519,0.05775,0.09228,AUTO,HAZARD_VISION_STOP,0.0000,0.0000,0.0000,0.0000,0.0000,0.0000,3,25.59615,0.15000,0.15000,0.00000,0.00000,10558,10708,0.000000,0.000000
89.38,3.25519,0.05775,0.09228,AUTO,HAZARD_VISION_STOP,0.0000,0.0000,0.0000,0.0000,0.0000,0.0000,3,25.59615,0.15000,0.15000,0.00000,0.00000,10558,10708,0.000000,0.000000
89.40,3.25519,0.05775,0.09228,AUTO,HAZARD_VISION_STOP,0.0000,0.0000,0.0000,0.0000,0.0000,0.0000,3,25.59615,0.15000,0.15000,0.00000,0.00000,10558,10708,0.000000,0.000000
89.42,3.25519,0.05775,0.09228,AUTO,HAZARD_VISION_STOP,0.0000,0.0000,0.0000,0.0000,0.0000,0.0000,3,25.59615,0.15000,0.15000,0.00000,0.00000,10558,10708,0.000000,0.000000
89.44,3.25519,0.05775,0.09228,AUTO,HAZARD_VISION_STOP,0.0000,0.0000,0.0000,0.0000,0.0000,0.0000,3,25.59615,0.15000,0.15000,0.00000,0.00000,10558,10708,0.000000,0.000000
89.46,3.25519,0.05775,0.09228,AUTO,HAZARD_VISION_STOP,0.0000,0.0000,0.0000,0.0000,0.0000,0.0000,3,25.59615,0.15000,0.15000,0.00000,0.00000,10558,10708,0.000000,0.000000
89.48,3.25519,0.05775,0.09228,AUTO,HAZARD_VISION_STOP,0.0000,0.0000,0.0000,0.0000,0.0000,0.0000,3,25.59615,0.15000,0.15000,0.00000,0.00000,10558,10708,0.000000,0.000000
89.50,3.25519,0.05775,0.09228,AUTO,HAZARD_VISION_STOP,0.0000,0.0000,0.0000,0.0000,0.0000,0.0000,3,25.59615,0.15000,0.15000,0.00000,0.00000,10558,10708,0.000000,0.000000
89.52,3.25519,0.05775,0.09228,AUTO,HAZARD_VISION_STOP,0.0000,0.0000,0.0000,0.0000,0.0000,0.0000,3,25.59615,0.15000,0.15000,0.00000,0.00000,10558,10708,0.000000,0.000000
89.54,3.25519,0.05775,0.09228,AUTO,HAZARD_VISION_STOP,0.0000,0.0000,0.0000,0.0000,0.0000,0.0000,3,25.59615,0.15000,0.15000,0.00000,0.00000,10558,10708,0.000000,0.000000
89.56,3.25519,0.05775,0.09228,AUTO,HAZARD_VISION_STOP,0.0000,0.0000,0.0000,0.0000,0.0000,0.0000,3,25.59615,0.15000,0.15000,0.00000,0.00000,10558,10708,0.000000,0.000000
89.58,3.25519,0.05775,0.09228,AUTO,HAZARD_VISION_STOP,0.0000,0.0000,0.0000,0.0000,0.0000,0.0000,3,25.59615,0.15000,0.15000,0.00000,0.00000,10558,10708,0.000000,0.000000
89.60,3.25519,0.05775,0.09228,AUTO,HAZARD_VISION_STOP,0.0000,0.0000,0.0000,0.0000,0.0000,0.0000,3,25.59615,0.15000,0.15000,0.00000,0.00000,10558,10708,0.000000,0.000000
89.62,3.25519,0.05775,0.09228,AUTO,HAZARD_VISION_STOP,0.0000,0.0000,0.0000,0.0000,0.0000,0.0000,3,25.59615,0.15000,0.15000,0.00000,0.00000,10558,10708,0.000000,0.000000
89.64,3.25519,0.05775,0.09228,AUTO,HAZARD_VISION_STOP,0.0000,0.0000,0.0000,0.0000,0.0000,0.0000,3,25.59615,0.15000,0.15000,0.00000,0.00000,10558,10708,0.000000,0.000000
89.66,3.25519,0.05775,0.09228,AUTO,HAZARD_VISION_STOP,0.0000,0.0000,0.0000,0.0000,0.0000,0.0000,3,25.59615,0.15000,0.15000,0.00000,0.00000,10558,10708,0.000000,0.000000
89.68,3.25519,0.05775,0.09228,AUTO,HAZARD_VISION_STOP,0.0000,0.0000,0.0000,0.0000,0.0000,0.0000,3,25.59615,0.15000,0.15000,0.00000,0.00000,10558,10708,0.000000,0.000000
89.70,3.25519,0.05775,0.09228,AUTO,HAZARD_VISION_STOP,0.0000,0.0000,0.0000,0.0000,0.0000,0.0000,3,25.59615,0.15000,0.15000,0.00000,0.00000,10558,10708,0.000000,0.000000
89.72,3.25519,0.05775,0.09228,AUTO,HAZARD_VISION_STOP,0.0000,0.0000,0.0000,0.0000,0.0000,0.0000,3,25.59615,0.15000,0.15000,0.00000,0.00000,10558,10708,0.000000,0.000000
89.74,3.25519,0.05775,0.09228,AUTO,HAZARD_VISION_STOP,0.0000,0.0000,0.0000,0.0000,0.0000,0.0000,3,25.59615,0.15000,0.15000,0.00000,0.00000,10558,10708,0.000000,0.000000
89.76,3.25519,0.05775,0.09228,AUTO,HAZARD_VISION_STOP,0.0000,0.0000,0.0000,0.0000,0.0000,0.0000,3,25.59615,0.15000,0.15000,0.00000,0.00000,10558,10708,0.000000,0.000000
89.78,3.25519,0.05775,0.09228,AUTO,HAZARD_VISION_STOP,0.0000,0.0000,0.0000,0.0000,0.0000,0.0000,3,25.59615,0.15000,0.15000,0.00000,0.00000,10558,10708,0.000000,0.000000
89.80,3.25519,0.05775,0.09228,AUTO,HAZARD_VISION_STOP,0.0000,0.0000,0.0000,0.0000,0.0000,0.0000,3,25.59615,0.15000,0.15000,0.00000,0.00000,10558,10708,0.000000,0.000000
89.82,3.25519,0.05775,0.09228,AUTO,HAZARD_VISION_STOP,0.0000,0.0000,0.0000,0.0000,0.0000,0.0000,3,25.59615,0.15000,0.15000,0.00000,0.00000,10558,10708,0.000000,0.000000
89.84,3.25519,0.05775,0.09228,AUTO,HAZARD_VISION_STOP,0.0000,0.0000,0.0000,0.0000,0.0000,0.0000,3,25.59615,0.15000,0.15000,0.00000,0.00000,10558,10708,0.000000,0.000000
89.86,3.25519,0.05775,0.09228,AUTO,HAZARD_VISION_STOP,0.0000,0.0000,0.0000,0.0000,0.0000,0.0000,3,25.59615,0.15000,0.15000,0.00000,0.00000,10558,10708,0.000000,0.000000
89.88,3.25519,0.05775,0.09228,AUTO,HAZARD_VISION_STOP,0.0000,0.0000,0.0000,0.0000,0.0000,0.0000,3,25.59615,0.15000,0.15000,0.00000,0.00000,10558,10708,0.000000,0.000000
89.90,3.25519,0.05775,0.09228,AUTO,HAZARD_VISION_STOP,0.0000,0.0000,0.0000,0.0000,0.0000,0.0000,3,25.59615,0.15000,0.15000,0.00000,0.00000,10558,10708,0.000000,0.000000
89.92,3.25519,0.05775,0.09228,AUTO,HAZARD_VISION_STOP,0.0000,0.0000,0.0000,0.0000,0.0000,0.0000,3,25.59615,0.15000,0.15000,0.00000,0.00000,10558,10708,0.000000,0.000000
89.94,3.25519,0.05775,0.09228,AUTO,HAZARD_VISION_STOP,0.0000,0.0000,0.0000,0.0000,0.0000,0.0000,3,25.59615,0.15000,0.15000,0.00000,0.00000,10558,10708,0.000000,0.000000
89.96,3.25519,0.05775,0.09228,AUTO,HAZARD_VISION_STOP,0.0000,0.0000,0.0000,0.0000,0.0000,0.0000,3,25.59615,0.15000,0.15000,0.00000,0.00000,10558,10708,0.000000,0.000000
89.98,3.25519,0.05775,0.09228,AUTO,HAZARD_VISION_STOP,0.0000,0.0000,0.0000,0.0000,0.0000,0.0000,3,25.59615,0.15000,0.15000,0.00000,0.00000,10558,10708,0.000000,0.000000
