t_s,x_m,y_m,heading_rad,mode,reason,v_m_s,w_rad_s,left_duty,right_duty,brush_duty,belt_duty,collected
0.00,0.00000,0.00000,0.00000,AUTO,MODEL_PROPOSAL,0.1999,0.0666,0.0400,0.0400,0.0000,0.0000,0
0.02,0.00003,0.00000,0.00000,AUTO,MODEL_PROPOSAL,0.1999,0.0666,0.0800,0.0800,0.0000,0.0000,0
0.04,0.00011,0.00000,0.00000,AUTO,MODEL_PROPOSAL,0.1999,0.0666,0.1200,0.1200,0.0000,0.0000,0
0.06,0.00028,0.00000,0.00000,AUTO,MODEL_PROPOSAL,0.1999,0.0667,0.1600,0.1600,0.0000,0.0000,0
0.08,0.00056,0.00000,0.00000,AUTO,MODEL_PROPOSAL,0.1999,0.0667,0.2000,0.2000,0.0000,0.0000,0
0.10,0.00098,0.00000,0.00000,AUTO,MODEL_PROPOSAL,0.1999,0.0667,0.2400,0.2400,0.0000,0.0000,0
0.12,0.00155,0.00000,0.00000,AUTO,MODEL_PROPOSAL,0.1999,0.0667,0.2800,0.2800,0.0000,0.0000,0
0.14,0.00229,0.00000,0.00000,AUTO,MODEL_PROPOSAL,0.1999,0.0667,0.3200,0.3200,0.0000,0.0000,0
0.16,0.00322,0.00000,0.00000,AUTO,MODEL_PROPOSAL,0.1999,0.0668,0.3600,0.3600,0.0000,0.0000,0
0.18,0.00435,0.00000,0.00000,AUTO,MODEL_PROPOSAL,0.1999,0.0668,0.4000,0.4000,0.0000,0.0000,0
0.20,0.00570,0.00000,0.00000,AUTO,MODEL_PROPOSAL,0.1999,0.0669,0.4400,0.4400,0.0000,0.0000,0
0.22,0.00727,0.00000,0.00000,AUTO,MODEL_PROPOSAL,0.1999,0.0670,0.4800,0.4800,0.0000,0.0000,0
0.24,0.00908,0.00000,0.00000,AUTO,MODEL_PROPOSAL,0.1999,0.0670,0.5200,0.5200,0.0000,0.0000,0
0.26,0.01114,0.00000,0.00000,AUTO,MODEL_PROPOSAL,0.1999,0.0671,0.5600,0.5600,0.0000,0.0000,0
0.28,0.01345,0.00000,0.00000,AUTO,MODEL_PROPOSAL,0.1999,0.0672,0.5716,0.6000,0.0000,0.0000,0
0.30,0.01601,0.00000,0.00004,AUTO,MODEL_PROPOSAL,0.1999,0.0673,0.5727,0.6400,0.0000,0.0000,0
0.32,0.01881,0.00000,0.00017,AUTO,MODEL_PROPOSAL,0.1999,0.0671,0.5554,0.6800,0.0000,0.0000,0
0.34,0.02184,0.00000,0.00048,AUTO,MODEL_PROPOSAL,0.1999,0.0667,0.5380,0.6547,0.0000,0.0000,0
0.36,0.02507,0.00000,0.00096,AUTO,MODEL_PROPOSAL,0.1999,0.0658,0.5394,0.6736,0.0000,0.0000,0
0.38,0.02847,0.00001,0.00162,AUTO,MODEL_PROPOSAL,0.1999,0.0647,0.5411,0.6363,0.0000,0.0000,0
0.40,0.03201,0.00002,0.00238,AUTO,MODEL_PROPOSAL,0.1999,0.0633,0.5243,0.6357,0.0000,0.0000,0
0.42,0.03567,0.00003,0.00325,AUTO,MODEL_PROPOSAL,0.1999,0.0617,0.5073,0.6162,0.0000,0.0000,0
0.44,0.03943,0.00004,0.00421,AUTO,MODEL_PROPOSAL,0.1999,0.0600,0.5277,0.6149,0.0000,0.0000,0
0.46,0.04327,0.00006,0.00523,AUTO,MODEL_PROPOSAL,0.1999,0.0581,0.5111,0.6135,0.0000,0.0000,0
0.48,0.04719,0.00009,0.00631,AUTO,MODEL_PROPOSAL,0.1999,0.0561,0.5130,0.5932,0.0000,0.0000,0
0.50,0.05116,0.00011,0.00742,AUTO,MODEL_PROPOSAL,0.1999,0.0540,0.5150,0.5913,0.0000,0.0000,0
0.52,0.05518,0.00015,0.00854,AUTO,MODEL_PROPOSAL,0.1999,0.0519,0.5170,0.5893,0.0000,0.0000,0
0.54,0.05925,0.00019,0.00967,AUTO,MODEL_PROPOSAL,0.1999,0.0498,0.5191,0.5873,0.0000,0.0000,0
0.56,0.06335,0.00023,0.01080,AUTO,MODEL_PROPOSAL,0.1999,0.0477,0.5024,0.5853,0.0000,0.0000,0
0.58,0.06748,0.00028,0.01194,AUTO,MODEL_PROPOSAL,0.1999,0.0455,0.5229,0.5646,0.0000,0.0000,0
0.60,0.07164,0.00033,0.01305,AUTO,MODEL_PROPOSAL,0.2000,0.0434,0.5063,0.5810,0.0000,0.0000,0
0.62,0.07582,0.00039,0.01416,AUTO,MODEL_PROPOSAL,0.2000,0.0413,0.5080,0.5603,0.0000,0.0000,0
0.64,0.08000,0.00045,0.01524,AUTO,MODEL_PROPOSAL,0.2000,0.0393,0.5285,0.5767,0.0000,0.0000,0
0.66,0.08421,0.00052,0.01629,AUTO,MODEL_PROPOSAL,0.2000,0.0373,0.5117,0.5560,0.0000,0.0000,0
0.68,0.08844,0.00059,0.01731,AUTO,MODEL_PROPOSAL,0.2000,0.0354,0.5134,0.5726,0.0000,0.0000,0
0.70,0.09267,0.00067,0.01831,AUTO,MODEL_PROPOSAL,0.2000,0.0335,0.5150,0.5520,0.0000,0.0000,0
0.72,0.09690,0.00075,0.01928,AUTO,MODEL_PROPOSAL,0.2000,0.0316,0.5165,0.5498,0.0000,0.0000,0
0.74,0.10114,0.00083,0.02020,AUTO,MODEL_PROPOSAL,0.2000,0.0299,0.5180,0.5665,0.0000,0.0000,0
0.76,0.10539,0.00092,0.02110,AUTO,MODEL_PROPOSAL,0.2000,0.0282,0.5195,0.5460,0.0000,0.0000,0
0.78,0.10965,0.00101,0.02196,AUTO,MODEL_PROPOSAL,0.2000,0.0265,0.5022,0.5628,0.0000,0.0000,0
0.80,0.11390,0.00111,0.02282,AUTO,MODEL_PROPOSAL,0.2000,0.0249,0.5220,0.5424,0.0000,0.0000,0
0.82,0.11815,0.00121,0.02363,AUTO,MODEL_PROPOSAL,0.2000,0.0233,0.5233,0.5592,0.0000,0.0000,0
0.84,0.12241,0.00131,0.02441,AUTO,MODEL_PROPOSAL,0.2000,0.0218,0.5246,0.5389,0.0000,0.0000,0
0.86,0.12667,0.00142,0.02515,AUTO,MODEL_PROPOSAL,0.2000,0.0204,0.5258,0.5558,0.0000,0.0000,0
0.88,0.13094,0.00153,0.02584,AUTO,MODEL_PROPOSAL,0.2000,0.0191,0.5083,0.5357,0.0000,0.0000,0
0.90,0.13520,0.00164,0.02652,AUTO,MODEL_PROPOSAL,0.2000,0.0178,0.5278,0.5527,0.0000,0.0000,0
0.92,0.13946,0.00176,0.02716,AUTO,MODEL_PROPOSAL,0.2000,0.0166,0.5289,0.5326,0.0000,0.0000,0
0.94,0.14372,0.00187,0.02775,AUTO,MODEL_PROPOSAL,0.2000,0.0154,0.5111,0.5498,0.0000,0.0000,0
0.96,0.14798,0.00199,0.02832,AUTO,MODEL_PROPOSAL,0.2000,0.0143,0.5305,0.5485,0.0000,0.0000,0
0.98,0.15225,0.00212,0.02888,AUTO,MODEL_PROPOSAL,0.2000,0.0133,0.5127,0.5286,0.0000,0.0000,0
1.00,0.15650,0.00224,0.02940,AUTO,MODEL_PROPOSAL,0.2000,0.0123,0.5320,0.5459,0.0000,0.0000,0
1.02,0.16076,0.00237,0.02989,AUTO,MODEL_PROPOSAL,0.2000,0.0113,0.5142,0.5447,0.0000,0.0000,0
1.04,0.16502,0.00250,0.03038,AUTO,MODEL_PROPOSAL,0.2000,0.0104,0.5334,0.5249,0.0000,0.0000,0
1.06,0.16927,0.00263,0.03081,AUTO,MODEL_PROPOSAL,0.2000,0.0095,0.5154,0.5423,0.0000,0.0000,0
1.08,0.17353,0.00276,0.03123,AUTO,MODEL_PROPOSAL,0.2000,0.0087,0.5345,0.5413,0.0000,0.0000,0
1.10,0.17778,0.00289,0.03162,AUTO,MODEL_PROPOSAL,0.2000,0.0080,0.5165,0.5404,0.0000,0.0000,0
1.12,0.18204,0.00303,0.03201,AUTO,MODEL_PROPOSAL,0.2000,0.0072,0.5356,0.5207,0.0000,0.0000,0
1.14,0.18629,0.00317,0.03234,AUTO,MODEL_PROPOSAL,0.2000,0.0066,0.5174,0.5382,0.0000,0.0000,0
1.16,0.19054,0.00330,0.03266,AUTO,MODEL_PROPOSAL,0.2000,0.0060,0.5177,0.5374,0.0000,0.0000,0
1.18,0.19478,0.00344,0.03298,AUTO,MODEL_PROPOSAL,0.2000,0.0053,0.5366,0.5366,0.0000,0.0000,0
1.20,0.19903,0.00359,0.03327,AUTO,MODEL_PROPOSAL,0.2000,0.0048,0.5184,0.5358,0.0000,0.0000,0
1.22,0.20327,0.00373,0.03356,AUTO,MODEL_PROPOSAL,0.2000,0.0042,0.5374,0.5350,0.0000,0.0000,0
1.24,0.20752,0.00387,0.03381,AUTO,MODEL_PROPOSAL,0.2000,0.0037,0.5191,0.5342,0.0000,0.0000,0
1.26,0.21177,0.00402,0.03406,AUTO,MODEL_PROPOSAL,0.2000,0.0032,0.5192,0.5335,0.0000,0.0000,0
1.28,0.21601,0.00416,0.03431,AUTO,MODEL_PROPOSAL,0.2000,0.0028,0.5381,0.5328,0.0000,0.0000,0
1.30,0.22026,0.00431,0.03453,AUTO,MODEL_PROPOSAL,0.2000,0.0023,0.5198,0.5321,0.0000,0.0000,0
1.32,0.22450,0.00445,0.03474,AUTO,MODEL_PROPOSAL,0.2000,0.0019,0.5199,0.5314,0.0000,0.0000,0
1.34,0.22874,0.00460,0.03494,AUTO,MODEL_PROPOSAL,0.2000,0.0015,0.5386,0.5308,0.0000,0.0000,0
1.36,0.23298,0.00475,0.03512,AUTO,MODEL_PROPOSAL,0.2000,0.0011,0.5203,0.5302,0.0000,0.0000,0
1.38,0.23721,0.00490,0.03529,AUTO,MODEL_PROPOSAL,0.2000,0.0008,0.5203,0.5296,0.0000,0.0000,0
1.40,0.24145,0.00505,0.03546,AUTO,MODEL_PROPOSAL,0.2000,0.0005,0.5390,0.5290,0.0000,0.0000,0
1.42,0.24568,0.00520,0.03560,AUTO,MODEL_PROPOSAL,0.2000,0.0002,0.5206,0.5284,0.0000,0.0000,0
1.44,0.24991,0.00535,0.03573,AUTO,MODEL_PROPOSAL,0.2000,-0.0001,0.5205,0.5279,0.0000,0.0000,0
1.46,0.25414,0.00550,0.03586,AUTO,MODEL_PROPOSAL,0.2000,-0.0003,0.5392,0.5273,0.0000,0.0000,0
1.48,0.25837,0.00566,0.03596,AUTO,MODEL_PROPOSAL,0.2000,-0.0005,0.5207,0.5268,0.0000,0.0000,0
1.50,0.26260,0.00581,0.03606,AUTO,MODEL_PROPOSAL,0.2000,-0.0007,0.5205,0.5264,0.0000,0.0000,0
1.52,0.26682,0.00596,0.03615,AUTO,MODEL_PROPOSAL,0.2000,-0.0009,0.5204,0.5446,0.0000,0.0000,0
1.54,0.27105,0.00611,0.03627,AUTO,MODEL_PROPOSAL,0.2000,-0.0012,0.5391,0.5257,0.0000,0.0000,0
1.56,0.27528,0.00627,0.03637,AUTO,MODEL_PROPOSAL,0.2000,-0.0014,0.5206,0.5252,0.0000,0.0000,0
1.58,0.27950,0.00642,0.03646,AUTO,MODEL_PROPOSAL,0.2000,-0.0015,0.5205,0.5247,0.0000,0.0000,0
1.60,0.28372,0.00658,0.03655,AUTO,MODEL_PROPOSAL,0.2000,-0.0017,0.5390,0.5242,0.0000,0.0000,0
1.62,0.28794,0.00673,0.03661,AUTO,MODEL_PROPOSAL,0.2000,-0.0018,0.5205,0.5238,0.0000,0.0000,0
1.64,0.29216,0.00689,0.03666,AUTO,MODEL_PROPOSAL,0.2000,-0.0020,0.5203,0.5234,0.0000,0.0000,0
1.66,0.29637,0.00704,0.03671,AUTO,MODEL_PROPOSAL,0.2000,-0.0021,0.5388,0.5417,0.0000,0.0000,0
1.68,0.30059,0.00720,0.03676,AUTO,MODEL_PROPOSAL,0.2000,-0.0022,0.5202,0.5229,0.0000,0.0000,0
1.70,0.30481,0.00735,0.03681,AUTO,MODEL_PROPOSAL,0.2000,-0.0023,0.5200,0.5225,0.0000,0.0000,0
1.72,0.30903,0.00751,0.03686,AUTO,MODEL_PROPOSAL,0.2000,-0.0024,0.5199,0.5221,0.0000,0.0000,0
1.74,0.31323,0.00766,0.03691,AUTO,MODEL_PROPOSAL,0.2000,-0.0025,0.5384,0.5404,0.0000,0.0000,0
1.76,0.31745,0.00782,0.03695,AUTO,MODEL_PROPOSAL,0.2000,-0.0026,0.5198,0.5216,0.0000,0.0000,0
1.78,0.32166,0.00797,0.03700,AUTO,MODEL_PROPOSAL,0.2000,-0.0027,0.5196,0.5212,0.0000,0.0000,0
1.80,0.32587,0.00813,0.03704,AUTO,MODEL_PROPOSAL,0.2000,-0.0028,0.5381,0.5208,0.0000,0.0000,0
1.82,0.33008,0.00829,0.03706,AUTO,MODEL_PROPOSAL,0.2000,-0.0028,0.5195,0.5204,0.0000,0.0000,0
1.84,0.33429,0.00844,0.03706,AUTO,MODEL_PROPOSAL,0.2000,-0.0029,0.5192,0.5388,0.0000,0.0000,0
1.86,0.33849,0.00860,0.03710,AUTO,MODEL_PROPOSAL,0.2000,-0.0029,0.5190,0.5200,0.0000,0.0000,0
1.88,0.34269,0.00875,0.03714,AUTO,MODEL_PROPOSAL,0.2000,-0.0030,0.5375,0.5196,0.0000,0.0000,0
1.90,0.34690,0.00891,0.03715,AUTO,MODEL_PROPOSAL,0.2000,-0.0031,0.5189,0.5380,0.0000,0.0000,0
1.92,0.35110,0.00907,0.03718,AUTO,MODEL_PROPOSAL,0.2000,-0.0031,0.5186,0.5192,0.0000,0.0000,0
1.94,0.35530,0.00922,0.03721,AUTO,MODEL_PROPOSAL,0.2000,-0.0032,0.5372,0.5189,0.0000,0.0000,0
1.96,0.35951,0.00938,0.03722,AUTO,MODEL_PROPOSAL,0.2000,-0.0032,0.5185,0.5185,0.0000,0.0000,0
1.98,0.36370,0.00954,0.03722,AUTO,MODEL_PROPOSAL,0.2000,-0.0032,0.5182,0.5369,0.0000,0.0000,0
2.00,0.36790,0.00969,0.03724,AUTO,MODEL_PROPOSAL,0.1980,-0.0033,0.5292,0.5106,0.0000,0.0000,0
2.02,0.37210,0.00985,0.03724,AUTO,MODEL_PROPOSAL,0.1950,-0.0033,0.4995,0.4993,0.0000,0.0000,0
2.04,0.37627,0.01000,0.03724,AUTO,MODEL_PROPOSAL,0.1921,-0.0033,0.4883,0.5067,0.0000,0.0000,0
2.06,0.38043,0.01016,0.03726,AUTO,MODEL_PROPOSAL,0.1892,-0.0034,0.4958,0.4770,0.0000,0.0000,0
2.08,0.38456,0.01031,0.03726,AUTO,MODEL_PROPOSAL,0.1863,-0.0034,0.4661,0.4844,0.0000,0.0000,0
2.10,0.38865,0.01046,0.03728,AUTO,MODEL_PROPOSAL,0.1834,-0.0034,0.4736,0.4547,0.0000,0.0000,0
2.12,0.39271,0.01062,0.03727,AUTO,MODEL_PROPOSAL,0.1806,-0.0034,0.4628,0.4621,0.0000,0.0000,0
2.14,0.39673,0.01077,0.03726,AUTO,MODEL_PROPOSAL,0.1778,-0.0034,0.4519,0.4513,0.0000,0.0000,0
2.16,0.40071,0.01091,0.03725,AUTO,MODEL_PROPOSAL,0.1750,-0.0034,0.4412,0.4405,0.0000,0.0000,0
2.18,0.40464,0.01106,0.03724,AUTO,MODEL_PROPOSAL,0.1722,-0.0034,0.4304,0.4297,0.0000,0.0000,0
2.20,0.40851,0.01121,0.03723,AUTO,MODEL_PROPOSAL,0.1695,-0.0034,0.4198,0.4378,0.0000,0.0000,0
2.22,0.41234,0.01135,0.03725,AUTO,MODEL_PROPOSAL,0.1668,-0.0034,0.4280,0.4088,0.0000,0.0000,0
2.24,0.41613,0.01149,0.03724,AUTO,MODEL_PROPOSAL,0.1642,-0.0034,0.3991,0.4170,0.0000,0.0000,0
2.26,0.41985,0.01163,0.03725,AUTO,MODEL_PROPOSAL,0.1616,-0.0035,0.4074,0.4068,0.0000,0.0000,0
2.28,0.42353,0.01176,0.03727,AUTO,MODEL_PROPOSAL,0.1590,-0.0035,0.3975,0.3967,0.0000,0.0000,0
2.30,0.42715,0.01190,0.03728,AUTO,MODEL_PROPOSAL,0.1565,-0.0036,0.3876,0.3867,0.0000,0.0000,0
2.32,0.43072,0.01203,0.03729,AUTO,MODEL_PROPOSAL,0.1540,-0.0036,0.3965,0.3768,0.0000,0.0000,0
2.34,0.43424,0.01216,0.03727,AUTO,MODEL_PROPOSAL,0.1515,-0.0036,0.3683,0.3858,0.0000,0.0000,0
2.36,0.43770,0.01229,0.03727,AUTO,MODEL_PROPOSAL,0.1491,-0.0036,0.3774,0.3577,0.0000,0.0000,0
2.38,0.44111,0.01242,0.03725,AUTO,MODEL_PROPOSAL,0.1467,-0.0036,0.3681,0.3668,0.0000,0.0000,0
2.40,0.44447,0.01255,0.03723,AUTO,MODEL_PROPOSAL,0.1443,-0.0035,0.3589,0.3576,0.0000,0.0000,0
2.42,0.44778,0.01267,0.03720,AUTO,MODEL_PROPOSAL,0.1420,-0.0035,0.3497,0.3485,0.0000,0.0000,0
2.44,0.45103,0.01279,0.03717,AUTO,MODEL_PROPOSAL,0.1397,-0.0034,0.3407,0.3583,0.0000,0.0000,0
2.46,0.45424,0.01291,0.03717,AUTO,MODEL_PROPOSAL,0.1375,-0.0034,0.3505,0.3309,0.0000,0.0000,0
2.48,0.45739,0.01303,0.03716,AUTO,MODEL_PROPOSAL,0.1353,-0.0034,0.3420,0.3408,0.0000,0.0000,0
2.50,0.46050,0.01314,0.03713,AUTO,MODEL_PROPOSAL,0.1331,-0.0034,0.3335,0.3323,0.0000,0.0000,0
2.52,0.46356,0.01326,0.03710,AUTO,MODEL_PROPOSAL,0.1310,-0.0033,0.3251,0.3240,0.0000,0.0000,0
2.54,0.46657,0.01337,0.03708,AUTO,MODEL_PROPOSAL,0.1289,-0.0033,0.3168,0.3157,0.0000,0.0000,0
2.56,0.46953,0.01348,0.03705,AUTO,MODEL_PROPOSAL,0.1268,-0.0033,0.3085,0.3262,0.0000,0.0000,0
2.58,0.47245,0.01358,0.03706,AUTO,MODEL_PROPOSAL,0.1247,-0.0033,0.3192,0.2997,0.0000,0.0000,0
2.60,0.47532,0.01369,0.03704,AUTO,MODEL_PROPOSAL,0.1227,-0.0032,0.2927,0.3103,0.0000,0.0000,0
2.62,0.47814,0.01380,0.03704,AUTO,MODEL_PROPOSAL,0.1208,-0.0032,0.3035,0.3026,0.0000,0.0000,0
2.64,0.48092,0.01390,0.03705,AUTO,MODEL_PROPOSAL,0.1188,-0.0033,0.2959,0.2763,0.0000,0.0000,0
2.66,0.48365,0.01400,0.03702,AUTO,MODEL_PROPOSAL,0.1169,-0.0032,0.2884,0.3059,0.0000,0.0000,0
2.68,0.48634,0.01410,0.03702,AUTO,MODEL_PROPOSAL,0.1150,-0.0032,0.2810,0.2801,0.0000,0.0000,0
2.70,0.48898,0.01420,0.03702,AUTO,MODEL_PROPOSAL,0.1132,-0.0033,0.2924,0.2727,0.0000,0.0000,0
2.72,0.49158,0.01429,0.03700,COLLECT,PICKUP_START,0.0800,0.0000,0.2524,0.2327,0.6000,0.4500,0
2.74,0.49412,0.01439,0.03695,COLLECT,PICKUP_ACTIVE,0.0800,0.0000,0.2124,0.1927,0.6000,0.4500,0
2.76,0.49657,0.01448,0.03686,COLLECT,PICKUP_ACTIVE,0.0800,0.0000,0.1724,0.1689,0.6000,0.4500,0
2.78,0.49891,0.01456,0.03678,COLLECT,PICKUP_ACTIVE,0.0800,0.0000,0.1630,0.1680,0.6000,0.4500,0
2.80,0.50113,0.01465,0.03670,COLLECT,PICKUP_ACTIVE,0.0800,0.0000,0.1808,0.1859,0.6000,0.4500,0
2.82,0.50328,0.01472,0.03665,COLLECT,PICKUP_ACTIVE,0.0800,0.0000,0.1803,0.1853,0.6000,0.4500,0
2.84,0.50535,0.01480,0.03661,COLLECT,PICKUP_ACTIVE,0.0800,0.0000,0.1797,0.1848,0.6000,0.4500,0
2.86,0.50735,0.01487,0.03658,COLLECT,PICKUP_ACTIVE,0.0800,0.0000,0.1792,0.2030,0.6000,0.4500,0
2.88,0.50930,0.01494,0.03659,COLLECT,PICKUP_ACTIVE,0.0800,0.0000,0.1974,0.1840,0.6000,0.4500,0
2.90,0.51120,0.01501,0.03659,COLLECT,PICKUP_ACTIVE,0.0800,0.0000,0.1971,0.2022,0.6000,0.4500,0
2.92,0.51307,0.01508,0.03659,COLLECT,PICKUP_ACTIVE,0.0800,0.0000,0.1969,0.2019,0.6000,0.4500,0
2.94,0.51491,0.01515,0.03660,COLLECT,PICKUP_ACTIVE,0.0800,0.0000,0.1966,0.2017,0.6000,0.4500,0
2.96,0.51672,0.01522,0.03661,COLLECT,PICKUP_ACTIVE,0.0800,0.0000,0.1964,0.2014,0.6000,0.4500,0
2.98,0.51851,0.01528,0.03664,COLLECT,PICKUP_ACTIVE,0.0800,0.0000,0.1961,0.2012,0.6000,0.4500,0
3.00,0.52028,0.01535,0.03667,COLLECT,PICKUP_ACTIVE,0.0800,0.0000,0.1959,0.2010,0.6000,0.4500,0
3.02,0.52203,0.01541,0.03670,COLLECT,PICKUP_ACTIVE,0.0800,0.0000,0.2144,0.2194,0.6000,0.4500,0
3.04,0.52377,0.01548,0.03674,COLLECT,PICKUP_ACTIVE,0.0800,0.0000,0.1957,0.2008,0.6000,0.4500,0
3.06,0.52550,0.01554,0.03679,COLLECT,PICKUP_ACTIVE,0.0800,0.0000,0.1955,0.2005,0.6000,0.4500,0
3.08,0.52721,0.01560,0.03684,COLLECT,PICKUP_ACTIVE,0.0800,0.0000,0.2140,0.2190,0.6000,0.4500,0
3.10,0.52892,0.01567,0.03689,COLLECT,PICKUP_ACTIVE,0.0800,0.0000,0.1953,0.2004,0.6000,0.4500,0
3.12,0.53063,0.01573,0.03695,COLLECT,PICKUP_ACTIVE,0.0800,0.0000,0.2138,0.2001,0.6000,0.4500,0
3.14,0.53232,0.01579,0.03698,COLLECT,PICKUP_ACTIVE,0.0800,0.0000,0.1951,0.2186,0.6000,0.4500,0
3.16,0.53401,0.01585,0.03704,COLLECT,PICKUP_ACTIVE,0.0800,0.0000,0.2136,0.2000,0.6000,0.4500,0
3.18,0.53570,0.01592,0.03708,COLLECT,PICKUP_ACTIVE,0.0800,0.0000,0.1950,0.2184,0.6000,0.4500,0
3.20,0.53738,0.01598,0.03714,COLLECT,PICKUP_ACTIVE,0.0800,0.0000,0.2134,0.1998,0.6000,0.4500,0
3.22,0.53906,0.01604,0.03718,COLLECT,PICKUP_ACTIVE,0.0800,0.0000,0.1948,0.2183,0.6000,0.4500,0
3.24,0.54073,0.01610,0.03725,COLLECT,PICKUP_ACTIVE,0.0800,0.0000,0.2133,0.1996,0.6000,0.4500,0
3.26,0.54241,0.01617,0.03730,COLLECT,PICKUP_ACTIVE,0.0800,0.0000,0.2133,0.2181,0.6000,0.4500,0
3.28,0.54408,0.01623,0.03735,COLLECT,PICKUP_ACTIVE,0.0800,0.0000,0.1947,0.1994,0.6000,0.4500,0
3.30,0.54575,0.01629,0.03740,COLLECT,PICKUP_ACTIVE,0.0800,0.0000,0.2132,0.2179,0.6000,0.4500,0
3.32,0.54743,0.01635,0.03745,COLLECT,PICKUP_ACTIVE,0.0800,0.0000,0.1945,0.1993,0.6000,0.4500,0
3.34,0.54909,0.01642,0.03751,COLLECT,PICKUP_ACTIVE,0.0800,0.0000,0.2130,0.2177,0.6000,0.4500,0
3.36,0.55076,0.01648,0.03756,COLLECT,PICKUP_ACTIVE,0.0800,0.0000,0.2131,0.1991,0.6000,0.4500,0
3.38,0.55242,0.01654,0.03760,COLLECT,PICKUP_ACTIVE,0.0800,0.0000,0.1944,0.2176,0.6000,0.4500,0
3.40,0.55409,0.01660,0.03765,COLLECT,PICKUP_ACTIVE,0.0800,0.0000,0.2129,0.1989,0.6000,0.4500,0
3.42,0.55575,0.01667,0.03769,COLLECT,PICKUP_ACTIVE,0.0800,0.0000,0.1942,0.2174,0.6000,0.4500,0
3.44,0.55741,0.01673,0.03776,COLLECT,PICKUP_ACTIVE,0.0800,0.0000,0.2127,0.1987,0.6000,0.4500,0
3.46,0.55907,0.01679,0.03780,COLLECT,PICKUP_ACTIVE,0.0800,0.0000,0.2128,0.2172,0.6000,0.4500,0
3.48,0.56074,0.01685,0.03784,COLLECT,PICKUP_ACTIVE,0.0800,0.0000,0.1941,0.2173,0.6000,0.4500,0
3.50,0.56240,0.01692,0.03791,COLLECT,PICKUP_ACTIVE,0.0800,0.0000,0.2126,0.1986,0.6000,0.4500,0
3.52,0.56406,0.01698,0.03796,COLLECT,PICKUP_ACTIVE,0.0800,0.0000,0.1939,0.2171,0.6000,0.4500,0
3.54,0.56572,0.01704,0.03803,COLLECT,PICKUP_ACTIVE,0.0800,0.0000,0.2124,0.1984,0.6000,0.4500,0
3.56,0.56738,0.01711,0.03809,COLLECT,PICKUP_ACTIVE,0.0800,0.0000,0.2125,0.2169,0.6000,0.4500,0
3.58,0.56904,0.01717,0.03814,COLLECT,PICKUP_ACTIVE,0.0800,0.0000,0.1938,0.1983,0.6000,0.4500,0
3.60,0.57070,0.01723,0.03819,COLLECT,PICKUP_ACTIVE,0.0800,0.0000,0.2123,0.2167,0.6000,0.4500,0
3.62,0.57235,0.01730,0.03824,COLLECT,PICKUP_ACTIVE,0.0800,0.0000,0.2124,0.1981,0.6000,0.4500,0
3.64,0.57401,0.01736,0.03828,COLLECT,PICKUP_ACTIVE,0.0800,0.0000,0.1937,0.2166,0.6000,0.4500,0
3.66,0.57567,0.01742,0.03833,COLLECT,PICKUP_ACTIVE,0.0800,0.0000,0.2122,0.1979,0.6000,0.4500,0
3.68,0.57732,0.01749,0.03836,COLLECT,PICKUP_ACTIVE,0.0800,0.0000,0.1936,0.2164,0.6000,0.4500,0
3.70,0.57898,0.01755,0.03842,COLLECT,PICKUP_ACTIVE,0.0800,0.0000,0.2120,0.2165,0.6000,0.4500,0
3.72,0.58063,0.01762,0.03849,COLLECT,PICKUP_ACTIVE,0.0800,0.0000,0.2121,0.1978,0.6000,0.4500,0
3.74,0.58229,0.01768,0.03853,COLLECT,PICKUP_ACTIVE,0.0800,0.0000,0.1934,0.2163,0.6000,0.4500,0
3.76,0.58395,0.01774,0.03859,COLLECT,PICKUP_ACTIVE,0.0800,0.0000,0.2119,0.1976,0.6000,0.4500,0
3.78,0.58560,0.01781,0.03864,COLLECT,PICKUP_ACTIVE,0.0800,0.0000,0.2120,0.2161,0.6000,0.4500,0
3.80,0.58726,0.01787,0.03868,COLLECT,PICKUP_ACTIVE,0.0800,0.0000,0.1933,0.1975,0.6000,0.4500,0
3.82,0.58891,0.01793,0.03872,COLLECT,PICKUP_ACTIVE,0.0800,0.0000,0.2118,0.2159,0.6000,0.4500,0
3.84,0.59056,0.01800,0.03876,COLLECT,PICKUP_ACTIVE,0.0800,0.0000,0.2119,0.1973,0.6000,0.4500,0
3.86,0.59221,0.01806,0.03879,COLLECT,PICKUP_ACTIVE,0.0800,0.0000,0.1932,0.2158,0.6000,0.4500,0
3.88,0.59387,0.01813,0.03883,COLLECT,PICKUP_ACTIVE,0.0800,0.0000,0.2117,0.2158,0.6000,0.4500,0
3.90,0.59552,0.01819,0.03889,COLLECT,PICKUP_ACTIVE,0.0800,0.0000,0.2118,0.1972,0.6000,0.4500,0
3.92,0.59718,0.01826,0.03892,COLLECT,PICKUP_ACTIVE,0.0800,0.0000,0.1931,0.2157,0.6000,0.4500,0
3.94,0.59883,0.01832,0.03897,COLLECT,PICKUP_ACTIVE,0.0800,0.0000,0.2116,0.1970,0.6000,0.4500,0
3.96,0.60048,0.01839,0.03900,COLLECT,PICKUP_ACTIVE,0.0800,0.0000,0.1929,0.2155,0.6000,0.4500,0
3.98,0.60213,0.01845,0.03906,COLLECT,PICKUP_ACTIVE,0.0800,0.0000,0.2114,0.1968,0.6000,0.4500,0
4.00,0.60378,0.01851,0.03910,COLLECT,PICKUP_ACTIVE,0.0800,0.0000,0.2115,0.2153,0.6000,0.4500,0
4.02,0.60543,0.01858,0.03913,COLLECT,PICKUP_ACTIVE,0.0800,0.0000,0.1928,0.2154,0.6000,0.4500,0
4.04,0.60708,0.01864,0.03920,COLLECT,PICKUP_ACTIVE,0.0800,0.0000,0.2113,0.1967,0.6000,0.4500,0
4.06,0.60873,0.01871,0.03924,COLLECT,PICKUP_ACTIVE,0.0800,0.0000,0.2114,0.2152,0.6000,0.4500,0
4.08,0.61038,0.01877,0.03928,COLLECT,PICKUP_ACTIVE,0.0800,0.0000,0.1927,0.1966,0.6000,0.4500,0
4.10,0.61203,0.01884,0.03932,COLLECT,PICKUP_ACTIVE,0.0800,0.0000,0.2112,0.2150,0.6000,0.4500,0
4.12,0.61368,0.01890,0.03937,COLLECT,PICKUP_ACTIVE,0.0800,0.0000,0.2113,0.2151,0.6000,0.4500,0
4.14,0.61533,0.01897,0.03941,COLLECT,PICKUP_ACTIVE,0.0800,0.0000,0.1926,0.1964,0.6000,0.4500,0
4.16,0.61698,0.01903,0.03946,COLLECT,PICKUP_ACTIVE,0.0800,0.0000,0.2111,0.2149,0.6000,0.4500,0
4.18,0.61863,0.01910,0.03951,COLLECT,PICKUP_ACTIVE,0.0800,0.0000,0.2112,0.1963,0.6000,0.4500,0
4.20,0.62028,0.01916,0.03953,COLLECT,PICKUP_ACTIVE,0.0800,0.0000,0.1925,0.2147,0.6000,0.4500,0
4.22,0.62193,0.01923,0.03958,COLLECT,PICKUP_ACTIVE,0.0800,0.0000,0.2110,0.1961,0.6000,0.4500,0
4.24,0.62357,0.01929,0.03961,COLLECT,PICKUP_ACTIVE,0.0800,0.0000,0.2110,0.2146,0.6000,0.4500,0
4.26,0.62522,0.01936,0.03964,COLLECT,PICKUP_ACTIVE,0.0800,0.0000,0.1924,0.2146,0.6000,0.4500,0
4.28,0.62687,0.01942,0.03969,COLLECT,PICKUP_ACTIVE,0.0800,0.0000,0.2109,0.1960,0.6000,0.4500,0
4.30,0.62852,0.01949,0.03973,COLLECT,PICKUP_ACTIVE,0.0800,0.0000,0.2109,0.2145,0.6000,0.4500,0
4.32,0.63017,0.01956,0.03976,COLLECT,PICKUP_ACTIVE,0.0800,0.0000,0.1923,0.1958,0.6000,0.4500,0
4.34,0.63181,0.01962,0.03979,COLLECT,PICKUP_ACTIVE,0.0800,0.0000,0.2108,0.2143,0.6000,0.4500,0
4.36,0.63346,0.01969,0.03983,COLLECT,PICKUP_ACTIVE,0.0800,0.0000,0.2108,0.2143,0.6000,0.4500,0
4.38,0.63511,0.01975,0.03987,COLLECT,PICKUP_ACTIVE,0.0800,0.0000,0.1922,0.1957,0.6000,0.4500,0
4.40,0.63675,0.01982,0.03991,COLLECT,PICKUP_ACTIVE,0.0800,0.0000,0.2107,0.2142,0.6000,0.4500,0
4.42,0.63840,0.01988,0.03995,COLLECT,PICKUP_ACTIVE,0.0800,0.0000,0.2107,0.1955,0.6000,0.4500,0
4.44,0.64004,0.01995,0.03997,COLLECT,PICKUP_ACTIVE,0.0800,0.0000,0.1921,0.2140,0.6000,0.4500,0
4.46,0.64169,0.02002,0.04001,COLLECT,PICKUP_ACTIVE,0.0800,0.0000,0.2105,0.2141,0.6000,0.4500,0
4.48,0.64333,0.02008,0.04006,COLLECT,PICKUP_ACTIVE,0.0800,0.0000,0.2106,0.1954,0.6000,0.4500,0
4.50,0.64498,0.02015,0.04009,COLLECT,PICKUP_ACTIVE,0.0800,0.0000,0.1920,0.2139,0.6000,0.4500,0
4.52,0.64662,0.02021,0.04013,COLLECT,PICKUP_ACTIVE,0.0800,0.0000,0.2104,0.1952,0.6000,0.4500,0
4.54,0.64827,0.02028,0.04016,COLLECT,PICKUP_ACTIVE,0.0800,0.0000,0.2105,0.2137,0.6000,0.4500,0
4.56,0.64991,0.02035,0.04019,COLLECT,PICKUP_ACTIVE,0.0800,0.0000,0.1919,0.2138,0.6000,0.4500,0
4.58,0.65156,0.02041,0.04024,COLLECT,PICKUP_ACTIVE,0.0800,0.0000,0.2103,0.1951,0.6000,0.4500,0
4.60,0.65320,0.02048,0.04027,COLLECT,PICKUP_ACTIVE,0.0800,0.0000,0.2104,0.2136,0.6000,0.4500,0
4.62,0.65484,0.02054,0.04030,COLLECT,PICKUP_ACTIVE,0.0800,0.0000,0.1917,0.2137,0.6000,0.4500,0
4.64,0.65649,0.02061,0.04036,COLLECT,PICKUP_ACTIVE,0.0800,0.0000,0.2102,0.1950,0.6000,0.4500,0
4.66,0.65813,0.02068,0.04040,COLLECT,PICKUP_ACTIVE,0.0800,0.0000,0.2103,0.2135,0.6000,0.4500,0
4.68,0.65978,0.02074,0.04043,COLLECT,PICKUP_ACTIVE,0.0800,0.0000,0.1916,0.1948,0.6000,0.4500,0
4.70,0.66142,0.02081,0.04047,COLLECT,PICKUP_ACTIVE,0.0800,0.0000,0.2101,0.2133,0.6000,0.4500,0
4.72,0.66306,0.02088,0.04050,COLLECT,PICKUP_ACTIVE,0.0800,0.0000,0.2102,0.2134,0.6000,0.4500,0
4.74,0.66470,0.02094,0.04054,COLLECT,PICKUP_ACTIVE,0.0800,0.0000,0.1915,0.1947,0.6000,0.4500,0
4.76,0.66634,0.02101,0.04058,COLLECT,PICKUP_ACTIVE,0.0800,0.0000,0.2100,0.2132,0.6000,0.4500,0
4.78,0.66798,0.02108,0.04062,COLLECT,PICKUP_ACTIVE,0.0800,0.0000,0.2101,0.1946,0.6000,0.4500,0
4.80,0.66962,0.02114,0.04064,COLLECT,PICKUP_ACTIVE,0.0800,0.0000,0.1914,0.2130,0.6000,0.4500,0
4.82,0.67126,0.02121,0.04068,COLLECT,PICKUP_ACTIVE,0.0800,0.0000,0.2099,0.2131,0.6000,0.4500,0
4.84,0.67290,0.02128,0.04072,COLLECT,PICKUP_ACTIVE,0.0800,0.0000,0.2100,0.1945,0.6000,0.4500,0
4.86,0.67454,0.02134,0.04075,COLLECT,PICKUP_ACTIVE,0.0800,0.0000,0.1913,0.2129,0.6000,0.4500,0
4.88,0.67618,0.02141,0.04079,COLLECT,PICKUP_ACTIVE,0.0800,0.0000,0.2098,0.2130,0.6000,0.4500,0
4.90,0.67782,0.02148,0.04084,COLLECT,PICKUP_ACTIVE,0.0800,0.0000,0.2099,0.1943,0.6000,0.4500,0
4.92,0.67946,0.02154,0.04087,COLLECT,PICKUP_ACTIVE,0.0800,0.0000,0.1912,0.2128,0.6000,0.4500,0
4.94,0.68110,0.02161,0.04091,COLLECT,PICKUP_ACTIVE,0.0800,0.0000,0.2097,0.1942,0.6000,0.4500,0
4.96,0.68274,0.02168,0.04094,COLLECT,PICKUP_ACTIVE,0.0800,0.0000,0.2097,0.2126,0.6000,0.4500,0
4.98,0.68438,0.02175,0.04096,COLLECT,PICKUP_ACTIVE,0.0800,0.0000,0.1911,0.2127,0.6000,0.4500,0
5.00,0.68602,0.02181,0.04101,COLLECT,PICKUP_ACTIVE,0.0800,0.0000,0.2096,0.1941,0.6000,0.4500,0
5.02,0.68765,0.02188,0.04105,COLLECT,PICKUP_ACTIVE,0.0800,0.0000,0.2096,0.2125,0.6000,0.4500,0
5.04,0.68929,0.02195,0.04108,COLLECT,PICKUP_ACTIVE,0.0800,0.0000,0.1910,0.2126,0.6000,0.4500,0
5.06,0.69093,0.02201,0.04113,COLLECT,PICKUP_ACTIVE,0.0800,0.0000,0.2095,0.1940,0.6000,0.4500,0
5.08,0.69256,0.02208,0.04117,COLLECT,PICKUP_ACTIVE,0.0800,0.0000,0.2095,0.2124,0.6000,0.4500,0
5.10,0.69420,0.02215,0.04120,COLLECT,PICKUP_ACTIVE,0.0800,0.0000,0.2096,0.1938,0.6000,0.4500,0
5.12,0.69584,0.02222,0.04120,COLLECT,PICKUP_ACTIVE,0.0800,0.0000,0.1909,0.2123,0.6000,0.4500,0
5.14,0.69748,0.02228,0.04123,COLLECT,PICKUP_ACTIVE,0.0800,0.0000,0.2094,0.2123,0.6000,0.4500,0
5.16,0.69912,0.02235,0.04127,COLLECT,PICKUP_ACTIVE,0.0800,0.0000,0.2095,0.1937,0.6000,0.4500,0
5.18,0.70075,0.02242,0.04128,COLLECT,PICKUP_ACTIVE,0.0800,0.0000,0.1908,0.2121,0.6000,0.4500,0
5.20,0.70239,0.02249,0.04132,COLLECT,PICKUP_ACTIVE,0.0800,0.0000,0.2093,0.2122,0.6000,0.4500,0
5.22,0.70403,0.02256,0.04136,COLLECT,PICKUP_ACTIVE,0.0800,0.0000,0.2094,0.1936,0.6000,0.4500,0
5.24,0.70566,0.02262,0.04138,COLLECT,PICKUP_ACTIVE,0.0800,0.0000,0.1907,0.2120,0.6000,0.4500,0
5.26,0.70730,0.02269,0.04142,COLLECT,PICKUP_ACTIVE,0.0800,0.0000,0.2092,0.1934,0.6000,0.4500,0
5.28,0.70893,0.02276,0.04144,COLLECT,PICKUP_ACTIVE,0.0800,0.0000,0.2093,0.2119,0.6000,0.4500,0
5.30,0.71056,0.02283,0.04146,COLLECT,PICKUP_ACTIVE,0.0800,0.0000,0.1906,0.2119,0.6000,0.4500,0
5.32,0.71220,0.02289,0.04150,COLLECT,PICKUP_ACTIVE,0.0800,0.0000,0.2091,0.1933,0.6000,0.4500,0
5.34,0.71383,0.02296,0.04153,COLLECT,PICKUP_ACTIVE,0.0800,0.0000,0.2092,0.2118,0.6000,0.4500,0
5.36,0.71547,0.02303,0.04155,COLLECT,PICKUP_ACTIVE,0.0800,0.0000,0.1905,0.2118,0.6000,0.4500,0
5.38,0.71710,0.02310,0.04160,COLLECT,PICKUP_ACTIVE,0.0800,0.0000,0.2090,0.1932,0.6000,0.4500,0
5.40,0.71873,0.02317,0.04163,COLLECT,PICKUP_ACTIVE,0.0800,0.0000,0.2090,0.2116,0.6000,0.4500,0
5.42,0.72037,0.02323,0.04165,COLLECT,PICKUP_ACTIVE,0.0800,0.0000,0.2091,0.2117,0.6000,0.4500,0
5.44,0.72200,0.02330,0.04168,COLLECT,PICKUP_ACTIVE,0.0800,0.0000,0.1905,0.1931,0.6000,0.4500,0
5.46,0.72364,0.02337,0.04171,COLLECT,PICKUP_ACTIVE,0.0800,0.0000,0.2089,0.2115,0.6000,0.4500,0
5.48,0.72527,0.02344,0.04174,COLLECT,PICKUP_ACTIVE,0.0800,0.0000,0.2090,0.2116,0.6000,0.4500,0
5.50,0.72691,0.02351,0.04177,COLLECT,PICKUP_ACTIVE,0.0800,0.0000,0.1904,0.1930,0.6000,0.4500,0
5.52,0.72854,0.02358,0.04180,COLLECT,PICKUP_ACTIVE,0.0800,0.0000,0.2088,0.2114,0.6000,0.4500,0
5.54,0.73017,0.02364,0.04183,COLLECT,PICKUP_ACTIVE,0.0800,0.0000,0.2089,0.2115,0.6000,0.4500,0
5.56,0.73181,0.02371,0.04186,COLLECT,PICKUP_ACTIVE,0.0800,0.0000,0.1902,0.1928,0.6000,0.4500,0
5.58,0.73344,0.02378,0.04190,COLLECT,PICKUP_ACTIVE,0.0800,0.0000,0.2087,0.2113,0.6000,0.4500,0
5.60,0.73507,0.02385,0.04193,COLLECT,PICKUP_ACTIVE,0.0800,0.0000,0.2088,0.1927,0.6000,0.4500,0
5.62,0.73670,0.02392,0.04195,COLLECT,PICKUP_ACTIVE,0.0800,0.0000,0.2089,0.2111,0.6000,0.4500,0
5.64,0.73833,0.02399,0.04195,COLLECT,PICKUP_ACTIVE,0.0800,0.0000,0.1902,0.2112,0.6000,0.4500,0
5.66,0.73997,0.02405,0.04199,COLLECT,PICKUP_ACTIVE,0.0800,0.0000,0.2087,0.1926,0.6000,0.4500,0
5.68,0.74160,0.02412,0.04201,COLLECT,PICKUP_ACTIVE,0.0800,0.0000,0.2087,0.2110,0.6000,0.4500,0
5.70,0.74323,0.02419,0.04202,COLLECT,PICKUP_ACTIVE,0.0800,0.0000,0.1901,0.2111,0.6000,0.4500,0
5.72,0.74486,0.02426,0.04206,COLLECT,PICKUP_ACTIVE,0.0800,0.0000,0.2086,0.1925,0.6000,0.4500,0
5.74,0.74649,0.02433,0.04208,COLLECT,PICKUP_ACTIVE,0.0800,0.0000,0.2086,0.2109,0.6000,0.4500,0
5.76,0.74812,0.02440,0.04210,COLLECT,PICKUP_ACTIVE,0.0800,0.0000,0.1900,0.2110,0.6000,0.4500,0
5.78,0.74975,0.02447,0.04214,COLLECT,PICKUP_ACTIVE,0.0800,0.0000,0.2085,0.1923,0.6000,0.4500,0
5.80,0.75138,0.02453,0.04217,COLLECT,PICKUP_ACTIVE,0.0000,0.0000,0.1685,0.1523,0.0000,0.4500,0
5.82,0.75298,0.02460,0.04216,COLLECT,PICKUP_ACTIVE,0.0000,0.0000,0.1285,0.1123,0.0000,0.4500,0
5.84,0.75451,0.02467,0.04213,COLLECT,PICKUP_ACTIVE,0.0000,0.0000,0.0885,0.0723,0.0000,0.4500,0
5.86,0.75596,0.02473,0.04208,COLLECT,PICKUP_ACTIVE,0.0000,0.0000,0.0485,0.0323,0.0000,0.4500,0
5.88,0.75730,0.02478,0.04200,COLLECT,PICKUP_ACTIVE,0.0000,0.0000,0.0085,-0.0077,0.0000,0.4500,0
5.90,0.75850,0.02483,0.04190,COLLECT,PICKUP_ACTIVE,0.0000,0.0000,-0.0315,-0.0477,0.0000,0.4500,0
5.92,0.75955,0.02488,0.04179,COLLECT,PICKUP_ACTIVE,0.0000,0.0000,-0.0605,-0.0579,0.0000,0.4500,0
5.94,0.76043,0.02492,0.04168,COLLECT,PICKUP_ACTIVE,0.0000,0.0000,-0.0615,-0.0589,0.0000,0.4500,0
5.96,0.76117,0.02495,0.04159,COLLECT,PICKUP_ACTIVE,0.0000,0.0000,-0.0624,-0.0411,0.0000,0.4500,0
5.98,0.76178,0.02497,0.04154,COLLECT,PICKUP_ACTIVE,0.0000,0.0000,-0.0446,-0.0417,0.0000,0.4500,0
6.00,0.76229,0.02499,0.04151,COLLECT,PICKUP_ACTIVE,0.0000,0.0000,-0.0265,-0.0423,0.0000,0.4500,0
6.02,0.76271,0.02501,0.04146,COLLECT,PICKUP_ACTIVE,0.0000,0.0000,-0.0455,-0.0242,0.0000,0.4500,0
6.04,0.76305,0.02502,0.04144,COLLECT,PICKUP_ACTIVE,0.0000,0.0000,-0.0274,-0.0245,0.0000,0.4500,0
6.06,0.76334,0.02504,0.04143,COLLECT,PICKUP_ACTIVE,0.0000,0.0000,-0.0277,-0.0248,0.0000,0.4500,0
6.08,0.76357,0.02505,0.04143,COLLECT,PICKUP_ACTIVE,0.0000,0.0000,-0.0280,-0.0251,0.0000,0.4500,0
6.10,0.76375,0.02505,0.04143,COLLECT,PICKUP_ACTIVE,0.0000,0.0000,-0.0096,-0.0254,0.0000,0.4500,0
6.12,0.76389,0.02506,0.04142,COLLECT,PICKUP_ACTIVE,0.0000,0.0000,-0.0283,-0.0070,0.0000,0.4500,0
6.14,0.76401,0.02506,0.04142,COLLECT,PICKUP_ACTIVE,0.0000,0.0000,-0.0099,-0.0257,0.0000,0.4500,0
6.16,0.76410,0.02507,0.04142,COLLECT,PICKUP_ACTIVE,0.0000,0.0000,-0.0099,-0.0073,0.0000,0.4500,0
6.18,0.76416,0.02507,0.04141,COLLECT,PICKUP_ACTIVE,0.0000,0.0000,-0.0286,-0.0073,0.0000,0.4500,0
6.20,0.76421,0.02507,0.04143,COLLECT,PICKUP_ACTIVE,0.0000,0.0000,-0.0102,-0.0073,0.0000,0.4500,0
6.22,0.76424,0.02507,0.04146,COLLECT,PICKUP_ACTIVE,0.0000,0.0000,-0.0102,-0.0073,0.0000,0.4500,0
6.24,0.76427,0.02507,0.04150,COLLECT,PICKUP_ACTIVE,0.0000,0.0000,-0.0102,-0.0073,0.0000,0.4500,0
6.26,0.76428,0.02508,0.04153,COLLECT,PICKUP_ACTIVE,0.0000,0.0000,-0.0102,-0.0073,0.0000,0.4500,0
6.28,0.76428,0.02508,0.04157,COLLECT,PICKUP_ACTIVE,0.0000,0.0000,-0.0102,-0.0260,0.0000,0.4500,0
6.30,0.76427,0.02507,0.04158,COLLECT,PICKUP_ACTIVE,0.0000,0.0000,-0.0102,0.0111,0.0000,0.4500,0
6.32,0.76426,0.02507,0.04161,COLLECT,PICKUP_ACTIVE,0.0000,0.0000,-0.0102,-0.0073,0.0000,0.4500,0
6.34,0.76424,0.02507,0.04166,COLLECT,PICKUP_ACTIVE,0.0000,0.0000,-0.0102,-0.0073,0.0000,0.4500,0
6.36,0.76422,0.02507,0.04170,COLLECT,PICKUP_ACTIVE,0.0000,0.0000,0.0085,-0.0073,0.0000,0.4500,0
6.38,0.76419,0.02507,0.04172,COLLECT,PICKUP_ACTIVE,0.0000,0.0000,-0.0099,-0.0073,0.0000,0.4500,0
6.40,0.76417,0.02507,0.04173,COLLECT,PICKUP_ACTIVE,0.0000,0.0000,-0.0099,-0.0073,0.0000,0.4500,0
6.42,0.76414,0.02507,0.04175,COLLECT,PICKUP_ACTIVE,0.0000,0.0000,-0.0099,-0.0073,0.0000,0.4500,0
6.44,0.76410,0.02507,0.04177,COLLECT,PICKUP_ACTIVE,0.0000,0.0000,-0.0099,-0.0073,0.0000,0.4500,0
6.46,0.76407,0.02507,0.04179,COLLECT,PICKUP_ACTIVE,0.0000,0.0000,-0.0099,-0.0073,0.0000,0.4500,0
6.48,0.76402,0.02506,0.04181,COLLECT,PICKUP_ACTIVE,0.0000,0.0000,-0.0099,-0.0073,0.0000,0.4500,0
6.50,0.76398,0.02506,0.04184,COLLECT,PICKUP_ACTIVE,0.0000,0.0000,-0.0099,-0.0073,0.0000,0.4500,0
6.52,0.76393,0.02506,0.04186,COLLECT,PICKUP_ACTIVE,0.0000,0.0000,0.0088,-0.0073,0.0000,0.4500,0
6.54,0.76389,0.02506,0.04187,COLLECT,PICKUP_ACTIVE,0.0000,0.0000,-0.0096,0.0114,0.0000,0.4500,0
6.56,0.76385,0.02506,0.04189,COLLECT,PICKUP_ACTIVE,0.0000,0.0000,-0.0096,-0.0070,0.0000,0.4500,0
6.58,0.76381,0.02506,0.04193,COLLECT,PICKUP_ACTIVE,0.0000,0.0000,-0.0096,-0.0070,0.0000,0.4500,0
6.60,0.76377,0.02505,0.04196,COLLECT,PICKUP_ACTIVE,0.0000,0.0000,-0.0096,-0.0070,0.0000,0.4500,0
6.62,0.76373,0.02505,0.04200,COLLECT,PICKUP_ACTIVE,0.0000,0.0000,-0.0096,-0.0070,0.0000,0.4500,0
6.64,0.76368,0.02505,0.04203,COLLECT,PICKUP_ACTIVE,0.0000,0.0000,0.0091,-0.0070,0.0000,0.4500,0
6.66,0.76364,0.02505,0.04205,COLLECT,PICKUP_ACTIVE,0.0000,0.0000,-0.0093,-0.0070,0.0000,0.4500,0
6.68,0.76359,0.02505,0.04205,COLLECT,PICKUP_ACTIVE,0.0000,0.0000,-0.0093,-0.0070,0.0000,0.4500,0
6.70,0.76355,0.02504,0.04206,COLLECT,PICKUP_ACTIVE,0.0000,0.0000,-0.0093,-0.0070,0.0000,0.4500,0
6.72,0.76350,0.02504,0.04208,COLLECT,PICKUP_ACTIVE,0.0000,0.0000,-0.0093,0.0117,0.0000,0.4500,0
6.74,0.76346,0.02504,0.04212,COLLECT,PICKUP_ACTIVE,0.0000,0.0000,-0.0093,-0.0067,0.0000,0.4500,0
6.76,0.76341,0.02504,0.04217,COLLECT,PICKUP_ACTIVE,0.0000,0.0000,0.0094,-0.0067,0.0000,0.4500,0
6.78,0.76337,0.02504,0.04219,COLLECT,PICKUP_ACTIVE,0.0000,0.0000,-0.0090,-0.0067,0.0000,0.4500,0
6.80,0.76333,0.02504,0.04220,COLLECT,PICKUP_ACTIVE,0.0000,0.0000,-0.0090,-0.0067,0.0000,0.4500,0
6.82,0.76329,0.02503,0.04222,COLLECT,PICKUP_ACTIVE,0.0000,0.0000,-0.0090,-0.0067,0.0000,0.4500,0
6.84,0.76324,0.02503,0.04224,COLLECT,PICKUP_ACTIVE,0.0000,0.0000,-0.0090,-0.0067,0.0000,0.4500,0
6.86,0.76320,0.02503,0.04227,COLLECT,PICKUP_ACTIVE,0.0000,0.0000,-0.0090,-0.0067,0.0000,0.4500,0
6.88,0.76315,0.02503,0.04229,COLLECT,PICKUP_ACTIVE,0.0000,0.0000,0.0097,0.0120,0.0000,0.4500,0
6.90,0.76311,0.02503,0.04232,COLLECT,PICKUP_ACTIVE,0.0000,0.0000,-0.0087,-0.0064,0.0000,0.4500,0
6.92,0.76307,0.02502,0.04234,COLLECT,PICKUP_ACTIVE,0.0000,0.0000,-0.0087,-0.0064,0.0000,0.4500,0
6.94,0.76303,0.02502,0.04237,COLLECT,PICKUP_ACTIVE,0.0000,0.0000,-0.0087,-0.0064,0.0000,0.4500,0
6.96,0.76299,0.02502,0.04240,COLLECT,PICKUP_ACTIVE,0.0000,0.0000,-0.0087,-0.0064,0.0000,0.4500,0
6.98,0.76295,0.02502,0.04243,COLLECT,PICKUP_ACTIVE,0.0000,0.0000,-0.0087,-0.0064,0.0000,0.4500,0
7.00,0.76290,0.02502,0.04246,COLLECT,PICKUP_ACTIVE,0.0000,0.0000,-0.0087,-0.0064,0.0000,0.4500,0
7.02,0.76286,0.02502,0.04249,COLLECT,PICKUP_ACTIVE,0.0000,0.0000,0.0100,-0.0064,0.0000,0.4500,0
7.04,0.76281,0.02501,0.04250,COLLECT,PICKUP_ACTIVE,0.0000,0.0000,-0.0084,0.0123,0.0000,0.4500,0
7.06,0.76278,0.02501,0.04252,COLLECT,PICKUP_ACTIVE,0.0000,0.0000,-0.0084,-0.0061,0.0000,0.4500,0
7.08,0.76274,0.02501,0.04256,COLLECT,PICKUP_ACTIVE,0.0000,0.0000,-0.0084,-0.0061,0.0000,0.4500,0
7.10,0.76270,0.02501,0.04260,COLLECT,PICKUP_ACTIVE,0.0000,0.0000,-0.0084,-0.0061,0.0000,0.4500,0
7.12,0.76266,0.02501,0.04263,COLLECT,PICKUP_ACTIVE,0.0000,0.0000,-0.0084,-0.0061,0.0000,0.4500,0
7.14,0.76262,0.02501,0.04267,COLLECT,PICKUP_ACTIVE,0.0000,0.0000,0.0103,-0.0061,0.0000,0.4500,0
7.16,0.76258,0.02500,0.04268,COLLECT,PICKUP_ACTIVE,0.0000,0.0000,-0.0081,-0.0061,0.0000,0.4500,0
7.18,0.76254,0.02500,0.04268,COLLECT,PICKUP_ACTIVE,0.0000,0.0000,-0.0081,-0.0061,0.0000,0.4500,0
7.20,0.76250,0.02500,0.04269,COLLECT,PICKUP_ACTIVE,0.0000,0.0000,-0.0081,-0.0061,0.0000,0.4500,0
7.22,0.76246,0.02500,0.04270,COLLECT,PICKUP_ACTIVE,0.0000,0.0000,-0.0081,-0.0061,0.0000,0.4500,0
7.24,0.76242,0.02500,0.04272,COLLECT,PICKUP_ACTIVE,0.0000,0.0000,-0.0081,0.0126,0.0000,0.4500,0
7.26,0.76238,0.02499,0.04276,COLLECT,PICKUP_ACTIVE,0.0000,0.0000,-0.0081,-0.0058,0.0000,0.4500,0
7.28,0.76234,0.02499,0.04280,COLLECT,PICKUP_ACTIVE,0.0000,0.0000,0.0106,-0.0058,0.0000,0.4500,0
7.30,0.76231,0.02499,0.04283,COLLECT,PICKUP_ACTIVE,0.0000,0.0000,-0.0078,-0.0058,0.0000,0.4500,0
7.32,0.76227,0.02499,0.04284,COLLECT,PICKUP_ACTIVE,0.0000,0.0000,-0.0078,-0.0058,0.0000,0.4500,0
7.34,0.76223,0.02499,0.04286,COLLECT,PICKUP_ACTIVE,0.0000,0.0000,-0.0078,-0.0058,0.0000,0.4500,0
7.36,0.76220,0.02499,0.04288,COLLECT,PICKUP_ACTIVE,0.0000,0.0000,-0.0078,-0.0058,0.0000,0.4500,0
7.38,0.76216,0.02499,0.04290,COLLECT,PICKUP_ACTIVE,0.0000,0.0000,-0.0078,-0.0058,0.0000,0.4500,0
7.40,0.76211,0.02498,0.04292,COLLECT,PICKUP_ACTIVE,0.0000,0.0000,-0.0078,-0.0058,0.0000,0.4500,0
7.42,0.76207,0.02498,0.04294,COLLECT,PICKUP_ACTIVE,0.0000,0.0000,0.0109,0.0129,0.0000,0.4500,0
7.44,0.76204,0.02498,0.04296,COLLECT,PICKUP_ACTIVE,0.0000,0.0000,-0.0075,-0.0055,0.0000,0.4500,0
7.46,0.76201,0.02498,0.04299,COLLECT,PICKUP_ACTIVE,0.0000,0.0000,-0.0075,-0.0055,0.0000,0.4500,0
7.48,0.76198,0.02498,0.04301,COLLECT,PICKUP_ACTIVE,0.0000,0.0000,-0.0075,-0.0055,0.0000,0.4500,0
7.50,0.76194,0.02498,0.04304,COLLECT,PICKUP_ACTIVE,0.0000,0.0000,-0.0075,-0.0055,0.0000,0.4500,0
7.52,0.76190,0.02497,0.04306,COLLECT,PICKUP_ACTIVE,0.0000,0.0000,-0.0075,-0.0055,0.0000,0.4500,0
7.54,0.76187,0.02497,0.04309,COLLECT,PICKUP_ACTIVE,0.0000,0.0000,-0.0075,-0.0055,0.0000,0.4500,0
7.56,0.76183,0.02497,0.04312,COLLECT,PICKUP_ACTIVE,0.0000,0.0000,-0.0075,-0.0055,0.0000,0.4500,0
7.58,0.76179,0.02497,0.04315,COLLECT,PICKUP_ACTIVE,0.0000,0.0000,0.0112,-0.0055,0.0000,0.4500,0
7.60,0.76175,0.02497,0.04315,COLLECT,PICKUP_ACTIVE,0.0000,0.0000,-0.0072,-0.0055,0.0000,0.4500,0
7.62,0.76171,0.02497,0.04315,COLLECT,PICKUP_ACTIVE,0.0000,0.0000,-0.0072,0.0132,0.0000,0.4500,0
7.64,0.76168,0.02496,0.04318,COLLECT,PICKUP_ACTIVE,0.0000,0.0000,-0.0072,-0.0052,0.0000,0.4500,0
7.66,0.76165,0.02496,0.04321,COLLECT,PICKUP_ACTIVE,0.0000,0.0000,-0.0072,-0.0052,0.0000,0.4500,0
7.68,0.76162,0.02496,0.04324,COLLECT,PICKUP_ACTIVE,0.0000,0.0000,-0.0072,-0.0052,0.0000,0.4500,0
7.70,0.76158,0.02496,0.04328,COLLECT,PICKUP_ACTIVE,0.0000,0.0000,-0.0072,-0.0052,0.0000,0.4500,0
7.72,0.76155,0.02496,0.04331,COLLECT,PICKUP_ACTIVE,0.0000,0.0000,0.0116,-0.0052,0.0000,0.4500,0
7.74,0.76151,0.02496,0.04332,COLLECT,PICKUP_ACTIVE,0.0000,0.0000,-0.0069,-0.0052,0.0000,0.4500,0
7.76,0.76148,0.02496,0.04332,COLLECT,PICKUP_ACTIVE,0.0000,0.0000,-0.0069,-0.0052,0.0000,0.4500,0
7.78,0.76145,0.02495,0.04333,COLLECT,PICKUP_ACTIVE,0.0000,0.0000,-0.0069,-0.0052,0.0000,0.4500,0
7.80,0.76142,0.02495,0.04334,COLLECT,PICKUP_ACTIVE,0.0000,0.0000,-0.0069,-0.0052,0.0000,0.4500,0
7.82,0.76138,0.02495,0.04335,COLLECT,PICKUP_ACTIVE,0.0000,0.0000,-0.0069,-0.0052,0.0000,0.4500,0
7.84,0.76134,0.02495,0.04336,COLLECT,PICKUP_ACTIVE,0.0000,0.0000,-0.0069,0.0135,0.0000,0.4500,0
7.86,0.76131,0.02495,0.04340,COLLECT,PICKUP_ACTIVE,0.0000,0.0000,-0.0069,-0.0049,0.0000,0.4500,0
7.88,0.76128,0.02495,0.04344,COLLECT,PICKUP_ACTIVE,0.0000,0.0000,0.0119,-0.0049,0.0000,0.4500,0
7.90,0.76125,0.02495,0.04346,COLLECT,PICKUP_ACTIVE,0.0000,0.0000,-0.0065,-0.0049,0.0000,0.4500,0
7.92,0.76122,0.02494,0.04347,COLLECT,PICKUP_ACTIVE,0.0000,0.0000,-0.0065,-0.0049,0.0000,0.4500,0
7.94,0.76119,0.02494,0.04349,COLLECT,PICKUP_ACTIVE,0.0000,0.0000,-0.0065,-0.0049,0.0000,0.4500,0
7.96,0.76116,0.02494,0.04350,COLLECT,PICKUP_ACTIVE,0.0000,0.0000,-0.0065,-0.0049,0.0000,0.4500,0
7.98,0.76113,0.02494,0.04352,COLLECT,PICKUP_ACTIVE,0.0000,0.0000,-0.0065,-0.0049,0.0000,0.4500,0
8.00,0.76109,0.02494,0.04354,COLLECT,PICKUP_ACTIVE,0.0000,0.0000,-0.0065,-0.0049,0.0000,0.4500,0
8.02,0.76106,0.02494,0.04356,COLLECT,PICKUP_ACTIVE,0.0000,0.0000,-0.0065,-0.0049,0.0000,0.4500,0
8.04,0.76102,0.02494,0.04358,COLLECT,PICKUP_ACTIVE,0.0000,0.0000,-0.0065,-0.0049,0.0000,0.4500,0
8.06,0.76098,0.02493,0.04360,COLLECT,PICKUP_ACTIVE,0.0000,0.0000,0.0122,0.0138,0.0000,0.4500,0
8.08,0.76096,0.02493,0.04362,COLLECT,PICKUP_ACTIVE,0.0000,0.0000,-0.0062,-0.0046,0.0000,0.4500,0
8.10,0.76093,0.02493,0.04364,COLLECT,PICKUP_ACTIVE,0.0000,0.0000,-0.0062,-0.0046,0.0000,0.4500,0
8.12,0.76091,0.02493,0.04366,COLLECT,PICKUP_ACTIVE,0.0000,0.0000,-0.0062,-0.0046,0.0000,0.4500,0
8.14,0.76088,0.02493,0.04368,COLLECT,PICKUP_ACTIVE,0.0000,0.0000,-0.0062,-0.0046,0.0000,0.4500,0
8.16,0.76085,0.02493,0.04371,COLLECT,PICKUP_ACTIVE,0.0000,0.0000,-0.0062,-0.0046,0.0000,0.4500,0
8.18,0.76082,0.02493,0.04373,COLLECT,PICKUP_ACTIVE,0.0000,0.0000,-0.0062,-0.0046,0.0000,0.4500,0
8.20,0.76079,0.02493,0.04375,COLLECT,PICKUP_ACTIVE,0.0000,0.0000,-0.0062,-0.0046,0.0000,0.4500,0
8.22,0.76075,0.02492,0.04378,COLLECT,PICKUP_ACTIVE,0.0000,0.0000,0.0125,-0.0046,0.0000,0.4500,0
8.24,0.76072,0.02492,0.04378,COLLECT,PICKUP_ACTIVE,0.0000,0.0000,-0.0059,-0.0046,0.0000,0.4500,0
8.26,0.76070,0.02492,0.04377,COLLECT,PICKUP_ACTIVE,0.0000,0.0000,-0.0059,-0.0046,0.0000,0.4500,0
8.28,0.76067,0.02492,0.04377,COLLECT,PICKUP_ACTIVE,0.0000,0.0000,-0.0059,-0.0046,0.0000,0.4500,0
8.30,0.76063,0.02492,0.04377,COLLECT,PICKUP_ACTIVE,0.0000,0.0000,-0.0059,0.0142,0.0000,0.4500,0
8.32,0.76061,0.02492,0.04380,COLLECT,PICKUP_ACTIVE,0.0000,0.0000,-0.0059,-0.0043,0.0000,0.4500,0
8.34,0.76058,0.02492,0.04383,COLLECT,PICKUP_ACTIVE,0.0000,0.0000,-0.0059,-0.0043,0.0000,0.4500,0
8.36,0.76056,0.02492,0.04387,COLLECT,PICKUP_ACTIVE,0.0000,0.0000,-0.0059,-0.0043,0.0000,0.4500,0
8.38,0.76053,0.02491,0.04390,COLLECT,PICKUP_ACTIVE,0.0000,0.0000,-0.0059,-0.0043,0.0000,0.4500,0
8.40,0.76050,0.02491,0.04393,COLLECT,PICKUP_ACTIVE,0.0000,0.0000,-0.0059,-0.0043,0.0000,0.4500,0
8.42,0.76047,0.02491,0.04396,COLLECT,PICKUP_ACTIVE,0.0000,0.0000,0.0128,-0.0043,0.0000,0.4500,0
8.44,0.76044,0.02491,0.04397,COLLECT,PICKUP_ACTIVE,0.0000,0.0000,-0.0056,-0.0043,0.0000,0.4500,0
8.46,0.76041,0.02491,0.04397,COLLECT,PICKUP_ACTIVE,0.0000,0.0000,-0.0056,-0.0043,0.0000,0.4500,0
8.48,0.76039,0.02491,0.04397,COLLECT,PICKUP_ACTIVE,0.0000,0.0000,-0.0056,-0.0043,0.0000,0.4500,0
8.50,0.76036,0.02491,0.04398,COLLECT,PICKUP_ACTIVE,0.0000,0.0000,-0.0056,-0.0043,0.0000,0.4500,0
8.52,0.76033,0.02491,0.04399,COLLECT,PICKUP_ACTIVE,0.0000,0.0000,-0.0056,-0.0043,0.0000,0.4500,0
8.54,0.76030,0.02490,0.04399,COLLECT,PICKUP_ACTIVE,0.0000,0.0000,-0.0056,-0.0043,0.0000,0.4500,0
8.56,0.76027,0.02490,0.04400,COLLECT,PICKUP_ACTIVE,0.0000,0.0000,-0.0056,0.0145,0.0000,0.4500,0
8.58,0.76024,0.02490,0.04404,COLLECT,PICKUP_ACTIVE,0.0000,0.0000,-0.0056,-0.0039,0.0000,0.4500,0
8.60,0.76021,0.02490,0.04408,COLLECT,PICKUP_ACTIVE,0.0000,0.0000,0.0131,-0.0039,0.0000,0.4500,0
8.62,0.76019,0.02490,0.04410,COLLECT,PICKUP_ACTIVE,0.0000,0.0000,-0.0053,-0.0039,0.0000,0.4500,0
8.64,0.76017,0.02490,0.04411,COLLECT,PICKUP_ACTIVE,0.0000,0.0000,-0.0053,-0.0039,0.0000,0.4500,0
8.66,0.76015,0.02490,0.04412,COLLECT,PICKUP_ACTIVE,0.0000,0.0000,-0.0053,-0.0039,0.0000,0.4500,0
8.68,0.76013,0.02490,0.04413,COLLECT,PICKUP_ACTIVE,0.0000,0.0000,-0.0053,-0.0039,0.0000,0.4500,0
8.70,0.76010,0.02490,0.04414,COLLECT,PICKUP_ACTIVE,0.0000,0.0000,-0.0053,-0.0039,0.0000,0.4500,0
8.72,0.76007,0.02489,0.04416,COLLECT,PICKUP_ACTIVE,0.0000,0.0000,-0.0053,-0.0039,0.0000,0.4500,0
8.74,0.76005,0.02489,0.04417,COLLECT,PICKUP_ACTIVE,0.0000,0.0000,-0.0053,-0.0039,0.0000,0.4500,0
8.76,0.76002,0.02489,0.04419,COLLECT,PICKUP_ACTIVE,0.0000,0.0000,-0.0053,-0.0039,0.0000,0.4500,0
8.78,0.75999,0.02489,0.04420,COLLECT,PICKUP_ACTIVE,0.0000,0.0000,-0.0053,-0.0039,0.0000,0.4500,0
8.80,0.75996,0.02489,0.04422,COLLECT,PICKUP_ACTIVE,0.0000,0.0000,-0.0053,-0.0039,0.0000,0.4500,0
8.82,0.75993,0.02489,0.04424,COLLECT,PICKUP_ACTIVE,0.0000,0.0000,0.0134,0.0148,0.0000,0.4500,0
8.84,0.75991,0.02489,0.04426,COLLECT,PICKUP_ACTIVE,0.0000,0.0000,-0.0050,-0.0036,0.0000,0.4500,0
8.86,0.75989,0.02489,0.04428,COLLECT,PICKUP_ACTIVE,0.0000,0.0000,-0.0050,-0.0036,0.0000,0.4500,0
8.88,0.75987,0.02489,0.04429,COLLECT,PICKUP_ACTIVE,0.0000,0.0000,-0.0050,-0.0036,0.0000,0.4500,0
8.90,0.75985,0.02488,0.04431,COLLECT,PICKUP_ACTIVE,0.0000,0.0000,-0.0050,-0.0036,0.0000,0.4500,0
8.92,0.75983,0.02488,0.04433,COLLECT,PICKUP_ACTIVE,0.0000,0.0000,-0.0050,-0.0036,0.0000,0.4500,0
8.94,0.75980,0.02488,0.04435,COLLECT,PICKUP_ACTIVE,0.0000,0.0000,-0.0050,-0.0036,0.0000,0.4500,0
8.96,0.75978,0.02488,0.04437,COLLECT,PICKUP_ACTIVE,0.0000,0.0000,-0.0050,-0.0036,0.0000,0.4500,0
8.98,0.75975,0.02488,0.04439,COLLECT,PICKUP_ACTIVE,0.0000,0.0000,-0.0050,-0.0036,0.0000,0.4500,0
9.00,0.75973,0.02488,0.04441,COLLECT,PICKUP_ACTIVE,0.0000,0.0000,-0.0050,-0.0036,0.0000,0.4500,0
9.02,0.75970,0.02488,0.04443,COLLECT,PICKUP_ACTIVE,0.0000,0.0000,0.0137,-0.0036,0.0000,0.4500,0
9.04,0.75968,0.02488,0.04443,COLLECT,PICKUP_ACTIVE,0.0000,0.0000,-0.0047,-0.0036,0.0000,0.4500,0
9.06,0.75965,0.02488,0.04442,COLLECT,PICKUP_ACTIVE,0.0000,0.0000,-0.0047,-0.0036,0.0000,0.4500,0
9.08,0.75963,0.02488,0.04441,COLLECT,PICKUP_ACTIVE,0.0000,0.0000,-0.0047,-0.0036,0.0000,0.4500,0
9.10,0.75961,0.02487,0.04441,COLLECT,PICKUP_ACTIVE,0.0000,0.0000,-0.0047,-0.0036,0.0000,0.4500,0
9.12,0.75958,0.02487,0.04441,COLLECT,PICKUP_ACTIVE,0.0000,0.0000,-0.0047,-0.0036,0.0000,0.4500,0
9.14,0.75956,0.02487,0.04441,COLLECT,PICKUP_ACTIVE,0.0000,0.0000,-0.0047,0.0151,0.0000,0.4500,0
9.16,0.75954,0.02487,0.04443,COLLECT,PICKUP_ACTIVE,0.0000,0.0000,-0.0047,-0.0033,0.0000,0.4500,0
9.18,0.75952,0.02487,0.04447,COLLECT,PICKUP_ACTIVE,0.0000,0.0000,-0.0047,-0.0033,0.0000,0.4500,0
9.20,0.75949,0.02487,0.04450,COLLECT,PICKUP_ACTIVE,0.0000,0.0000,-0.0047,-0.0033,0.0000,0.4500,0
9.22,0.75947,0.02487,0.04453,COLLECT,PICKUP_ACTIVE,0.0000,0.0000,-0.0047,-0.0033,0.0000,0.4500,0
9.24,0.75945,0.02487,0.04456,COLLECT,PICKUP_ACTIVE,0.0000,0.0000,-0.0047,-0.0033,0.0000,0.4500,0
9.26,0.75942,0.02487,0.04459,COLLECT,PICKUP_ACTIVE,0.0000,0.0000,0.0140,-0.0033,0.0000,0.4500,0
9.28,0.75941,0.02486,0.04460,COLLECT,PICKUP_ACTIVE,0.0000,0.0000,-0.0044,-0.0033,0.0000,0.4500,0
9.30,0.75939,0.02486,0.04459,COLLECT,PICKUP_ACTIVE,0.0000,0.0000,-0.0044,-0.0033,0.0000,0.4500,0
9.32,0.75937,0.02486,0.04459,COLLECT,PICKUP_ACTIVE,0.0000,0.0000,-0.0044,-0.0033,0.0000,0.4500,0
9.34,0.75935,0.02486,0.04460,COLLECT,PICKUP_ACTIVE,0.0000,0.0000,-0.0044,-0.0033,0.0000,0.4500,0
9.36,0.75932,0.02486,0.04460,COLLECT,PICKUP_ACTIVE,0.0000,0.0000,-0.0044,-0.0033,0.0000,0.4500,0
9.38,0.75930,0.02486,0.04460,COLLECT,PICKUP_ACTIVE,0.0000,0.0000,-0.0044,-0.0033,0.0000,0.4500,0
9.40,0.75928,0.02486,0.04461,COLLECT,PICKUP_ACTIVE,0.0000,0.0000,-0.0044,-0.0033,0.0000,0.4500,0
9.42,0.75925,0.02486,0.04462,COLLECT,PICKUP_ACTIVE,0.0000,0.0000,-0.0044,-0.0033,0.0000,0.4500,0
9.44,0.75923,0.02486,0.04463,COLLECT,PICKUP_ACTIVE,0.0000,0.0000,-0.0044,-0.0033,0.0000,0.4500,0
9.46,0.75920,0.02486,0.04464,COLLECT,PICKUP_ACTIVE,0.0000,0.0000,-0.0044,0.0154,0.0000,0.4500,0
9.48,0.75918,0.02485,0.04467,COLLECT,PICKUP_ACTIVE,0.0000,0.0000,-0.0044,-0.0030,0.0000,0.4500,0
9.50,0.75916,0.02485,0.04471,COLLECT,PICKUP_ACTIVE,0.0000,0.0000,-0.0044,-0.0030,0.0000,0.4500,0
9.52,0.75914,0.02485,0.04475,COLLECT,PICKUP_ACTIVE,0.0000,0.0000,0.0143,-0.0030,0.0000,0.4500,0
9.54,0.75913,0.02485,0.04476,COLLECT,PICKUP_ACTIVE,0.0000,0.0000,-0.0041,-0.0030,0.0000,0.4500,0
9.56,0.75911,0.02485,0.04477,COLLECT,PICKUP_ACTIVE,0.0000,0.0000,-0.0041,-0.0030,0.0000,0.4500,0
9.58,0.75909,0.02485,0.04478,COLLECT,PICKUP_ACTIVE,0.0000,0.0000,-0.0041,-0.0030,0.0000,0.4500,0
9.60,0.75908,0.02485,0.04478,COLLECT,PICKUP_ACTIVE,0.0000,0.0000,-0.0041,-0.0030,0.0000,0.4500,0
9.62,0.75906,0.02485,0.04479,COLLECT,PICKUP_ACTIVE,0.0000,0.0000,-0.0041,-0.0030,0.0000,0.4500,0
9.64,0.75904,0.02485,0.04480,COLLECT,PICKUP_ACTIVE,0.0000,0.0000,-0.0041,-0.0030,0.0000,0.4500,0
9.66,0.75902,0.02485,0.04481,COLLECT,PICKUP_ACTIVE,0.0000,0.0000,-0.0041,-0.0030,0.0000,0.4500,0
9.68,0.75900,0.02485,0.04482,COLLECT,PICKUP_ACTIVE,0.0000,0.0000,-0.0041,-0.0030,0.0000,0.4500,0
9.70,0.75897,0.02485,0.04484,COLLECT,PICKUP_ACTIVE,0.0000,0.0000,-0.0041,-0.0030,0.0000,0.4500,0
9.72,0.75895,0.02484,0.04485,COLLECT,PICKUP_ACTIVE,0.0000,0.0000,-0.0041,-0.0030,0.0000,0.4500,0
9.74,0.75893,0.02484,0.04486,COLLECT,PICKUP_ACTIVE,0.0000,0.0000,-0.0041,-0.0030,0.0000,0.4500,0
9.76,0.75890,0.02484,0.04487,COLLECT,PICKUP_ACTIVE,0.0000,0.0000,-0.0041,-0.0030,0.0000,0.4500,0
9.78,0.75888,0.02484,0.04489,COLLECT,PICKUP_ACTIVE,0.0000,0.0000,0.0146,-0.0030,0.0000,0.4500,0
9.80,0.75886,0.02484,0.04488,AUTO,PICKUP_CONFIRMED,0.0000,0.0000,0.0000,0.0000,0.0000,0.0000,1
9.82,0.75886,0.02484,0.04488,AUTO,MODEL_PROPOSAL,0.1990,-0.1977,0.0400,0.0400,0.0000,0.0000,1
9.84,0.75889,0.02484,0.04488,AUTO,MODEL_PROPOSAL,0.1990,-0.1977,0.0800,0.0800,0.0000,0.0000,1
9.86,0.75897,0.02485,0.04488,AUTO,MODEL_PROPOSAL,0.1990,-0.1977,0.1200,0.1200,0.0000,0.0000,1
9.88,0.75914,0.02485,0.04488,AUTO,MODEL_PROPOSAL,0.1990,-0.1977,0.1600,0.1600,0.0000,0.0000,1
9.90,0.75942,0.02487,0.04488,AUTO,MODEL_PROPOSAL,0.1990,-0.1977,0.2000,0.2000,0.0000,0.0000,1
9.92,0.75984,0.02488,0.04488,AUTO,MODEL_PROPOSAL,0.1990,-0.1978,0.2400,0.2400,0.0000,0.0000,1
9.94,0.76041,0.02491,0.04488,AUTO,MODEL_PROPOSAL,0.1990,-0.1978,0.2800,0.2800,0.0000,0.0000,1
9.96,0.76115,0.02494,0.04488,AUTO,MODEL_PROPOSAL,0.1990,-0.1979,0.3200,0.3200,0.0000,0.0000,1
9.98,0.76208,0.02498,0.04488,AUTO,MODEL_PROPOSAL,0.1990,-0.1980,0.3600,0.3600,0.0000,0.0000,1
10.00,0.76321,0.02504,0.04488,AUTO,MODEL_PROPOSAL,0.1990,-0.1981,0.4000,0.4000,0.0000,0.0000,1
10.02,0.76455,0.02510,0.04488,AUTO,MODEL_PROPOSAL,0.1990,-0.1982,0.4400,0.4400,0.0000,0.0000,1
10.04,0.76612,0.02517,0.04488,AUTO,MODEL_PROPOSAL,0.1990,-0.1984,0.4800,0.4800,0.0000,0.0000,1
10.06,0.76793,0.02525,0.04488,AUTO,MODEL_PROPOSAL,0.1990,-0.1986,0.5200,0.4722,0.0000,0.0000,1
10.08,0.76997,0.02534,0.04481,AUTO,MODEL_PROPOSAL,0.1990,-0.1987,0.5600,0.4545,0.0000,0.0000,1
10.10,0.77222,0.02544,0.04460,AUTO,MODEL_PROPOSAL,0.1990,-0.1985,0.6000,0.4556,0.0000,0.0000,1
10.12,0.77468,0.02555,0.04418,AUTO,MODEL_PROPOSAL,0.1990,-0.1979,0.6400,0.4383,0.0000,0.0000,1
10.14,0.77734,0.02567,0.04347,AUTO,MODEL_PROPOSAL,0.1990,-0.1968,0.6800,0.4399,0.0000,0.0000,1
10.16,0.78019,0.02579,0.04245,AUTO,MODEL_PROPOSAL,0.1991,-0.1950,0.7200,0.4421,0.0000,0.0000,1
10.18,0.78323,0.02591,0.04107,AUTO,MODEL_PROPOSAL,0.1991,-0.1925,0.7600,0.4264,0.0000,0.0000,1
10.20,0.78646,0.02604,0.03928,AUTO,MODEL_PROPOSAL,0.1991,-0.1893,0.7611,0.4298,0.0000,0.0000,1
10.22,0.78984,0.02617,0.03712,AUTO,MODEL_PROPOSAL,0.1991,-0.1853,0.7400,0.4339,0.0000,0.0000,1
10.24,0.79337,0.02629,0.03465,AUTO,MODEL_PROPOSAL,0.1992,-0.1807,0.7368,0.4199,0.0000,0.0000,1
10.26,0.79702,0.02641,0.03190,AUTO,MODEL_PROPOSAL,0.1992,-0.1755,0.7144,0.4436,0.0000,0.0000,1
10.28,0.80078,0.02652,0.02897,AUTO,MODEL_PROPOSAL,0.1993,-0.1700,0.6912,0.4306,0.0000,0.0000,1
10.30,0.80462,0.02663,0.02589,AUTO,MODEL_PROPOSAL,0.1993,-0.1642,0.6863,0.4362,0.0000,0.0000,1
10.32,0.80853,0.02672,0.02271,AUTO,MODEL_PROPOSAL,0.1994,-0.1581,0.6810,0.4421,0.0000,0.0000,1
10.34,0.81250,0.02680,0.01946,AUTO,MODEL_PROPOSAL,0.1994,-0.1520,0.6569,0.4294,0.0000,0.0000,1
10.36,0.81652,0.02687,0.01616,AUTO,MODEL_PROPOSAL,0.1995,-0.1457,0.6511,0.4540,0.0000,0.0000,1
10.38,0.82058,0.02692,0.01286,AUTO,MODEL_PROPOSAL,0.1995,-0.1394,0.6452,0.4415,0.0000,0.0000,1
10.40,0.82467,0.02697,0.00957,AUTO,MODEL_PROPOSAL,0.1996,-0.1331,0.6393,0.4662,0.0000,0.0000,1
10.42,0.82880,0.02699,0.00632,AUTO,MODEL_PROPOSAL,0.1996,-0.1269,0.6334,0.4536,0.0000,0.0000,1
10.44,0.83295,0.02701,0.00312,AUTO,MODEL_PROPOSAL,0.1996,-0.1207,0.6276,0.4595,0.0000,0.0000,1
10.46,0.83712,0.02701,-0.00003,AUTO,MODEL_PROPOSAL,0.1997,-0.1147,0.6218,0.4652,0.0000,0.0000,1
10.48,0.84131,0.02700,-0.00312,AUTO,MODEL_PROPOSAL,0.1997,-0.1088,0.6160,0.4709,0.0000,0.0000,1
10.50,0.84552,0.02698,-0.00613,AUTO,MODEL_PROPOSAL,0.1997,-0.1030,0.5917,0.4578,0.0000,0.0000,1
10.52,0.84973,0.02695,-0.00905,AUTO,MODEL_PROPOSAL,0.1998,-0.0974,0.6046,0.4816,0.0000,0.0000,1
10.54,0.85396,0.02690,-0.01188,AUTO,MODEL_PROPOSAL,0.1998,-0.0919,0.5992,0.4869,0.0000,0.0000,1
10.56,0.85819,0.02684,-0.01459,AUTO,MODEL_PROPOSAL,0.1998,-0.0867,0.5940,0.4733,0.0000,0.0000,1
10.58,0.86243,0.02677,-0.01722,AUTO,MODEL_PROPOSAL,0.1998,-0.0816,0.5889,0.4780,0.0000,0.0000,1
10.60,0.86667,0.02669,-0.01976,AUTO,MODEL_PROPOSAL,0.1999,-0.0767,0.5839,0.5012,0.0000,0.0000,1
10.62,0.87092,0.02660,-0.02218,AUTO,MODEL_PROPOSAL,0.1999,-0.0721,0.5978,0.4872,0.0000,0.0000,1
10.64,0.87519,0.02650,-0.02452,AUTO,MODEL_PROPOSAL,0.1999,-0.0676,0.5747,0.4914,0.0000,0.0000,1
10.66,0.87945,0.02638,-0.02676,AUTO,MODEL_PROPOSAL,0.1999,-0.0632,0.5701,0.4954,0.0000,0.0000,1
10.68,0.88371,0.02626,-0.02889,AUTO,MODEL_PROPOSAL,0.1999,-0.0591,0.5657,0.4806,0.0000,0.0000,1
10.70,0.88797,0.02613,-0.03093,AUTO,MODEL_PROPOSAL,0.1999,-0.0551,0.5802,0.5027,0.0000,0.0000,1
10.72,0.89222,0.02600,-0.03289,AUTO,MODEL_PROPOSAL,0.1999,-0.0513,0.5577,0.5064,0.0000,0.0000,1
10.74,0.89649,0.02585,-0.03474,AUTO,MODEL_PROPOSAL,0.1999,-0.0478,0.5724,0.5098,0.0000,0.0000,1
10.76,0.90075,0.02570,-0.03650,AUTO,MODEL_PROPOSAL,0.2000,-0.0444,0.5689,0.4943,0.0000,0.0000,1
10.78,0.90502,0.02553,-0.03818,AUTO,MODEL_PROPOSAL,0.2000,-0.0411,0.5468,0.5159,0.0000,0.0000,1
10.80,0.90928,0.02537,-0.03976,AUTO,MODEL_PROPOSAL,0.2000,-0.0380,0.5620,0.5002,0.0000,0.0000,1
10.82,0.91354,0.02519,-0.04126,AUTO,MODEL_PROPOSAL,0.2000,-0.0351,0.5589,0.5027,0.0000,0.0000,1
10.84,0.91780,0.02501,-0.04270,AUTO,MODEL_PROPOSAL,0.2000,-0.0323,0.5559,0.5239,0.0000,0.0000,1
10.86,0.92206,0.02482,-0.04404,AUTO,MODEL_PROPOSAL,0.2000,-0.0297,0.5530,0.5078,0.0000,0.0000,1
10.88,0.92632,0.02463,-0.04532,AUTO,MODEL_PROPOSAL,0.2000,-0.0272,0.5503,0.5100,0.0000,0.0000,1
10.90,0.93058,0.02444,-0.04653,AUTO,MODEL_PROPOSAL,0.2000,-0.0249,0.5476,0.5121,0.0000,0.0000,1
10.92,0.93484,0.02423,-0.04767,AUTO,MODEL_PROPOSAL,0.2000,-0.0226,0.5451,0.5140,0.0000,0.0000,1
10.94,0.93909,0.02403,-0.04874,AUTO,MODEL_PROPOSAL,0.2000,-0.0205,0.5614,0.5159,0.0000,0.0000,1
10.96,0.94335,0.02382,-0.04977,AUTO,MODEL_PROPOSAL,0.2000,-0.0185,0.5406,0.5177,0.0000,0.0000,1
10.98,0.94761,0.02360,-0.05074,AUTO,MODEL_PROPOSAL,0.2000,-0.0166,0.5383,0.5194,0.0000,0.0000,1
11.00,0.95186,0.02338,-0.05164,AUTO,MODEL_PROPOSAL,0.2000,-0.0149,0.5549,0.5209,0.0000,0.0000,1
11.02,0.95611,0.02316,-0.05249,AUTO,MODEL_PROPOSAL,0.2000,-0.0132,0.5344,0.5037,0.0000,0.0000,1
11.04,0.96036,0.02293,-0.05331,AUTO,MODEL_PROPOSAL,0.2000,-0.0116,0.5324,0.5236,0.0000,0.0000,1
11.06,0.96460,0.02271,-0.05406,AUTO,MODEL_PROPOSAL,0.2000,-0.0101,0.5492,0.5249,0.0000,0.0000,1
11.08,0.96885,0.02247,-0.05477,AUTO,MODEL_PROPOSAL,0.2000,-0.0087,0.5477,0.5261,0.0000,0.0000,1
11.10,0.97310,0.02224,-0.05544,AUTO,MODEL_PROPOSAL,0.2000,-0.0074,0.5275,0.5086,0.0000,0.0000,1
11.12,0.97734,0.02200,-0.05607,AUTO,MODEL_PROPOSAL,0.2000,-0.0062,0.5445,0.5282,0.0000,0.0000,1
11.14,0.98158,0.02176,-0.05666,AUTO,MODEL_PROPOSAL,0.2000,-0.0050,0.5244,0.5292,0.0000,0.0000,1
11.16,0.98582,0.02152,-0.05718,AUTO,MODEL_PROPOSAL,0.2000,-0.0039,0.5416,0.5115,0.0000,0.0000,1
11.18,0.99006,0.02127,-0.05769,AUTO,MODEL_PROPOSAL,0.2000,-0.0029,0.5403,0.5308,0.0000,0.0000,1
11.20,0.99430,0.02103,-0.05817,AUTO,MODEL_PROPOSAL,0.2000,-0.0020,0.5392,0.5130,0.0000,0.0000,1
11.22,0.99853,0.02078,-0.05863,AUTO,MODEL_PROPOSAL,0.2000,-0.0011,0.5193,0.5323,0.0000,0.0000,1
11.24,1.00276,0.02053,-0.05904,AUTO,MODEL_PROPOSAL,0.2000,-0.0002,0.5367,0.5330,0.0000,0.0000,1
11.26,1.00700,0.02028,-0.05941,AUTO,MODEL_PROPOSAL,0.2000,0.0005,0.5357,0.5150,0.0000,0.0000,1
11.28,1.01123,0.02003,-0.05976,AUTO,MODEL_PROPOSAL,0.2000,0.0012,0.5347,0.5154,0.0000,0.0000,1
11.30,1.01546,0.01977,-0.06011,AUTO,MODEL_PROPOSAL,0.2000,0.0019,0.5338,0.5344,0.0000,0.0000,1
11.32,1.01969,0.01952,-0.06043,AUTO,MODEL_PROPOSAL,0.2000,0.0025,0.5329,0.5163,0.0000,0.0000,1
11.34,1.02392,0.01926,-0.06073,AUTO,MODEL_PROPOSAL,0.2000,0.0032,0.5320,0.5354,0.0000,0.0000,1
11.36,1.02815,0.01900,-0.06101,AUTO,MODEL_PROPOSAL,0.2000,0.0037,0.5312,0.5172,0.0000,0.0000,1
11.38,1.03237,0.01874,-0.06127,AUTO,MODEL_PROPOSAL,0.2000,0.0043,0.5304,0.5361,0.0000,0.0000,1
11.40,1.03660,0.01848,-0.06150,AUTO,MODEL_PROPOSAL,0.2000,0.0047,0.5296,0.5179,0.0000,0.0000,1
11.42,1.04083,0.01822,-0.06172,AUTO,MODEL_PROPOSAL,0.2000,0.0052,0.5289,0.5180,0.0000,0.0000,1
11.44,1.04505,0.01796,-0.06194,AUTO,MODEL_PROPOSAL,0.2000,0.0056,0.5281,0.5369,0.0000,0.0000,1
11.46,1.04927,0.01770,-0.06213,AUTO,MODEL_PROPOSAL,0.2000,0.0060,0.5274,0.5186,0.0000,0.0000,1
11.48,1.05349,0.01743,-0.06230,AUTO,MODEL_PROPOSAL,0.2000,0.0064,0.5268,0.5374,0.0000,0.0000,1
11.50,1.05771,0.01717,-0.06244,AUTO,MODEL_PROPOSAL,0.2000,0.0067,0.5262,0.5190,0.0000,0.0000,1
11.52,1.06192,0.01691,-0.06258,AUTO,MODEL_PROPOSAL,0.2000,0.0070,0.5256,0.5190,0.0000,0.0000,1
11.54,1.06613,0.01664,-0.06271,AUTO,MODEL_PROPOSAL,0.2000,0.0073,0.5250,0.5377,0.0000,0.0000,1
11.56,1.07035,0.01638,-0.06281,AUTO,MODEL_PROPOSAL,0.2000,0.0075,0.5432,0.5192,0.0000,0.0000,1
11.58,1.07456,0.01611,-0.06293,AUTO,MODEL_PROPOSAL,0.2000,0.0077,0.5242,0.5192,0.0000,0.0000,1
11.60,1.07878,0.01585,-0.06305,AUTO,MODEL_PROPOSAL,0.2000,0.0080,0.5236,0.5379,0.0000,0.0000,1
11.62,1.08299,0.01558,-0.06314,AUTO,MODEL_PROPOSAL,0.2000,0.0082,0.5231,0.5194,0.0000,0.0000,1
11.64,1.08720,0.01531,-0.06322,AUTO,MODEL_PROPOSAL,0.2000,0.0084,0.5226,0.5194,0.0000,0.0000,1
11.66,1.09140,0.01505,-0.06330,AUTO,MODEL_PROPOSAL,0.2000,0.0086,0.5221,0.5380,0.0000,0.0000,1
11.68,1.09561,0.01478,-0.06335,AUTO,MODEL_PROPOSAL,0.2000,0.0087,0.5403,0.5194,0.0000,0.0000,1
11.70,1.09982,0.01451,-0.06342,AUTO,MODEL_PROPOSAL,0.2000,0.0088,0.5214,0.5193,0.0000,0.0000,1
11.72,1.10402,0.01425,-0.06348,AUTO,MODEL_PROPOSAL,0.2000,0.0090,0.5209,0.5192,0.0000,0.0000,1
11.74,1.10822,0.01398,-0.06355,AUTO,MODEL_PROPOSAL,0.2000,0.0092,0.5205,0.5378,0.0000,0.0000,1
11.76,1.11242,0.01371,-0.06359,AUTO,MODEL_PROPOSAL,0.2000,0.0093,0.5200,0.5193,0.0000,0.0000,1
11.78,1.11662,0.01344,-0.06361,AUTO,MODEL_PROPOSAL,0.2000,0.0093,0.5383,0.5191,0.0000,0.0000,1
11.80,1.12081,0.01318,-0.06366,AUTO,MODEL_PROPOSAL,0.2000,0.0095,0.5195,0.5377,0.0000,0.0000,1
11.82,1.12501,0.01291,-0.06369,AUTO,MODEL_PROPOSAL,0.2000,0.0095,0.5191,0.5191,0.0000,0.0000,1
11.84,1.12921,0.01264,-0.06371,AUTO,MODEL_PROPOSAL,0.2000,0.0096,0.5374,0.5189,0.0000,0.0000,1
11.86,1.13340,0.01237,-0.06374,AUTO,MODEL_PROPOSAL,0.2000,0.0097,0.5185,0.5375,0.0000,0.0000,1
11.88,1.13760,0.01211,-0.06376,AUTO,MODEL_PROPOSAL,0.2000,0.0098,0.5181,0.5189,0.0000,0.0000,1
11.90,1.14179,0.01184,-0.06377,AUTO,MODEL_PROPOSAL,0.2000,0.0098,0.5177,0.5187,0.0000,0.0000,1
11.92,1.14598,0.01157,-0.06377,AUTO,MODEL_PROPOSAL,0.2000,0.0098,0.5361,0.5372,0.0000,0.0000,1
11.94,1.15018,0.01130,-0.06378,AUTO,MODEL_PROPOSAL,0.2000,0.0099,0.5173,0.5185,0.0000,0.0000,1
11.96,1.15437,0.01103,-0.06378,AUTO,MODEL_PROPOSAL,0.2000,0.0099,0.5169,0.5183,0.0000,0.0000,1
11.98,1.15855,0.01077,-0.06378,AUTO,MODEL_PROPOSAL,0.2000,0.0099,0.5353,0.5368,0.0000,0.0000,1
12.00,1.16275,0.01050,-0.06377,AUTO,MODEL_PROPOSAL,0.2000,0.0099,0.5165,0.5182,0.0000,0.0000,1
12.02,1.16693,0.01023,-0.06376,AUTO,MODEL_PROPOSAL,0.2000,0.0099,0.5161,0.5179,0.0000,0.0000,1
12.04,1.17112,0.00997,-0.06375,AUTO,MODEL_PROPOSAL,0.2000,0.0100,0.5345,0.5364,0.0000,0.0000,1
12.06,1.17531,0.00970,-0.06374,AUTO,MODEL_PROPOSAL,0.2000,0.0100,0.5157,0.5178,0.0000,0.0000,1
12.08,1.17949,0.00943,-0.06373,AUTO,MODEL_PROPOSAL,0.2000,0.0100,0.5154,0.5175,0.0000,0.0000,1
12.10,1.18367,0.00916,-0.06371,AUTO,MODEL_PROPOSAL,0.2000,0.0100,0.5338,0.5360,0.0000,0.0000,1
12.12,1.18785,0.00890,-0.06370,AUTO,MODEL_PROPOSAL,0.2000,0.0099,0.5150,0.5173,0.0000,0.0000,1
12.14,1.19204,0.00863,-0.06368,AUTO,MODEL_PROPOSAL,0.2000,0.0099,0.5147,0.5171,0.0000,0.0000,1
12.16,1.19621,0.00836,-0.06365,AUTO,MODEL_PROPOSAL,0.2000,0.0099,0.5331,0.5168,0.0000,0.0000,1
12.18,1.20039,0.00810,-0.06366,AUTO,MODEL_PROPOSAL,0.2000,0.0100,0.5143,0.5353,0.0000,0.0000,1
12.20,1.20456,0.00783,-0.06364,AUTO,MODEL_PROPOSAL,0.2000,0.0099,0.5140,0.5166,0.0000,0.0000,1
12.22,1.20874,0.00757,-0.06361,AUTO,MODEL_PROPOSAL,0.2000,0.0099,0.5324,0.5351,0.0000,0.0000,1
12.24,1.21291,0.00730,-0.06357,AUTO,MODEL_PROPOSAL,0.2000,0.0099,0.5136,0.5164,0.0000,0.0000,1
12.26,1.21709,0.00703,-0.06354,AUTO,MODEL_PROPOSAL,0.2000,0.0098,0.5321,0.5161,0.0000,0.0000,1
12.28,1.22126,0.00677,-0.06353,AUTO,MODEL_PROPOSAL,0.2000,0.0098,0.5133,0.5346,0.0000,0.0000,1
12.30,1.22544,0.00650,-0.06350,AUTO,MODEL_PROPOSAL,0.2000,0.0098,0.5130,0.5159,0.0000,0.0000,1
12.32,1.22961,0.00624,-0.06346,AUTO,MODEL_PROPOSAL,0.2000,0.0098,0.5314,0.5156,0.0000,0.0000,1
12.34,1.23377,0.00597,-0.06345,AUTO,MODEL_PROPOSAL,0.2000,0.0098,0.5126,0.5341,0.0000,0.0000,1
12.36,1.23794,0.00571,-0.06341,AUTO,MODEL_PROPOSAL,0.2000,0.0097,0.5311,0.5154,0.0000,0.0000,1
12.38,1.24212,0.00544,-0.06339,AUTO,MODEL_PROPOSAL,0.2000,0.0097,0.5123,0.5151,0.0000,0.0000,1
12.40,1.24628,0.00518,-0.06338,AUTO,MODEL_PROPOSAL,0.2000,0.0097,0.5120,0.5336,0.0000,0.0000,1
12.42,1.25044,0.00492,-0.06333,AUTO,MODEL_PROPOSAL,0.2000,0.0096,0.5304,0.5149,0.0000,0.0000,1
12.44,1.25461,0.00465,-0.06331,AUTO,MODEL_PROPOSAL,0.2000,0.0096,0.5117,0.5146,0.0000,0.0000,1
12.46,1.25877,0.00439,-0.06329,AUTO,MODEL_PROPOSAL,0.2000,0.0096,0.5301,0.5331,0.0000,0.0000,1
12.48,1.26293,0.00412,-0.06326,AUTO,MODEL_PROPOSAL,0.2000,0.0096,0.5113,0.5144,0.0000,0.0000,1
12.50,1.26710,0.00386,-0.06324,AUTO,MODEL_PROPOSAL,0.2000,0.0096,0.5297,0.5328,0.0000,0.0000,1
12.52,1.27126,0.00360,-0.06321,AUTO,MODEL_PROPOSAL,0.2000,0.0095,0.5110,0.5141,0.0000,0.0000,1
12.54,1.27542,0.00333,-0.06318,AUTO,MODEL_PROPOSAL,0.2000,0.0095,0.5107,0.5139,0.0000,0.0000,1
12.56,1.27958,0.00307,-0.06314,AUTO,MODEL_PROPOSAL,0.2000,0.0094,0.5291,0.5323,0.0000,0.0000,1
12.58,1.28374,0.00281,-0.06311,AUTO,MODEL_PROPOSAL,0.2000,0.0094,0.5104,0.5136,0.0000,0.0000,1
12.60,1.28789,0.00255,-0.06307,AUTO,MODEL_PROPOSAL,0.2000,0.0094,0.5288,0.5320,0.0000,0.0000,1
12.62,1.29205,0.00228,-0.06303,AUTO,MODEL_PROPOSAL,0.2000,0.0093,0.5101,0.5133,0.0000,0.0000,1
12.64,1.29621,0.00202,-0.06299,AUTO,MODEL_PROPOSAL,0.2000,0.0093,0.5285,0.5130,0.0000,0.0000,1
12.66,1.30036,0.00176,-0.06297,AUTO,MODEL_PROPOSAL,0.2000,0.0093,0.5098,0.5315,0.0000,0.0000,1
12.68,1.30452,0.00150,-0.06294,AUTO,MODEL_PROPOSAL,0.2000,0.0092,0.5282,0.5128,0.0000,0.0000,1
12.70,1.30867,0.00124,-0.06291,AUTO,MODEL_PROPOSAL,0.2000,0.0092,0.5095,0.5312,0.0000,0.0000,1
12.72,1.31283,0.00097,-0.06287,AUTO,MODEL_PROPOSAL,0.2000,0.0091,0.5279,0.5125,0.0000,0.0000,1
12.74,1.31698,0.00071,-0.06285,AUTO,MODEL_PROPOSAL,0.2000,0.0091,0.5092,0.5123,0.0000,0.0000,1
12.76,1.32113,0.00045,-0.06283,AUTO,MODEL_PROPOSAL,0.2000,0.0091,0.5088,0.5307,0.0000,0.0000,1
12.78,1.32528,0.00019,-0.06278,AUTO,MODEL_PROPOSAL,0.2000,0.0090,0.5273,0.5120,0.0000,0.0000,1
12.80,1.32943,-0.00007,-0.06274,AUTO,MODEL_PROPOSAL,0.2000,0.0090,0.5086,0.5304,0.0000,0.0000,1
12.82,1.33357,-0.00033,-0.06269,AUTO,MODEL_PROPOSAL,0.2000,0.0089,0.5270,0.5117,0.0000,0.0000,1
12.84,1.33772,-0.00059,-0.06266,AUTO,MODEL_PROPOSAL,0.2000,0.0089,0.5083,0.5301,0.0000,0.0000,1
12.86,1.34187,-0.00085,-0.06261,AUTO,MODEL_PROPOSAL,0.2000,0.0088,0.5267,0.5114,0.0000,0.0000,1
12.88,1.34601,-0.00111,-0.06257,AUTO,MODEL_PROPOSAL,0.2000,0.0087,0.5080,0.5111,0.0000,0.0000,1
12.90,1.35015,-0.00137,-0.06254,AUTO,MODEL_PROPOSAL,0.2000,0.0087,0.5265,0.5295,0.0000,0.0000,1
12.92,1.35430,-0.00163,-0.06251,AUTO,MODEL_PROPOSAL,0.2000,0.0087,0.5077,0.5108,0.0000,0.0000,1
12.94,1.35844,-0.00189,-0.06247,AUTO,MODEL_PROPOSAL,0.2000,0.0086,0.5262,0.5292,0.0000,0.0000,1
12.96,1.36258,-0.00215,-0.06244,AUTO,MODEL_PROPOSAL,0.2000,0.0086,0.5074,0.5105,0.0000,0.0000,1
12.98,1.36672,-0.00241,-0.06240,AUTO,MODEL_PROPOSAL,0.2000,0.0085,0.5259,0.5290,0.0000,0.0000,1
13.00,1.37087,-0.00266,-0.06236,AUTO,MODEL_PROPOSAL,0.2000,0.0085,0.5072,0.5103,0.0000,0.0000,1
13.02,1.37500,-0.00292,-0.06232,AUTO,MODEL_PROPOSAL,0.2000,0.0084,0.5256,0.5100,0.0000,0.0000,1
13.04,1.37914,-0.00318,-0.06231,AUTO,MODEL_PROPOSAL,0.2000,0.0084,0.5069,0.5284,0.0000,0.0000,1
13.06,1.38328,-0.00344,-0.06227,AUTO,MODEL_PROPOSAL,0.2000,0.0084,0.5253,0.5097,0.0000,0.0000,1
13.08,1.38741,-0.00370,-0.06225,AUTO,MODEL_PROPOSAL,0.2000,0.0084,0.5065,0.5282,0.0000,0.0000,1
13.10,1.39155,-0.00395,-0.06221,AUTO,MODEL_PROPOSAL,0.2000,0.0083,0.5250,0.5094,0.0000,0.0000,1
13.12,1.39568,-0.00421,-0.06219,AUTO,MODEL_PROPOSAL,0.2000,0.0083,0.5063,0.5279,0.0000,0.0000,1
13.14,1.39981,-0.00447,-0.06214,AUTO,MODEL_PROPOSAL,0.2000,0.0082,0.5247,0.5092,0.0000,0.0000,1
13.16,1.40395,-0.00473,-0.06211,AUTO,MODEL_PROPOSAL,0.2000,0.0082,0.5247,0.5276,0.0000,0.0000,1
13.18,1.40809,-0.00498,-0.06209,AUTO,MODEL_PROPOSAL,0.2000,0.0082,0.5060,0.5089,0.0000,0.0000,1
13.20,1.41222,-0.00524,-0.06207,AUTO,MODEL_PROPOSAL,0.2000,0.0082,0.5244,0.5274,0.0000,0.0000,1
13.22,1.41636,-0.00550,-0.06204,AUTO,MODEL_PROPOSAL,0.2000,0.0081,0.5056,0.5087,0.0000,0.0000,1
13.24,1.42049,-0.00575,-0.06201,AUTO,MODEL_PROPOSAL,0.2000,0.0081,0.5241,0.5271,0.0000,0.0000,1
13.26,1.42462,-0.00601,-0.06198,AUTO,MODEL_PROPOSAL,0.2000,0.0081,0.5053,0.5084,0.0000,0.0000,1
13.28,1.42875,-0.00627,-0.06194,AUTO,MODEL_PROPOSAL,0.2000,0.0080,0.5238,0.5268,0.0000,0.0000,1
13.30,1.43288,-0.00652,-0.06191,AUTO,MODEL_PROPOSAL,0.2000,0.0080,0.5051,0.5081,0.0000,0.0000,1
13.32,1.43701,-0.00678,-0.06187,AUTO,MODEL_PROPOSAL,0.2000,0.0079,0.5235,0.5265,0.0000,0.0000,1
13.34,1.44114,-0.00703,-0.06183,AUTO,MODEL_PROPOSAL,0.2000,0.0079,0.5048,0.5078,0.0000,0.0000,1
13.36,1.44526,-0.00729,-0.06180,AUTO,MODEL_PROPOSAL,0.2000,0.0078,0.5232,0.5262,0.0000,0.0000,1
13.38,1.44939,-0.00754,-0.06176,AUTO,MODEL_PROPOSAL,0.2000,0.0078,0.5045,0.5075,0.0000,0.0000,1
13.40,1.45351,-0.00780,-0.06171,AUTO,MODEL_PROPOSAL,0.2000,0.0077,0.5230,0.5259,0.0000,0.0000,1
13.42,1.45764,-0.00805,-0.06167,AUTO,MODEL_PROPOSAL,0.2000,0.0077,0.5230,0.5072,0.0000,0.0000,1
13.44,1.46176,-0.00831,-0.06166,AUTO,MODEL_PROPOSAL,0.2000,0.0076,0.5043,0.5257,0.0000,0.0000,1
13.46,1.46589,-0.00856,-0.06162,AUTO,MODEL_PROPOSAL,0.2000,0.0076,0.5227,0.5069,0.0000,0.0000,1
13.48,1.47001,-0.00882,-0.06160,AUTO,MODEL_PROPOSAL,0.2000,0.0076,0.5040,0.5254,0.0000,0.0000,1
13.50,1.47413,-0.00907,-0.06156,AUTO,MODEL_PROPOSAL,0.2000,0.0075,0.5224,0.5067,0.0000,0.0000,1
13.52,1.47825,-0.00933,-0.06153,AUTO,MODEL_PROPOSAL,0.2000,0.0075,0.5037,0.5251,0.0000,0.0000,1
13.54,1.48237,-0.00958,-0.06149,AUTO,MODEL_PROPOSAL,0.2000,0.0074,0.5221,0.5064,0.0000,0.0000,1
13.56,1.48649,-0.00983,-0.06146,AUTO,MODEL_PROPOSAL,0.2000,0.0074,0.5221,0.5248,0.0000,0.0000,1
13.58,1.49061,-0.01009,-0.06144,AUTO,MODEL_PROPOSAL,0.2000,0.0074,0.5034,0.5061,0.0000,0.0000,1
13.60,1.49473,-0.01034,-0.06142,AUTO,MODEL_PROPOSAL,0.2000,0.0074,0.5218,0.5246,0.0000,0.0000,1
13.62,1.49885,-0.01059,-0.06139,AUTO,MODEL_PROPOSAL,0.2000,0.0073,0.5031,0.5059,0.0000,0.0000,1
13.64,1.50296,-0.01085,-0.06136,AUTO,MODEL_PROPOSAL,0.2000,0.0073,0.5215,0.5243,0.0000,0.0000,1
13.66,1.50707,-0.01110,-0.06133,AUTO,MODEL_PROPOSAL,0.2000,0.0073,0.5028,0.5056,0.0000,0.0000,1
13.68,1.51118,-0.01135,-0.06130,AUTO,MODEL_PROPOSAL,0.2000,0.0072,0.5212,0.5240,0.0000,0.0000,1
13.70,1.51530,-0.01160,-0.06127,AUTO,MODEL_PROPOSAL,0.2000,0.0072,0.5212,0.5053,0.0000,0.0000,1
13.72,1.51941,-0.01186,-0.06126,AUTO,MODEL_PROPOSAL,0.2000,0.0072,0.5025,0.5238,0.0000,0.0000,1
13.74,1.52352,-0.01211,-0.06123,AUTO,MODEL_PROPOSAL,0.2000,0.0072,0.5209,0.5238,0.0000,0.0000,1
13.76,1.52764,-0.01236,-0.06119,AUTO,MODEL_PROPOSAL,0.2000,0.0071,0.5022,0.5051,0.0000,0.0000,1
13.78,1.53175,-0.01261,-0.06115,AUTO,MODEL_PROPOSAL,0.2000,0.0071,0.5206,0.5235,0.0000,0.0000,1
13.80,1.53586,-0.01286,-0.06111,AUTO,MODEL_PROPOSAL,0.2000,0.0070,0.5207,0.5048,0.0000,0.0000,1
13.82,1.53997,-0.01311,-0.06109,AUTO,MODEL_PROPOSAL,0.2000,0.0070,0.5019,0.5232,0.0000,0.0000,1
13.84,1.54408,-0.01337,-0.06106,AUTO,MODEL_PROPOSAL,0.2000,0.0069,0.5204,0.5045,0.0000,0.0000,1
13.86,1.54819,-0.01362,-0.06103,AUTO,MODEL_PROPOSAL,0.2000,0.0069,0.5016,0.5229,0.0000,0.0000,1
13.88,1.55230,-0.01387,-0.06100,AUTO,MODEL_PROPOSAL,0.2000,0.0069,0.5201,0.5042,0.0000,0.0000,1
13.90,1.55640,-0.01412,-0.06097,AUTO,MODEL_PROPOSAL,0.2000,0.0069,0.5201,0.5226,0.0000,0.0000,1
13.92,1.56051,-0.01437,-0.06095,AUTO,MODEL_PROPOSAL,0.2000,0.0068,0.5013,0.5227,0.0000,0.0000,1
13.94,1.56462,-0.01462,-0.06091,AUTO,MODEL_PROPOSAL,0.2000,0.0068,0.5198,0.5040,0.0000,0.0000,1
13.96,1.56873,-0.01487,-0.06088,AUTO,MODEL_PROPOSAL,0.1982,0.0067,0.4944,0.5157,0.0000,0.0000,1
13.98,1.57283,-0.01512,-0.06084,AUTO,MODEL_PROPOSAL,0.1953,0.0067,0.5021,0.4862,0.0000,0.0000,1
14.00,1.57691,-0.01537,-0.06081,AUTO,MODEL_PROPOSAL,0.1925,0.0066,0.4914,0.4939,0.0000,0.0000,1
14.02,1.58098,-0.01562,-0.06078,AUTO,MODEL_PROPOSAL,0.1896,0.0066,0.4806,0.4831,0.0000,0.0000,1
14.04,1.58503,-0.01586,-0.06076,AUTO,MODEL_PROPOSAL,0.1868,0.0066,0.4511,0.4537,0.0000,0.0000,1
14.06,1.58904,-0.01611,-0.06073,AUTO,MODEL_PROPOSAL,0.1840,0.0066,0.4588,0.4614,0.0000,0.0000,1
14.08,1.59301,-0.01635,-0.06070,AUTO,MODEL_PROPOSAL,0.1812,0.0065,0.4481,0.4507,0.0000,0.0000,1
14.10,1.59694,-0.01659,-0.06067,AUTO,MODEL_PROPOSAL,0.1784,0.0065,0.4375,0.4401,0.0000,0.0000,1
14.12,1.60083,-0.01682,-0.06064,AUTO,MODEL_PROPOSAL,0.1757,0.0065,0.4457,0.4483,0.0000,0.0000,1
14.14,1.60468,-0.01706,-0.06061,AUTO,MODEL_PROPOSAL,0.1730,0.0064,0.4168,0.4193,0.0000,0.0000,1
14.16,1.60848,-0.01729,-0.06058,AUTO,MODEL_PROPOSAL,0.1703,0.0064,0.4250,0.4276,0.0000,0.0000,1
14.18,1.61223,-0.01751,-0.06054,AUTO,MODEL_PROPOSAL,0.1677,0.0063,0.4150,0.3988,0.0000,0.0000,1
14.20,1.61594,-0.01774,-0.06053,AUTO,MODEL_PROPOSAL,0.1651,0.0063,0.4049,0.4072,0.0000,0.0000,1
14.22,1.61960,-0.01796,-0.06053,AUTO,MODEL_PROPOSAL,0.1625,0.0063,0.3950,0.3974,0.0000,0.0000,1
14.24,1.62320,-0.01818,-0.06052,AUTO,MODEL_PROPOSAL,0.1600,0.0063,0.3851,0.3876,0.0000,0.0000,1
14.26,1.62675,-0.01839,-0.06051,AUTO,MODEL_PROPOSAL,0.1575,0.0063,0.3753,0.3966,0.0000,0.0000,1
14.28,1.63025,-0.01861,-0.06047,AUTO,MODEL_PROPOSAL,0.1551,0.0063,0.3844,0.3685,0.0000,0.0000,1
14.30,1.63370,-0.01882,-0.06045,AUTO,MODEL_PROPOSAL,0.1526,0.0063,0.3751,0.3776,0.0000,0.0000,1
14.32,1.63710,-0.01902,-0.06043,AUTO,MODEL_PROPOSAL,0.1503,0.0062,0.3659,0.3684,0.0000,0.0000,1
14.34,1.64046,-0.01922,-0.06041,AUTO,MODEL_PROPOSAL,0.1479,0.0062,0.3568,0.3593,0.0000,0.0000,1
14.36,1.64376,-0.01942,-0.06039,AUTO,MODEL_PROPOSAL,0.1456,0.0062,0.3478,0.3503,0.0000,0.0000,1
14.38,1.64700,-0.01962,-0.06036,AUTO,MODEL_PROPOSAL,0.1433,0.0062,0.3388,0.3601,0.0000,0.0000,1
14.40,1.65020,-0.01981,-0.06031,AUTO,MODEL_PROPOSAL,0.1411,0.0061,0.3487,0.3328,0.0000,0.0000,1
14.42,1.65335,-0.02000,-0.06028,AUTO,MODEL_PROPOSAL,0.1389,0.0060,0.3403,0.3427,0.0000,0.0000,1
14.44,1.65645,-0.02019,-0.06025,AUTO,MODEL_PROPOSAL,0.1367,0.0060,0.3132,0.3343,0.0000,0.0000,1
14.46,1.65950,-0.02037,-0.06020,AUTO,MODEL_PROPOSAL,0.1345,0.0059,0.3421,0.3260,0.0000,0.0000,1
14.48,1.66251,-0.02055,-0.06017,AUTO,MODEL_PROPOSAL,0.1324,0.0059,0.3155,0.3178,0.0000,0.0000,1
14.50,1.66547,-0.02073,-0.06014,AUTO,MODEL_PROPOSAL,0.1304,0.0058,0.3073,0.3096,0.0000,0.0000,1
14.52,1.66838,-0.02091,-0.06011,AUTO,MODEL_PROPOSAL,0.1283,0.0058,0.3180,0.3203,0.0000,0.0000,1
14.54,1.67124,-0.02108,-0.06009,AUTO,MODEL_PROPOSAL,0.1263,0.0058,0.2916,0.2939,0.0000,0.0000,1
14.56,1.67406,-0.02125,-0.06006,AUTO,MODEL_PROPOSAL,0.1243,0.0057,0.3025,0.3047,0.0000,0.0000,1
14.58,1.67683,-0.02142,-0.06003,AUTO,MODEL_PROPOSAL,0.1224,0.0057,0.2950,0.2972,0.0000,0.0000,1
14.60,1.67955,-0.02158,-0.06000,AUTO,MODEL_PROPOSAL,0.1205,0.0056,0.2876,0.2897,0.0000,0.0000,1
14.62,1.68224,-0.02174,-0.05996,AUTO,MODEL_PROPOSAL,0.1186,0.0056,0.2989,0.2824,0.0000,0.0000,1
14.64,1.68488,-0.02190,-0.05996,AUTO,MODEL_PROPOSAL,0.1167,0.0056,0.2732,0.2938,0.0000,0.0000,1
14.66,1.68749,-0.02206,-0.05993,AUTO,MODEL_PROPOSAL,0.1149,0.0055,0.2660,0.2682,0.0000,0.0000,1
14.68,1.69004,-0.02221,-0.05990,AUTO,MODEL_PROPOSAL,0.1131,0.0055,0.2776,0.2797,0.0000,0.0000,1
14.70,1.69256,-0.02236,-0.05986,COLLECT,PICKUP_START,0.0800,0.0000,0.2376,0.2397,0.6000,0.4500,1
14.72,1.69502,-0.02251,-0.05983,COLLECT,PICKUP_ACTIVE,0.0800,0.0000,0.1976,0.1997,0.6000,0.4500,1
14.74,1.69740,-0.02265,-0.05979,COLLECT,PICKUP_ACTIVE,0.0800,0.0000,0.1576,0.1680,0.6000,0.4500,1
14.76,1.69967,-0.02279,-0.05975,COLLECT,PICKUP_ACTIVE,0.0800,0.0000,0.1754,0.1487,0.6000,0.4500,1
14.78,1.70183,-0.02292,-0.05974,COLLECT,PICKUP_ACTIVE,0.0800,0.0000,0.1749,0.1666,0.6000,0.4500,1
14.80,1.70390,-0.02304,-0.05975,COLLECT,PICKUP_ACTIVE,0.0800,0.0000,0.1743,0.1660,0.6000,0.4500,1
14.82,1.70590,-0.02316,-0.05978,COLLECT,PICKUP_ACTIVE,0.0800,0.0000,0.1738,0.1842,0.6000,0.4500,1
14.84,1.70783,-0.02327,-0.05979,COLLECT,PICKUP_ACTIVE,0.0800,0.0000,0.1919,0.1839,0.6000,0.4500,1
14.86,1.70971,-0.02339,-0.05981,COLLECT,PICKUP_ACTIVE,0.0800,0.0000,0.1917,0.1650,0.6000,0.4500,1
14.88,1.71155,-0.02350,-0.05986,COLLECT,PICKUP_ACTIVE,0.0800,0.0000,0.1915,0.1832,0.6000,0.4500,1
14.90,1.71335,-0.02361,-0.05993,COLLECT,PICKUP_ACTIVE,0.0800,0.0000,0.1912,0.2016,0.6000,0.4500,1
14.92,1.71512,-0.02371,-0.05998,COLLECT,PICKUP_ACTIVE,0.0800,0.0000,0.1910,0.1830,0.6000,0.4500,1
14.94,1.71686,-0.02382,-0.06004,COLLECT,PICKUP_ACTIVE,0.0800,0.0000,0.1907,0.1827,0.6000,0.4500,1
14.96,1.71858,-0.02392,-0.06010,COLLECT,PICKUP_ACTIVE,0.0800,0.0000,0.2092,0.2012,0.6000,0.4500,1
14.98,1.72028,-0.02402,-0.06017,COLLECT,PICKUP_ACTIVE,0.0800,0.0000,0.1906,0.1826,0.6000,0.4500,1
15.00,1.72197,-0.02412,-0.06024,COLLECT,PICKUP_ACTIVE,0.0800,0.0000,0.2090,0.2010,0.6000,0.4500,1
15.02,1.72364,-0.02422,-0.06032,COLLECT,PICKUP_ACTIVE,0.0800,0.0000,0.1904,0.1824,0.6000,0.4500,1
15.04,1.72530,-0.02433,-0.06041,COLLECT,PICKUP_ACTIVE,0.0800,0.0000,0.2089,0.2009,0.6000,0.4500,1
15.06,1.72696,-0.02443,-0.06050,COLLECT,PICKUP_ACTIVE,0.0800,0.0000,0.1902,0.2009,0.6000,0.4500,1
15.08,1.72860,-0.02453,-0.06057,COLLECT,PICKUP_ACTIVE,0.0800,0.0000,0.2087,0.1823,0.6000,0.4500,1
15.10,1.73024,-0.02462,-0.06066,COLLECT,PICKUP_ACTIVE,0.0800,0.0000,0.1900,0.2008,0.6000,0.4500,1
15.12,1.73187,-0.02472,-0.06074,COLLECT,PICKUP_ACTIVE,0.0800,0.0000,0.2085,0.2008,0.6000,0.4500,1
15.14,1.73349,-0.02482,-0.06082,COLLECT,PICKUP_ACTIVE,0.0800,0.0000,0.1899,0.2009,0.6000,0.4500,1
15.16,1.73511,-0.02492,-0.06087,COLLECT,PICKUP_ACTIVE,0.0800,0.0000,0.2083,0.1822,0.6000,0.4500,1
15.18,1.73673,-0.02502,-0.06095,COLLECT,PICKUP_ACTIVE,0.0800,0.0000,0.2084,0.2007,0.6000,0.4500,1
15.20,1.73834,-0.02512,-0.06105,COLLECT,PICKUP_ACTIVE,0.0800,0.0000,0.1897,0.2008,0.6000,0.4500,1
15.22,1.73995,-0.02522,-0.06112,COLLECT,PICKUP_ACTIVE,0.0800,0.0000,0.2082,0.2008,0.6000,0.4500,1
15.24,1.74156,-0.02532,-0.06119,COLLECT,PICKUP_ACTIVE,0.0800,0.0000,0.2083,0.2009,0.6000,0.4500,1
15.26,1.74318,-0.02541,-0.06126,COLLECT,PICKUP_ACTIVE,0.0800,0.0000,0.1896,0.1823,0.6000,0.4500,1
15.28,1.74478,-0.02551,-0.06134,COLLECT,PICKUP_ACTIVE,0.0800,0.0000,0.2081,0.2007,0.6000,0.4500,1
15.30,1.74638,-0.02561,-0.06142,COLLECT,PICKUP_ACTIVE,0.0800,0.0000,0.2082,0.2008,0.6000,0.4500,1
15.32,1.74799,-0.02571,-0.06151,COLLECT,PICKUP_ACTIVE,0.0800,0.0000,0.2082,0.2009,0.6000,0.4500,1
15.34,1.74960,-0.02581,-0.06160,COLLECT,PICKUP_ACTIVE,0.0800,0.0000,0.1896,0.2009,0.6000,0.4500,1
15.36,1.75121,-0.02591,-0.06167,COLLECT,PICKUP_ACTIVE,0.0800,0.0000,0.2081,0.1823,0.6000,0.4500,1
15.38,1.75281,-0.02601,-0.06176,COLLECT,PICKUP_ACTIVE,0.0800,0.0000,0.2081,0.2008,0.6000,0.4500,1
15.40,1.75441,-0.02611,-0.06186,COLLECT,PICKUP_ACTIVE,0.0800,0.0000,0.1895,0.2008,0.6000,0.4500,1
15.42,1.75601,-0.02621,-0.06194,COLLECT,PICKUP_ACTIVE,0.0800,0.0000,0.2080,0.2009,0.6000,0.4500,1
15.44,1.75761,-0.02631,-0.06201,COLLECT,PICKUP_ACTIVE,0.0800,0.0000,0.2080,0.2010,0.6000,0.4500,1
15.46,1.75921,-0.02640,-0.06209,COLLECT,PICKUP_ACTIVE,0.0800,0.0000,0.1894,0.2010,0.6000,0.4500,1
15.48,1.76081,-0.02650,-0.06215,COLLECT,PICKUP_ACTIVE,0.0800,0.0000,0.2079,0.1824,0.6000,0.4500,1
15.50,1.76241,-0.02660,-0.06223,COLLECT,PICKUP_ACTIVE,0.0800,0.0000,0.2079,0.2008,0.6000,0.4500,1
15.52,1.76401,-0.02670,-0.06232,COLLECT,PICKUP_ACTIVE,0.0800,0.0000,0.2080,0.2009,0.6000,0.4500,1
15.54,1.76561,-0.02680,-0.06241,COLLECT,PICKUP_ACTIVE,0.0800,0.0000,0.1893,0.2010,0.6000,0.4500,1
15.56,1.76721,-0.02690,-0.06248,COLLECT,PICKUP_ACTIVE,0.0800,0.0000,0.2078,0.2010,0.6000,0.4500,1
15.58,1.76881,-0.02700,-0.06255,COLLECT,PICKUP_ACTIVE,0.0800,0.0000,0.2079,0.2011,0.6000,0.4500,1
15.60,1.77041,-0.02710,-0.06262,COLLECT,PICKUP_ACTIVE,0.0800,0.0000,0.1892,0.1825,0.6000,0.4500,1
15.62,1.77201,-0.02720,-0.06270,COLLECT,PICKUP_ACTIVE,0.0800,0.0000,0.2077,0.2009,0.6000,0.4500,1
15.64,1.77360,-0.02730,-0.06278,COLLECT,PICKUP_ACTIVE,0.0800,0.0000,0.2078,0.2010,0.6000,0.4500,1
15.66,1.77520,-0.02741,-0.06286,COLLECT,PICKUP_ACTIVE,0.0800,0.0000,0.2078,0.2011,0.6000,0.4500,1
15.68,1.77681,-0.02751,-0.06295,COLLECT,PICKUP_ACTIVE,0.0800,0.0000,0.1892,0.2011,0.6000,0.4500,1
15.70,1.77841,-0.02761,-0.06301,COLLECT,PICKUP_ACTIVE,0.0800,0.0000,0.2077,0.2012,0.6000,0.4500,1
15.72,1.78001,-0.02771,-0.06307,COLLECT,PICKUP_ACTIVE,0.0800,0.0000,0.2077,0.2013,0.6000,0.4500,1
15.74,1.78161,-0.02781,-0.06313,COLLECT,PICKUP_ACTIVE,0.0800,0.0000,0.1891,0.1826,0.6000,0.4500,1
15.76,1.78321,-0.02791,-0.06320,COLLECT,PICKUP_ACTIVE,0.0800,0.0000,0.2076,0.2011,0.6000,0.4500,1
15.78,1.78480,-0.02801,-0.06328,COLLECT,PICKUP_ACTIVE,0.0800,0.0000,0.2076,0.2012,0.6000,0.4500,1
15.80,1.78640,-0.02811,-0.06335,COLLECT,PICKUP_ACTIVE,0.0800,0.0000,0.2077,0.2012,0.6000,0.4500,1
15.82,1.78801,-0.02822,-0.06343,COLLECT,PICKUP_ACTIVE,0.0800,0.0000,0.1890,0.2013,0.6000,0.4500,1
15.84,1.78961,-0.02832,-0.06349,COLLECT,PICKUP_ACTIVE,0.0800,0.0000,0.2075,0.2014,0.6000,0.4500,1
15.86,1.79121,-0.02842,-0.06354,COLLECT,PICKUP_ACTIVE,0.0800,0.0000,0.2076,0.1827,0.6000,0.4500,1
15.88,1.79281,-0.02852,-0.06362,COLLECT,PICKUP_ACTIVE,0.0800,0.0000,0.1889,0.2012,0.6000,0.4500,1
15.90,1.79440,-0.02862,-0.06369,COLLECT,PICKUP_ACTIVE,0.0800,0.0000,0.2074,0.2012,0.6000,0.4500,1
15.92,1.79600,-0.02872,-0.06376,COLLECT,PICKUP_ACTIVE,0.0800,0.0000,0.2075,0.2013,0.6000,0.4500,1
15.94,1.79760,-0.02883,-0.06382,COLLECT,PICKUP_ACTIVE,0.0800,0.0000,0.2075,0.2014,0.6000,0.4500,1
15.96,1.79920,-0.02893,-0.06390,COLLECT,PICKUP_ACTIVE,0.0800,0.0000,0.1889,0.1827,0.6000,0.4500,1
15.98,1.80080,-0.02903,-0.06397,COLLECT,PICKUP_ACTIVE,0.0800,0.0000,0.2074,0.2012,0.6000,0.4500,1
16.00,1.80239,-0.02913,-0.06405,COLLECT,PICKUP_ACTIVE,0.0800,0.0000,0.2074,0.2013,0.6000,0.4500,1
16.02,1.80399,-0.02924,-0.06413,COLLECT,PICKUP_ACTIVE,0.0800,0.0000,0.2075,0.2013,0.6000,0.4500,1
16.04,1.80559,-0.02934,-0.06421,COLLECT,PICKUP_ACTIVE,0.0800,0.0000,0.1888,0.2014,0.6000,0.4500,1
16.06,1.80719,-0.02944,-0.06426,COLLECT,PICKUP_ACTIVE,0.0800,0.0000,0.2073,0.2015,0.6000,0.4500,1
16.08,1.80879,-0.02954,-0.06432,COLLECT,PICKUP_ACTIVE,0.0800,0.0000,0.2074,0.2015,0.6000,0.4500,1
16.10,1.81040,-0.02965,-0.06438,COLLECT,PICKUP_ACTIVE,0.0800,0.0000,0.1887,0.1829,0.6000,0.4500,1
16.12,1.81199,-0.02975,-0.06444,COLLECT,PICKUP_ACTIVE,0.0800,0.0000,0.2072,0.2014,0.6000,0.4500,1
16.14,1.81359,-0.02985,-0.06451,COLLECT,PICKUP_ACTIVE,0.0800,0.0000,0.2073,0.2014,0.6000,0.4500,1
16.16,1.81518,-0.02996,-0.06458,COLLECT,PICKUP_ACTIVE,0.0800,0.0000,0.2073,0.2015,0.6000,0.4500,1
16.18,1.81679,-0.03006,-0.06465,COLLECT,PICKUP_ACTIVE,0.0800,0.0000,0.1887,0.2016,0.6000,0.4500,1
16.20,1.81839,-0.03016,-0.06470,COLLECT,PICKUP_ACTIVE,0.0800,0.0000,0.2072,0.1829,0.6000,0.4500,1
16.22,1.81998,-0.03027,-0.06477,COLLECT,PICKUP_ACTIVE,0.0800,0.0000,0.2072,0.2014,0.6000,0.4500,1
16.24,1.82158,-0.03037,-0.06485,COLLECT,PICKUP_ACTIVE,0.0800,0.0000,0.1886,0.2014,0.6000,0.4500,1
16.26,1.82317,-0.03048,-0.06490,COLLECT,PICKUP_ACTIVE,0.0800,0.0000,0.2071,0.2015,0.6000,0.4500,1
16.28,1.82477,-0.03058,-0.06496,COLLECT,PICKUP_ACTIVE,0.0800,0.0000,0.2071,0.2016,0.6000,0.4500,1
16.30,1.82637,-0.03068,-0.06502,COLLECT,PICKUP_ACTIVE,0.0800,0.0000,0.2072,0.2016,0.6000,0.4500,1
16.32,1.82797,-0.03079,-0.06508,COLLECT,PICKUP_ACTIVE,0.0800,0.0000,0.1885,0.1830,0.6000,0.4500,1
16.34,1.82957,-0.03089,-0.06514,COLLECT,PICKUP_ACTIVE,0.0800,0.0000,0.2070,0.2015,0.6000,0.4500,1
16.36,1.83116,-0.03100,-0.06521,COLLECT,PICKUP_ACTIVE,0.0800,0.0000,0.2071,0.2015,0.6000,0.4500,1
16.38,1.83276,-0.03110,-0.06527,COLLECT,PICKUP_ACTIVE,0.0800,0.0000,0.2071,0.2016,0.6000,0.4500,1
16.40,1.83436,-0.03121,-0.06534,COLLECT,PICKUP_ACTIVE,0.0800,0.0000,0.1885,0.2017,0.6000,0.4500,1
16.42,1.83596,-0.03131,-0.06539,COLLECT,PICKUP_ACTIVE,0.0800,0.0000,0.2070,0.2017,0.6000,0.4500,1
16.44,1.83756,-0.03142,-0.06544,COLLECT,PICKUP_ACTIVE,0.0800,0.0000,0.2070,0.1831,0.6000,0.4500,1
16.46,1.83916,-0.03152,-0.06551,COLLECT,PICKUP_ACTIVE,0.0800,0.0000,0.2071,0.2016,0.6000,0.4500,1
16.48,1.84076,-0.03162,-0.06559,COLLECT,PICKUP_ACTIVE,0.0800,0.0000,0.1885,0.2016,0.6000,0.4500,1
16.50,1.84236,-0.03173,-0.06565,COLLECT,PICKUP_ACTIVE,0.0800,0.0000,0.2069,0.2017,0.6000,0.4500,1
16.52,1.84396,-0.03184,-0.06570,COLLECT,PICKUP_ACTIVE,0.0800,0.0000,0.2070,0.2018,0.6000,0.4500,1
16.54,1.84556,-0.03194,-0.06576,COLLECT,PICKUP_ACTIVE,0.0800,0.0000,0.1883,0.2018,0.6000,0.4500,1
16.56,1.84716,-0.03205,-0.06580,COLLECT,PICKUP_ACTIVE,0.0800,0.0000,0.2068,0.1832,0.6000,0.4500,1
16.58,1.84875,-0.03215,-0.06585,COLLECT,PICKUP_ACTIVE,0.0800,0.0000,0.2069,0.2016,0.6000,0.4500,1
16.60,1.85035,-0.03226,-0.06592,COLLECT,PICKUP_ACTIVE,0.0800,0.0000,0.2069,0.2017,0.6000,0.4500,1
16.62,1.85195,-0.03236,-0.06599,COLLECT,PICKUP_ACTIVE,0.0800,0.0000,0.1883,0.2018,0.6000,0.4500,1
16.64,1.85355,-0.03247,-0.06604,COLLECT,PICKUP_ACTIVE,0.0800,0.0000,0.2068,0.2018,0.6000,0.4500,1
16.66,1.85515,-0.03257,-0.06608,COLLECT,PICKUP_ACTIVE,0.0800,0.0000,0.2068,0.2019,0.6000,0.4500,1
16.68,1.85675,-0.03268,-0.06612,COLLECT,PICKUP_ACTIVE,0.0800,0.0000,0.2069,0.1833,0.6000,0.4500,1
16.70,1.85835,-0.03279,-0.06620,COLLECT,PICKUP_ACTIVE,0.0800,0.0000,0.1883,0.2017,0.6000,0.4500,1
16.72,1.85994,-0.03289,-0.06626,COLLECT,PICKUP_ACTIVE,0.0800,0.0000,0.2067,0.2018,0.6000,0.4500,1
16.74,1.86154,-0.03300,-0.06631,COLLECT,PICKUP_ACTIVE,0.0800,0.0000,0.2068,0.2019,0.6000,0.4500,1
16.76,1.86314,-0.03310,-0.06637,COLLECT,PICKUP_ACTIVE,0.0800,0.0000,0.1881,0.2019,0.6000,0.4500,1
16.78,1.86474,-0.03321,-0.06640,COLLECT,PICKUP_ACTIVE,0.0800,0.0000,0.2066,0.1833,0.6000,0.4500,1
16.80,1.86633,-0.03332,-0.06645,COLLECT,PICKUP_ACTIVE,0.0800,0.0000,0.2067,0.2018,0.6000,0.4500,1
16.82,1.86793,-0.03342,-0.06652,COLLECT,PICKUP_ACTIVE,0.0800,0.0000,0.2068,0.2018,0.6000,0.4500,1
16.84,1.86953,-0.03353,-0.06659,COLLECT,PICKUP_ACTIVE,0.0800,0.0000,0.1881,0.2019,0.6000,0.4500,1
16.86,1.87112,-0.03364,-0.06663,COLLECT,PICKUP_ACTIVE,0.0800,0.0000,0.2066,0.2020,0.6000,0.4500,1
16.88,1.87272,-0.03374,-0.06667,COLLECT,PICKUP_ACTIVE,0.0800,0.0000,0.2066,0.2020,0.6000,0.4500,1
16.90,1.87432,-0.03385,-0.06671,COLLECT,PICKUP_ACTIVE,0.0800,0.0000,0.2067,0.1834,0.6000,0.4500,1
16.92,1.87592,-0.03396,-0.06678,COLLECT,PICKUP_ACTIVE,0.0800,0.0000,0.1881,0.2019,0.6000,0.4500,1
16.94,1.87752,-0.03406,-0.06684,COLLECT,PICKUP_ACTIVE,0.0800,0.0000,0.2065,0.2019,0.6000,0.4500,1
16.96,1.87911,-0.03417,-0.06688,COLLECT,PICKUP_ACTIVE,0.0800,0.0000,0.2066,0.2020,0.6000,0.4500,1
16.98,1.88071,-0.03428,-0.06694,COLLECT,PICKUP_ACTIVE,0.0800,0.0000,0.2067,0.2020,0.6000,0.4500,1
17.00,1.88232,-0.03438,-0.06699,COLLECT,PICKUP_ACTIVE,0.0800,0.0000,0.1880,0.2021,0.6000,0.4500,1
17.02,1.88392,-0.03449,-0.06702,COLLECT,PICKUP_ACTIVE,0.0800,0.0000,0.2065,0.1835,0.6000,0.4500,1
17.04,1.88551,-0.03460,-0.06707,COLLECT,PICKUP_ACTIVE,0.0800,0.0000,0.2066,0.2019,0.6000,0.4500,1
17.06,1.88711,-0.03471,-0.06714,COLLECT,PICKUP_ACTIVE,0.0800,0.0000,0.2066,0.2020,0.6000,0.4500,1
17.08,1.88871,-0.03481,-0.06720,COLLECT,PICKUP_ACTIVE,0.0800,0.0000,0.1880,0.2021,0.6000,0.4500,1
17.10,1.89031,-0.03492,-0.06724,COLLECT,PICKUP_ACTIVE,0.0800,0.0000,0.2065,0.2021,0.6000,0.4500,1
17.12,1.89191,-0.03503,-0.06728,COLLECT,PICKUP_ACTIVE,0.0800,0.0000,0.2065,0.1835,0.6000,0.4500,1
17.14,1.89350,-0.03514,-0.06734,COLLECT,PICKUP_ACTIVE,0.0800,0.0000,0.2066,0.2020,0.6000,0.4500,1
17.16,1.89510,-0.03525,-0.06741,COLLECT,PICKUP_ACTIVE,0.0800,0.0000,0.1879,0.2020,0.6000,0.4500,1
17.18,1.89670,-0.03535,-0.06746,COLLECT,PICKUP_ACTIVE,0.0800,0.0000,0.2064,0.2021,0.6000,0.4500,1
17.20,1.89830,-0.03546,-0.06751,COLLECT,PICKUP_ACTIVE,0.0800,0.0000,0.2065,0.2022,0.6000,0.4500,1
17.22,1.89990,-0.03557,-0.06755,COLLECT,PICKUP_ACTIVE,0.0800,0.0000,0.1878,0.2022,0.6000,0.4500,1
17.24,1.90150,-0.03568,-0.06757,COLLECT,PICKUP_ACTIVE,0.0800,0.0000,0.2063,0.1836,0.6000,0.4500,1
17.26,1.90309,-0.03579,-0.06762,COLLECT,PICKUP_ACTIVE,0.0800,0.0000,0.2064,0.2021,0.6000,0.4500,1
17.28,1.90469,-0.03589,-0.06767,COLLECT,PICKUP_ACTIVE,0.0800,0.0000,0.2064,0.2021,0.6000,0.4500,1
17.30,1.90628,-0.03600,-0.06773,COLLECT,PICKUP_ACTIVE,0.0800,0.0000,0.1878,0.2022,0.6000,0.4500,1
17.32,1.90788,-0.03611,-0.06776,COLLECT,PICKUP_ACTIVE,0.0800,0.0000,0.2063,0.2023,0.6000,0.4500,1
17.34,1.90948,-0.03622,-0.06779,COLLECT,PICKUP_ACTIVE,0.0800,0.0000,0.2063,0.1836,0.6000,0.4500,1
17.36,1.91108,-0.03633,-0.06785,COLLECT,PICKUP_ACTIVE,0.0800,0.0000,0.2064,0.2021,0.6000,0.4500,1
17.38,1.91267,-0.03644,-0.06792,COLLECT,PICKUP_ACTIVE,0.0800,0.0000,0.1877,0.2021,0.6000,0.4500,1
17.40,1.91427,-0.03654,-0.06796,COLLECT,PICKUP_ACTIVE,0.0800,0.0000,0.2062,0.2022,0.6000,0.4500,1
17.42,1.91587,-0.03665,-0.06800,COLLECT,PICKUP_ACTIVE,0.0800,0.0000,0.2063,0.2023,0.6000,0.4500,1
17.44,1.91747,-0.03676,-0.06804,COLLECT,PICKUP_ACTIVE,0.0800,0.0000,0.2063,0.2023,0.6000,0.4500,1
17.46,1.91907,-0.03687,-0.06808,COLLECT,PICKUP_ACTIVE,0.0800,0.0000,0.1877,0.1837,0.6000,0.4500,1
17.48,1.92066,-0.03698,-0.06812,COLLECT,PICKUP_ACTIVE,0.0800,0.0000,0.2062,0.2022,0.6000,0.4500,1
17.50,1.92226,-0.03709,-0.06817,COLLECT,PICKUP_ACTIVE,0.0800,0.0000,0.2062,0.2022,0.6000,0.4500,1
17.52,1.92386,-0.03720,-0.06822,COLLECT,PICKUP_ACTIVE,0.0800,0.0000,0.2063,0.2023,0.6000,0.4500,1
17.54,1.92546,-0.03731,-0.06827,COLLECT,PICKUP_ACTIVE,0.0800,0.0000,0.1877,0.2024,0.6000,0.4500,1
17.56,1.92706,-0.03742,-0.06830,COLLECT,PICKUP_ACTIVE,0.0800,0.0000,0.2061,0.1837,0.6000,0.4500,1
17.58,1.92865,-0.03753,-0.06834,COLLECT,PICKUP_ACTIVE,0.0800,0.0000,0.2062,0.2022,0.6000,0.4500,1
17.60,1.93025,-0.03764,-0.06840,COLLECT,PICKUP_ACTIVE,0.0800,0.0000,0.2063,0.2023,0.6000,0.4500,1
17.62,1.93185,-0.03775,-0.06846,COLLECT,PICKUP_ACTIVE,0.0800,0.0000,0.1876,0.2023,0.6000,0.4500,1
17.64,1.93344,-0.03785,-0.06849,COLLECT,PICKUP_ACTIVE,0.0800,0.0000,0.2061,0.2024,0.6000,0.4500,1
17.66,1.93504,-0.03796,-0.06852,COLLECT,PICKUP_ACTIVE,0.0800,0.0000,0.2062,0.2025,0.6000,0.4500,1
17.68,1.93664,-0.03807,-0.06855,COLLECT,PICKUP_ACTIVE,0.0800,0.0000,0.2062,0.1838,0.6000,0.4500,1
17.70,1.93824,-0.03818,-0.06861,COLLECT,PICKUP_ACTIVE,0.0800,0.0000,0.1876,0.2023,0.6000,0.4500,1
17.72,1.93984,-0.03829,-0.06866,COLLECT,PICKUP_ACTIVE,0.0800,0.0000,0.2060,0.2023,0.6000,0.4500,1
17.74,1.94143,-0.03840,-0.06869,COLLECT,PICKUP_ACTIVE,0.0800,0.0000,0.2061,0.2024,0.6000,0.4500,1
17.76,1.94303,-0.03851,-0.06873,COLLECT,PICKUP_ACTIVE,0.0800,0.0000,0.2062,0.2025,0.6000,0.4500,1
17.78,1.94464,-0.03862,-0.06878,COLLECT,PICKUP_ACTIVE,0.0800,0.0000,0.1875,0.1838,0.6000,0.4500,1
17.80,1.94623,-0.03873,-0.06882,COLLECT,PICKUP_ACTIVE,0.0800,0.0000,0.2060,0.2023,0.6000,0.4500,1
17.82,1.94783,-0.03884,-0.06886,COLLECT,PICKUP_ACTIVE,0.0800,0.0000,0.2061,0.2024,0.6000,0.4500,1
17.84,1.94942,-0.03895,-0.06891,COLLECT,PICKUP_ACTIVE,0.0800,0.0000,0.2061,0.2024,0.6000,0.4500,1
17.86,1.95102,-0.03906,-0.06896,COLLECT,PICKUP_ACTIVE,0.0800,0.0000,0.1875,0.2025,0.6000,0.4500,1
17.88,1.95262,-0.03918,-0.06898,COLLECT,PICKUP_ACTIVE,0.0000,0.0000,0.1475,0.1625,0.0000,0.4500,1
17.90,1.95419,-0.03928,-0.06898,COLLECT,PICKUP_ACTIVE,0.0000,0.0000,0.1075,0.1225,0.0000,0.4500,1
17.92,1.95570,-0.03939,-0.06895,COLLECT,PICKUP_ACTIVE,0.0000,0.0000,0.0675,0.0825,0.0000,0.4500,1
17.94,1.95711,-0.03949,-0.06890,COLLECT,PICKUP_ACTIVE,0.0000,0.0000,0.0275,0.0425,0.0000,0.4500,1
17.96,1.95841,-0.03958,-0.06883,COLLECT,PICKUP_ACTIVE,0.0000,0.0000,-0.0125,0.0025,0.0000,0.4500,1
17.98,1.95958,-0.03966,-0.06874,COLLECT,PICKUP_ACTIVE,0.0000,0.0000,-0.0525,-0.0375,0.0000,0.4500,1
18.00,1.96059,-0.03972,-0.06863,COLLECT,PICKUP_ACTIVE,0.0000,0.0000,-0.0628,-0.0775,0.0000,0.4500,1
18.02,1.96143,-0.03978,-0.06855,COLLECT,PICKUP_ACTIVE,0.0000,0.0000,-0.0450,-0.0674,0.0000,0.4500,1
18.04,1.96214,-0.03983,-0.06851,COLLECT,PICKUP_ACTIVE,0.0000,0.0000,-0.0643,-0.0496,0.0000,0.4500,1
18.06,1.96271,-0.03987,-0.06847,COLLECT,PICKUP_ACTIVE,0.0000,0.0000,-0.0465,-0.0502,0.0000,0.4500,1
18.08,1.96318,-0.03990,-0.06843,COLLECT,PICKUP_ACTIVE,0.0000,0.0000,-0.0284,-0.0509,0.0000,0.4500,1
18.10,1.96357,-0.03993,-0.06842,COLLECT,PICKUP_ACTIVE,0.0000,0.0000,-0.0287,-0.0328,0.0000,0.4500,1
18.12,1.96388,-0.03995,-0.06843,COLLECT,PICKUP_ACTIVE,0.0000,0.0000,-0.0291,-0.0331,0.0000,0.4500,1
18.14,1.96414,-0.03997,-0.06845,COLLECT,PICKUP_ACTIVE,0.0000,0.0000,-0.0294,-0.0334,0.0000,0.4500,1
18.16,1.96434,-0.03998,-0.06847,COLLECT,PICKUP_ACTIVE,0.0000,0.0000,-0.0297,-0.0150,0.0000,0.4500,1
18.18,1.96449,-0.03999,-0.06847,COLLECT,PICKUP_ACTIVE,0.0000,0.0000,-0.0113,-0.0337,0.0000,0.4500,1
18.20,1.96461,-0.04000,-0.06849,COLLECT,PICKUP_ACTIVE,0.0000,0.0000,-0.0300,-0.0153,0.0000,0.4500,1
18.22,1.96470,-0.04001,-0.06851,COLLECT,PICKUP_ACTIVE,0.0000,0.0000,-0.0116,-0.0153,0.0000,0.4500,1
18.24,1.96477,-0.04001,-0.06851,COLLECT,PICKUP_ACTIVE,0.0000,0.0000,-0.0116,-0.0340,0.0000,0.4500,1
18.26,1.96481,-0.04001,-0.06855,COLLECT,PICKUP_ACTIVE,0.0000,0.0000,-0.0116,-0.0156,0.0000,0.4500,1
18.28,1.96483,-0.04002,-0.06860,COLLECT,PICKUP_ACTIVE,0.0000,0.0000,-0.0303,-0.0156,0.0000,0.4500,1
18.30,1.96483,-0.04002,-0.06863,COLLECT,PICKUP_ACTIVE,0.0000,0.0000,-0.0119,-0.0156,0.0000,0.4500,1
18.32,1.96482,-0.04002,-0.06865,COLLECT,PICKUP_ACTIVE,0.0000,0.0000,-0.0119,-0.0156,0.0000,0.4500,1
18.34,1.96480,-0.04001,-0.06868,COLLECT,PICKUP_ACTIVE,0.0000,0.0000,-0.0119,-0.0156,0.0000,0.4500,1
18.36,1.96477,-0.04001,-0.06871,COLLECT,PICKUP_ACTIVE,0.0000,0.0000,0.0068,0.0031,0.0000,0.4500,1
18.38,1.96474,-0.04001,-0.06874,COLLECT,PICKUP_ACTIVE,0.0000,0.0000,-0.0116,-0.0153,0.0000,0.4500,1
18.40,1.96471,-0.04001,-0.06878,COLLECT,PICKUP_ACTIVE,0.0000,0.0000,-0.0116,-0.0153,0.0000,0.4500,1
18.42,1.96466,-0.04000,-0.06882,COLLECT,PICKUP_ACTIVE,0.0000,0.0000,-0.0116,-0.0153,0.0000,0.4500,1
18.44,1.96462,-0.04000,-0.06886,COLLECT,PICKUP_ACTIVE,0.0000,0.0000,-0.0116,-0.0153,0.0000,0.4500,1
18.46,1.96456,-0.04000,-0.06890,COLLECT,PICKUP_ACTIVE,0.0000,0.0000,-0.0116,-0.0153,0.0000,0.4500,1
18.48,1.96450,-0.03999,-0.06894,COLLECT,PICKUP_ACTIVE,0.0000,0.0000,-0.0116,0.0034,0.0000,0.4500,1
18.50,1.96444,-0.03999,-0.06897,COLLECT,PICKUP_ACTIVE,0.0000,0.0000,-0.0116,-0.0150,0.0000,0.4500,1
18.52,1.96438,-0.03998,-0.06898,COLLECT,PICKUP_ACTIVE,0.0000,0.0000,0.0071,-0.0150,0.0000,0.4500,1
18.54,1.96432,-0.03998,-0.06903,COLLECT,PICKUP_ACTIVE,0.0000,0.0000,-0.0113,-0.0150,0.0000,0.4500,1
18.56,1.96426,-0.03998,-0.06908,COLLECT,PICKUP_ACTIVE,0.0000,0.0000,-0.0113,0.0038,0.0000,0.4500,1
18.58,1.96419,-0.03997,-0.06911,COLLECT,PICKUP_ACTIVE,0.0000,0.0000,-0.0113,-0.0147,0.0000,0.4500,1
18.60,1.96413,-0.03997,-0.06914,COLLECT,PICKUP_ACTIVE,0.0000,0.0000,-0.0113,-0.0147,0.0000,0.4500,1
18.62,1.96406,-0.03996,-0.06917,COLLECT,PICKUP_ACTIVE,0.0000,0.0000,0.0075,-0.0147,0.0000,0.4500,1
18.64,1.96400,-0.03996,-0.06923,COLLECT,PICKUP_ACTIVE,0.0000,0.0000,-0.0110,-0.0147,0.0000,0.4500,1
18.66,1.96393,-0.03995,-0.06929,COLLECT,PICKUP_ACTIVE,0.0000,0.0000,-0.0110,0.0041,0.0000,0.4500,1
18.68,1.96386,-0.03995,-0.06933,COLLECT,PICKUP_ACTIVE,0.0000,0.0000,-0.0110,-0.0143,0.0000,0.4500,1
18.70,1.96379,-0.03994,-0.06936,COLLECT,PICKUP_ACTIVE,0.0000,0.0000,-0.0110,-0.0143,0.0000,0.4500,1
18.72,1.96372,-0.03994,-0.06940,COLLECT,PICKUP_ACTIVE,0.0000,0.0000,-0.0110,0.0044,0.0000,0.4500,1
18.74,1.96365,-0.03993,-0.06941,COLLECT,PICKUP_ACTIVE,0.0000,0.0000,0.0078,-0.0140,0.0000,0.4500,1
18.76,1.96359,-0.03993,-0.06944,COLLECT,PICKUP_ACTIVE,0.0000,0.0000,-0.0106,-0.0140,0.0000,0.4500,1
18.78,1.96352,-0.03993,-0.06949,COLLECT,PICKUP_ACTIVE,0.0000,0.0000,-0.0106,-0.0140,0.0000,0.4500,1
18.80,1.96346,-0.03992,-0.06953,COLLECT,PICKUP_ACTIVE,0.0000,0.0000,-0.0106,0.0047,0.0000,0.4500,1
18.82,1.96339,-0.03992,-0.06955,COLLECT,PICKUP_ACTIVE,0.0000,0.0000,-0.0106,-0.0137,0.0000,0.4500,1
18.84,1.96332,-0.03991,-0.06957,COLLECT,PICKUP_ACTIVE,0.0000,0.0000,0.0081,-0.0137,0.0000,0.4500,1
18.86,1.96326,-0.03991,-0.06961,COLLECT,PICKUP_ACTIVE,0.0000,0.0000,-0.0103,-0.0137,0.0000,0.4500,1
18.88,1.96319,-0.03990,-0.06967,COLLECT,PICKUP_ACTIVE,0.0000,0.0000,-0.0103,-0.0137,0.0000,0.4500,1
18.90,1.96312,-0.03990,-0.06972,COLLECT,PICKUP_ACTIVE,0.0000,0.0000,-0.0103,0.0050,0.0000,0.4500,1
18.92,1.96306,-0.03989,-0.06975,COLLECT,PICKUP_ACTIVE,0.0000,0.0000,-0.0103,-0.0134,0.0000,0.4500,1
18.94,1.96299,-0.03989,-0.06977,COLLECT,PICKUP_ACTIVE,0.0000,0.0000,0.0084,-0.0134,0.0000,0.4500,1
18.96,1.96292,-0.03988,-0.06982,COLLECT,PICKUP_ACTIVE,0.0000,0.0000,-0.0100,-0.0134,0.0000,0.4500,1
18.98,1.96286,-0.03988,-0.06988,COLLECT,PICKUP_ACTIVE,0.0000,0.0000,-0.0100,0.0053,0.0000,0.4500,1
19.00,1.96280,-0.03987,-0.06992,COLLECT,PICKUP_ACTIVE,0.0000,0.0000,-0.0100,-0.0131,0.0000,0.4500,1
19.02,1.96273,-0.03987,-0.06994,COLLECT,PICKUP_ACTIVE,0.0000,0.0000,-0.0100,-0.0131,0.0000,0.4500,1
19.04,1.96267,-0.03987,-0.06997,COLLECT,PICKUP_ACTIVE,0.0000,0.0000,-0.0100,-0.0131,0.0000,0.4500,1
19.06,1.96260,-0.03986,-0.07001,COLLECT,PICKUP_ACTIVE,0.0000,0.0000,0.0087,0.0056,0.0000,0.4500,1
19.08,1.96254,-0.03986,-0.07004,COLLECT,PICKUP_ACTIVE,0.0000,0.0000,-0.0097,-0.0128,0.0000,0.4500,1
19.10,1.96248,-0.03985,-0.07008,COLLECT,PICKUP_ACTIVE,0.0000,0.0000,-0.0097,-0.0128,0.0000,0.4500,1
19.12,1.96241,-0.03985,-0.07011,COLLECT,PICKUP_ACTIVE,0.0000,0.0000,-0.0097,-0.0128,0.0000,0.4500,1
19.14,1.96235,-0.03984,-0.07015,COLLECT,PICKUP_ACTIVE,0.0000,0.0000,-0.0097,0.0059,0.0000,0.4500,1
19.16,1.96229,-0.03984,-0.07017,COLLECT,PICKUP_ACTIVE,0.0000,0.0000,-0.0097,-0.0125,0.0000,0.4500,1
19.18,1.96222,-0.03983,-0.07018,COLLECT,PICKUP_ACTIVE,0.0000,0.0000,0.0090,-0.0125,0.0000,0.4500,1
19.20,1.96216,-0.03983,-0.07022,COLLECT,PICKUP_ACTIVE,0.0000,0.0000,-0.0094,-0.0125,0.0000,0.4500,1
19.22,1.96210,-0.03983,-0.07026,COLLECT,PICKUP_ACTIVE,0.0000,0.0000,-0.0094,0.0062,0.0000,0.4500,1
19.24,1.96205,-0.03982,-0.07029,COLLECT,PICKUP_ACTIVE,0.0000,0.0000,-0.0094,-0.0122,0.0000,0.4500,1
19.26,1.96199,-0.03982,-0.07031,COLLECT,PICKUP_ACTIVE,0.0000,0.0000,-0.0094,-0.0122,0.0000,0.4500,1
19.28,1.96193,-0.03981,-0.07033,COLLECT,PICKUP_ACTIVE,0.0000,0.0000,0.0093,-0.0122,0.0000,0.4500,1
19.30,1.96187,-0.03981,-0.07037,COLLECT,PICKUP_ACTIVE,0.0000,0.0000,-0.0091,-0.0122,0.0000,0.4500,1
19.32,1.96181,-0.03981,-0.07043,COLLECT,PICKUP_ACTIVE,0.0000,0.0000,-0.0091,0.0065,0.0000,0.4500,1
19.34,1.96175,-0.03980,-0.07046,COLLECT,PICKUP_ACTIVE,0.0000,0.0000,-0.0091,-0.0119,0.0000,0.4500,1
19.36,1.96170,-0.03980,-0.07049,COLLECT,PICKUP_ACTIVE,0.0000,0.0000,-0.0091,-0.0119,0.0000,0.4500,1
19.38,1.96164,-0.03979,-0.07051,COLLECT,PICKUP_ACTIVE,0.0000,0.0000,-0.0091,-0.0119,0.0000,0.4500,1
19.40,1.96157,-0.03979,-0.07054,COLLECT,PICKUP_ACTIVE,0.0000,0.0000,0.0096,-0.0119,0.0000,0.4500,1
19.42,1.96151,-0.03978,-0.07059,COLLECT,PICKUP_ACTIVE,0.0000,0.0000,-0.0088,0.0068,0.0000,0.4500,1
19.44,1.96146,-0.03978,-0.07063,COLLECT,PICKUP_ACTIVE,0.0000,0.0000,-0.0088,-0.0116,0.0000,0.4500,1
19.46,1.96141,-0.03978,-0.07066,COLLECT,PICKUP_ACTIVE,0.0000,0.0000,-0.0088,-0.0116,0.0000,0.4500,1
19.48,1.96135,-0.03977,-0.07069,COLLECT,PICKUP_ACTIVE,0.0000,0.0000,-0.0088,-0.0116,0.0000,0.4500,1
19.50,1.96129,-0.03977,-0.07073,COLLECT,PICKUP_ACTIVE,0.0000,0.0000,-0.0088,0.0071,0.0000,0.4500,1
19.52,1.96123,-0.03976,-0.07074,COLLECT,PICKUP_ACTIVE,0.0000,0.0000,-0.0088,-0.0113,0.0000,0.4500,1
19.54,1.96118,-0.03976,-0.07074,COLLECT,PICKUP_ACTIVE,0.0000,0.0000,0.0099,-0.0113,0.0000,0.4500,1
19.56,1.96112,-0.03976,-0.07078,COLLECT,PICKUP_ACTIVE,0.0000,0.0000,-0.0085,-0.0113,0.0000,0.4500,1
19.58,1.96107,-0.03975,-0.07082,COLLECT,PICKUP_ACTIVE,0.0000,0.0000,-0.0085,-0.0113,0.0000,0.4500,1
19.60,1.96101,-0.03975,-0.07086,COLLECT,PICKUP_ACTIVE,0.0000,0.0000,-0.0085,0.0074,0.0000,0.4500,1
19.62,1.96096,-0.03975,-0.07088,COLLECT,PICKUP_ACTIVE,0.0000,0.0000,-0.0085,-0.0110,0.0000,0.4500,1
19.64,1.96091,-0.03974,-0.07089,COLLECT,PICKUP_ACTIVE,0.0000,0.0000,-0.0085,-0.0110,0.0000,0.4500,1
19.66,1.96085,-0.03974,-0.07091,COLLECT,PICKUP_ACTIVE,0.0000,0.0000,0.0102,-0.0110,0.0000,0.4500,1
19.68,1.96080,-0.03973,-0.07095,COLLECT,PICKUP_ACTIVE,0.0000,0.0000,-0.0082,-0.0110,0.0000,0.4500,1
19.70,1.96074,-0.03973,-0.07100,COLLECT,PICKUP_ACTIVE,0.0000,0.0000,-0.0082,0.0077,0.0000,0.4500,1
19.72,1.96069,-0.03973,-0.07103,COLLECT,PICKUP_ACTIVE,0.0000,0.0000,-0.0082,-0.0107,0.0000,0.4500,1
19.74,1.96064,-0.03972,-0.07105,COLLECT,PICKUP_ACTIVE,0.0000,0.0000,-0.0082,-0.0107,0.0000,0.4500,1
19.76,1.96059,-0.03972,-0.07107,COLLECT,PICKUP_ACTIVE,0.0000,0.0000,-0.0082,-0.0107,0.0000,0.4500,1
19.78,1.96054,-0.03971,-0.07109,COLLECT,PICKUP_ACTIVE,0.0000,0.0000,-0.0082,-0.0107,0.0000,0.4500,1
19.80,1.96048,-0.03971,-0.07112,COLLECT,PICKUP_ACTIVE,0.0000,0.0000,0.0105,0.0080,0.0000,0.4500,1
19.82,1.96043,-0.03971,-0.07114,COLLECT,PICKUP_ACTIVE,0.0000,0.0000,-0.0079,-0.0104,0.0000,0.4500,1
19.84,1.96038,-0.03970,-0.07117,COLLECT,PICKUP_ACTIVE,0.0000,0.0000,-0.0079,-0.0104,0.0000,0.4500,1
19.86,1.96034,-0.03970,-0.07120,COLLECT,PICKUP_ACTIVE,0.0000,0.0000,-0.0079,-0.0104,0.0000,0.4500,1
19.88,1.96028,-0.03970,-0.07123,COLLECT,PICKUP_ACTIVE,0.0000,0.0000,-0.0079,-0.0104,0.0000,0.4500,1
19.90,1.96023,-0.03969,-0.07126,COLLECT,PICKUP_ACTIVE,0.0000,0.0000,-0.0079,-0.0104,0.0000,0.4500,1
19.92,1.96017,-0.03969,-0.07130,COLLECT,PICKUP_ACTIVE,0.0000,0.0000,-0.0079,0.0084,0.0000,0.4500,1
19.94,1.96012,-0.03969,-0.07131,COLLECT,PICKUP_ACTIVE,0.0000,0.0000,0.0108,-0.0101,0.0000,0.4500,1
19.96,1.96008,-0.03968,-0.07133,COLLECT,PICKUP_ACTIVE,0.0000,0.0000,-0.0076,-0.0101,0.0000,0.4500,1
19.98,1.96003,-0.03968,-0.07137,COLLECT,PICKUP_ACTIVE,0.0000,0.0000,-0.0076,-0.0101,0.0000,0.4500,1
20.00,1.95998,-0.03968,-0.07141,COLLECT,PICKUP_ACTIVE,0.0000,0.0000,-0.0076,-0.0101,0.0000,0.4500,1
20.02,1.95993,-0.03967,-0.07145,COLLECT,PICKUP_ACTIVE,0.0000,0.0000,-0.0076,0.0087,0.0000,0.4500,1
20.04,1.95988,-0.03967,-0.07146,COLLECT,PICKUP_ACTIVE,0.0000,0.0000,-0.0076,-0.0097,0.0000,0.4500,1
20.06,1.95983,-0.03966,-0.07147,COLLECT,PICKUP_ACTIVE,0.0000,0.0000,-0.0076,-0.0097,0.0000,0.4500,1
20.08,1.95978,-0.03966,-0.07148,COLLECT,PICKUP_ACTIVE,0.0000,0.0000,0.0111,-0.0097,0.0000,0.4500,1
20.10,1.95974,-0.03966,-0.07152,COLLECT,PICKUP_ACTIVE,0.0000,0.0000,-0.0073,-0.0097,0.0000,0.4500,1
20.12,1.95969,-0.03965,-0.07156,COLLECT,PICKUP_ACTIVE,0.0000,0.0000,-0.0073,-0.0097,0.0000,0.4500,1
20.14,1.95964,-0.03965,-0.07161,COLLECT,PICKUP_ACTIVE,0.0000,0.0000,-0.0073,0.0090,0.0000,0.4500,1
20.16,1.95960,-0.03965,-0.07163,COLLECT,PICKUP_ACTIVE,0.0000,0.0000,-0.0073,-0.0094,0.0000,0.4500,1
20.18,1.95955,-0.03964,-0.07164,COLLECT,PICKUP_ACTIVE,0.0000,0.0000,-0.0073,-0.0094,0.0000,0.4500,1
20.20,1.95951,-0.03964,-0.07166,COLLECT,PICKUP_ACTIVE,0.0000,0.0000,-0.0073,-0.0094,0.0000,0.4500,1
20.22,1.95946,-0.03964,-0.07167,COLLECT,PICKUP_ACTIVE,0.0000,0.0000,0.0114,-0.0094,0.0000,0.4500,1
20.24,1.95941,-0.03963,-0.07172,COLLECT,PICKUP_ACTIVE,0.0000,0.0000,-0.0070,0.0093,0.0000,0.4500,1
20.26,1.95937,-0.03963,-0.07175,COLLECT,PICKUP_ACTIVE,0.0000,0.0000,-0.0070,-0.0091,0.0000,0.4500,1
20.28,1.95933,-0.03963,-0.07177,COLLECT,PICKUP_ACTIVE,0.0000,0.0000,-0.0070,-0.0091,0.0000,0.4500,1
20.30,1.95929,-0.03963,-0.07179,COLLECT,PICKUP_ACTIVE,0.0000,0.0000,-0.0070,-0.0091,0.0000,0.4500,1
20.32,1.95924,-0.03962,-0.07181,COLLECT,PICKUP_ACTIVE,0.0000,0.0000,-0.0070,-0.0091,0.0000,0.4500,1
20.34,1.95920,-0.03962,-0.07184,COLLECT,PICKUP_ACTIVE,0.0000,0.0000,-0.0070,-0.0091,0.0000,0.4500,1
20.36,1.95915,-0.03962,-0.07186,COLLECT,PICKUP_ACTIVE,0.0000,0.0000,-0.0070,-0.0091,0.0000,0.4500,1
20.38,1.95910,-0.03961,-0.07189,COLLECT,PICKUP_ACTIVE,0.0000,0.0000,0.0117,0.0096,0.0000,0.4500,1
20.40,1.95906,-0.03961,-0.07191,COLLECT,PICKUP_ACTIVE,0.0000,0.0000,-0.0067,-0.0088,0.0000,0.4500,1
20.42,1.95902,-0.03961,-0.07194,COLLECT,PICKUP_ACTIVE,0.0000,0.0000,-0.0067,-0.0088,0.0000,0.4500,1
20.44,1.95898,-0.03960,-0.07197,COLLECT,PICKUP_ACTIVE,0.0000,0.0000,-0.0067,-0.0088,0.0000,0.4500,1
20.46,1.95893,-0.03960,-0.07200,COLLECT,PICKUP_ACTIVE,0.0000,0.0000,-0.0067,-0.0088,0.0000,0.4500,1
20.48,1.95889,-0.03960,-0.07203,COLLECT,PICKUP_ACTIVE,0.0000,0.0000,-0.0067,-0.0088,0.0000,0.4500,1
20.50,1.95884,-0.03959,-0.07206,COLLECT,PICKUP_ACTIVE,0.0000,0.0000,-0.0067,0.0099,0.0000,0.4500,1
20.52,1.95880,-0.03959,-0.07207,COLLECT,PICKUP_ACTIVE,0.0000,0.0000,-0.0067,-0.0085,0.0000,0.4500,1
20.54,1.95876,-0.03959,-0.07207,COLLECT,PICKUP_ACTIVE,0.0000,0.0000,-0.0067,-0.0085,0.0000,0.4500,1
20.56,1.95871,-0.03958,-0.07207,COLLECT,PICKUP_ACTIVE,0.0000,0.0000,0.0121,-0.0085,0.0000,0.4500,1
20.58,1.95867,-0.03958,-0.07211,COLLECT,PICKUP_ACTIVE,0.0000,0.0000,-0.0064,-0.0085,0.0000,0.4500,1
20.60,1.95863,-0.03958,-0.07215,COLLECT,PICKUP_ACTIVE,0.0000,0.0000,-0.0064,-0.0085,0.0000,0.4500,1
20.62,1.95859,-0.03958,-0.07218,COLLECT,PICKUP_ACTIVE,0.0000,0.0000,-0.0064,0.0102,0.0000,0.4500,1
20.64,1.95855,-0.03957,-0.07220,COLLECT,PICKUP_ACTIVE,0.0000,0.0000,-0.0064,-0.0082,0.0000,0.4500,1
20.66,1.95851,-0.03957,-0.07221,COLLECT,PICKUP_ACTIVE,0.0000,0.0000,-0.0064,-0.0082,0.0000,0.4500,1
20.68,1.95847,-0.03957,-0.07222,COLLECT,PICKUP_ACTIVE,0.0000,0.0000,-0.0064,-0.0082,0.0000,0.4500,1
20.70,1.95843,-0.03956,-0.07223,COLLECT,PICKUP_ACTIVE,0.0000,0.0000,-0.0064,-0.0082,0.0000,0.4500,1
20.72,1.95839,-0.03956,-0.07224,COLLECT,PICKUP_ACTIVE,0.0000,0.0000,0.0124,-0.0082,0.0000,0.4500,1
20.74,1.95835,-0.03956,-0.07228,COLLECT,PICKUP_ACTIVE,0.0000,0.0000,-0.0060,-0.0082,0.0000,0.4500,1
20.76,1.95831,-0.03955,-0.07233,COLLECT,PICKUP_ACTIVE,0.0000,0.0000,-0.0060,0.0105,0.0000,0.4500,1
20.78,1.95827,-0.03955,-0.07235,COLLECT,PICKUP_ACTIVE,0.0000,0.0000,-0.0060,-0.0079,0.0000,0.4500,1
20.80,1.95824,-0.03955,-0.07237,COLLECT,PICKUP_ACTIVE,0.0000,0.0000,-0.0060,-0.0079,0.0000,0.4500,1
20.82,1.95820,-0.03955,-0.07238,COLLECT,PICKUP_ACTIVE,0.0000,0.0000,-0.0060,-0.0079,0.0000,0.4500,1
20.84,1.95816,-0.03954,-0.07240,COLLECT,PICKUP_ACTIVE,0.0000,0.0000,-0.0060,-0.0079,0.0000,0.4500,1
20.86,1.95812,-0.03954,-0.07242,COLLECT,PICKUP_ACTIVE,0.0000,0.0000,-0.0060,-0.0079,0.0000,0.4500,1
20.88,1.95808,-0.03954,-0.07244,COLLECT,PICKUP_ACTIVE,0.0000,0.0000,-0.0060,-0.0079,0.0000,0.4500,1
20.90,1.95803,-0.03953,-0.07246,COLLECT,PICKUP_ACTIVE,0.0000,0.0000,0.0127,0.0108,0.0000,0.4500,1
20.92,1.95800,-0.03953,-0.07249,COLLECT,PICKUP_ACTIVE,0.0000,0.0000,-0.0057,-0.0076,0.0000,0.4500,1
20.94,1.95797,-0.03953,-0.07251,COLLECT,PICKUP_ACTIVE,0.0000,0.0000,-0.0057,-0.0076,0.0000,0.4500,1
20.96,1.95793,-0.03953,-0.07253,COLLECT,PICKUP_ACTIVE,0.0000,0.0000,-0.0057,-0.0076,0.0000,0.4500,1
20.98,1.95790,-0.03953,-0.07256,COLLECT,PICKUP_ACTIVE,0.0000,0.0000,-0.0057,-0.0076,0.0000,0.4500,1
21.00,1.95786,-0.03952,-0.07258,COLLECT,PICKUP_ACTIVE,0.0000,0.0000,-0.0057,-0.0076,0.0000,0.4500,1
21.02,1.95782,-0.03952,-0.07261,COLLECT,PICKUP_ACTIVE,0.0000,0.0000,-0.0057,-0.0076,0.0000,0.4500,1
21.04,1.95778,-0.03952,-0.07263,COLLECT,PICKUP_ACTIVE,0.0000,0.0000,-0.0057,0.0111,0.0000,0.4500,1
21.06,1.95774,-0.03951,-0.07264,COLLECT,PICKUP_ACTIVE,0.0000,0.0000,-0.0057,-0.0073,0.0000,0.4500,1
21.08,1.95771,-0.03951,-0.07263,COLLECT,PICKUP_ACTIVE,0.0000,0.0000,-0.0057,-0.0073,0.0000,0.4500,1
21.10,1.95767,-0.03951,-0.07263,COLLECT,PICKUP_ACTIVE,0.0000,0.0000,0.0130,-0.0073,0.0000,0.4500,1
21.12,1.95764,-0.03951,-0.07266,COLLECT,PICKUP_ACTIVE,0.0000,0.0000,-0.0054,-0.0073,0.0000,0.4500,1
21.14,1.95760,-0.03950,-0.07269,COLLECT,PICKUP_ACTIVE,0.0000,0.0000,-0.0054,-0.0073,0.0000,0.4500,1
21.16,1.95757,-0.03950,-0.07273,COLLECT,PICKUP_ACTIVE,0.0000,0.0000,-0.0054,-0.0073,0.0000,0.4500,1
21.18,1.95753,-0.03950,-0.07276,COLLECT,PICKUP_ACTIVE,0.0000,0.0000,-0.0054,0.0114,0.0000,0.4500,1
21.20,1.95750,-0.03950,-0.07277,COLLECT,PICKUP_ACTIVE,0.0000,0.0000,-0.0054,-0.0070,0.0000,0.4500,1
21.22,1.95747,-0.03949,-0.07277,COLLECT,PICKUP_ACTIVE,0.0000,0.0000,-0.0054,-0.0070,0.0000,0.4500,1
21.24,1.95743,-0.03949,-0.07278,COLLECT,PICKUP_ACTIVE,0.0000,0.0000,-0.0054,-0.0070,0.0000,0.4500,1
21.26,1.95740,-0.03949,-0.07279,COLLECT,PICKUP_ACTIVE,0.0000,0.0000,-0.0054,-0.0070,0.0000,0.4500,1
21.28,1.95736,-0.03949,-0.07280,COLLECT,PICKUP_ACTIVE,0.0000,0.0000,-0.0054,-0.0070,0.0000,0.4500,1
21.30,1.95732,-0.03948,-0.07281,COLLECT,PICKUP_ACTIVE,0.0000,0.0000,0.0133,-0.0070,0.0000,0.4500,1
21.32,1.95729,-0.03948,-0.07284,COLLECT,PICKUP_ACTIVE,0.0000,0.0000,-0.0051,-0.0070,0.0000,0.4500,1
21.34,1.95725,-0.03948,-0.07289,COLLECT,PICKUP_ACTIVE,0.0000,0.0000,-0.0051,0.0117,0.0000,0.4500,1
21.36,1.95723,-0.03948,-0.07290,COLLECT,PICKUP_ACTIVE,0.0000,0.0000,-0.0051,-0.0067,0.0000,0.4500,1
21.38,1.95720,-0.03947,-0.07292,COLLECT,PICKUP_ACTIVE,0.0000,0.0000,-0.0051,-0.0067,0.0000,0.4500,1
21.40,1.95717,-0.03947,-0.07293,COLLECT,PICKUP_ACTIVE,0.0000,0.0000,-0.0051,-0.0067,0.0000,0.4500,1
21.42,1.95713,-0.03947,-0.07294,COLLECT,PICKUP_ACTIVE,0.0000,0.0000,-0.0051,-0.0067,0.0000,0.4500,1
21.44,1.95710,-0.03947,-0.07296,COLLECT,PICKUP_ACTIVE,0.0000,0.0000,-0.0051,-0.0067,0.0000,0.4500,1
21.46,1.95706,-0.03946,-0.07297,COLLECT,PICKUP_ACTIVE,0.0000,0.0000,-0.0051,-0.0067,0.0000,0.4500,1
21.48,1.95703,-0.03946,-0.07299,COLLECT,PICKUP_ACTIVE,0.0000,0.0000,-0.0051,-0.0067,0.0000,0.4500,1
21.50,1.95699,-0.03946,-0.07301,COLLECT,PICKUP_ACTIVE,0.0000,0.0000,-0.0051,-0.0067,0.0000,0.4500,1
21.52,1.95695,-0.03946,-0.07303,COLLECT,PICKUP_ACTIVE,0.0000,0.0000,0.0136,0.0120,0.0000,0.4500,1
21.54,1.95692,-0.03945,-0.07305,COLLECT,PICKUP_ACTIVE,0.0000,0.0000,-0.0048,-0.0064,0.0000,0.4500,1
21.56,1.95690,-0.03945,-0.07306,COLLECT,PICKUP_ACTIVE,0.0000,0.0000,-0.0048,-0.0064,0.0000,0.4500,1
21.58,1.95687,-0.03945,-0.07309,COLLECT,PICKUP_ACTIVE,0.0000,0.0000,-0.0048,-0.0064,0.0000,0.4500,1
21.60,1.95684,-0.03945,-0.07311,COLLECT,PICKUP_ACTIVE,0.0000,0.0000,-0.0048,-0.0064,0.0000,0.4500,1
21.62,1.95681,-0.03945,-0.07313,COLLECT,PICKUP_ACTIVE,0.0000,0.0000,-0.0048,-0.0064,0.0000,0.4500,1
21.64,1.95678,-0.03944,-0.07315,COLLECT,PICKUP_ACTIVE,0.0000,0.0000,-0.0048,-0.0064,0.0000,0.4500,1
21.66,1.95674,-0.03944,-0.07317,COLLECT,PICKUP_ACTIVE,0.0000,0.0000,-0.0048,-0.0064,0.0000,0.4500,1
21.68,1.95671,-0.03944,-0.07319,COLLECT,PICKUP_ACTIVE,0.0000,0.0000,-0.0048,0.0123,0.0000,0.4500,1
21.70,1.95668,-0.03944,-0.07319,COLLECT,PICKUP_ACTIVE,0.0000,0.0000,-0.0048,-0.0061,0.0000,0.4500,1
21.72,1.95665,-0.03943,-0.07318,COLLECT,PICKUP_ACTIVE,0.0000,0.0000,-0.0048,-0.0061,0.0000,0.4500,1
21.74,1.95662,-0.03943,-0.07318,COLLECT,PICKUP_ACTIVE,0.0000,0.0000,0.0139,-0.0061,0.0000,0.4500,1
21.76,1.95659,-0.03943,-0.07320,COLLECT,PICKUP_ACTIVE,0.0000,0.0000,-0.0045,-0.0061,0.0000,0.4500,1
21.78,1.95656,-0.03943,-0.07323,COLLECT,PICKUP_ACTIVE,0.0000,0.0000,-0.0045,-0.0061,0.0000,0.4500,1
21.80,1.95654,-0.03943,-0.07326,COLLECT,PICKUP_ACTIVE,0.0000,0.0000,-0.0045,-0.0061,0.0000,0.4500,1
21.82,1.95651,-0.03942,-0.07329,COLLECT,PICKUP_ACTIVE,0.0000,0.0000,-0.0045,-0.0061,0.0000,0.4500,1
21.84,1.95648,-0.03942,-0.07332,COLLECT,PICKUP_ACTIVE,0.0000,0.0000,-0.0045,-0.0061,0.0000,0.4500,1
21.86,1.95645,-0.03942,-0.07335,COLLECT,PICKUP_ACTIVE,0.0000,0.0000,-0.0045,0.0127,0.0000,0.4500,1
21.88,1.95642,-0.03942,-0.07335,AUTO,PICKUP_CONFIRMED,0.0000,0.0000,0.0000,0.0000,0.0000,0.0000,2
21.90,1.95642,-0.03942,-0.07335,AUTO,MODEL_PROPOSAL,0.1977,0.3024,0.0400,0.0400,0.0000,0.0000,2
21.92,1.95644,-0.03942,-0.07335,AUTO,MODEL_PROPOSAL,0.1977,0.3024,0.0800,0.0800,0.0000,0.0000,2
21.94,1.95653,-0.03943,-0.07335,AUTO,MODEL_PROPOSAL,0.1977,0.3024,0.1200,0.1200,0.0000,0.0000,2
21.96,1.95670,-0.03944,-0.07335,AUTO,MODEL_PROPOSAL,0.1977,0.3025,0.1600,0.1600,0.0000,0.0000,2
21.98,1.95698,-0.03946,-0.07335,AUTO,MODEL_PROPOSAL,0.1977,0.3025,0.2000,0.2000,0.0000,0.0000,2
22.00,1.95739,-0.03949,-0.07335,AUTO,MODEL_PROPOSAL,0.1977,0.3026,0.2400,0.2400,0.0000,0.0000,2
22.02,1.95796,-0.03953,-0.07335,AUTO,MODEL_PROPOSAL,0.1977,0.3026,0.2800,0.2800,0.0000,0.0000,2
22.04,1.95870,-0.03958,-0.07335,AUTO,MODEL_PROPOSAL,0.1977,0.3027,0.3200,0.3200,0.0000,0.0000,2
22.06,1.95963,-0.03965,-0.07335,AUTO,MODEL_PROPOSAL,0.1977,0.3029,0.3600,0.3600,0.0000,0.0000,2
22.08,1.96076,-0.03974,-0.07335,AUTO,MODEL_PROPOSAL,0.1977,0.3031,0.3977,0.4000,0.0000,0.0000,2
22.10,1.96210,-0.03983,-0.07335,AUTO,MODEL_PROPOSAL,0.1977,0.3032,0.3800,0.4400,0.0000,0.0000,2
22.12,1.96365,-0.03995,-0.07327,AUTO,MODEL_PROPOSAL,0.1977,0.3033,0.3995,0.4800,0.0000,0.0000,2
22.14,1.96540,-0.04008,-0.07307,AUTO,MODEL_PROPOSAL,0.1977,0.3032,0.3635,0.5200,0.0000,0.0000,2
22.16,1.96735,-0.04022,-0.07264,AUTO,MODEL_PROPOSAL,0.1977,0.3026,0.3646,0.5600,0.0000,0.0000,2
22.18,1.96948,-0.04037,-0.07195,AUTO,MODEL_PROPOSAL,0.1977,0.3015,0.3663,0.6000,0.0000,0.0000,2
22.20,1.97179,-0.04054,-0.07094,AUTO,MODEL_PROPOSAL,0.1978,0.2999,0.3498,0.6400,0.0000,0.0000,2
22.22,1.97428,-0.04071,-0.06956,AUTO,MODEL_PROPOSAL,0.1978,0.2975,0.3525,0.6800,0.0000,0.0000,2
22.24,1.97693,-0.04089,-0.06778,AUTO,MODEL_PROPOSAL,0.1978,0.2943,0.3559,0.7200,0.0000,0.0000,2
22.26,1.97977,-0.04108,-0.06558,AUTO,MODEL_PROPOSAL,0.1979,0.2903,0.3415,0.7600,0.0000,0.0000,2
22.28,1.98276,-0.04127,-0.06292,AUTO,MODEL_PROPOSAL,0.1980,0.2854,0.3464,0.8000,0.0000,0.0000,2
22.30,1.98593,-0.04146,-0.05977,AUTO,MODEL_PROPOSAL,0.1980,0.2795,0.3709,0.8067,0.0000,0.0000,2
22.32,1.98926,-0.04165,-0.05621,AUTO,MODEL_PROPOSAL,0.1981,0.2729,0.3592,0.7835,0.0000,0.0000,2
22.34,1.99272,-0.04184,-0.05229,AUTO,MODEL_PROPOSAL,0.1982,0.2655,0.3665,0.7780,0.0000,0.0000,2
22.36,1.99631,-0.04201,-0.04807,AUTO,MODEL_PROPOSAL,0.1983,0.2575,0.3558,0.7533,0.0000,0.0000,2
22.38,1.99999,-0.04218,-0.04362,AUTO,MODEL_PROPOSAL,0.1985,0.2491,0.3827,0.7278,0.0000,0.0000,2
22.40,2.00375,-0.04233,-0.03904,AUTO,MODEL_PROPOSAL,0.1986,0.2404,0.3727,0.7204,0.0000,0.0000,2
22.42,2.00758,-0.04247,-0.03434,AUTO,MODEL_PROPOSAL,0.1987,0.2314,0.4002,0.7127,0.0000,0.0000,2
22.44,2.01148,-0.04259,-0.02960,AUTO,MODEL_PROPOSAL,0.1988,0.2224,0.3906,0.6862,0.0000,0.0000,2
22.46,2.01543,-0.04269,-0.02486,AUTO,MODEL_PROPOSAL,0.1989,0.2133,0.3995,0.6780,0.0000,0.0000,2
22.48,2.01941,-0.04277,-0.02014,AUTO,MODEL_PROPOSAL,0.1990,0.2043,0.4084,0.6885,0.0000,0.0000,2
22.50,2.02344,-0.04284,-0.01544,AUTO,MODEL_PROPOSAL,0.1990,0.1953,0.3986,0.6618,0.0000,0.0000,2
22.52,2.02749,-0.04289,-0.01079,AUTO,MODEL_PROPOSAL,0.1991,0.1864,0.4258,0.6536,0.0000,0.0000,2
22.54,2.03157,-0.04292,-0.00623,AUTO,MODEL_PROPOSAL,0.1992,0.1776,0.4158,0.6455,0.0000,0.0000,2
22.56,2.03567,-0.04293,-0.00177,AUTO,MODEL_PROPOSAL,0.1993,0.1691,0.4428,0.6374,0.0000,0.0000,2
22.58,2.03979,-0.04293,0.00256,AUTO,MODEL_PROPOSAL,0.1994,0.1607,0.4325,0.6296,0.0000,0.0000,2
22.60,2.04393,-0.04290,0.00676,AUTO,MODEL_PROPOSAL,0.1994,0.1527,0.4403,0.6219,0.0000,0.0000,2
22.62,2.04808,-0.04286,0.01082,AUTO,MODEL_PROPOSAL,0.1995,0.1448,0.4480,0.6143,0.0000,0.0000,2
22.64,2.05224,-0.04280,0.01475,AUTO,MODEL_PROPOSAL,0.1995,0.1373,0.4367,0.6070,0.0000,0.0000,2
22.66,2.05640,-0.04273,0.01854,AUTO,MODEL_PROPOSAL,0.1996,0.1300,0.4623,0.6186,0.0000,0.0000,2
22.68,2.06058,-0.04264,0.02220,AUTO,MODEL_PROPOSAL,0.1996,0.1229,0.4506,0.5932,0.0000,0.0000,2
22.70,2.06476,-0.04254,0.02571,AUTO,MODEL_PROPOSAL,0.1997,0.1162,0.4570,0.5864,0.0000,0.0000,2
22.72,2.06894,-0.04242,0.02907,AUTO,MODEL_PROPOSAL,0.1997,0.1097,0.4633,0.5986,0.0000,0.0000,2
22.74,2.07312,-0.04229,0.03231,AUTO,MODEL_PROPOSAL,0.1997,0.1034,0.4692,0.5926,0.0000,0.0000,2
22.76,2.07731,-0.04214,0.03541,AUTO,MODEL_PROPOSAL,0.1998,0.0974,0.4750,0.5867,0.0000,0.0000,2
22.78,2.08151,-0.04199,0.03837,AUTO,MODEL_PROPOSAL,0.1998,0.0917,0.4806,0.5624,0.0000,0.0000,2
22.80,2.08570,-0.04182,0.04117,AUTO,MODEL_PROPOSAL,0.1998,0.0863,0.4859,0.5941,0.0000,0.0000,2
22.82,2.08990,-0.04163,0.04384,AUTO,MODEL_PROPOSAL,0.1998,0.0812,0.4722,0.5705,0.0000,0.0000,2
22.84,2.09411,-0.04144,0.04640,AUTO,MODEL_PROPOSAL,0.1999,0.0762,0.4768,0.5654,0.0000,0.0000,2
22.86,2.09830,-0.04124,0.04884,AUTO,MODEL_PROPOSAL,0.1999,0.0715,0.4999,0.5606,0.0000,0.0000,2
22.88,2.10250,-0.04103,0.05113,AUTO,MODEL_PROPOSAL,0.1999,0.0671,0.4856,0.5747,0.0000,0.0000,2
22.90,2.10671,-0.04080,0.05331,AUTO,MODEL_PROPOSAL,0.1999,0.0628,0.4896,0.5518,0.0000,0.0000,2
22.92,2.11091,-0.04057,0.05538,AUTO,MODEL_PROPOSAL,0.1999,0.0588,0.4934,0.5663,0.0000,0.0000,2
22.94,2.11511,-0.04033,0.05735,AUTO,MODEL_PROPOSAL,0.1999,0.0550,0.4970,0.5437,0.0000,0.0000,2
22.96,2.11930,-0.04009,0.05919,AUTO,MODEL_PROPOSAL,0.1999,0.0514,0.5004,0.5585,0.0000,0.0000,2
22.98,2.12350,-0.03983,0.06094,AUTO,MODEL_PROPOSAL,0.1999,0.0481,0.4849,0.5551,0.0000,0.0000,2
23.00,2.12770,-0.03957,0.06261,AUTO,MODEL_PROPOSAL,0.1999,0.0448,0.5064,0.5517,0.0000,0.0000,2
23.02,2.13189,-0.03930,0.06419,AUTO,MODEL_PROPOSAL,0.2000,0.0418,0.5094,0.5485,0.0000,0.0000,2
23.04,2.13609,-0.03903,0.06566,AUTO,MODEL_PROPOSAL,0.2000,0.0389,0.4935,0.5455,0.0000,0.0000,2
23.06,2.14029,-0.03875,0.06707,AUTO,MODEL_PROPOSAL,0.2000,0.0362,0.5146,0.5426,0.0000,0.0000,2
23.08,2.14448,-0.03846,0.06838,AUTO,MODEL_PROPOSAL,0.2000,0.0336,0.4984,0.5398,0.0000,0.0000,2
23.10,2.14867,-0.03817,0.06961,AUTO,MODEL_PROPOSAL,0.2000,0.0312,0.5004,0.5559,0.0000,0.0000,2
23.12,2.15286,-0.03788,0.07080,AUTO,MODEL_PROPOSAL,0.2000,0.0289,0.5025,0.5349,0.0000,0.0000,2
23.14,2.15705,-0.03758,0.07193,AUTO,MODEL_PROPOSAL,0.2000,0.0267,0.5231,0.5324,0.0000,0.0000,2
23.16,2.16124,-0.03727,0.07296,AUTO,MODEL_PROPOSAL,0.2000,0.0247,0.5064,0.5488,0.0000,0.0000,2
23.18,2.16543,-0.03696,0.07394,AUTO,MODEL_PROPOSAL,0.2000,0.0228,0.5081,0.5281,0.0000,0.0000,2
23.20,2.16961,-0.03665,0.07486,AUTO,MODEL_PROPOSAL,0.2000,0.0210,0.5097,0.5447,0.0000,0.0000,2
23.22,2.17380,-0.03633,0.07573,AUTO,MODEL_PROPOSAL,0.2000,0.0193,0.5112,0.5429,0.0000,0.0000,2
23.24,2.17799,-0.03601,0.07657,AUTO,MODEL_PROPOSAL,0.2000,0.0177,0.5126,0.5225,0.0000,0.0000,2
23.26,2.18217,-0.03569,0.07734,AUTO,MODEL_PROPOSAL,0.2000,0.0162,0.5139,0.5393,0.0000,0.0000,2
23.28,2.18635,-0.03536,0.07806,AUTO,MODEL_PROPOSAL,0.2000,0.0148,0.5152,0.5378,0.0000,0.0000,2
23.30,2.19054,-0.03503,0.07875,AUTO,MODEL_PROPOSAL,0.2000,0.0134,0.5164,0.5176,0.0000,0.0000,2
23.32,2.19472,-0.03470,0.07937,AUTO,MODEL_PROPOSAL,0.2000,0.0122,0.5175,0.5346,0.0000,0.0000,2
23.34,2.19889,-0.03437,0.07995,AUTO,MODEL_PROPOSAL,0.2000,0.0111,0.4997,0.5334,0.0000,0.0000,2
23.36,2.20307,-0.03403,0.08052,AUTO,MODEL_PROPOSAL,0.2000,0.0100,0.5191,0.5321,0.0000,0.0000,2
23.38,2.20724,-0.03369,0.08106,AUTO,MODEL_PROPOSAL,0.2000,0.0089,0.5201,0.5309,0.0000,0.0000,2
23.40,2.21142,-0.03335,0.08156,AUTO,MODEL_PROPOSAL,0.2000,0.0079,0.5210,0.5297,0.0000,0.0000,2
23.42,2.21559,-0.03301,0.08202,AUTO,MODEL_PROPOSAL,0.2000,0.0070,0.5218,0.5286,0.0000,0.0000,2
23.44,2.21977,-0.03266,0.08244,AUTO,MODEL_PROPOSAL,0.2000,0.0062,0.5038,0.5276,0.0000,0.0000,2
23.46,2.22395,-0.03232,0.08286,AUTO,MODEL_PROPOSAL,0.2000,0.0054,0.5230,0.5266,0.0000,0.0000,2
23.48,2.22812,-0.03197,0.08324,AUTO,MODEL_PROPOSAL,0.2000,0.0046,0.5237,0.5256,0.0000,0.0000,2
23.50,2.23229,-0.03162,0.08358,AUTO,MODEL_PROPOSAL,0.2000,0.0040,0.5056,0.5247,0.0000,0.0000,2
23.52,2.23646,-0.03127,0.08392,AUTO,MODEL_PROPOSAL,0.2000,0.0033,0.5246,0.5238,0.0000,0.0000,2
23.54,2.24062,-0.03092,0.08422,AUTO,MODEL_PROPOSAL,0.2000,0.0027,0.5064,0.5230,0.0000,0.0000,2
23.56,2.24479,-0.03057,0.08451,AUTO,MODEL_PROPOSAL,0.2000,0.0021,0.5254,0.5221,0.0000,0.0000,2
23.58,2.24895,-0.03021,0.08478,AUTO,MODEL_PROPOSAL,0.2000,0.0016,0.5258,0.5401,0.0000,0.0000,2
23.60,2.25312,-0.02986,0.08503,AUTO,MODEL_PROPOSAL,0.2000,0.0011,0.5076,0.5209,0.0000,0.0000,2
23.62,2.25728,-0.02950,0.08528,AUTO,MODEL_PROPOSAL,0.2000,0.0006,0.5265,0.5202,0.0000,0.0000,2
23.64,2.26144,-0.02915,0.08550,AUTO,MODEL_PROPOSAL,0.2000,0.0002,0.5082,0.5195,0.0000,0.0000,2
23.66,2.26560,-0.02879,0.08571,AUTO,MODEL_PROPOSAL,0.2000,-0.0003,0.5270,0.5188,0.0000,0.0000,2
23.68,2.26976,-0.02843,0.08589,AUTO,MODEL_PROPOSAL,0.2000,-0.0006,0.5086,0.5369,0.0000,0.0000,2
23.70,2.27392,-0.02807,0.08608,AUTO,MODEL_PROPOSAL,0.2000,-0.0010,0.5274,0.5178,0.0000,0.0000,2
23.72,2.27808,-0.02771,0.08625,AUTO,MODEL_PROPOSAL,0.2000,-0.0014,0.5277,0.5172,0.0000,0.0000,2
23.74,2.28224,-0.02735,0.08639,AUTO,MODEL_PROPOSAL,0.2000,-0.0016,0.5093,0.5166,0.0000,0.0000,2
23.76,2.28639,-0.02699,0.08651,AUTO,MODEL_PROPOSAL,0.2000,-0.0019,0.5280,0.5348,0.0000,0.0000,2
23.78,2.29055,-0.02663,0.08664,AUTO,MODEL_PROPOSAL,0.2000,-0.0021,0.5095,0.5158,0.0000,0.0000,2
23.80,2.29470,-0.02627,0.08676,AUTO,MODEL_PROPOSAL,0.2000,-0.0024,0.5282,0.5153,0.0000,0.0000,2
23.82,2.29886,-0.02591,0.08686,AUTO,MODEL_PROPOSAL,0.2000,-0.0026,0.5097,0.5335,0.0000,0.0000,2
23.84,2.30301,-0.02555,0.08697,AUTO,MODEL_PROPOSAL,0.2000,-0.0028,0.5283,0.5146,0.0000,0.0000,2
23.86,2.30716,-0.02518,0.08706,AUTO,MODEL_PROPOSAL,0.2000,-0.0030,0.5098,0.5141,0.0000,0.0000,2
23.88,2.31131,-0.02482,0.08714,AUTO,MODEL_PROPOSAL,0.2000,-0.0032,0.5284,0.5324,0.0000,0.0000,2
23.90,2.31546,-0.02446,0.08722,AUTO,MODEL_PROPOSAL,0.2000,-0.0033,0.5099,0.5135,0.0000,0.0000,2
23.92,2.31961,-0.02410,0.08729,AUTO,MODEL_PROPOSAL,0.2000,-0.0035,0.5284,0.5130,0.0000,0.0000,2
23.94,2.32376,-0.02373,0.08734,AUTO,MODEL_PROPOSAL,0.2000,-0.0036,0.5099,0.5313,0.0000,0.0000,2
23.96,2.32791,-0.02337,0.08741,AUTO,MODEL_PROPOSAL,0.2000,-0.0038,0.5097,0.5125,0.0000,0.0000,2
23.98,2.33205,-0.02301,0.08748,AUTO,MODEL_PROPOSAL,0.2000,-0.0039,0.5283,0.5120,0.0000,0.0000,2
24.00,2.33619,-0.02264,0.08752,AUTO,MODEL_PROPOSAL,0.2000,-0.0040,0.5097,0.5303,0.0000,0.0000,2
24.02,2.34033,-0.02228,0.08758,AUTO,MODEL_PROPOSAL,0.2000,-0.0041,0.5283,0.5115,0.0000,0.0000,2
24.04,2.34447,-0.02192,0.08762,AUTO,MODEL_PROPOSAL,0.2000,-0.0042,0.5097,0.5298,0.0000,0.0000,2
24.06,2.34861,-0.02155,0.08768,AUTO,MODEL_PROPOSAL,0.2000,-0.0043,0.5282,0.5110,0.0000,0.0000,2
24.08,2.35275,-0.02119,0.08771,AUTO,MODEL_PROPOSAL,0.2000,-0.0044,0.5096,0.5293,0.0000,0.0000,2
24.10,2.35689,-0.02082,0.08776,AUTO,MODEL_PROPOSAL,0.2000,-0.0045,0.5281,0.5105,0.0000,0.0000,2
24.12,2.36103,-0.02046,0.08779,AUTO,MODEL_PROPOSAL,0.2000,-0.0046,0.5095,0.5101,0.0000,0.0000,2
24.14,2.36516,-0.02010,0.08781,AUTO,MODEL_PROPOSAL,0.2000,-0.0047,0.5280,0.5284,0.0000,0.0000,2
24.16,2.36930,-0.01973,0.08783,AUTO,MODEL_PROPOSAL,0.2000,-0.0047,0.5094,0.5097,0.0000,0.0000,2
24.18,2.37343,-0.01937,0.08784,AUTO,MODEL_PROPOSAL,0.2000,-0.0047,0.5279,0.5280,0.0000,0.0000,2
24.20,2.37757,-0.01900,0.08786,AUTO,MODEL_PROPOSAL,0.2000,-0.0048,0.5092,0.5092,0.0000,0.0000,2
24.22,2.38170,-0.01864,0.08787,AUTO,MODEL_PROPOSAL,0.2000,-0.0048,0.5277,0.5276,0.0000,0.0000,2
24.24,2.38584,-0.01827,0.08789,AUTO,MODEL_PROPOSAL,0.2000,-0.0049,0.5091,0.5088,0.0000,0.0000,2
24.26,2.38997,-0.01791,0.08790,AUTO,MODEL_PROPOSAL,0.2000,-0.0049,0.5275,0.5272,0.0000,0.0000,2
24.28,2.39411,-0.01754,0.08790,AUTO,MODEL_PROPOSAL,0.2000,-0.0049,0.5089,0.5085,0.0000,0.0000,2
24.30,2.39824,-0.01718,0.08791,AUTO,MODEL_PROPOSAL,0.2000,-0.0050,0.5274,0.5081,0.0000,0.0000,2
24.32,2.40237,-0.01682,0.08789,AUTO,MODEL_PROPOSAL,0.2000,-0.0049,0.5087,0.5265,0.0000,0.0000,2
24.34,2.40650,-0.01645,0.08789,AUTO,MODEL_PROPOSAL,0.2000,-0.0049,0.5271,0.5078,0.0000,0.0000,2
24.36,2.41062,-0.01609,0.08787,AUTO,MODEL_PROPOSAL,0.2000,-0.0049,0.5084,0.5262,0.0000,0.0000,2
24.38,2.41475,-0.01573,0.08787,AUTO,MODEL_PROPOSAL,0.2000,-0.0049,0.5269,0.5075,0.0000,0.0000,2
24.40,2.41888,-0.01536,0.08785,AUTO,MODEL_PROPOSAL,0.2000,-0.0049,0.5082,0.5259,0.0000,0.0000,2
24.42,2.42300,-0.01500,0.08785,AUTO,MODEL_PROPOSAL,0.2000,-0.0049,0.5266,0.5259,0.0000,0.0000,2
24.44,2.42714,-0.01464,0.08785,AUTO,MODEL_PROPOSAL,0.2000,-0.0049,0.5079,0.5071,0.0000,0.0000,2
24.46,2.43126,-0.01427,0.08785,AUTO,MODEL_PROPOSAL,0.2000,-0.0049,0.5264,0.5068,0.0000,0.0000,2
24.48,2.43538,-0.01391,0.08783,AUTO,MODEL_PROPOSAL,0.2000,-0.0049,0.5077,0.5252,0.0000,0.0000,2
24.50,2.43951,-0.01355,0.08782,AUTO,MODEL_PROPOSAL,0.2000,-0.0049,0.5261,0.5252,0.0000,0.0000,2
24.52,2.44363,-0.01318,0.08782,AUTO,MODEL_PROPOSAL,0.2000,-0.0049,0.5075,0.5065,0.0000,0.0000,2
24.54,2.44776,-0.01282,0.08782,AUTO,MODEL_PROPOSAL,0.2000,-0.0049,0.5259,0.5249,0.0000,0.0000,2
24.56,2.45188,-0.01246,0.08782,AUTO,MODEL_PROPOSAL,0.2000,-0.0049,0.5073,0.5061,0.0000,0.0000,2
24.58,2.45600,-0.01209,0.08781,AUTO,MODEL_PROPOSAL,0.2000,-0.0049,0.5257,0.5245,0.0000,0.0000,2
24.60,2.46012,-0.01173,0.08781,AUTO,MODEL_PROPOSAL,0.2000,-0.0049,0.5070,0.5058,0.0000,0.0000,2
24.62,2.46424,-0.01137,0.08780,AUTO,MODEL_PROPOSAL,0.2000,-0.0049,0.5255,0.5242,0.0000,0.0000,2
24.64,2.46836,-0.01101,0.08779,AUTO,MODEL_PROPOSAL,0.2000,-0.0049,0.5068,0.5055,0.0000,0.0000,2
24.66,2.47248,-0.01064,0.08778,AUTO,MODEL_PROPOSAL,0.2000,-0.0049,0.5252,0.5239,0.0000,0.0000,2
24.68,2.47660,-0.01028,0.08777,AUTO,MODEL_PROPOSAL,0.2000,-0.0049,0.5065,0.5051,0.0000,0.0000,2
24.70,2.48071,-0.00992,0.08776,AUTO,MODEL_PROPOSAL,0.2000,-0.0049,0.5250,0.5235,0.0000,0.0000,2
24.72,2.48482,-0.00956,0.08774,AUTO,MODEL_PROPOSAL,0.2000,-0.0049,0.5063,0.5048,0.0000,0.0000,2
24.74,2.48893,-0.00920,0.08773,AUTO,MODEL_PROPOSAL,0.2000,-0.0049,0.5247,0.5232,0.0000,0.0000,2
24.76,2.49305,-0.00883,0.08771,AUTO,MODEL_PROPOSAL,0.2000,-0.0049,0.5060,0.5045,0.0000,0.0000,2
24.78,2.49716,-0.00847,0.08770,AUTO,MODEL_PROPOSAL,0.2000,-0.0048,0.5244,0.5229,0.0000,0.0000,2
24.80,2.50127,-0.00811,0.08768,AUTO,MODEL_PROPOSAL,0.2000,-0.0048,0.5057,0.5230,0.0000,0.0000,2
24.82,2.50538,-0.00775,0.08768,AUTO,MODEL_PROPOSAL,0.2000,-0.0048,0.5242,0.5042,0.0000,0.0000,2
24.84,2.50949,-0.00739,0.08767,AUTO,MODEL_PROPOSAL,0.2000,-0.0048,0.5242,0.5226,0.0000,0.0000,2
24.86,2.51361,-0.00703,0.08765,AUTO,MODEL_PROPOSAL,0.2000,-0.0048,0.5055,0.5039,0.0000,0.0000,2
24.88,2.51771,-0.00667,0.08763,AUTO,MODEL_PROPOSAL,0.2000,-0.0048,0.5239,0.5223,0.0000,0.0000,2
24.90,2.52183,-0.00630,0.08760,AUTO,MODEL_PROPOSAL,0.2000,-0.0047,0.5052,0.5036,0.0000,0.0000,2
24.92,2.52593,-0.00594,0.08758,AUTO,MODEL_PROPOSAL,0.2000,-0.0047,0.5236,0.5221,0.0000,0.0000,2
24.94,2.53004,-0.00558,0.08756,AUTO,MODEL_PROPOSAL,0.2000,-0.0047,0.5049,0.5221,0.0000,0.0000,2
24.96,2.53415,-0.00522,0.08756,AUTO,MODEL_PROPOSAL,0.2000,-0.0047,0.5234,0.5033,0.0000,0.0000,2
24.98,2.53826,-0.00486,0.08754,AUTO,MODEL_PROPOSAL,0.2000,-0.0047,0.5047,0.5218,0.0000,0.0000,2
25.00,2.54236,-0.00450,0.08754,AUTO,MODEL_PROPOSAL,0.2000,-0.0047,0.5231,0.5030,0.0000,0.0000,2
25.02,2.54646,-0.00414,0.08752,AUTO,MODEL_PROPOSAL,0.2000,-0.0046,0.5044,0.5215,0.0000,0.0000,2
25.04,2.55057,-0.00378,0.08751,AUTO,MODEL_PROPOSAL,0.2000,-0.0046,0.5229,0.5027,0.0000,0.0000,2
25.06,2.55467,-0.00342,0.08749,AUTO,MODEL_PROPOSAL,0.2000,-0.0046,0.5229,0.5212,0.0000,0.0000,2
25.08,2.55877,-0.00306,0.08745,AUTO,MODEL_PROPOSAL,0.2000,-0.0045,0.5041,0.5212,0.0000,0.0000,2
25.10,2.56287,-0.00270,0.08745,AUTO,MODEL_PROPOSAL,0.2000,-0.0045,0.5226,0.5025,0.0000,0.0000,2
25.12,2.56698,-0.00234,0.08742,AUTO,MODEL_PROPOSAL,0.2000,-0.0045,0.5039,0.5209,0.0000,0.0000,2
25.14,2.57108,-0.00198,0.08741,AUTO,MODEL_PROPOSAL,0.2000,-0.0045,0.5223,0.5022,0.0000,0.0000,2
25.16,2.57518,-0.00162,0.08739,AUTO,MODEL_PROPOSAL,0.2000,-0.0045,0.5036,0.5206,0.0000,0.0000,2
25.18,2.57927,-0.00127,0.08738,AUTO,MODEL_PROPOSAL,0.2000,-0.0045,0.5220,0.5206,0.0000,0.0000,2
25.20,2.58337,-0.00091,0.08737,AUTO,MODEL_PROPOSAL,0.2000,-0.0045,0.5221,0.5019,0.0000,0.0000,2
25.22,2.58747,-0.00055,0.08734,AUTO,MODEL_PROPOSAL,0.2000,-0.0044,0.5033,0.5203,0.0000,0.0000,2
25.24,2.59157,-0.00019,0.08733,AUTO,MODEL_PROPOSAL,0.2000,-0.0044,0.5218,0.5016,0.0000,0.0000,2
25.26,2.59567,0.00017,0.08730,AUTO,MODEL_PROPOSAL,0.2000,-0.0043,0.5030,0.5201,0.0000,0.0000,2
25.28,2.59976,0.00053,0.08728,AUTO,MODEL_PROPOSAL,0.2000,-0.0043,0.5215,0.5201,0.0000,0.0000,2
25.30,2.60386,0.00089,0.08728,AUTO,MODEL_PROPOSAL,0.2000,-0.0043,0.5028,0.5013,0.0000,0.0000,2
25.32,2.60795,0.00124,0.08727,AUTO,MODEL_PROPOSAL,0.2000,-0.0043,0.5212,0.5197,0.0000,0.0000,2
25.34,2.61205,0.00160,0.08726,AUTO,MODEL_PROPOSAL,0.2000,-0.0043,0.5212,0.5010,0.0000,0.0000,2
25.36,2.61614,0.00196,0.08722,AUTO,MODEL_PROPOSAL,0.2000,-0.0043,0.5025,0.5195,0.0000,0.0000,2
25.38,2.62023,0.00232,0.08720,AUTO,MODEL_PROPOSAL,0.2000,-0.0042,0.5209,0.5195,0.0000,0.0000,2
25.40,2.62433,0.00268,0.08719,AUTO,MODEL_PROPOSAL,0.2000,-0.0042,0.5022,0.5008,0.0000,0.0000,2
25.42,2.62842,0.00303,0.08718,AUTO,MODEL_PROPOSAL,0.2000,-0.0042,0.5207,0.5192,0.0000,0.0000,2
25.44,2.63251,0.00339,0.08716,AUTO,MODEL_PROPOSAL,0.2000,-0.0042,0.5207,0.5192,0.0000,0.0000,2
25.46,2.63660,0.00375,0.08715,AUTO,MODEL_PROPOSAL,0.2000,-0.0042,0.5020,0.5005,0.0000,0.0000,2
25.48,2.64069,0.00411,0.08713,AUTO,MODEL_PROPOSAL,0.2000,-0.0042,0.5204,0.5189,0.0000,0.0000,2
25.50,2.64478,0.00446,0.08712,AUTO,MODEL_PROPOSAL,0.2000,-0.0041,0.5017,0.5002,0.0000,0.0000,2
25.52,2.64887,0.00482,0.08710,AUTO,MODEL_PROPOSAL,0.2000,-0.0041,0.5201,0.5186,0.0000,0.0000,2
25.54,2.65295,0.00518,0.08708,AUTO,MODEL_PROPOSAL,0.2000,-0.0041,0.5201,0.5186,0.0000,0.0000,2
25.56,2.65705,0.00553,0.08706,AUTO,MODEL_PROPOSAL,0.2000,-0.0041,0.5014,0.4999,0.0000,0.0000,2
25.58,2.66113,0.00589,0.08704,AUTO,MODEL_PROPOSAL,0.2000,-0.0040,0.5198,0.5184,0.0000,0.0000,2
25.60,2.66522,0.00625,0.08702,AUTO,MODEL_PROPOSAL,0.2000,-0.0040,0.5011,0.5184,0.0000,0.0000,2
25.62,2.66931,0.00660,0.08702,AUTO,MODEL_PROPOSAL,0.2000,-0.0040,0.5196,0.4996,0.0000,0.0000,2
25.64,2.67339,0.00696,0.08701,AUTO,MODEL_PROPOSAL,0.2000,-0.0040,0.5196,0.5180,0.0000,0.0000,2
25.66,2.67748,0.00732,0.08699,AUTO,MODEL_PROPOSAL,0.2000,-0.0040,0.5009,0.5181,0.0000,0.0000,2
25.68,2.68156,0.00767,0.08699,AUTO,MODEL_PROPOSAL,0.2000,-0.0040,0.5193,0.4993,0.0000,0.0000,2
25.70,2.68565,0.00803,0.08697,AUTO,MODEL_PROPOSAL,0.2000,-0.0040,0.5193,0.5178,0.0000,0.0000,2
25.72,2.68973,0.00839,0.08694,AUTO,MODEL_PROPOSAL,0.2000,-0.0039,0.5006,0.5178,0.0000,0.0000,2
25.74,2.69382,0.00874,0.08694,AUTO,MODEL_PROPOSAL,0.2000,-0.0039,0.5191,0.4991,0.0000,0.0000,2
25.76,2.69790,0.00910,0.08692,AUTO,MODEL_PROPOSAL,0.2000,-0.0039,0.5004,0.5175,0.0000,0.0000,2
25.78,2.70198,0.00945,0.08691,AUTO,MODEL_PROPOSAL,0.2000,-0.0039,0.5188,0.4988,0.0000,0.0000,2
25.80,2.70606,0.00981,0.08689,AUTO,MODEL_PROPOSAL,0.2000,-0.0039,0.5188,0.5172,0.0000,0.0000,2
25.82,2.71014,0.01016,0.08686,AUTO,MODEL_PROPOSAL,0.2000,-0.0038,0.5001,0.5172,0.0000,0.0000,2
25.84,2.71422,0.01052,0.08685,AUTO,MODEL_PROPOSAL,0.2000,-0.0038,0.5185,0.4985,0.0000,0.0000,2
25.86,2.71829,0.01087,0.08683,AUTO,MODEL_PROPOSAL,0.2000,-0.0038,0.5185,0.5169,0.0000,0.0000,2
25.88,2.72238,0.01123,0.08679,AUTO,MODEL_PROPOSAL,0.2000,-0.0037,0.4998,0.5170,0.0000,0.0000,2
25.90,2.72645,0.01158,0.08679,AUTO,MODEL_PROPOSAL,0.2000,-0.0037,0.5182,0.4983,0.0000,0.0000,2
25.92,2.73053,0.01194,0.08676,AUTO,MODEL_PROPOSAL,0.2000,-0.0037,0.5182,0.5167,0.0000,0.0000,2
25.94,2.73461,0.01229,0.08673,AUTO,MODEL_PROPOSAL,0.2000,-0.0036,0.4995,0.5167,0.0000,0.0000,2
25.96,2.73869,0.01265,0.08672,AUTO,MODEL_PROPOSAL,0.2000,-0.0036,0.5179,0.5167,0.0000,0.0000,2
25.98,2.74277,0.01300,0.08672,AUTO,MODEL_PROPOSAL,0.2000,-0.0036,0.4992,0.4980,0.0000,0.0000,2
26.00,2.74684,0.01336,0.08672,AUTO,MODEL_PROPOSAL,0.2000,-0.0036,0.5177,0.5164,0.0000,0.0000,2
26.02,2.75092,0.01371,0.08671,AUTO,MODEL_PROPOSAL,0.2000,-0.0036,0.5177,0.5164,0.0000,0.0000,2
26.04,2.75500,0.01407,0.08671,AUTO,MODEL_PROPOSAL,0.2000,-0.0036,0.4990,0.4977,0.0000,0.0000,2
26.06,2.75907,0.01442,0.08670,AUTO,MODEL_PROPOSAL,0.2000,-0.0036,0.5175,0.5161,0.0000,0.0000,2
26.08,2.76314,0.01477,0.08669,AUTO,MODEL_PROPOSAL,0.2000,-0.0036,0.5175,0.5161,0.0000,0.0000,2
26.10,2.76722,0.01513,0.08668,AUTO,MODEL_PROPOSAL,0.2000,-0.0036,0.4988,0.4974,0.0000,0.0000,2
26.12,2.77129,0.01548,0.08667,AUTO,MODEL_PROPOSAL,0.2000,-0.0036,0.5172,0.5158,0.0000,0.0000,2
26.14,2.77536,0.01583,0.08665,AUTO,MODEL_PROPOSAL,0.2000,-0.0036,0.5172,0.5158,0.0000,0.0000,2
26.16,2.77944,0.01619,0.08664,AUTO,MODEL_PROPOSAL,0.2000,-0.0036,0.4985,0.4971,0.0000,0.0000,2
26.18,2.78351,0.01654,0.08662,AUTO,MODEL_PROPOSAL,0.2000,-0.0036,0.5169,0.5155,0.0000,0.0000,2
26.20,2.78758,0.01690,0.08661,AUTO,MODEL_PROPOSAL,0.2000,-0.0035,0.5170,0.5155,0.0000,0.0000,2
26.22,2.79165,0.01725,0.08659,AUTO,MODEL_PROPOSAL,0.2000,-0.0035,0.4983,0.4968,0.0000,0.0000,2
26.24,2.79572,0.01760,0.08657,AUTO,MODEL_PROPOSAL,0.2000,-0.0035,0.5167,0.5152,0.0000,0.0000,2
26.26,2.79978,0.01796,0.08656,AUTO,MODEL_PROPOSAL,0.2000,-0.0035,0.5167,0.5153,0.0000,0.0000,2
26.28,2.80386,0.01831,0.08654,AUTO,MODEL_PROPOSAL,0.2000,-0.0035,0.4980,0.4966,0.0000,0.0000,2
26.30,2.80792,0.01866,0.08652,AUTO,MODEL_PROPOSAL,0.2000,-0.0034,0.5164,0.5150,0.0000,0.0000,2
26.32,2.81199,0.01901,0.08650,AUTO,MODEL_PROPOSAL,0.2000,-0.0034,0.5164,0.5150,0.0000,0.0000,2
26.34,2.81606,0.01937,0.08648,AUTO,MODEL_PROPOSAL,0.2000,-0.0034,0.5164,0.5150,0.0000,0.0000,2
26.36,2.82013,0.01972,0.08646,AUTO,MODEL_PROPOSAL,0.2000,-0.0033,0.4977,0.4963,0.0000,0.0000,2
26.38,2.82420,0.02007,0.08644,AUTO,MODEL_PROPOSAL,0.2000,-0.0033,0.5161,0.5148,0.0000,0.0000,2
26.40,2.82827,0.02042,0.08642,AUTO,MODEL_PROPOSAL,0.2000,-0.0033,0.5161,0.5148,0.0000,0.0000,2
26.42,2.83234,0.02078,0.08640,AUTO,MODEL_PROPOSAL,0.2000,-0.0033,0.4974,0.4961,0.0000,0.0000,2
26.44,2.83640,0.02113,0.08638,AUTO,MODEL_PROPOSAL,0.2000,-0.0032,0.5158,0.5145,0.0000,0.0000,2
26.46,2.84046,0.02148,0.08636,AUTO,MODEL_PROPOSAL,0.2000,-0.0032,0.5158,0.5145,0.0000,0.0000,2
26.48,2.84453,0.02183,0.08634,AUTO,MODEL_PROPOSAL,0.2000,-0.0032,0.4971,0.5146,0.0000,0.0000,2
26.50,2.84860,0.02219,0.08634,AUTO,MODEL_PROPOSAL,0.2000,-0.0032,0.5155,0.4958,0.0000,0.0000,2
26.52,2.85266,0.02254,0.08633,AUTO,MODEL_PROPOSAL,0.2000,-0.0032,0.5155,0.5142,0.0000,0.0000,2
26.54,2.85673,0.02289,0.08631,AUTO,MODEL_PROPOSAL,0.2000,-0.0031,0.4968,0.5143,0.0000,0.0000,2
26.56,2.86079,0.02324,0.08631,AUTO,MODEL_PROPOSAL,0.2000,-0.0031,0.5153,0.4955,0.0000,0.0000,2
26.58,2.86485,0.02359,0.08629,AUTO,MODEL_PROPOSAL,0.2000,-0.0031,0.5153,0.5140,0.0000,0.0000,2
26.60,2.86891,0.02394,0.08627,AUTO,MODEL_PROPOSAL,0.1996,-0.0031,0.4951,0.5126,0.0000,0.0000,2
26.62,2.87297,0.02429,0.08627,AUTO,MODEL_PROPOSAL,0.1968,-0.0031,0.5029,0.5019,0.0000,0.0000,2
26.64,2.87702,0.02464,0.08627,AUTO,MODEL_PROPOSAL,0.1939,-0.0031,0.4923,0.4725,0.0000,0.0000,2
26.66,2.88106,0.02499,0.08625,AUTO,MODEL_PROPOSAL,0.1911,-0.0031,0.4816,0.4803,0.0000,0.0000,2
26.68,2.88507,0.02534,0.08622,AUTO,MODEL_PROPOSAL,0.1883,-0.0030,0.4710,0.4697,0.0000,0.0000,2
26.70,2.88906,0.02568,0.08619,AUTO,MODEL_PROPOSAL,0.1855,-0.0030,0.4416,0.4590,0.0000,0.0000,2
26.72,2.89301,0.02603,0.08619,AUTO,MODEL_PROPOSAL,0.1827,-0.0030,0.4681,0.4484,0.0000,0.0000,2
26.74,2.89692,0.02636,0.08617,AUTO,MODEL_PROPOSAL,0.1799,-0.0030,0.4391,0.4379,0.0000,0.0000,2
26.76,2.90080,0.02670,0.08614,AUTO,MODEL_PROPOSAL,0.1772,-0.0029,0.4286,0.4461,0.0000,0.0000,2
26.78,2.90463,0.02703,0.08614,AUTO,MODEL_PROPOSAL,0.1745,-0.0029,0.4181,0.4172,0.0000,0.0000,2
26.80,2.90841,0.02736,0.08614,AUTO,MODEL_PROPOSAL,0.1719,-0.0030,0.4265,0.4255,0.0000,0.0000,2
26.82,2.91215,0.02768,0.08614,AUTO,MODEL_PROPOSAL,0.1692,-0.0030,0.4165,0.3968,0.0000,0.0000,2
26.84,2.91584,0.02800,0.08612,AUTO,MODEL_PROPOSAL,0.1666,-0.0029,0.4066,0.4052,0.0000,0.0000,2
26.86,2.91948,0.02831,0.08609,AUTO,MODEL_PROPOSAL,0.1641,-0.0029,0.3967,0.4141,0.0000,0.0000,2
26.88,2.92307,0.02862,0.08608,AUTO,MODEL_PROPOSAL,0.1616,-0.0029,0.3869,0.3859,0.0000,0.0000,2
26.90,2.92662,0.02893,0.08608,AUTO,MODEL_PROPOSAL,0.1591,-0.0029,0.3772,0.3762,0.0000,0.0000,2
26.92,2.93011,0.02923,0.08608,AUTO,MODEL_PROPOSAL,0.1566,-0.0029,0.3863,0.3853,0.0000,0.0000,2
26.94,2.93355,0.02953,0.08608,AUTO,MODEL_PROPOSAL,0.1542,-0.0029,0.3771,0.3760,0.0000,0.0000,2
26.96,2.93694,0.02982,0.08607,AUTO,MODEL_PROPOSAL,0.1518,-0.0029,0.3679,0.3481,0.0000,0.0000,2
26.98,2.94028,0.03011,0.08604,AUTO,MODEL_PROPOSAL,0.1495,-0.0028,0.3588,0.3762,0.0000,0.0000,2
27.00,2.94358,0.03039,0.08603,AUTO,MODEL_PROPOSAL,0.1472,-0.0028,0.3498,0.3488,0.0000,0.0000,2
27.02,2.94682,0.03067,0.08602,AUTO,MODEL_PROPOSAL,0.1449,-0.0028,0.3409,0.3399,0.0000,0.0000,2
27.04,2.95001,0.03095,0.08602,AUTO,MODEL_PROPOSAL,0.1426,-0.0028,0.3508,0.3498,0.0000,0.0000,2
27.06,2.95315,0.03122,0.08601,AUTO,MODEL_PROPOSAL,0.1404,-0.0028,0.3424,0.3226,0.0000,0.0000,2
27.08,2.95624,0.03148,0.08598,AUTO,MODEL_PROPOSAL,0.1383,-0.0027,0.3153,0.3327,0.0000,0.0000,2
27.10,2.95928,0.03174,0.08596,AUTO,MODEL_PROPOSAL,0.1361,-0.0027,0.3442,0.3245,0.0000,0.0000,2
27.12,2.96228,0.03200,0.08593,AUTO,MODEL_PROPOSAL,0.1340,-0.0027,0.3176,0.3351,0.0000,0.0000,2
27.14,2.96524,0.03226,0.08591,AUTO,MODEL_PROPOSAL,0.1319,-0.0026,0.3094,0.3085,0.0000,0.0000,2
27.16,2.96814,0.03251,0.08591,AUTO,MODEL_PROPOSAL,0.1299,-0.0026,0.3014,0.3005,0.0000,0.0000,2
27.18,2.97100,0.03275,0.08590,AUTO,MODEL_PROPOSAL,0.1279,-0.0026,0.3122,0.3113,0.0000,0.0000,2
27.20,2.97381,0.03300,0.08589,AUTO,MODEL_PROPOSAL,0.1259,-0.0026,0.3047,0.3037,0.0000,0.0000,2
27.22,2.97658,0.03323,0.08588,AUTO,MODEL_PROPOSAL,0.1240,-0.0026,0.2972,0.2962,0.0000,0.0000,2
27.24,2.97931,0.03347,0.08587,AUTO,MODEL_PROPOSAL,0.1220,-0.0026,0.2898,0.2888,0.0000,0.0000,2
27.26,2.98199,0.03370,0.08586,AUTO,MODEL_PROPOSAL,0.1202,-0.0026,0.2824,0.2815,0.0000,0.0000,2
27.28,2.98463,0.03393,0.08585,AUTO,MODEL_PROPOSAL,0.1183,-0.0026,0.2752,0.2929,0.0000,0.0000,2
27.30,2.98723,0.03415,0.08587,AUTO,MODEL_PROPOSAL,0.1165,-0.0026,0.2868,0.2673,0.0000,0.0000,2
27.32,2.98979,0.03437,0.08586,AUTO,MODEL_PROPOSAL,0.1147,-0.0026,0.2800,0.2789,0.0000,0.0000,2
27.34,2.99231,0.03459,0.08585,AUTO,MODEL_PROPOSAL,0.1129,-0.0026,0.2545,0.2534,0.0000,0.0000,2
27.36,2.99478,0.03480,0.08583,COLLECT,PICKUP_START,0.0800,0.0000,0.2145,0.2134,0.6000,0.4500,2
27.38,2.99718,0.03501,0.08581,COLLECT,PICKUP_ACTIVE,0.0800,0.0000,0.1745,0.1734,0.6000,0.4500,2
27.40,2.99948,0.03521,0.08580,COLLECT,PICKUP_ACTIVE,0.0800,0.0000,0.1649,0.1502,0.6000,0.4500,2
27.42,3.00167,0.03539,0.08577,COLLECT,PICKUP_ACTIVE,0.0800,0.0000,0.1643,0.1681,0.6000,0.4500,2
27.44,3.00376,0.03557,0.08573,COLLECT,PICKUP_ACTIVE,0.0800,0.0000,0.1638,0.1675,0.6000,0.4500,2
27.46,3.00577,0.03575,0.08571,COLLECT,PICKUP_ACTIVE,0.0800,0.0000,0.1632,0.1857,0.6000,0.4500,2
27.48,3.00771,0.03591,0.08573,COLLECT,PICKUP_ACTIVE,0.0800,0.0000,0.1814,0.1667,0.6000,0.4500,2
27.50,3.00959,0.03607,0.08573,COLLECT,PICKUP_ACTIVE,0.0800,0.0000,0.1812,0.1849,0.6000,0.4500,2
27.52,3.01143,0.03623,0.08573,COLLECT,PICKUP_ACTIVE,0.0800,0.0000,0.1809,0.1847,0.6000,0.4500,2
27.54,3.01322,0.03639,0.08573,COLLECT,PICKUP_ACTIVE,0.0800,0.0000,0.1807,0.1844,0.6000,0.4500,2
27.56,3.01498,0.03654,0.08574,COLLECT,PICKUP_ACTIVE,0.0800,0.0000,0.1804,0.1842,0.6000,0.4500,2
27.58,3.01670,0.03669,0.08576,COLLECT,PICKUP_ACTIVE,0.0800,0.0000,0.1989,0.2026,0.6000,0.4500,2
27.60,3.01841,0.03683,0.08578,COLLECT,PICKUP_ACTIVE,0.0800,0.0000,0.1803,0.1840,0.6000,0.4500,2
27.62,3.02009,0.03698,0.08581,COLLECT,PICKUP_ACTIVE,0.0800,0.0000,0.1800,0.2025,0.6000,0.4500,2
27.64,3.02175,0.03712,0.08586,COLLECT,PICKUP_ACTIVE,0.0800,0.0000,0.1985,0.1838,0.6000,0.4500,2
27.66,3.02340,0.03726,0.08590,COLLECT,PICKUP_ACTIVE,0.0800,0.0000,0.1986,0.2023,0.6000,0.4500,2
27.68,3.02504,0.03740,0.08593,COLLECT,PICKUP_ACTIVE,0.0800,0.0000,0.1799,0.1836,0.6000,0.4500,2
27.70,3.02667,0.03754,0.08597,COLLECT,PICKUP_ACTIVE,0.0800,0.0000,0.1984,0.2021,0.6000,0.4500,2
27.72,3.02829,0.03768,0.08601,COLLECT,PICKUP_ACTIVE,0.0800,0.0000,0.1985,0.2022,0.6000,0.4500,2
27.74,3.02990,0.03782,0.08605,COLLECT,PICKUP_ACTIVE,0.0800,0.0000,0.1985,0.1835,0.6000,0.4500,2
27.76,3.03151,0.03796,0.08606,COLLECT,PICKUP_ACTIVE,0.0800,0.0000,0.1799,0.2020,0.6000,0.4500,2
27.78,3.03311,0.03810,0.08610,COLLECT,PICKUP_ACTIVE,0.0800,0.0000,0.1984,0.2021,0.6000,0.4500,2
27.80,3.03470,0.03824,0.08615,COLLECT,PICKUP_ACTIVE,0.0800,0.0000,0.1984,0.2021,0.6000,0.4500,2
27.82,3.03630,0.03837,0.08620,COLLECT,PICKUP_ACTIVE,0.0800,0.0000,0.1985,0.1835,0.6000,0.4500,2
27.84,3.03789,0.03851,0.08623,COLLECT,PICKUP_ACTIVE,0.0800,0.0000,0.1986,0.2020,0.6000,0.4500,2
27.86,3.03948,0.03865,0.08625,COLLECT,PICKUP_ACTIVE,0.0800,0.0000,0.1799,0.2020,0.6000,0.4500,2
27.88,3.04106,0.03879,0.08630,COLLECT,PICKUP_ACTIVE,0.0800,0.0000,0.1984,0.2021,0.6000,0.4500,2
27.90,3.04264,0.03892,0.08636,COLLECT,PICKUP_ACTIVE,0.0800,0.0000,0.1984,0.1835,0.6000,0.4500,2
27.92,3.04422,0.03906,0.08639,COLLECT,PICKUP_ACTIVE,0.0800,0.0000,0.1985,0.2019,0.6000,0.4500,2
27.94,3.04580,0.03920,0.08642,COLLECT,PICKUP_ACTIVE,0.0800,0.0000,0.1986,0.2020,0.6000,0.4500,2
27.96,3.04738,0.03933,0.08645,COLLECT,PICKUP_ACTIVE,0.0800,0.0000,0.1986,0.2021,0.6000,0.4500,2
27.98,3.04896,0.03947,0.08649,COLLECT,PICKUP_ACTIVE,0.0800,0.0000,0.1987,0.2021,0.6000,0.4500,2
28.00,3.05055,0.03961,0.08652,COLLECT,PICKUP_ACTIVE,0.0800,0.0000,0.1801,0.1835,0.6000,0.4500,2
28.02,3.05212,0.03974,0.08656,COLLECT,PICKUP_ACTIVE,0.0800,0.0000,0.1985,0.2020,0.6000,0.4500,2
28.04,3.05369,0.03988,0.08660,COLLECT,PICKUP_ACTIVE,0.0800,0.0000,0.1986,0.2020,0.6000,0.4500,2
28.06,3.05526,0.04002,0.08664,COLLECT,PICKUP_ACTIVE,0.0800,0.0000,0.1987,0.2021,0.6000,0.4500,2
28.08,3.05684,0.04015,0.08669,COLLECT,PICKUP_ACTIVE,0.0800,0.0000,0.1987,0.2022,0.6000,0.4500,2
28.10,3.05842,0.04029,0.08673,COLLECT,PICKUP_ACTIVE,0.0800,0.0000,0.1988,0.1835,0.6000,0.4500,2
28.12,3.05999,0.04043,0.08675,COLLECT,PICKUP_ACTIVE,0.0800,0.0000,0.1989,0.2020,0.6000,0.4500,2
28.14,3.06157,0.04057,0.08677,COLLECT,PICKUP_ACTIVE,0.0800,0.0000,0.1989,0.2020,0.6000,0.4500,2
28.16,3.06315,0.04070,0.08679,COLLECT,PICKUP_ACTIVE,0.0800,0.0000,0.1803,0.2021,0.6000,0.4500,2
28.18,3.06472,0.04084,0.08684,COLLECT,PICKUP_ACTIVE,0.0800,0.0000,0.1988,0.2022,0.6000,0.4500,2
28.20,3.06630,0.04098,0.08689,COLLECT,PICKUP_ACTIVE,0.0800,0.0000,0.1988,0.2022,0.6000,0.4500,2
28.22,3.06787,0.04111,0.08695,COLLECT,PICKUP_ACTIVE,0.0800,0.0000,0.1989,0.1836,0.6000,0.4500,2
28.24,3.06945,0.04125,0.08698,COLLECT,PICKUP_ACTIVE,0.0800,0.0000,0.1990,0.2021,0.6000,0.4500,2
28.26,3.07102,0.04139,0.08701,COLLECT,PICKUP_ACTIVE,0.0800,0.0000,0.1990,0.2021,0.6000,0.4500,2
28.28,3.07260,0.04153,0.08703,COLLECT,PICKUP_ACTIVE,0.0800,0.0000,0.1991,0.2022,0.6000,0.4500,2
28.30,3.07417,0.04166,0.08706,COLLECT,PICKUP_ACTIVE,0.0800,0.0000,0.1992,0.2023,0.6000,0.4500,2
28.32,3.07576,0.04180,0.08710,COLLECT,PICKUP_ACTIVE,0.0800,0.0000,0.1805,0.1836,0.6000,0.4500,2
28.34,3.07733,0.04194,0.08713,COLLECT,PICKUP_ACTIVE,0.0800,0.0000,0.1990,0.2021,0.6000,0.4500,2
28.36,3.07890,0.04208,0.08717,COLLECT,PICKUP_ACTIVE,0.0800,0.0000,0.1990,0.2022,0.6000,0.4500,2
28.38,3.08047,0.04221,0.08720,COLLECT,PICKUP_ACTIVE,0.0800,0.0000,0.1991,0.2022,0.6000,0.4500,2
28.40,3.08205,0.04235,0.08724,COLLECT,PICKUP_ACTIVE,0.0800,0.0000,0.1992,0.2023,0.6000,0.4500,2
28.42,3.08362,0.04249,0.08728,COLLECT,PICKUP_ACTIVE,0.0800,0.0000,0.1992,0.2024,0.6000,0.4500,2
28.44,3.08521,0.04263,0.08733,COLLECT,PICKUP_ACTIVE,0.0800,0.0000,0.1993,0.1837,0.6000,0.4500,2
28.46,3.08678,0.04277,0.08734,COLLECT,PICKUP_ACTIVE,0.0800,0.0000,0.1994,0.2022,0.6000,0.4500,2
28.48,3.08836,0.04290,0.08736,COLLECT,PICKUP_ACTIVE,0.0800,0.0000,0.1807,0.2022,0.6000,0.4500,2
28.50,3.08993,0.04304,0.08740,COLLECT,PICKUP_ACTIVE,0.0800,0.0000,0.1992,0.2023,0.6000,0.4500,2
28.52,3.09151,0.04318,0.08745,COLLECT,PICKUP_ACTIVE,0.0800,0.0000,0.1993,0.2024,0.6000,0.4500,2
28.54,3.09309,0.04332,0.08750,COLLECT,PICKUP_ACTIVE,0.0800,0.0000,0.1993,0.1837,0.6000,0.4500,2
28.56,3.09466,0.04346,0.08752,COLLECT,PICKUP_ACTIVE,0.0800,0.0000,0.1994,0.2022,0.6000,0.4500,2
28.58,3.09623,0.04360,0.08754,COLLECT,PICKUP_ACTIVE,0.0800,0.0000,0.1995,0.2023,0.6000,0.4500,2
28.60,3.09781,0.04373,0.08756,COLLECT,PICKUP_ACTIVE,0.0800,0.0000,0.1995,0.2023,0.6000,0.4500,2
28.62,3.09939,0.04387,0.08759,COLLECT,PICKUP_ACTIVE,0.0800,0.0000,0.1809,0.2024,0.6000,0.4500,2
28.64,3.10097,0.04401,0.08764,COLLECT,PICKUP_ACTIVE,0.0800,0.0000,0.1994,0.1838,0.6000,0.4500,2
28.66,3.10254,0.04415,0.08767,COLLECT,PICKUP_ACTIVE,0.0800,0.0000,0.1994,0.2022,0.6000,0.4500,2
28.68,3.10411,0.04429,0.08770,COLLECT,PICKUP_ACTIVE,0.0800,0.0000,0.1995,0.2023,0.6000,0.4500,2
28.70,3.10569,0.04443,0.08773,COLLECT,PICKUP_ACTIVE,0.0800,0.0000,0.1996,0.2024,0.6000,0.4500,2
28.72,3.10727,0.04456,0.08776,COLLECT,PICKUP_ACTIVE,0.0800,0.0000,0.1996,0.2024,0.6000,0.4500,2
28.74,3.10885,0.04470,0.08779,COLLECT,PICKUP_ACTIVE,0.0800,0.0000,0.1997,0.2025,0.6000,0.4500,2
28.76,3.11043,0.04484,0.08783,COLLECT,PICKUP_ACTIVE,0.0800,0.0000,0.1998,0.1838,0.6000,0.4500,2
28.78,3.11201,0.04498,0.08784,COLLECT,PICKUP_ACTIVE,0.0800,0.0000,0.1811,0.2023,0.6000,0.4500,2
28.80,3.11358,0.04512,0.08787,COLLECT,PICKUP_ACTIVE,0.0800,0.0000,0.1996,0.2024,0.6000,0.4500,2
28.82,3.11516,0.04526,0.08791,COLLECT,PICKUP_ACTIVE,0.0800,0.0000,0.1996,0.2024,0.6000,0.4500,2
28.84,3.11673,0.04540,0.08795,COLLECT,PICKUP_ACTIVE,0.0800,0.0000,0.1997,0.2025,0.6000,0.4500,2
28.86,3.11831,0.04554,0.08799,COLLECT,PICKUP_ACTIVE,0.0800,0.0000,0.1998,0.1839,0.6000,0.4500,2
28.88,3.11989,0.04568,0.08801,COLLECT,PICKUP_ACTIVE,0.0800,0.0000,0.1998,0.2023,0.6000,0.4500,2
28.90,3.12147,0.04582,0.08802,COLLECT,PICKUP_ACTIVE,0.0800,0.0000,0.1999,0.2024,0.6000,0.4500,2
28.92,3.12305,0.04596,0.08803,COLLECT,PICKUP_ACTIVE,0.0800,0.0000,0.1813,0.2025,0.6000,0.4500,2
28.94,3.12462,0.04610,0.08808,COLLECT,PICKUP_ACTIVE,0.0800,0.0000,0.1997,0.2025,0.6000,0.4500,2
28.96,3.12620,0.04623,0.08813,COLLECT,PICKUP_ACTIVE,0.0800,0.0000,0.1998,0.2026,0.6000,0.4500,2
28.98,3.12778,0.04637,0.08817,COLLECT,PICKUP_ACTIVE,0.0800,0.0000,0.1999,0.1840,0.6000,0.4500,2
29.00,3.12936,0.04651,0.08820,COLLECT,PICKUP_ACTIVE,0.0800,0.0000,0.1999,0.2024,0.6000,0.4500,2
29.02,3.13094,0.04665,0.08822,COLLECT,PICKUP_ACTIVE,0.0800,0.0000,0.2000,0.2025,0.6000,0.4500,2
29.04,3.13252,0.04679,0.08824,COLLECT,PICKUP_ACTIVE,0.0800,0.0000,0.2001,0.2026,0.6000,0.4500,2
29.06,3.13410,0.04693,0.08826,COLLECT,PICKUP_ACTIVE,0.0800,0.0000,0.1814,0.2026,0.6000,0.4500,2
29.08,3.13568,0.04707,0.08831,COLLECT,PICKUP_ACTIVE,0.0800,0.0000,0.1999,0.1840,0.6000,0.4500,2
29.10,3.13725,0.04721,0.08834,COLLECT,PICKUP_ACTIVE,0.0800,0.0000,0.2000,0.2024,0.6000,0.4500,2
29.12,3.13883,0.04735,0.08837,COLLECT,PICKUP_ACTIVE,0.0800,0.0000,0.2000,0.2025,0.6000,0.4500,2
29.14,3.14041,0.04749,0.08839,COLLECT,PICKUP_ACTIVE,0.0800,0.0000,0.2001,0.2026,0.6000,0.4500,2
29.16,3.14199,0.04763,0.08842,COLLECT,PICKUP_ACTIVE,0.0800,0.0000,0.2002,0.2026,0.6000,0.4500,2
29.18,3.14357,0.04777,0.08845,COLLECT,PICKUP_ACTIVE,0.0800,0.0000,0.2002,0.1840,0.6000,0.4500,2
29.20,3.14515,0.04791,0.08846,COLLECT,PICKUP_ACTIVE,0.0800,0.0000,0.1816,0.2025,0.6000,0.4500,2
29.22,3.14673,0.04805,0.08848,COLLECT,PICKUP_ACTIVE,0.0800,0.0000,0.2000,0.2025,0.6000,0.4500,2
29.24,3.14830,0.04819,0.08852,COLLECT,PICKUP_ACTIVE,0.0800,0.0000,0.2001,0.2026,0.6000,0.4500,2
29.26,3.14988,0.04833,0.08855,COLLECT,PICKUP_ACTIVE,0.0800,0.0000,0.2002,0.2027,0.6000,0.4500,2
29.28,3.15146,0.04847,0.08859,COLLECT,PICKUP_ACTIVE,0.0800,0.0000,0.2002,0.1840,0.6000,0.4500,2
29.30,3.15304,0.04861,0.08860,COLLECT,PICKUP_ACTIVE,0.0800,0.0000,0.2003,0.2025,0.6000,0.4500,2
29.32,3.15462,0.04875,0.08861,COLLECT,PICKUP_ACTIVE,0.0800,0.0000,0.2004,0.2026,0.6000,0.4500,2
29.34,3.15620,0.04889,0.08862,COLLECT,PICKUP_ACTIVE,0.0800,0.0000,0.1817,0.2026,0.6000,0.4500,2
29.36,3.15778,0.04903,0.08866,COLLECT,PICKUP_ACTIVE,0.0800,0.0000,0.2002,0.2027,0.6000,0.4500,2
29.38,3.15936,0.04917,0.08870,COLLECT,PICKUP_ACTIVE,0.0800,0.0000,0.2003,0.2028,0.6000,0.4500,2
29.40,3.16094,0.04932,0.08875,COLLECT,PICKUP_ACTIVE,0.0800,0.0000,0.2003,0.1841,0.6000,0.4500,2
29.42,3.16252,0.04946,0.08877,COLLECT,PICKUP_ACTIVE,0.0800,0.0000,0.2004,0.2026,0.6000,0.4500,2
29.44,3.16410,0.04960,0.08878,COLLECT,PICKUP_ACTIVE,0.0800,0.0000,0.2005,0.2027,0.6000,0.4500,2
29.46,3.16568,0.04974,0.08880,COLLECT,PICKUP_ACTIVE,0.0800,0.0000,0.2005,0.2027,0.6000,0.4500,2
29.48,3.16727,0.04988,0.08881,COLLECT,PICKUP_ACTIVE,0.0800,0.0000,0.1819,0.2028,0.6000,0.4500,2
29.50,3.16885,0.05002,0.08886,COLLECT,PICKUP_ACTIVE,0.0800,0.0000,0.2004,0.1841,0.6000,0.4500,2
29.52,3.17042,0.05016,0.08888,COLLECT,PICKUP_ACTIVE,0.0800,0.0000,0.2004,0.2026,0.6000,0.4500,2
29.54,3.17200,0.05030,0.08890,COLLECT,PICKUP_ACTIVE,0.0800,0.0000,0.2005,0.2027,0.6000,0.4500,2
29.56,3.17358,0.05044,0.08893,COLLECT,PICKUP_ACTIVE,0.0800,0.0000,0.2006,0.2027,0.6000,0.4500,2
29.58,3.17516,0.05058,0.08895,COLLECT,PICKUP_ACTIVE,0.0800,0.0000,0.2006,0.2028,0.6000,0.4500,2
29.60,3.17675,0.05072,0.08897,COLLECT,PICKUP_ACTIVE,0.0800,0.0000,0.1820,0.1842,0.6000,0.4500,2
29.62,3.17833,0.05086,0.08900,COLLECT,PICKUP_ACTIVE,0.0800,0.0000,0.2004,0.2026,0.6000,0.4500,2
29.64,3.17990,0.05100,0.08903,COLLECT,PICKUP_ACTIVE,0.0800,0.0000,0.2005,0.2027,0.6000,0.4500,2
29.66,3.18148,0.05115,0.08905,COLLECT,PICKUP_ACTIVE,0.0800,0.0000,0.2006,0.2028,0.6000,0.4500,2
29.68,3.18306,0.05129,0.08908,COLLECT,PICKUP_ACTIVE,0.0800,0.0000,0.2006,0.2028,0.6000,0.4500,2
29.70,3.18465,0.05143,0.08911,COLLECT,PICKUP_ACTIVE,0.0800,0.0000,0.2007,0.1842,0.6000,0.4500,2
29.72,3.18623,0.05157,0.08912,COLLECT,PICKUP_ACTIVE,0.0800,0.0000,0.2008,0.2027,0.6000,0.4500,2
29.74,3.18781,0.05171,0.08912,COLLECT,PICKUP_ACTIVE,0.0800,0.0000,0.1821,0.2027,0.6000,0.4500,2
29.76,3.18939,0.05185,0.08914,COLLECT,PICKUP_ACTIVE,0.0800,0.0000,0.2006,0.2028,0.6000,0.4500,2
29.78,3.19097,0.05199,0.08918,COLLECT,PICKUP_ACTIVE,0.0800,0.0000,0.2007,0.2029,0.6000,0.4500,2
29.80,3.19255,0.05214,0.08922,COLLECT,PICKUP_ACTIVE,0.0800,0.0000,0.2007,0.2029,0.6000,0.4500,2
29.82,3.19414,0.05228,0.08925,COLLECT,PICKUP_ACTIVE,0.0800,0.0000,0.2008,0.1843,0.6000,0.4500,2
29.84,3.19572,0.05242,0.08927,COLLECT,PICKUP_ACTIVE,0.0800,0.0000,0.2009,0.2027,0.6000,0.4500,2
29.86,3.19730,0.05256,0.08927,COLLECT,PICKUP_ACTIVE,0.0800,0.0000,0.1822,0.2028,0.6000,0.4500,2
29.88,3.19888,0.05270,0.08930,COLLECT,PICKUP_ACTIVE,0.0800,0.0000,0.2007,0.2029,0.6000,0.4500,2
29.90,3.20046,0.05284,0.08934,COLLECT,PICKUP_ACTIVE,0.0800,0.0000,0.2008,0.2029,0.6000,0.4500,2
29.92,3.20204,0.05299,0.08939,COLLECT,PICKUP_ACTIVE,0.0800,0.0000,0.2008,0.1843,0.6000,0.4500,2
29.94,3.20362,0.05313,0.08940,COLLECT,PICKUP_ACTIVE,0.0800,0.0000,0.2009,0.2028,0.6000,0.4500,2
29.96,3.20520,0.05327,0.08941,COLLECT,PICKUP_ACTIVE,0.0800,0.0000,0.2010,0.2028,0.6000,0.4500,2
29.98,3.20679,0.05341,0.08942,COLLECT,PICKUP_ACTIVE,0.0800,0.0000,0.1823,0.2029,0.6000,0.4500,2
30.00,3.20837,0.05355,0.08946,COLLECT,PICKUP_ACTIVE,0.0800,0.0000,0.2008,0.2030,0.6000,0.4500,2
30.02,3.20995,0.05369,0.08950,COLLECT,PICKUP_ACTIVE,0.0800,0.0000,0.2008,0.1843,0.6000,0.4500,2
30.04,3.21153,0.05384,0.08952,COLLECT,PICKUP_ACTIVE,0.0800,0.0000,0.2009,0.2028,0.6000,0.4500,2
30.06,3.21311,0.05398,0.08954,COLLECT,PICKUP_ACTIVE,0.0800,0.0000,0.2010,0.2029,0.6000,0.4500,2
30.08,3.21469,0.05412,0.08955,COLLECT,PICKUP_ACTIVE,0.0800,0.0000,0.2010,0.2029,0.6000,0.4500,2
30.10,3.21628,0.05426,0.08957,COLLECT,PICKUP_ACTIVE,0.0800,0.0000,0.2011,0.2030,0.6000,0.4500,2
30.12,3.21787,0.05440,0.08959,COLLECT,PICKUP_ACTIVE,0.0800,0.0000,0.1825,0.1843,0.6000,0.4500,2
30.14,3.21945,0.05455,0.08961,COLLECT,PICKUP_ACTIVE,0.0800,0.0000,0.2009,0.2028,0.6000,0.4500,2
30.16,3.22102,0.05469,0.08963,COLLECT,PICKUP_ACTIVE,0.0800,0.0000,0.2010,0.2029,0.6000,0.4500,2
30.18,3.22261,0.05483,0.08965,COLLECT,PICKUP_ACTIVE,0.0800,0.0000,0.2011,0.2029,0.6000,0.4500,2
30.20,3.22419,0.05497,0.08967,COLLECT,PICKUP_ACTIVE,0.0800,0.0000,0.2011,0.2030,0.6000,0.4500,2
30.22,3.22578,0.05512,0.08969,COLLECT,PICKUP_ACTIVE,0.0800,0.0000,0.2012,0.1844,0.6000,0.4500,2
30.24,3.22736,0.05526,0.08969,COLLECT,PICKUP_ACTIVE,0.0800,0.0000,0.1825,0.2028,0.6000,0.4500,2
30.26,3.22894,0.05540,0.08971,COLLECT,PICKUP_ACTIVE,0.0800,0.0000,0.2010,0.2029,0.6000,0.4500,2
30.28,3.23052,0.05554,0.08974,COLLECT,PICKUP_ACTIVE,0.0800,0.0000,0.2011,0.2030,0.6000,0.4500,2
30.30,3.23210,0.05568,0.08977,COLLECT,PICKUP_ACTIVE,0.0800,0.0000,0.2012,0.2030,0.6000,0.4500,2
30.32,3.23369,0.05583,0.08980,COLLECT,PICKUP_ACTIVE,0.0800,0.0000,0.2012,0.1844,0.6000,0.4500,2
30.34,3.23527,0.05597,0.08980,COLLECT,PICKUP_ACTIVE,0.0800,0.0000,0.2013,0.2029,0.6000,0.4500,2
30.36,3.23685,0.05611,0.08980,COLLECT,PICKUP_ACTIVE,0.0800,0.0000,0.1826,0.2029,0.6000,0.4500,2
30.38,3.23843,0.05626,0.08983,COLLECT,PICKUP_ACTIVE,0.0800,0.0000,0.2011,0.2030,0.6000,0.4500,2
30.40,3.24001,0.05640,0.08986,COLLECT,PICKUP_ACTIVE,0.0800,0.0000,0.2012,0.2031,0.6000,0.4500,2
30.42,3.24160,0.05654,0.08989,COLLECT,PICKUP_ACTIVE,0.0800,0.0000,0.2012,0.1844,0.6000,0.4500,2
30.44,3.24318,0.05668,0.08990,COLLECT,PICKUP_ACTIVE,0.0800,0.0000,0.2013,0.2029,0.6000,0.4500,2
30.46,3.24476,0.05683,0.08991,COLLECT,PICKUP_ACTIVE,0.0800,0.0000,0.2014,0.2030,0.6000,0.4500,2
30.48,3.24635,0.05697,0.08991,COLLECT,PICKUP_ACTIVE,0.0800,0.0000,0.1827,0.2030,0.6000,0.4500,2
30.50,3.24793,0.05711,0.08994,COLLECT,PICKUP_ACTIVE,0.0800,0.0000,0.2012,0.2031,0.6000,0.4500,2
30.52,3.24951,0.05725,0.08998,COLLECT,PICKUP_ACTIVE,0.0800,0.0000,0.2013,0.1844,0.6000,0.4500,2
30.54,3.25109,0.05740,0.09000,COLLECT,PICKUP_ACTIVE,0.0800,0.0000,0.2013,0.2029,0.6000,0.4500,2
30.56,3.25268,0.05754,0.09000,COLLECT,PICKUP_ACTIVE,0.0000,0.0000,0.1613,0.1629,0.0000,0.4500,2
30.58,3.25424,0.05768,0.09001,COLLECT,PICKUP_ACTIVE,0.0000,0.0000,0.1213,0.1229,0.0000,0.4500,2
30.60,3.25574,0.05782,0.09002,COLLECT,PICKUP_ACTIVE,0.0000,0.0000,0.0813,0.0829,0.0000,0.4500,2
30.62,3.25716,0.05794,0.09004,COLLECT,PICKUP_ACTIVE,0.0000,0.0000,0.0413,0.0429,0.0000,0.4500,2
30.64,3.25847,0.05806,0.09005,COLLECT,PICKUP_ACTIVE,0.0000,0.0000,0.0013,0.0029,0.0000,0.4500,2
30.66,3.25965,0.05817,0.09007,COLLECT,PICKUP_ACTIVE,0.0000,0.0000,-0.0387,-0.0371,0.0000,0.4500,2
30.68,3.26068,0.05826,0.09008,COLLECT,PICKUP_ACTIVE,0.0000,0.0000,-0.0674,-0.0658,0.0000,0.4500,2
30.70,3.26154,0.05834,0.09010,COLLECT,PICKUP_ACTIVE,0.0000,0.0000,-0.0683,-0.0667,0.0000,0.4500,2
30.72,3.26226,0.05840,0.09012,COLLECT,PICKUP_ACTIVE,0.0000,0.0000,-0.0505,-0.0489,0.0000,0.4500,2
30.74,3.26285,0.05846,0.09014,COLLECT,PICKUP_ACTIVE,0.0000,0.0000,-0.0511,-0.0495,0.0000,0.4500,2
30.76,3.26333,0.05850,0.09016,COLLECT,PICKUP_ACTIVE,0.0000,0.0000,-0.0517,-0.0501,0.0000,0.4500,2
30.78,3.26372,0.05854,0.09018,COLLECT,PICKUP_ACTIVE,0.0000,0.0000,-0.0336,-0.0320,0.0000,0.4500,2
30.80,3.26404,0.05857,0.09020,COLLECT,PICKUP_ACTIVE,0.0000,0.0000,-0.0339,-0.0323,0.0000,0.4500,2
30.82,3.26429,0.05859,0.09022,COLLECT,PICKUP_ACTIVE,0.0000,0.0000,-0.0342,-0.0327,0.0000,0.4500,2
30.84,3.26448,0.05861,0.09024,COLLECT,PICKUP_ACTIVE,0.0000,0.0000,-0.0345,-0.0330,0.0000,0.4500,2
30.86,3.26463,0.05862,0.09026,COLLECT,PICKUP_ACTIVE,0.0000,0.0000,-0.0161,-0.0146,0.0000,0.4500,2
30.88,3.26474,0.05863,0.09029,COLLECT,PICKUP_ACTIVE,0.0000,0.0000,-0.0161,-0.0333,0.0000,0.4500,2
30.90,3.26482,0.05864,0.09028,COLLECT,PICKUP_ACTIVE,0.0000,0.0000,-0.0348,-0.0149,0.0000,0.4500,2
30.92,3.26487,0.05864,0.09030,COLLECT,PICKUP_ACTIVE,0.0000,0.0000,-0.0164,-0.0149,0.0000,0.4500,2
30.94,3.26490,0.05864,0.09033,COLLECT,PICKUP_ACTIVE,0.0000,0.0000,-0.0164,-0.0149,0.0000,0.4500,2
30.96,3.26492,0.05865,0.09035,COLLECT,PICKUP_ACTIVE,0.0000,0.0000,-0.0164,-0.0149,0.0000,0.4500,2
30.98,3.26492,0.05864,0.09038,COLLECT,PICKUP_ACTIVE,0.0000,0.0000,-0.0164,-0.0149,0.0000,0.4500,2
31.00,3.26490,0.05864,0.09040,COLLECT,PICKUP_ACTIVE,0.0000,0.0000,-0.0164,-0.0149,0.0000,0.4500,2
31.02,3.26487,0.05864,0.09043,COLLECT,PICKUP_ACTIVE,0.0000,0.0000,-0.0164,-0.0149,0.0000,0.4500,2
31.04,3.26484,0.05864,0.09046,COLLECT,PICKUP_ACTIVE,0.0000,0.0000,-0.0164,-0.0149,0.0000,0.4500,2
31.06,3.26479,0.05863,0.09048,COLLECT,PICKUP_ACTIVE,0.0000,0.0000,0.0023,-0.0149,0.0000,0.4500,2
31.08,3.26474,0.05863,0.09048,COLLECT,PICKUP_ACTIVE,0.0000,0.0000,-0.0161,-0.0149,0.0000,0.4500,2
31.10,3.26469,0.05862,0.09048,COLLECT,PICKUP_ACTIVE,0.0000,0.0000,-0.0161,-0.0149,0.0000,0.4500,2
31.12,3.26462,0.05862,0.09048,COLLECT,PICKUP_ACTIVE,0.0000,0.0000,-0.0161,0.0039,0.0000,0.4500,2
31.14,3.26456,0.05861,0.09050,COLLECT,PICKUP_ACTIVE,0.0000,0.0000,-0.0161,-0.0146,0.0000,0.4500,2
31.16,3.26449,0.05861,0.09053,COLLECT,PICKUP_ACTIVE,0.0000,0.0000,0.0026,-0.0146,0.0000,0.4500,2
31.18,3.26443,0.05860,0.09054,COLLECT,PICKUP_ACTIVE,0.0000,0.0000,-0.0158,-0.0146,0.0000,0.4500,2
31.20,3.26436,0.05859,0.09054,COLLECT,PICKUP_ACTIVE,0.0000,0.0000,-0.0158,-0.0146,0.0000,0.4500,2
31.22,3.26428,0.05859,0.09055,COLLECT,PICKUP_ACTIVE,0.0000,0.0000,-0.0158,0.0042,0.0000,0.4500,2
31.24,3.26420,0.05858,0.09057,COLLECT,PICKUP_ACTIVE,0.0000,0.0000,0.0029,-0.0142,0.0000,0.4500,2
31.26,3.26413,0.05857,0.09059,COLLECT,PICKUP_ACTIVE,0.0000,0.0000,-0.0155,-0.0142,0.0000,0.4500,2
31.28,3.26406,0.05857,0.09059,COLLECT,PICKUP_ACTIVE,0.0000,0.0000,-0.0155,-0.0142,0.0000,0.4500,2
31.30,3.26398,0.05856,0.09060,COLLECT,PICKUP_ACTIVE,0.0000,0.0000,-0.0155,0.0045,0.0000,0.4500,2
31.32,3.26390,0.05855,0.09063,COLLECT,PICKUP_ACTIVE,0.0000,0.0000,0.0032,-0.0139,0.0000,0.4500,2
31.34,3.26382,0.05855,0.09065,COLLECT,PICKUP_ACTIVE,0.0000,0.0000,-0.0152,-0.0139,0.0000,0.4500,2
31.36,3.26375,0.05854,0.09066,COLLECT,PICKUP_ACTIVE,0.0000,0.0000,-0.0152,-0.0139,0.0000,0.4500,2
31.38,3.26367,0.05853,0.09067,COLLECT,PICKUP_ACTIVE,0.0000,0.0000,-0.0152,0.0048,0.0000,0.4500,2
31.40,3.26359,0.05852,0.09070,COLLECT,PICKUP_ACTIVE,0.0000,0.0000,0.0035,-0.0136,0.0000,0.4500,2
31.42,3.26351,0.05852,0.09072,COLLECT,PICKUP_ACTIVE,0.0000,0.0000,-0.0149,-0.0136,0.0000,0.4500,2
31.44,3.26344,0.05851,0.09073,COLLECT,PICKUP_ACTIVE,0.0000,0.0000,-0.0149,-0.0136,0.0000,0.4500,2
31.46,3.26336,0.05850,0.09074,COLLECT,PICKUP_ACTIVE,0.0000,0.0000,-0.0149,0.0051,0.0000,0.4500,2
31.48,3.26328,0.05850,0.09078,COLLECT,PICKUP_ACTIVE,0.0000,0.0000,0.0038,-0.0133,0.0000,0.4500,2
31.50,3.26320,0.05849,0.09079,COLLECT,PICKUP_ACTIVE,0.0000,0.0000,-0.0146,-0.0133,0.0000,0.4500,2
31.52,3.26313,0.05848,0.09080,COLLECT,PICKUP_ACTIVE,0.0000,0.0000,-0.0146,-0.0133,0.0000,0.4500,2
31.54,3.26305,0.05848,0.09082,COLLECT,PICKUP_ACTIVE,0.0000,0.0000,0.0041,0.0054,0.0000,0.4500,2
31.56,3.26298,0.05847,0.09083,COLLECT,PICKUP_ACTIVE,0.0000,0.0000,-0.0143,-0.0130,0.0000,0.4500,2
31.58,3.26290,0.05846,0.09084,COLLECT,PICKUP_ACTIVE,0.0000,0.0000,-0.0143,-0.0130,0.0000,0.4500,2
31.60,3.26283,0.05846,0.09086,COLLECT,PICKUP_ACTIVE,0.0000,0.0000,-0.0143,-0.0130,0.0000,0.4500,2
31.62,3.26275,0.05845,0.09087,COLLECT,PICKUP_ACTIVE,0.0000,0.0000,0.0044,-0.0130,0.0000,0.4500,2
31.64,3.26267,0.05844,0.09086,COLLECT,PICKUP_ACTIVE,0.0000,0.0000,-0.0140,0.0057,0.0000,0.4500,2
31.66,3.26260,0.05843,0.09087,COLLECT,PICKUP_ACTIVE,0.0000,0.0000,-0.0140,-0.0127,0.0000,0.4500,2
31.68,3.26253,0.05843,0.09089,COLLECT,PICKUP_ACTIVE,0.0000,0.0000,-0.0140,-0.0127,0.0000,0.4500,2
31.70,3.26245,0.05842,0.09091,COLLECT,PICKUP_ACTIVE,0.0000,0.0000,0.0047,-0.0127,0.0000,0.4500,2
31.72,3.26238,0.05841,0.09091,COLLECT,PICKUP_ACTIVE,0.0000,0.0000,-0.0137,0.0060,0.0000,0.4500,2
31.74,3.26231,0.05841,0.09092,COLLECT,PICKUP_ACTIVE,0.0000,0.0000,-0.0137,-0.0124,0.0000,0.4500,2
31.76,3.26224,0.05840,0.09095,COLLECT,PICKUP_ACTIVE,0.0000,0.0000,-0.0137,-0.0124,0.0000,0.4500,2
31.78,3.26216,0.05839,0.09097,COLLECT,PICKUP_ACTIVE,0.0000,0.0000,0.0050,-0.0124,0.0000,0.4500,2
31.80,3.26209,0.05839,0.09096,COLLECT,PICKUP_ACTIVE,0.0000,0.0000,-0.0134,0.0063,0.0000,0.4500,2
31.82,3.26203,0.05838,0.09098,COLLECT,PICKUP_ACTIVE,0.0000,0.0000,-0.0134,-0.0121,0.0000,0.4500,2
31.84,3.26196,0.05838,0.09101,COLLECT,PICKUP_ACTIVE,0.0000,0.0000,-0.0134,-0.0121,0.0000,0.4500,2
31.86,3.26188,0.05837,0.09103,COLLECT,PICKUP_ACTIVE,0.0000,0.0000,0.0053,-0.0121,0.0000,0.4500,2
31.88,3.26181,0.05836,0.09103,COLLECT,PICKUP_ACTIVE,0.0000,0.0000,-0.0131,-0.0121,0.0000,0.4500,2
31.90,3.26174,0.05836,0.09102,COLLECT,PICKUP_ACTIVE,0.0000,0.0000,-0.0131,0.0066,0.0000,0.4500,2
31.92,3.26168,0.05835,0.09104,COLLECT,PICKUP_ACTIVE,0.0000,0.0000,-0.0131,-0.0118,0.0000,0.4500,2
31.94,3.26161,0.05834,0.09107,COLLECT,PICKUP_ACTIVE,0.0000,0.0000,-0.0131,-0.0118,0.0000,0.4500,2
31.96,3.26153,0.05834,0.09110,COLLECT,PICKUP_ACTIVE,0.0000,0.0000,0.0057,-0.0118,0.0000,0.4500,2
31.98,3.26146,0.05833,0.09110,COLLECT,PICKUP_ACTIVE,0.0000,0.0000,-0.0128,-0.0118,0.0000,0.4500,2
32.00,3.26139,0.05832,0.09109,COLLECT,PICKUP_ACTIVE,0.0000,0.0000,-0.0128,0.0069,0.0000,0.4500,2
32.02,3.26133,0.05832,0.09112,COLLECT,PICKUP_ACTIVE,0.0000,0.0000,-0.0128,-0.0115,0.0000,0.4500,2
32.04,3.26126,0.05831,0.09115,COLLECT,PICKUP_ACTIVE,0.0000,0.0000,0.0060,-0.0115,0.0000,0.4500,2
32.06,3.26119,0.05831,0.09115,COLLECT,PICKUP_ACTIVE,0.0000,0.0000,-0.0124,-0.0115,0.0000,0.4500,2
32.08,3.26113,0.05830,0.09115,COLLECT,PICKUP_ACTIVE,0.0000,0.0000,-0.0124,0.0072,0.0000,0.4500,2
32.10,3.26106,0.05829,0.09117,COLLECT,PICKUP_ACTIVE,0.0000,0.0000,-0.0124,-0.0112,0.0000,0.4500,2
32.12,3.26100,0.05829,0.09120,COLLECT,PICKUP_ACTIVE,0.0000,0.0000,0.0063,-0.0112,0.0000,0.4500,2
32.14,3.26094,0.05828,0.09121,COLLECT,PICKUP_ACTIVE,0.0000,0.0000,-0.0121,-0.0112,0.0000,0.4500,2
32.16,3.26087,0.05828,0.09121,COLLECT,PICKUP_ACTIVE,0.0000,0.0000,-0.0121,-0.0112,0.0000,0.4500,2
32.18,3.26080,0.05827,0.09121,COLLECT,PICKUP_ACTIVE,0.0000,0.0000,-0.0121,0.0075,0.0000,0.4500,2
32.20,3.26074,0.05826,0.09123,COLLECT,PICKUP_ACTIVE,0.0000,0.0000,-0.0121,-0.0109,0.0000,0.4500,2
32.22,3.26068,0.05826,0.09127,COLLECT,PICKUP_ACTIVE,0.0000,0.0000,0.0066,-0.0109,0.0000,0.4500,2
32.24,3.26062,0.05825,0.09128,COLLECT,PICKUP_ACTIVE,0.0000,0.0000,-0.0118,-0.0109,0.0000,0.4500,2
32.26,3.26055,0.05825,0.09128,COLLECT,PICKUP_ACTIVE,0.0000,0.0000,-0.0118,-0.0109,0.0000,0.4500,2
32.28,3.26049,0.05824,0.09128,COLLECT,PICKUP_ACTIVE,0.0000,0.0000,-0.0118,0.0078,0.0000,0.4500,2
32.30,3.26043,0.05824,0.09131,COLLECT,PICKUP_ACTIVE,0.0000,0.0000,0.0069,-0.0106,0.0000,0.4500,2
32.32,3.26037,0.05823,0.09132,COLLECT,PICKUP_ACTIVE,0.0000,0.0000,-0.0115,-0.0106,0.0000,0.4500,2
32.34,3.26031,0.05823,0.09132,COLLECT,PICKUP_ACTIVE,0.0000,0.0000,-0.0115,-0.0106,0.0000,0.4500,2
32.36,3.26025,0.05822,0.09133,COLLECT,PICKUP_ACTIVE,0.0000,0.0000,-0.0115,-0.0106,0.0000,0.4500,2
32.38,3.26018,0.05821,0.09133,COLLECT,PICKUP_ACTIVE,0.0000,0.0000,-0.0115,-0.0106,0.0000,0.4500,2
32.40,3.26012,0.05821,0.09134,COLLECT,PICKUP_ACTIVE,0.0000,0.0000,0.0072,0.0082,0.0000,0.4500,2
32.42,3.26006,0.05820,0.09135,COLLECT,PICKUP_ACTIVE,0.0000,0.0000,-0.0112,-0.0103,0.0000,0.4500,2
32.44,3.26000,0.05820,0.09136,COLLECT,PICKUP_ACTIVE,0.0000,0.0000,-0.0112,-0.0103,0.0000,0.4500,2
32.46,3.25994,0.05819,0.09137,COLLECT,PICKUP_ACTIVE,0.0000,0.0000,-0.0112,-0.0103,0.0000,0.4500,2
32.48,3.25988,0.05819,0.09138,COLLECT,PICKUP_ACTIVE,0.0000,0.0000,-0.0112,-0.0103,0.0000,0.4500,2
32.50,3.25982,0.05818,0.09139,COLLECT,PICKUP_ACTIVE,0.0000,0.0000,0.0075,0.0085,0.0000,0.4500,2
32.52,3.25976,0.05817,0.09140,COLLECT,PICKUP_ACTIVE,0.0000,0.0000,-0.0109,-0.0100,0.0000,0.4500,2
32.54,3.25971,0.05817,0.09141,COLLECT,PICKUP_ACTIVE,0.0000,0.0000,-0.0109,-0.0100,0.0000,0.4500,2
32.56,3.25965,0.05816,0.09142,COLLECT,PICKUP_ACTIVE,0.0000,0.0000,-0.0109,-0.0100,0.0000,0.4500,2
32.58,3.25959,0.05816,0.09144,COLLECT,PICKUP_ACTIVE,0.0000,0.0000,-0.0109,-0.0100,0.0000,0.4500,2
32.60,3.25953,0.05815,0.09145,COLLECT,PICKUP_ACTIVE,0.0000,0.0000,0.0078,0.0088,0.0000,0.4500,2
32.62,3.25947,0.05815,0.09146,COLLECT,PICKUP_ACTIVE,0.0000,0.0000,-0.0106,-0.0096,0.0000,0.4500,2
32.64,3.25942,0.05814,0.09147,COLLECT,PICKUP_ACTIVE,0.0000,0.0000,-0.0106,-0.0096,0.0000,0.4500,2
32.66,3.25937,0.05814,0.09149,COLLECT,PICKUP_ACTIVE,0.0000,0.0000,-0.0106,-0.0096,0.0000,0.4500,2
32.68,3.25931,0.05813,0.09150,COLLECT,PICKUP_ACTIVE,0.0000,0.0000,-0.0106,-0.0096,0.0000,0.4500,2
32.70,3.25925,0.05813,0.09152,COLLECT,PICKUP_ACTIVE,0.0000,0.0000,0.0081,-0.0096,0.0000,0.4500,2
32.72,3.25919,0.05812,0.09151,COLLECT,PICKUP_ACTIVE,0.0000,0.0000,-0.0103,0.0091,0.0000,0.4500,2
32.74,3.25914,0.05812,0.09151,COLLECT,PICKUP_ACTIVE,0.0000,0.0000,-0.0103,-0.0093,0.0000,0.4500,2
32.76,3.25909,0.05811,0.09153,COLLECT,PICKUP_ACTIVE,0.0000,0.0000,-0.0103,-0.0093,0.0000,0.4500,2
32.78,3.25904,0.05811,0.09155,COLLECT,PICKUP_ACTIVE,0.0000,0.0000,-0.0103,-0.0093,0.0000,0.4500,2
32.80,3.25898,0.05810,0.09156,COLLECT,PICKUP_ACTIVE,0.0000,0.0000,-0.0103,-0.0093,0.0000,0.4500,2
32.82,3.25892,0.05810,0.09158,COLLECT,PICKUP_ACTIVE,0.0000,0.0000,0.0084,-0.0093,0.0000,0.4500,2
32.84,3.25887,0.05809,0.09157,COLLECT,PICKUP_ACTIVE,0.0000,0.0000,-0.0100,0.0094,0.0000,0.4500,2
32.86,3.25882,0.05809,0.09158,COLLECT,PICKUP_ACTIVE,0.0000,0.0000,-0.0100,-0.0090,0.0000,0.4500,2
32.88,3.25876,0.05808,0.09160,COLLECT,PICKUP_ACTIVE,0.0000,0.0000,-0.0100,-0.0090,0.0000,0.4500,2
32.90,3.25871,0.05808,0.09162,COLLECT,PICKUP_ACTIVE,0.0000,0.0000,-0.0100,-0.0090,0.0000,0.4500,2
32.92,3.25866,0.05807,0.09164,COLLECT,PICKUP_ACTIVE,0.0000,0.0000,0.0087,-0.0090,0.0000,0.4500,2
32.94,3.25860,0.05807,0.09163,COLLECT,PICKUP_ACTIVE,0.0000,0.0000,-0.0097,-0.0090,0.0000,0.4500,2
32.96,3.25855,0.05806,0.09162,COLLECT,PICKUP_ACTIVE,0.0000,0.0000,-0.0097,0.0097,0.0000,0.4500,2
32.98,3.25850,0.05806,0.09164,COLLECT,PICKUP_ACTIVE,0.0000,0.0000,-0.0097,-0.0087,0.0000,0.4500,2
33.00,3.25845,0.05805,0.09166,COLLECT,PICKUP_ACTIVE,0.0000,0.0000,-0.0097,-0.0087,0.0000,0.4500,2
33.02,3.25840,0.05805,0.09168,COLLECT,PICKUP_ACTIVE,0.0000,0.0000,-0.0097,-0.0087,0.0000,0.4500,2
33.04,3.25835,0.05805,0.09170,COLLECT,PICKUP_ACTIVE,0.0000,0.0000,0.0090,-0.0087,0.0000,0.4500,2
33.06,3.25830,0.05804,0.09170,COLLECT,PICKUP_ACTIVE,0.0000,0.0000,-0.0094,-0.0087,0.0000,0.4500,2
33.08,3.25825,0.05804,0.09169,COLLECT,PICKUP_ACTIVE,0.0000,0.0000,-0.0094,0.0100,0.0000,0.4500,2
33.10,3.25820,0.05803,0.09170,COLLECT,PICKUP_ACTIVE,0.0000,0.0000,-0.0094,-0.0084,0.0000,0.4500,2
33.12,3.25815,0.05803,0.09173,COLLECT,PICKUP_ACTIVE,0.0000,0.0000,-0.0094,-0.0084,0.0000,0.4500,2
33.14,3.25810,0.05802,0.09175,COLLECT,PICKUP_ACTIVE,0.0000,0.0000,-0.0094,-0.0084,0.0000,0.4500,2
33.16,3.25805,0.05802,0.09177,COLLECT,PICKUP_ACTIVE,0.0000,0.0000,0.0093,-0.0084,0.0000,0.4500,2
33.18,3.25800,0.05801,0.09177,COLLECT,PICKUP_ACTIVE,0.0000,0.0000,-0.0091,-0.0084,0.0000,0.4500,2
33.20,3.25795,0.05801,0.09176,COLLECT,PICKUP_ACTIVE,0.0000,0.0000,-0.0091,-0.0084,0.0000,0.4500,2
33.22,3.25790,0.05800,0.09175,COLLECT,PICKUP_ACTIVE,0.0000,0.0000,-0.0091,0.0103,0.0000,0.4500,2
33.24,3.25785,0.05800,0.09177,COLLECT,PICKUP_ACTIVE,0.0000,0.0000,-0.0091,-0.0081,0.0000,0.4500,2
33.26,3.25781,0.05800,0.09180,COLLECT,PICKUP_ACTIVE,0.0000,0.0000,-0.0091,-0.0081,0.0000,0.4500,2
33.28,3.25776,0.05799,0.09182,COLLECT,PICKUP_ACTIVE,0.0000,0.0000,0.0096,-0.0081,0.0000,0.4500,2
33.30,3.25771,0.05799,0.09182,COLLECT,PICKUP_ACTIVE,0.0000,0.0000,-0.0088,-0.0081,0.0000,0.4500,2
33.32,3.25767,0.05798,0.09182,COLLECT,PICKUP_ACTIVE,0.0000,0.0000,-0.0088,-0.0081,0.0000,0.4500,2
33.34,3.25762,0.05798,0.09181,COLLECT,PICKUP_ACTIVE,0.0000,0.0000,-0.0088,-0.0081,0.0000,0.4500,2
33.36,3.25757,0.05797,0.09181,COLLECT,PICKUP_ACTIVE,0.0000,0.0000,-0.0088,0.0106,0.0000,0.4500,2
33.38,3.25752,0.05797,0.09183,COLLECT,PICKUP_ACTIVE,0.0000,0.0000,-0.0088,-0.0078,0.0000,0.4500,2
33.40,3.25748,0.05796,0.09186,COLLECT,PICKUP_ACTIVE,0.0000,0.0000,0.0099,-0.0078,0.0000,0.4500,2
33.42,3.25743,0.05796,0.09186,COLLECT,PICKUP_ACTIVE,0.0000,0.0000,-0.0085,-0.0078,0.0000,0.4500,2
33.44,3.25739,0.05796,0.09186,COLLECT,PICKUP_ACTIVE,0.0000,0.0000,-0.0085,-0.0078,0.0000,0.4500,2
33.46,3.25735,0.05795,0.09186,COLLECT,PICKUP_ACTIVE,0.0000,0.0000,-0.0085,-0.0078,0.0000,0.4500,2
33.48,3.25730,0.05795,0.09186,COLLECT,PICKUP_ACTIVE,0.0000,0.0000,-0.0085,-0.0078,0.0000,0.4500,2
33.50,3.25725,0.05794,0.09186,COLLECT,PICKUP_ACTIVE,0.0000,0.0000,-0.0085,0.0109,0.0000,0.4500,2
33.52,3.25720,0.05794,0.09189,COLLECT,PICKUP_ACTIVE,0.0000,0.0000,0.0103,-0.0075,0.0000,0.4500,2
33.54,3.25717,0.05794,0.09189,COLLECT,PICKUP_ACTIVE,0.0000,0.0000,-0.0082,-0.0075,0.0000,0.4500,2
33.56,3.25713,0.05793,0.09190,COLLECT,PICKUP_ACTIVE,0.0000,0.0000,-0.0082,-0.0075,0.0000,0.4500,2
33.58,3.25708,0.05793,0.09190,COLLECT,PICKUP_ACTIVE,0.0000,0.0000,-0.0082,-0.0075,0.0000,0.4500,2
33.60,3.25704,0.05792,0.09190,COLLECT,PICKUP_ACTIVE,0.0000,0.0000,-0.0082,-0.0075,0.0000,0.4500,2
33.62,3.25699,0.05792,0.09190,COLLECT,PICKUP_ACTIVE,0.0000,0.0000,-0.0082,-0.0075,0.0000,0.4500,2
33.64,3.25695,0.05792,0.09191,COLLECT,PICKUP_ACTIVE,0.0000,0.0000,-0.0082,0.0112,0.0000,0.4500,2
33.66,3.25690,0.05791,0.09194,COLLECT,PICKUP_ACTIVE,0.0000,0.0000,0.0106,-0.0072,0.0000,0.4500,2
33.68,3.25687,0.05791,0.09195,COLLECT,PICKUP_ACTIVE,0.0000,0.0000,-0.0078,-0.0072,0.0000,0.4500,2
33.70,3.25683,0.05791,0.09195,COLLECT,PICKUP_ACTIVE,0.0000,0.0000,-0.0078,-0.0072,0.0000,0.4500,2
33.72,3.25679,0.05790,0.09196,COLLECT,PICKUP_ACTIVE,0.0000,0.0000,-0.0078,-0.0072,0.0000,0.4500,2
33.74,3.25675,0.05790,0.09196,COLLECT,PICKUP_ACTIVE,0.0000,0.0000,-0.0078,-0.0072,0.0000,0.4500,2
33.76,3.25670,0.05789,0.09197,COLLECT,PICKUP_ACTIVE,0.0000,0.0000,-0.0078,-0.0072,0.0000,0.4500,2
33.78,3.25666,0.05789,0.09197,COLLECT,PICKUP_ACTIVE,0.0000,0.0000,-0.0078,-0.0072,0.0000,0.4500,2
33.80,3.25661,0.05788,0.09198,COLLECT,PICKUP_ACTIVE,0.0000,0.0000,0.0109,0.0115,0.0000,0.4500,2
33.82,3.25657,0.05788,0.09199,COLLECT,PICKUP_ACTIVE,0.0000,0.0000,-0.0075,-0.0069,0.0000,0.4500,2
33.84,3.25654,0.05788,0.09199,COLLECT,PICKUP_ACTIVE,0.0000,0.0000,-0.0075,-0.0069,0.0000,0.4500,2
33.86,3.25650,0.05787,0.09200,COLLECT,PICKUP_ACTIVE,0.0000,0.0000,-0.0075,-0.0069,0.0000,0.4500,2
33.88,3.25646,0.05787,0.09201,COLLECT,PICKUP_ACTIVE,0.0000,0.0000,-0.0075,-0.0069,0.0000,0.4500,2
33.90,3.25642,0.05787,0.09202,COLLECT,PICKUP_ACTIVE,0.0000,0.0000,-0.0075,-0.0069,0.0000,0.4500,2
33.92,3.25638,0.05786,0.09203,COLLECT,PICKUP_ACTIVE,0.0000,0.0000,-0.0075,-0.0069,0.0000,0.4500,2
33.94,3.25633,0.05786,0.09203,COLLECT,PICKUP_ACTIVE,0.0000,0.0000,-0.0075,0.0118,0.0000,0.4500,2
33.96,3.25629,0.05786,0.09207,COLLECT,PICKUP_ACTIVE,0.0000,0.0000,0.0112,-0.0066,0.0000,0.4500,2
33.98,3.25626,0.05785,0.09208,COLLECT,PICKUP_ACTIVE,0.0000,0.0000,-0.0072,-0.0066,0.0000,0.4500,2
34.00,3.25622,0.05785,0.09209,COLLECT,PICKUP_ACTIVE,0.0000,0.0000,-0.0072,-0.0066,0.0000,0.4500,2
34.02,3.25619,0.05785,0.09210,COLLECT,PICKUP_ACTIVE,0.0000,0.0000,-0.0072,-0.0066,0.0000,0.4500,2
34.04,3.25615,0.05784,0.09210,COLLECT,PICKUP_ACTIVE,0.0000,0.0000,-0.0072,-0.0066,0.0000,0.4500,2
34.06,3.25611,0.05784,0.09211,COLLECT,PICKUP_ACTIVE,0.0000,0.0000,-0.0072,-0.0066,0.0000,0.4500,2
34.08,3.25607,0.05783,0.09212,COLLECT,PICKUP_ACTIVE,0.0000,0.0000,-0.0072,-0.0066,0.0000,0.4500,2
34.10,3.25602,0.05783,0.09213,COLLECT,PICKUP_ACTIVE,0.0000,0.0000,0.0115,-0.0066,0.0000,0.4500,2
34.12,3.25598,0.05783,0.09211,COLLECT,PICKUP_ACTIVE,0.0000,0.0000,-0.0069,0.0121,0.0000,0.4500,2
34.14,3.25595,0.05782,0.09211,COLLECT,PICKUP_ACTIVE,0.0000,0.0000,-0.0069,-0.0063,0.0000,0.4500,2
34.16,3.25592,0.05782,0.09213,COLLECT,PICKUP_ACTIVE,0.0000,0.0000,-0.0069,-0.0063,0.0000,0.4500,2
34.18,3.25589,0.05782,0.09214,COLLECT,PICKUP_ACTIVE,0.0000,0.0000,-0.0069,-0.0063,0.0000,0.4500,2
34.20,3.25585,0.05781,0.09215,COLLECT,PICKUP_ACTIVE,0.0000,0.0000,-0.0069,-0.0063,0.0000,0.4500,2
34.22,3.25581,0.05781,0.09216,COLLECT,PICKUP_ACTIVE,0.0000,0.0000,-0.0069,-0.0063,0.0000,0.4500,2
34.24,3.25577,0.05781,0.09217,COLLECT,PICKUP_ACTIVE,0.0000,0.0000,-0.0069,-0.0063,0.0000,0.4500,2
34.26,3.25573,0.05780,0.09218,COLLECT,PICKUP_ACTIVE,0.0000,0.0000,0.0118,-0.0063,0.0000,0.4500,2
34.28,3.25569,0.05780,0.09217,COLLECT,PICKUP_ACTIVE,0.0000,0.0000,-0.0066,-0.0063,0.0000,0.4500,2
34.30,3.25566,0.05780,0.09215,COLLECT,PICKUP_ACTIVE,0.0000,0.0000,-0.0066,0.0124,0.0000,0.4500,2
34.32,3.25563,0.05779,0.09216,COLLECT,PICKUP_ACTIVE,0.0000,0.0000,-0.0066,-0.0060,0.0000,0.4500,2
34.34,3.25560,0.05779,0.09217,COLLECT,PICKUP_ACTIVE,0.0000,0.0000,-0.0066,-0.0060,0.0000,0.4500,2
34.36,3.25556,0.05779,0.09219,COLLECT,PICKUP_ACTIVE,0.0000,0.0000,-0.0066,-0.0060,0.0000,0.4500,2
34.38,3.25553,0.05778,0.09220,COLLECT,PICKUP_ACTIVE,0.0000,0.0000,-0.0066,-0.0060,0.0000,0.4500,2
34.40,3.25549,0.05778,0.09222,COLLECT,PICKUP_ACTIVE,0.0000,0.0000,-0.0066,-0.0060,0.0000,0.4500,2
34.42,3.25545,0.05778,0.09223,COLLECT,PICKUP_ACTIVE,0.0000,0.0000,0.0121,-0.0060,0.0000,0.4500,2
34.44,3.25542,0.05777,0.09222,COLLECT,PICKUP_ACTIVE,0.0000,0.0000,-0.0063,-0.0060,0.0000,0.4500,2
34.46,3.25538,0.05777,0.09221,COLLECT,PICKUP_ACTIVE,0.0000,0.0000,-0.0063,-0.0060,0.0000,0.4500,2
34.48,3.25535,0.05777,0.09219,COLLECT,PICKUP_ACTIVE,0.0000,0.0000,-0.0063,0.0128,0.0000,0.4500,2
34.50,3.25532,0.05777,0.09220,COLLECT,PICKUP_ACTIVE,0.0000,0.0000,-0.0063,-0.0057,0.0000,0.4500,2
34.52,3.25529,0.05776,0.09222,COLLECT,PICKUP_ACTIVE,0.0000,0.0000,-0.0063,-0.0057,0.0000,0.4500,2
34.54,3.25526,0.05776,0.09224,COLLECT,PICKUP_ACTIVE,0.0000,0.0000,-0.0063,-0.0057,0.0000,0.4500,2
34.56,3.25522,0.05776,0.09226,COLLECT,PICKUP_ACTIVE,0.0000,0.0000,-0.0063,-0.0057,0.0000,0.4500,2
34.58,3.25519,0.05775,0.09228,AUTO,PICKUP_CONFIRMED,0.0000,0.0000,0.0000,0.0000,0.0000,0.0000,3
34.60,3.25519,0.05775,0.09228,AUTO,HAZARD_VISION_STOP,0.0000,0.0000,0.0000,0.0000,0.0000,0.0000,3
34.62,3.25519,0.05775,0.09228,AUTO,HAZARD_VISION_STOP,0.0000,0.0000,0.0000,0.0000,0.0000,0.0000,3
34.64,3.25519,0.05775,0.09228,AUTO,HAZARD_VISION_STOP,0.0000,0.0000,0.0000,0.0000,0.0000,0.0000,3
34.66,3.25519,0.05775,0.09228,AUTO,HAZARD_VISION_STOP,0.0000,0.0000,0.0000,0.0000,0.0000,0.0000,3
34.68,3.25519,0.05775,0.09228,AUTO,HAZARD_VISION_STOP,0.0000,0.0000,0.0000,0.0000,0.0000,0.0000,3
34.70,3.25519,0.05775,0.09228,AUTO,HAZARD_VISION_STOP,0.0000,0.0000,0.0000,0.0000,0.0000,0.0000,3
34.72,3.25519,0.05775,0.09228,AUTO,HAZARD_VISION_STOP,0.0000,0.0000,0.0000,0.0000,0.0000,0.0000,3
34.74,3.25519,0.05775,0.09228,AUTO,HAZARD_VISION_STOP,0.0000,0.0000,0.0000,0.0000,0.0000,0.0000,3
34.76,3.25519,0.05775,0.09228,AUTO,HAZARD_VISION_STOP,0.0000,0.0000,0.0000,0.0000,0.0000,0.0000,3
34.78,3.25519,0.05775,0.09228,AUTO,HAZARD_VISION_STOP,0.0000,0.0000,0.0000,0.0000,0.0000,0.0000,3
34.80,3.25519,0.05775,0.09228,AUTO,HAZARD_VISION_STOP,0.0000,0.0000,0.0000,0.0000,0.0000,0.0000,3
34.82,3.25519,0.05775,0.09228,AUTO,HAZARD_VISION_STOP,0.0000,0.0000,0.0000,0.0000,0.0000,0.0000,3
34.84,3.25519,0.05775,0.09228,AUTO,HAZARD_VISION_STOP,0.0000,0.0000,0.0000,0.0000,0.0000,0.0000,3
34.86,3.25519,0.05775,0.09228,AUTO,HAZARD_VISION_STOP,0.0000,0.0000,0.0000,0.0000,0.0000,0.0000,3
34.88,3.25519,0.05775,0.09228,AUTO,HAZARD_VISION_STOP,0.0000,0.0000,0.0000,0.0000,0.0000,0.0000,3
34.90,3.25519,0.05775,0.09228,AUTO,HAZARD_VISION_STOP,0.0000,0.0000,0.0000,0.0000,0.0000,0.0000,3
34.92,3.25519,0.05775,0.09228,AUTO,HAZARD_VISION_STOP,0.0000,0.0000,0.0000,0.0000,0.0000,0.0000,3
34.94,3.25519,0.05775,0.09228,AUTO,HAZARD_VISION_STOP,0.0000,0.0000,0.0000,0.0000,0.0000,0.0000,3
34.96,3.25519,0.05775,0.09228,AUTO,HAZARD_VISION_STOP,0.0000,0.0000,0.0000,0.0000,0.0000,0.0000,3
34.98,3.25519,0.05775,0.09228,AUTO,HAZARD_VISION_STOP,0.0000,0.0000,0.0000,0.0000,0.0000,0.0000,3
35.00,3.25519,0.05775,0.09228,AUTO,HAZARD_VISION_STOP,0.0000,0.0000,0.0000,0.0000,0.0000,0.0000,3
35.02,3.25519,0.05775,0.09228,AUTO,HAZARD_VISION_STOP,0.0000,0.0000,0.0000,0.0000,0.0000,0.0000,3
35.04,3.25519,0.05775,0.09228,AUTO,HAZARD_VISION_STOP,0.0000,0.0000,0.0000,0.0000,0.0000,0.0000,3
35.06,3.25519,0.05775,0.09228,AUTO,HAZARD_VISION_STOP,0.0000,0.0000,0.0000,0.0000,0.0000,0.0000,3
35.08,3.25519,0.05775,0.09228,AUTO,HAZARD_VISION_STOP,0.0000,0.0000,0.0000,0.0000,0.0000,0.0000,3
35.10,3.25519,0.05775,0.09228,AUTO,HAZARD_VISION_STOP,0.0000,0.0000,0.0000,0.0000,0.0000,0.0000,3
35.12,3.25519,0.05775,0.09228,AUTO,HAZARD_VISION_STOP,0.0000,0.0000,0.0000,0.0000,0.0000,0.0000,3
35.14,3.25519,0.05775,0.09228,AUTO,HAZARD_VISION_STOP,0.0000,0.0000,0.0000,0.0000,0.0000,0.0000,3
35.16,3.25519,0.05775,0.09228,AUTO,HAZARD_VISION_STOP,0.0000,0.0000,0.0000,0.0000,0.0000,0.0000,3
35.18,3.25519,0.05775,0.09228,AUTO,HAZARD_VISION_STOP,0.0000,0.0000,0.0000,0.0000,0.0000,0.0000,3
35.20,3.25519,0.05775,0.09228,AUTO,HAZARD_VISION_STOP,0.0000,0.0000,0.0000,0.0000,0.0000,0.0000,3
35.22,3.25519,0.05775,0.09228,AUTO,HAZARD_VISION_STOP,0.0000,0.0000,0.0000,0.0000,0.0000,0.0000,3
35.24,3.25519,0.05775,0.09228,AUTO,HAZARD_VISION_STOP,0.0000,0.0000,0.0000,0.0000,0.0000,0.0000,3
35.26,3.25519,0.05775,0.09228,AUTO,HAZARD_VISION_STOP,0.0000,0.0000,0.0000,0.0000,0.0000,0.0000,3
35.28,3.25519,0.05775,0.09228,AUTO,HAZARD_VISION_STOP,0.0000,0.0000,0.0000,0.0000,0.0000,0.0000,3
35.30,3.25519,0.05775,0.09228,AUTO,HAZARD_VISION_STOP,0.0000,0.0000,0.0000,0.0000,0.0000,0.0000,3
35.32,3.25519,0.05775,0.09228,AUTO,HAZARD_VISION_STOP,0.0000,0.0000,0.0000,0.0000,0.0000,0.0000,3
35.34,3.25519,0.05775,0.09228,AUTO,HAZARD_VISION_STOP,0.0000,0.0000,0.0000,0.0000,0.0000,0.0000,3
35.36,3.25519,0.05775,0.09228,AUTO,HAZARD_VISION_STOP,0.0000,0.0000,0.0000,0.0000,0.0000,0.0000,3
35.38,3.25519,0.05775,0.09228,AUTO,HAZARD_VISION_STOP,0.0000,0.0000,0.0000,0.0000,0.0000,0.0000,3
35.40,3.25519,0.05775,0.09228,AUTO,HAZARD_VISION_STOP,0.0000,0.0000,0.0000,0.0000,0.0000,0.0000,3
35.42,3.25519,0.05775,0.09228,AUTO,HAZARD_VISION_STOP,0.0000,0.0000,0.0000,0.0000,0.0000,0.0000,3
35.44,3.25519,0.05775,0.09228,AUTO,HAZARD_VISION_STOP,0.0000,0.0000,0.0000,0.0000,0.0000,0.0000,3
35.46,3.25519,0.05775,0.09228,AUTO,HAZARD_VISION_STOP,0.0000,0.0000,0.0000,0.0000,0.0000,0.0000,3
35.48,3.25519,0.05775,0.09228,AUTO,HAZARD_VISION_STOP,0.0000,0.0000,0.0000,0.0000,0.0000,0.0000,3
35.50,3.25519,0.05775,0.09228,AUTO,HAZARD_VISION_STOP,0.0000,0.0000,0.0000,0.0000,0.0000,0.0000,3
35.52,3.25519,0.05775,0.09228,AUTO,HAZARD_VISION_STOP,0.0000,0.0000,0.0000,0.0000,0.0000,0.0000,3
35.54,3.25519,0.05775,0.09228,AUTO,HAZARD_VISION_STOP,0.0000,0.0000,0.0000,0.0000,0.0000,0.0000,3
35.56,3.25519,0.05775,0.09228,AUTO,HAZARD_VISION_STOP,0.0000,0.0000,0.0000,0.0000,0.0000,0.0000,3
35.58,3.25519,0.05775,0.09228,AUTO,HAZARD_VISION_STOP,0.0000,0.0000,0.0000,0.0000,0.0000,0.0000,3
35.60,3.25519,0.05775,0.09228,AUTO,HAZARD_VISION_STOP,0.0000,0.0000,0.0000,0.0000,0.0000,0.0000,3
35.62,3.25519,0.05775,0.09228,AUTO,HAZARD_VISION_STOP,0.0000,0.0000,0.0000,0.0000,0.0000,0.0000,3
35.64,3.25519,0.05775,0.09228,AUTO,HAZARD_VISION_STOP,0.0000,0.0000,0.0000,0.0000,0.0000,0.0000,3
35.66,3.25519,0.05775,0.09228,AUTO,HAZARD_VISION_STOP,0.0000,0.0000,0.0000,0.0000,0.0000,0.0000,3
35.68,3.25519,0.05775,0.09228,AUTO,HAZARD_VISION_STOP,0.0000,0.0000,0.0000,0.0000,0.0000,0.0000,3
35.70,3.25519,0.05775,0.09228,AUTO,HAZARD_VISION_STOP,0.0000,0.0000,0.0000,0.0000,0.0000,0.0000,3
35.72,3.25519,0.05775,0.09228,AUTO,HAZARD_VISION_STOP,0.0000,0.0000,0.0000,0.0000,0.0000,0.0000,3
35.74,3.25519,0.05775,0.09228,AUTO,HAZARD_VISION_STOP,0.0000,0.0000,0.0000,0.0000,0.0000,0.0000,3
35.76,3.25519,0.05775,0.09228,AUTO,HAZARD_VISION_STOP,0.0000,0.0000,0.0000,0.0000,0.0000,0.0000,3
35.78,3.25519,0.05775,0.09228,AUTO,HAZARD_VISION_STOP,0.0000,0.0000,0.0000,0.0000,0.0000,0.0000,3
35.80,3.25519,0.05775,0.09228,AUTO,HAZARD_VISION_STOP,0.0000,0.0000,0.0000,0.0000,0.0000,0.0000,3
35.82,3.25519,0.05775,0.09228,AUTO,HAZARD_VISION_STOP,0.0000,0.0000,0.0000,0.0000,0.0000,0.0000,3
35.84,3.25519,0.05775,0.09228,AUTO,HAZARD_VISION_STOP,0.0000,0.0000,0.0000,0.0000,0.0000,0.0000,3
35.86,3.25519,0.05775,0.09228,AUTO,HAZARD_VISION_STOP,0.0000,0.0000,0.0000,0.0000,0.0000,0.0000,3
35.88,3.25519,0.05775,0.09228,AUTO,HAZARD_VISION_STOP,0.0000,0.0000,0.0000,0.0000,0.0000,0.0000,3
35.90,3.25519,0.05775,0.09228,AUTO,HAZARD_VISION_STOP,0.0000,0.0000,0.0000,0.0000,0.0000,0.0000,3
35.92,3.25519,0.05775,0.09228,AUTO,HAZARD_VISION_STOP,0.0000,0.0000,0.0000,0.0000,0.0000,0.0000,3
35.94,3.25519,0.05775,0.09228,AUTO,HAZARD_VISION_STOP,0.0000,0.0000,0.0000,0.0000,0.0000,0.0000,3
35.96,3.25519,0.05775,0.09228,AUTO,HAZARD_VISION_STOP,0.0000,0.0000,0.0000,0.0000,0.0000,0.0000,3
35.98,3.25519,0.05775,0.09228,AUTO,HAZARD_VISION_STOP,0.0000,0.0000,0.0000,0.0000,0.0000,0.0000,3
36.00,3.25519,0.05775,0.09228,AUTO,HAZARD_VISION_STOP,0.0000,0.0000,0.0000,0.0000,0.0000,0.0000,3
36.02,3.25519,0.05775,0.09228,AUTO,HAZARD_VISION_STOP,0.0000,0.0000,0.0000,0.0000,0.0000,0.0000,3
36.04,3.25519,0.05775,0.09228,AUTO,HAZARD_VISION_STOP,0.0000,0.0000,0.0000,0.0000,0.0000,0.0000,3
36.06,3.25519,0.05775,0.09228,AUTO,HAZARD_VISION_STOP,0.0000,0.0000,0.0000,0.0000,0.0000,0.0000,3
36.08,3.25519,0.05775,0.09228,AUTO,HAZARD_VISION_STOP,0.0000,0.0000,0.0000,0.0000,0.0000,0.0000,3
36.10,3.25519,0.05775,0.09228,AUTO,HAZARD_VISION_STOP,0.0000,0.0000,0.0000,0.0000,0.0000,0.0000,3
36.12,3.25519,0.05775,0.09228,AUTO,HAZARD_VISION_STOP,0.0000,0.0000,0.0000,0.0000,0.0000,0.0000,3
36.14,3.25519,0.05775,0.09228,AUTO,HAZARD_VISION_STOP,0.0000,0.0000,0.0000,0.0000,0.0000,0.0000,3
36.16,3.25519,0.05775,0.09228,AUTO,HAZARD_VISION_STOP,0.0000,0.0000,0.0000,0.0000,0.0000,0.0000,3
36.18,3.25519,0.05775,0.09228,AUTO,HAZARD_VISION_STOP,0.0000,0.0000,0.0000,0.0000,0.0000,0.0000,3
36.20,3.25519,0.05775,0.09228,AUTO,HAZARD_VISION_STOP,0.0000,0.0000,0.0000,0.0000,0.0000,0.0000,3
36.22,3.25519,0.05775,0.09228,AUTO,HAZARD_VISION_STOP,0.0000,0.0000,0.0000,0.0000,0.0000,0.0000,3
36.24,3.25519,0.05775,0.09228,AUTO,HAZARD_VISION_STOP,0.0000,0.0000,0.0000,0.0000,0.0000,0.0000,3
36.26,3.25519,0.05775,0.09228,AUTO,HAZARD_VISION_STOP,0.0000,0.0000,0.0000,0.0000,0.0000,0.0000,3
36.28,3.25519,0.05775,0.09228,AUTO,HAZARD_VISION_STOP,0.0000,0.0000,0.0000,0.0000,0.0000,0.0000,3
36.30,3.25519,0.05775,0.09228,AUTO,HAZARD_VISION_STOP,0.0000,0.0000,0.0000,0.0000,0.0000,0.0000,3
36.32,3.25519,0.05775,0.09228,AUTO,HAZARD_VISION_STOP,0.0000,0.0000,0.0000,0.0000,0.0000,0.0000,3
36.34,3.25519,0.05775,0.09228,AUTO,HAZARD_VISION_STOP,0.0000,0.0000,0.0000,0.0000,0.0000,0.0000,3
36.36,3.25519,0.05775,0.09228,AUTO,HAZARD_VISION_STOP,0.0000,0.0000,0.0000,0.0000,0.0000,0.0000,3
36.38,3.25519,0.05775,0.09228,AUTO,HAZARD_VISION_STOP,0.0000,0.0000,0.0000,0.0000,0.0000,0.0000,3
36.40,3.25519,0.05775,0.09228,AUTO,HAZARD_VISION_STOP,0.0000,0.0000,0.0000,0.0000,0.0000,0.0000,3
36.42,3.25519,0.05775,0.09228,AUTO,HAZARD_VISION_STOP,0.0000,0.0000,0.0000,0.0000,0.0000,0.0000,3
36.44,3.25519,0.05775,0.09228,AUTO,HAZARD_VISION_STOP,0.0000,0.0000,0.0000,0.0000,0.0000,0.0000,3
36.46,3.25519,0.05775,0.09228,AUTO,HAZARD_VISION_STOP,0.0000,0.0000,0.0000,0.0000,0.0000,0.0000,3
36.48,3.25519,0.05775,0.09228,AUTO,HAZARD_VISION_STOP,0.0000,0.0000,0.0000,0.0000,0.0000,0.0000,3
36.50,3.25519,0.05775,0.09228,AUTO,HAZARD_VISION_STOP,0.0000,0.0000,0.0000,0.0000,0.0000,0.0000,3
36.52,3.25519,0.05775,0.09228,AUTO,HAZARD_VISION_STOP,0.0000,0.0000,0.0000,0.0000,0.0000,0.0000,3
36.54,3.25519,0.05775,0.09228,AUTO,HAZARD_VISION_STOP,0.0000,0.0000,0.0000,0.0000,0.0000,0.0000,3
36.56,3.25519,0.05775,0.09228,AUTO,HAZARD_VISION_STOP,0.0000,0.0000,0.0000,0.0000,0.0000,0.0000,3
36.58,3.25519,0.05775,0.09228,AUTO,HAZARD_VISION_STOP,0.0000,0.0000,0.0000,0.0000,0.0000,0.0000,3
36.60,3.25519,0.05775,0.09228,AUTO,HAZARD_VISION_STOP,0.0000,0.0000,0.0000,0.0000,0.0000,0.0000,3
36.62,3.25519,0.05775,0.09228,AUTO,HAZARD_VISION_STOP,0.0000,0.0000,0.0000,0.0000,0.0000,0.0000,3
36.64,3.25519,0.05775,0.09228,AUTO,HAZARD_VISION_STOP,0.0000,0.0000,0.0000,0.0000,0.0000,0.0000,3
36.66,3.25519,0.05775,0.09228,AUTO,HAZARD_VISION_STOP,0.0000,0.0000,0.0000,0.0000,0.0000,0.0000,3
36.68,3.25519,0.05775,0.09228,AUTO,HAZARD_VISION_STOP,0.0000,0.0000,0.0000,0.0000,0.0000,0.0000,3
36.70,3.25519,0.05775,0.09228,AUTO,HAZARD_VISION_STOP,0.0000,0.0000,0.0000,0.0000,0.0000,0.0000,3
36.72,3.25519,0.05775,0.09228,AUTO,HAZARD_VISION_STOP,0.0000,0.0000,0.0000,0.0000,0.0000,0.0000,3
36.74,3.25519,0.05775,0.09228,AUTO,HAZARD_VISION_STOP,0.0000,0.0000,0.0000,0.0000,0.0000,0.0000,3
36.76,3.25519,0.05775,0.09228,AUTO,HAZARD_VISION_STOP,0.0000,0.0000,0.0000,0.0000,0.0000,0.0000,3
36.78,3.25519,0.05775,0.09228,AUTO,HAZARD_VISION_STOP,0.0000,0.0000,0.0000,0.0000,0.0000,0.0000,3
36.80,3.25519,0.05775,0.09228,AUTO,HAZARD_VISION_STOP,0.0000,0.0000,0.0000,0.0000,0.0000,0.0000,3
36.82,3.25519,0.05775,0.09228,AUTO,HAZARD_VISION_STOP,0.0000,0.0000,0.0000,0.0000,0.0000,0.0000,3
36.84,3.25519,0.05775,0.09228,AUTO,HAZARD_VISION_STOP,0.0000,0.0000,0.0000,0.0000,0.0000,0.0000,3
36.86,3.25519,0.05775,0.09228,AUTO,HAZARD_VISION_STOP,0.0000,0.0000,0.0000,0.0000,0.0000,0.0000,3
36.88,3.25519,0.05775,0.09228,AUTO,HAZARD_VISION_STOP,0.0000,0.0000,0.0000,0.0000,0.0000,0.0000,3
36.90,3.25519,0.05775,0.09228,AUTO,HAZARD_VISION_STOP,0.0000,0.0000,0.0000,0.0000,0.0000,0.0000,3
36.92,3.25519,0.05775,0.09228,AUTO,HAZARD_VISION_STOP,0.0000,0.0000,0.0000,0.0000,0.0000,0.0000,3
36.94,3.25519,0.05775,0.09228,AUTO,HAZARD_VISION_STOP,0.0000,0.0000,0.0000,0.0000,0.0000,0.0000,3
36.96,3.25519,0.05775,0.09228,AUTO,HAZARD_VISION_STOP,0.0000,0.0000,0.0000,0.0000,0.0000,0.0000,3
36.98,3.25519,0.05775,0.09228,AUTO,HAZARD_VISION_STOP,0.0000,0.0000,0.0000,0.0000,0.0000,0.0000,3
37.00,3.25519,0.05775,0.09228,AUTO,HAZARD_VISION_STOP,0.0000,0.0000,0.0000,0.0000,0.0000,0.0000,3
37.02,3.25519,0.05775,0.09228,AUTO,HAZARD_VISION_STOP,0.0000,0.0000,0.0000,0.0000,0.0000,0.0000,3
37.04,3.25519,0.05775,0.09228,AUTO,HAZARD_VISION_STOP,0.0000,0.0000,0.0000,0.0000,0.0000,0.0000,3
37.06,3.25519,0.05775,0.09228,AUTO,HAZARD_VISION_STOP,0.0000,0.0000,0.0000,0.0000,0.0000,0.0000,3
37.08,3.25519,0.05775,0.09228,AUTO,HAZARD_VISION_STOP,0.0000,0.0000,0.0000,0.0000,0.0000,0.0000,3
37.10,3.25519,0.05775,0.09228,AUTO,HAZARD_VISION_STOP,0.0000,0.0000,0.0000,0.0000,0.0000,0.0000,3
37.12,3.25519,0.05775,0.09228,AUTO,HAZARD_VISION_STOP,0.0000,0.0000,0.0000,0.0000,0.0000,0.0000,3
37.14,3.25519,0.05775,0.09228,AUTO,HAZARD_VISION_STOP,0.0000,0.0000,0.0000,0.0000,0.0000,0.0000,3
37.16,3.25519,0.05775,0.09228,AUTO,HAZARD_VISION_STOP,0.0000,0.0000,0.0000,0.0000,0.0000,0.0000,3
37.18,3.25519,0.05775,0.09228,AUTO,HAZARD_VISION_STOP,0.0000,0.0000,0.0000,0.0000,0.0000,0.0000,3
37.20,3.25519,0.05775,0.09228,AUTO,HAZARD_VISION_STOP,0.0000,0.0000,0.0000,0.0000,0.0000,0.0000,3
37.22,3.25519,0.05775,0.09228,AUTO,HAZARD_VISION_STOP,0.0000,0.0000,0.0000,0.0000,0.0000,0.0000,3
37.24,3.25519,0.05775,0.09228,AUTO,HAZARD_VISION_STOP,0.0000,0.0000,0.0000,0.0000,0.0000,0.0000,3
37.26,3.25519,0.05775,0.09228,AUTO,HAZARD_VISION_STOP,0.0000,0.0000,0.0000,0.0000,0.0000,0.0000,3
37.28,3.25519,0.05775,0.09228,AUTO,HAZARD_VISION_STOP,0.0000,0.0000,0.0000,0.0000,0.0000,0.0000,3
37.30,3.25519,0.05775,0.09228,AUTO,HAZARD_VISION_STOP,0.0000,0.0000,0.0000,0.0000,0.0000,0.0000,3
37.32,3.25519,0.05775,0.09228,AUTO,HAZARD_VISION_STOP,0.0000,0.0000,0.0000,0.0000,0.0000,0.0000,3
37.34,3.25519,0.05775,0.09228,AUTO,HAZARD_VISION_STOP,0.0000,0.0000,0.0000,0.0000,0.0000,0.0000,3
37.36,3.25519,0.05775,0.09228,AUTO,HAZARD_VISION_STOP,0.0000,0.0000,0.0000,0.0000,0.0000,0.0000,3
37.38,3.25519,0.05775,0.09228,AUTO,HAZARD_VISION_STOP,0.0000,0.0000,0.0000,0.0000,0.0000,0.0000,3
37.40,3.25519,0.05775,0.09228,AUTO,HAZARD_VISION_STOP,0.0000,0.0000,0.0000,0.0000,0.0000,0.0000,3
37.42,3.25519,0.05775,0.09228,AUTO,HAZARD_VISION_STOP,0.0000,0.0000,0.0000,0.0000,0.0000,0.0000,3
37.44,3.25519,0.05775,0.09228,AUTO,HAZARD_VISION_STOP,0.0000,0.0000,0.0000,0.0000,0.0000,0.0000,3
37.46,3.25519,0.05775,0.09228,AUTO,HAZARD_VISION_STOP,0.0000,0.0000,0.0000,0.0000,0.0000,0.0000,3
37.48,3.25519,0.05775,0.09228,AUTO,HAZARD_VISION_STOP,0.0000,0.0000,0.0000,0.0000,0.0000,0.0000,3
37.50,3.25519,0.05775,0.09228,AUTO,HAZARD_VISION_STOP,0.0000,0.0000,0.0000,0.0000,0.0000,0.0000,3
37.52,3.25519,0.05775,0.09228,AUTO,HAZARD_VISION_STOP,0.0000,0.0000,0.0000,0.0000,0.0000,0.0000,3
37.54,3.25519,0.05775,0.09228,AUTO,HAZARD_VISION_STOP,0.0000,0.0000,0.0000,0.0000,0.0000,0.0000,3
37.56,3.25519,0.05775,0.09228,AUTO,HAZARD_VISION_STOP,0.0000,0.0000,0.0000,0.0000,0.0000,0.0000,3
37.58,3.25519,0.05775,0.09228,AUTO,HAZARD_VISION_STOP,0.0000,0.0000,0.0000,0.0000,0.0000,0.0000,3
37.60,3.25519,0.05775,0.09228,AUTO,HAZARD_VISION_STOP,0.0000,0.0000,0.0000,0.0000,0.0000,0.0000,3
37.62,3.25519,0.05775,0.09228,AUTO,HAZARD_VISION_STOP,0.0000,0.0000,0.0000,0.0000,0.0000,0.0000,3
37.64,3.25519,0.05775,0.09228,AUTO,HAZARD_VISION_STOP,0.0000,0.0000,0.0000,0.0000,0.0000,0.0000,3
37.66,3.25519,0.05775,0.09228,AUTO,HAZARD_VISION_STOP,0.0000,0.0000,0.0000,0.0000,0.0000,0.0000,3
37.68,3.25519,0.05775,0.09228,AUTO,HAZARD_VISION_STOP,0.0000,0.0000,0.0000,0.0000,0.0000,0.0000,3
37.70,3.25519,0.05775,0.09228,AUTO,HAZARD_VISION_STOP,0.0000,0.0000,0.0000,0.0000,0.0000,0.0000,3
37.72,3.25519,0.05775,0.09228,AUTO,HAZARD_VISION_STOP,0.0000,0.0000,0.0000,0.0000,0.0000,0.0000,3
37.74,3.25519,0.05775,0.09228,AUTO,HAZARD_VISION_STOP,0.0000,0.0000,0.0000,0.0000,0.0000,0.0000,3
37.76,3.25519,0.05775,0.09228,AUTO,HAZARD_VISION_STOP,0.0000,0.0000,0.0000,0.0000,0.0000,0.0000,3
37.78,3.25519,0.05775,0.09228,AUTO,HAZARD_VISION_STOP,0.0000,0.0000,0.0000,0.0000,0.0000,0.0000,3
37.80,3.25519,0.05775,0.09228,AUTO,HAZARD_VISION_STOP,0.0000,0.0000,0.0000,0.0000,0.0000,0.0000,3
37.82,3.25519,0.05775,0.09228,AUTO,HAZARD_VISION_STOP,0.0000,0.0000,0.0000,0.0000,0.0000,0.0000,3
37.84,3.25519,0.05775,0.09228,AUTO,HAZARD_VISION_STOP,0.0000,0.0000,0.0000,0.0000,0.0000,0.0000,3
37.86,3.25519,0.05775,0.09228,AUTO,HAZARD_VISION_STOP,0.0000,0.0000,0.0000,0.0000,0.0000,0.0000,3
37.88,3.25519,0.05775,0.09228,AUTO,HAZARD_VISION_STOP,0.0000,0.0000,0.0000,0.0000,0.0000,0.0000,3
37.90,3.25519,0.05775,0.09228,AUTO,HAZARD_VISION_STOP,0.0000,0.0000,0.0000,0.0000,0.0000,0.0000,3
37.92,3.25519,0.05775,0.09228,AUTO,HAZARD_VISION_STOP,0.0000,0.0000,0.0000,0.0000,0.0000,0.0000,3
37.94,3.25519,0.05775,0.09228,AUTO,HAZARD_VISION_STOP,0.0000,0.0000,0.0000,0.0000,0.0000,0.0000,3
37.96,3.25519,0.05775,0.09228,AUTO,HAZARD_VISION_STOP,0.0000,0.0000,0.0000,0.0000,0.0000,0.0000,3
37.98,3.25519,0.05775,0.09228,AUTO,HAZARD_VISION_STOP,0.0000,0.0000,0.0000,0.0000,0.0000,0.0000,3
38.00,3.25519,0.05775,0.09228,AUTO,HAZARD_VISION_STOP,0.0000,0.0000,0.0000,0.0000,0.0000,0.0000,3
38.02,3.25519,0.05775,0.09228,AUTO,HAZARD_VISION_STOP,0.0000,0.0000,0.0000,0.0000,0.0000,0.0000,3
38.04,3.25519,0.05775,0.09228,AUTO,HAZARD_VISION_STOP,0.0000,0.0000,0.0000,0.0000,0.0000,0.0000,3
38.06,3.25519,0.05775,0.09228,AUTO,HAZARD_VISION_STOP,0.0000,0.0000,0.0000,0.0000,0.0000,0.0000,3
38.08,3.25519,0.05775,0.09228,AUTO,HAZARD_VISION_STOP,0.0000,0.0000,0.0000,0.0000,0.0000,0.0000,3
38.10,3.25519,0.05775,0.09228,AUTO,HAZARD_VISION_STOP,0.0000,0.0000,0.0000,0.0000,0.0000,0.0000,3
38.12,3.25519,0.05775,0.09228,AUTO,HAZARD_VISION_STOP,0.0000,0.0000,0.0000,0.0000,0.0000,0.0000,3
38.14,3.25519,0.05775,0.09228,AUTO,HAZARD_VISION_STOP,0.0000,0.0000,0.0000,0.0000,0.0000,0.0000,3
38.16,3.25519,0.05775,0.09228,AUTO,HAZARD_VISION_STOP,0.0000,0.0000,0.0000,0.0000,0.0000,0.0000,3
38.18,3.25519,0.05775,0.09228,AUTO,HAZARD_VISION_STOP,0.0000,0.0000,0.0000,0.0000,0.0000,0.0000,3
38.20,3.25519,0.05775,0.09228,AUTO,HAZARD_VISION_STOP,0.0000,0.0000,0.0000,0.0000,0.0000,0.0000,3
38.22,3.25519,0.05775,0.09228,AUTO,HAZARD_VISION_STOP,0.0000,0.0000,0.0000,0.0000,0.0000,0.0000,3
38.24,3.25519,0.05775,0.09228,AUTO,HAZARD_VISION_STOP,0.0000,0.0000,0.0000,0.0000,0.0000,0.0000,3
38.26,3.25519,0.05775,0.09228,AUTO,HAZARD_VISION_STOP,0.0000,0.0000,0.0000,0.0000,0.0000,0.0000,3
38.28,3.25519,0.05775,0.09228,AUTO,HAZARD_VISION_STOP,0.0000,0.0000,0.0000,0.0000,0.0000,0.0000,3
38.30,3.25519,0.05775,0.09228,AUTO,HAZARD_VISION_STOP,0.0000,0.0000,0.0000,0.0000,0.0000,0.0000,3
38.32,3.25519,0.05775,0.09228,AUTO,HAZARD_VISION_STOP,0.0000,0.0000,0.0000,0.0000,0.0000,0.0000,3
38.34,3.25519,0.05775,0.09228,AUTO,HAZARD_VISION_STOP,0.0000,0.0000,0.0000,0.0000,0.0000,0.0000,3
38.36,3.25519,0.05775,0.09228,AUTO,HAZARD_VISION_STOP,0.0000,0.0000,0.0000,0.0000,0.0000,0.0000,3
38.38,3.25519,0.05775,0.09228,AUTO,HAZARD_VISION_STOP,0.0000,0.0000,0.0000,0.0000,0.0000,0.0000,3
38.40,3.25519,0.05775,0.09228,AUTO,HAZARD_VISION_STOP,0.0000,0.0000,0.0000,0.0000,0.0000,0.0000,3
38.42,3.25519,0.05775,0.09228,AUTO,HAZARD_VISION_STOP,0.0000,0.0000,0.0000,0.0000,0.0000,0.0000,3
38.44,3.25519,0.05775,0.09228,AUTO,HAZARD_VISION_STOP,0.0000,0.0000,0.0000,0.0000,0.0000,0.0000,3
38.46,3.25519,0.05775,0.09228,AUTO,HAZARD_VISION_STOP,0.0000,0.0000,0.0000,0.0000,0.0000,0.0000,3
38.48,3.25519,0.05775,0.09228,AUTO,HAZARD_VISION_STOP,0.0000,0.0000,0.0000,0.0000,0.0000,0.0000,3
38.50,3.25519,0.05775,0.09228,AUTO,HAZARD_VISION_STOP,0.0000,0.0000,0.0000,0.0000,0.0000,0.0000,3
38.52,3.25519,0.05775,0.09228,AUTO,HAZARD_VISION_STOP,0.0000,0.0000,0.0000,0.0000,0.0000,0.0000,3
38.54,3.25519,0.05775,0.09228,AUTO,HAZARD_VISION_STOP,0.0000,0.0000,0.0000,0.0000,0.0000,0.0000,3
38.56,3.25519,0.05775,0.09228,AUTO,HAZARD_VISION_STOP,0.0000,0.0000,0.0000,0.0000,0.0000,0.0000,3
38.58,3.25519,0.05775,0.09228,AUTO,HAZARD_VISION_STOP,0.0000,0.0000,0.0000,0.0000,0.0000,0.0000,3
38.60,3.25519,0.05775,0.09228,AUTO,HAZARD_VISION_STOP,0.0000,0.0000,0.0000,0.0000,0.0000,0.0000,3
38.62,3.25519,0.05775,0.09228,AUTO,HAZARD_VISION_STOP,0.0000,0.0000,0.0000,0.0000,0.0000,0.0000,3
38.64,3.25519,0.05775,0.09228,AUTO,HAZARD_VISION_STOP,0.0000,0.0000,0.0000,0.0000,0.0000,0.0000,3
38.66,3.25519,0.05775,0.09228,AUTO,HAZARD_VISION_STOP,0.0000,0.0000,0.0000,0.0000,0.0000,0.0000,3
38.68,3.25519,0.05775,0.09228,AUTO,HAZARD_VISION_STOP,0.0000,0.0000,0.0000,0.0000,0.0000,0.0000,3
38.70,3.25519,0.05775,0.09228,AUTO,HAZARD_VISION_STOP,0.0000,0.0000,0.0000,0.0000,0.0000,0.0000,3
38.72,3.25519,0.05775,0.09228,AUTO,HAZARD_VISION_STOP,0.0000,0.0000,0.0000,0.0000,0.0000,0.0000,3
38.74,3.25519,0.05775,0.09228,AUTO,HAZARD_VISION_STOP,0.0000,0.0000,0.0000,0.0000,0.0000,0.0000,3
38.76,3.25519,0.05775,0.09228,AUTO,HAZARD_VISION_STOP,0.0000,0.0000,0.0000,0.0000,0.0000,0.0000,3
38.78,3.25519,0.05775,0.09228,AUTO,HAZARD_VISION_STOP,0.0000,0.0000,0.0000,0.0000,0.0000,0.0000,3
38.80,3.25519,0.05775,0.09228,AUTO,HAZARD_VISION_STOP,0.0000,0.0000,0.0000,0.0000,0.0000,0.0000,3
38.82,3.25519,0.05775,0.09228,AUTO,HAZARD_VISION_STOP,0.0000,0.0000,0.0000,0.0000,0.0000,0.0000,3
38.84,3.25519,0.05775,0.09228,AUTO,HAZARD_VISION_STOP,0.0000,0.0000,0.0000,0.0000,0.0000,0.0000,3
38.86,3.25519,0.05775,0.09228,AUTO,HAZARD_VISION_STOP,0.0000,0.0000,0.0000,0.0000,0.0000,0.0000,3
38.88,3.25519,0.05775,0.09228,AUTO,HAZARD_VISION_STOP,0.0000,0.0000,0.0000,0.0000,0.0000,0.0000,3
38.90,3.25519,0.05775,0.09228,AUTO,HAZARD_VISION_STOP,0.0000,0.0000,0.0000,0.0000,0.0000,0.0000,3
38.92,3.25519,0.05775,0.09228,AUTO,HAZARD_VISION_STOP,0.0000,0.0000,0.0000,0.0000,0.0000,0.0000,3
38.94,3.25519,0.05775,0.09228,AUTO,HAZARD_VISION_STOP,0.0000,0.0000,0.0000,0.0000,0.0000,0.0000,3
38.96,3.25519,0.05775,0.09228,AUTO,HAZARD_VISION_STOP,0.0000,0.0000,0.0000,0.0000,0.0000,0.0000,3
38.98,3.25519,0.05775,0.09228,AUTO,HAZARD_VISION_STOP,0.0000,0.0000,0.0000,0.0000,0.0000,0.0000,3
39.00,3.25519,0.05775,0.09228,AUTO,HAZARD_VISION_STOP,0.0000,0.0000,0.0000,0.0000,0.0000,0.0000,3
39.02,3.25519,0.05775,0.09228,AUTO,HAZARD_VISION_STOP,0.0000,0.0000,0.0000,0.0000,0.0000,0.0000,3
39.04,3.25519,0.05775,0.09228,AUTO,HAZARD_VISION_STOP,0.0000,0.0000,0.0000,0.0000,0.0000,0.0000,3
39.06,3.25519,0.05775,0.09228,AUTO,HAZARD_VISION_STOP,0.0000,0.0000,0.0000,0.0000,0.0000,0.0000,3
39.08,3.25519,0.05775,0.09228,AUTO,HAZARD_VISION_STOP,0.0000,0.0000,0.0000,0.0000,0.0000,0.0000,3
39.10,3.25519,0.05775,0.09228,AUTO,HAZARD_VISION_STOP,0.0000,0.0000,0.0000,0.0000,0.0000,0.0000,3
39.12,3.25519,0.05775,0.09228,AUTO,HAZARD_VISION_STOP,0.0000,0.0000,0.0000,0.0000,0.0000,0.0000,3
39.14,3.25519,0.05775,0.09228,AUTO,HAZARD_VISION_STOP,0.0000,0.0000,0.0000,0.0000,0.0000,0.0000,3
39.16,3.25519,0.05775,0.09228,AUTO,HAZARD_VISION_STOP,0.0000,0.0000,0.0000,0.0000,0.0000,0.0000,3
39.18,3.25519,0.05775,0.09228,AUTO,HAZARD_VISION_STOP,0.0000,0.0000,0.0000,0.0000,0.0000,0.0000,3
39.20,3.25519,0.05775,0.09228,AUTO,HAZARD_VISION_STOP,0.0000,0.0000,0.0000,0.0000,0.0000,0.0000,3
39.22,3.25519,0.05775,0.09228,AUTO,HAZARD_VISION_STOP,0.0000,0.0000,0.0000,0.0000,0.0000,0.0000,3
39.24,3.25519,0.05775,0.09228,AUTO,HAZARD_VISION_STOP,0.0000,0.0000,0.0000,0.0000,0.0000,0.0000,3
39.26,3.25519,0.05775,0.09228,AUTO,HAZARD_VISION_STOP,0.0000,0.0000,0.0000,0.0000,0.0000,0.0000,3
39.28,3.25519,0.05775,0.09228,AUTO,HAZARD_VISION_STOP,0.0000,0.0000,0.0000,0.0000,0.0000,0.0000,3
39.30,3.25519,0.05775,0.09228,AUTO,HAZARD_VISION_STOP,0.0000,0.0000,0.0000,0.0000,0.0000,0.0000,3
39.32,3.25519,0.05775,0.09228,AUTO,HAZARD_VISION_STOP,0.0000,0.0000,0.0000,0.0000,0.0000,0.0000,3
39.34,3.25519,0.05775,0.09228,AUTO,HAZARD_VISION_STOP,0.0000,0.0000,0.0000,0.0000,0.0000,0.0000,3
39.36,3.25519,0.05775,0.09228,AUTO,HAZARD_VISION_STOP,0.0000,0.0000,0.0000,0.0000,0.0000,0.0000,3
39.38,3.25519,0.05775,0.09228,AUTO,HAZARD_VISION_STOP,0.0000,0.0000,0.0000,0.0000,0.0000,0.0000,3
39.40,3.25519,0.05775,0.09228,AUTO,HAZARD_VISION_STOP,0.0000,0.0000,0.0000,0.0000,0.0000,0.0000,3
39.42,3.25519,0.05775,0.09228,AUTO,HAZARD_VISION_STOP,0.0000,0.0000,0.0000,0.0000,0.0000,0.0000,3
39.44,3.25519,0.05775,0.09228,AUTO,HAZARD_VISION_STOP,0.0000,0.0000,0.0000,0.0000,0.0000,0.0000,3
39.46,3.25519,0.05775,0.09228,AUTO,HAZARD_VISION_STOP,0.0000,0.0000,0.0000,0.0000,0.0000,0.0000,3
39.48,3.25519,0.05775,0.09228,AUTO,HAZARD_VISION_STOP,0.0000,0.0000,0.0000,0.0000,0.0000,0.0000,3
39.50,3.25519,0.05775,0.09228,AUTO,HAZARD_VISION_STOP,0.0000,0.0000,0.0000,0.0000,0.0000,0.0000,3
39.52,3.25519,0.05775,0.09228,AUTO,HAZARD_VISION_STOP,0.0000,0.0000,0.0000,0.0000,0.0000,0.0000,3
39.54,3.25519,0.05775,0.09228,AUTO,HAZARD_VISION_STOP,0.0000,0.0000,0.0000,0.0000,0.0000,0.0000,3
39.56,3.25519,0.05775,0.09228,AUTO,HAZARD_VISION_STOP,0.0000,0.0000,0.0000,0.0000,0.0000,0.0000,3
39.58,3.25519,0.05775,0.09228,AUTO,HAZARD_VISION_STOP,0.0000,0.0000,0.0000,0.0000,0.0000,0.0000,3
39.60,3.25519,0.05775,0.09228,AUTO,HAZARD_VISION_STOP,0.0000,0.0000,0.0000,0.0000,0.0000,0.0000,3
39.62,3.25519,0.05775,0.09228,AUTO,HAZARD_VISION_STOP,0.0000,0.0000,0.0000,0.0000,0.0000,0.0000,3
39.64,3.25519,0.05775,0.09228,AUTO,HAZARD_VISION_STOP,0.0000,0.0000,0.0000,0.0000,0.0000,0.0000,3
39.66,3.25519,0.05775,0.09228,AUTO,HAZARD_VISION_STOP,0.0000,0.0000,0.0000,0.0000,0.0000,0.0000,3
39.68,3.25519,0.05775,0.09228,AUTO,HAZARD_VISION_STOP,0.0000,0.0000,0.0000,0.0000,0.0000,0.0000,3
39.70,3.25519,0.05775,0.09228,AUTO,HAZARD_VISION_STOP,0.0000,0.0000,0.0000,0.0000,0.0000,0.0000,3
39.72,3.25519,0.05775,0.09228,AUTO,HAZARD_VISION_STOP,0.0000,0.0000,0.0000,0.0000,0.0000,0.0000,3
39.74,3.25519,0.05775,0.09228,AUTO,HAZARD_VISION_STOP,0.0000,0.0000,0.0000,0.0000,0.0000,0.0000,3
39.76,3.25519,0.05775,0.09228,AUTO,HAZARD_VISION_STOP,0.0000,0.0000,0.0000,0.0000,0.0000,0.0000,3
39.78,3.25519,0.05775,0.09228,AUTO,HAZARD_VISION_STOP,0.0000,0.0000,0.0000,0.0000,0.0000,0.0000,3
39.80,3.25519,0.05775,0.09228,AUTO,HAZARD_VISION_STOP,0.0000,0.0000,0.0000,0.0000,0.0000,0.0000,3
39.82,3.25519,0.05775,0.09228,AUTO,HAZARD_VISION_STOP,0.0000,0.0000,0.0000,0.0000,0.0000,0.0000,3
39.84,3.25519,0.05775,0.09228,AUTO,HAZARD_VISION_STOP,0.0000,0.0000,0.0000,0.0000,0.0000,0.0000,3
39.86,3.25519,0.05775,0.09228,AUTO,HAZARD_VISION_STOP,0.0000,0.0000,0.0000,0.0000,0.0000,0.0000,3
39.88,3.25519,0.05775,0.09228,AUTO,HAZARD_VISION_STOP,0.0000,0.0000,0.0000,0.0000,0.0000,0.0000,3
39.90,3.25519,0.05775,0.09228,AUTO,HAZARD_VISION_STOP,0.0000,0.0000,0.0000,0.0000,0.0000,0.0000,3
39.92,3.25519,0.05775,0.09228,AUTO,HAZARD_VISION_STOP,0.0000,0.0000,0.0000,0.0000,0.0000,0.0000,3
39.94,3.25519,0.05775,0.09228,AUTO,HAZARD_VISION_STOP,0.0000,0.0000,0.0000,0.0000,0.0000,0.0000,3
39.96,3.25519,0.05775,0.09228,AUTO,HAZARD_VISION_STOP,0.0000,0.0000,0.0000,0.0000,0.0000,0.0000,3
39.98,3.25519,0.05775,0.09228,AUTO,HAZARD_VISION_STOP,0.0000,0.0000,0.0000,0.0000,0.0000,0.0000,3
40.00,3.25519,0.05775,0.09228,AUTO,HAZARD_VISION_STOP,0.0000,0.0000,0.0000,0.0000,0.0000,0.0000,3
40.02,3.25519,0.05775,0.09228,AUTO,HAZARD_VISION_STOP,0.0000,0.0000,0.0000,0.0000,0.0000,0.0000,3
40.04,3.25519,0.05775,0.09228,AUTO,HAZARD_VISION_STOP,0.0000,0.0000,0.0000,0.0000,0.0000,0.0000,3
40.06,3.25519,0.05775,0.09228,AUTO,HAZARD_VISION_STOP,0.0000,0.0000,0.0000,0.0000,0.0000,0.0000,3
40.08,3.25519,0.05775,0.09228,AUTO,HAZARD_VISION_STOP,0.0000,0.0000,0.0000,0.0000,0.0000,0.0000,3
40.10,3.25519,0.05775,0.09228,AUTO,HAZARD_VISION_STOP,0.0000,0.0000,0.0000,0.0000,0.0000,0.0000,3
40.12,3.25519,0.05775,0.09228,AUTO,HAZARD_VISION_STOP,0.0000,0.0000,0.0000,0.0000,0.0000,0.0000,3
40.14,3.25519,0.05775,0.09228,AUTO,HAZARD_VISION_STOP,0.0000,0.0000,0.0000,0.0000,0.0000,0.0000,3
40.16,3.25519,0.05775,0.09228,AUTO,HAZARD_VISION_STOP,0.0000,0.0000,0.0000,0.0000,0.0000,0.0000,3
40.18,3.25519,0.05775,0.09228,AUTO,HAZARD_VISION_STOP,0.0000,0.0000,0.0000,0.0000,0.0000,0.0000,3
40.20,3.25519,0.05775,0.09228,AUTO,HAZARD_VISION_STOP,0.0000,0.0000,0.0000,0.0000,0.0000,0.0000,3
40.22,3.25519,0.05775,0.09228,AUTO,HAZARD_VISION_STOP,0.0000,0.0000,0.0000,0.0000,0.0000,0.0000,3
40.24,3.25519,0.05775,0.09228,AUTO,HAZARD_VISION_STOP,0.0000,0.0000,0.0000,0.0000,0.0000,0.0000,3
40.26,3.25519,0.05775,0.09228,AUTO,HAZARD_VISION_STOP,0.0000,0.0000,0.0000,0.0000,0.0000,0.0000,3
40.28,3.25519,0.05775,0.09228,AUTO,HAZARD_VISION_STOP,0.0000,0.0000,0.0000,0.0000,0.0000,0.0000,3
40.30,3.25519,0.05775,0.09228,AUTO,HAZARD_VISION_STOP,0.0000,0.0000,0.0000,0.0000,0.0000,0.0000,3
40.32,3.25519,0.05775,0.09228,AUTO,HAZARD_VISION_STOP,0.0000,0.0000,0.0000,0.0000,0.0000,0.0000,3
40.34,3.25519,0.05775,0.09228,AUTO,HAZARD_VISION_STOP,0.0000,0.0000,0.0000,0.0000,0.0000,0.0000,3
40.36,3.25519,0.05775,0.09228,AUTO,HAZARD_VISION_STOP,0.0000,0.0000,0.0000,0.0000,0.0000,0.0000,3
40.38,3.25519,0.05775,0.09228,AUTO,HAZARD_VISION_STOP,0.0000,0.0000,0.0000,0.0000,0.0000,0.0000,3
40.40,3.25519,0.05775,0.09228,AUTO,HAZARD_VISION_STOP,0.0000,0.0000,0.0000,0.0000,0.0000,0.0000,3
40.42,3.25519,0.05775,0.09228,AUTO,HAZARD_VISION_STOP,0.0000,0.0000,0.0000,0.0000,0.0000,0.0000,3
40.44,3.25519,0.05775,0.09228,AUTO,HAZARD_VISION_STOP,0.0000,0.0000,0.0000,0.0000,0.0000,0.0000,3
40.46,3.25519,0.05775,0.09228,AUTO,HAZARD_VISION_STOP,0.0000,0.0000,0.0000,0.0000,0.0000,0.0000,3
40.48,3.25519,0.05775,0.09228,AUTO,HAZARD_VISION_STOP,0.0000,0.0000,0.0000,0.0000,0.0000,0.0000,3
40.50,3.25519,0.05775,0.09228,AUTO,HAZARD_VISION_STOP,0.0000,0.0000,0.0000,0.0000,0.0000,0.0000,3
40.52,3.25519,0.05775,0.09228,AUTO,HAZARD_VISION_STOP,0.0000,0.0000,0.0000,0.0000,0.0000,0.0000,3
40.54,3.25519,0.05775,0.09228,AUTO,HAZARD_VISION_STOP,0.0000,0.0000,0.0000,0.0000,0.0000,0.0000,3
40.56,3.25519,0.05775,0.09228,AUTO,HAZARD_VISION_STOP,0.0000,0.0000,0.0000,0.0000,0.0000,0.0000,3
40.58,3.25519,0.05775,0.09228,AUTO,HAZARD_VISION_STOP,0.0000,0.0000,0.0000,0.0000,0.0000,0.0000,3
40.60,3.25519,0.05775,0.09228,AUTO,HAZARD_VISION_STOP,0.0000,0.0000,0.0000,0.0000,0.0000,0.0000,3
40.62,3.25519,0.05775,0.09228,AUTO,HAZARD_VISION_STOP,0.0000,0.0000,0.0000,0.0000,0.0000,0.0000,3
40.64,3.25519,0.05775,0.09228,AUTO,HAZARD_VISION_STOP,0.0000,0.0000,0.0000,0.0000,0.0000,0.0000,3
40.66,3.25519,0.05775,0.09228,AUTO,HAZARD_VISION_STOP,0.0000,0.0000,0.0000,0.0000,0.0000,0.0000,3
40.68,3.25519,0.05775,0.09228,AUTO,HAZARD_VISION_STOP,0.0000,0.0000,0.0000,0.0000,0.0000,0.0000,3
40.70,3.25519,0.05775,0.09228,AUTO,HAZARD_VISION_STOP,0.0000,0.0000,0.0000,0.0000,0.0000,0.0000,3
40.72,3.25519,0.05775,0.09228,AUTO,HAZARD_VISION_STOP,0.0000,0.0000,0.0000,0.0000,0.0000,0.0000,3
40.74,3.25519,0.05775,0.09228,AUTO,HAZARD_VISION_STOP,0.0000,0.0000,0.0000,0.0000,0.0000,0.0000,3
40.76,3.25519,0.05775,0.09228,AUTO,HAZARD_VISION_STOP,0.0000,0.0000,0.0000,0.0000,0.0000,0.0000,3
40.78,3.25519,0.05775,0.09228,AUTO,HAZARD_VISION_STOP,0.0000,0.0000,0.0000,0.0000,0.0000,0.0000,3
40.80,3.25519,0.05775,0.09228,AUTO,HAZARD_VISION_STOP,0.0000,0.0000,0.0000,0.0000,0.0000,0.0000,3
40.82,3.25519,0.05775,0.09228,AUTO,HAZARD_VISION_STOP,0.0000,0.0000,0.0000,0.0000,0.0000,0.0000,3
40.84,3.25519,0.05775,0.09228,AUTO,HAZARD_VISION_STOP,0.0000,0.0000,0.0000,0.0000,0.0000,0.0000,3
40.86,3.25519,0.05775,0.09228,AUTO,HAZARD_VISION_STOP,0.0000,0.0000,0.0000,0.0000,0.0000,0.0000,3
40.88,3.25519,0.05775,0.09228,AUTO,HAZARD_VISION_STOP,0.0000,0.0000,0.0000,0.0000,0.0000,0.0000,3
40.90,3.25519,0.05775,0.09228,AUTO,HAZARD_VISION_STOP,0.0000,0.0000,0.0000,0.0000,0.0000,0.0000,3
40.92,3.25519,0.05775,0.09228,AUTO,HAZARD_VISION_STOP,0.0000,0.0000,0.0000,0.0000,0.0000,0.0000,3
40.94,3.25519,0.05775,0.09228,AUTO,HAZARD_VISION_STOP,0.0000,0.0000,0.0000,0.0000,0.0000,0.0000,3
40.96,3.25519,0.05775,0.09228,AUTO,HAZARD_VISION_STOP,0.0000,0.0000,0.0000,0.0000,0.0000,0.0000,3
40.98,3.25519,0.05775,0.09228,AUTO,HAZARD_VISION_STOP,0.0000,0.0000,0.0000,0.0000,0.0000,0.0000,3
41.00,3.25519,0.05775,0.09228,AUTO,HAZARD_VISION_STOP,0.0000,0.0000,0.0000,0.0000,0.0000,0.0000,3
41.02,3.25519,0.05775,0.09228,AUTO,HAZARD_VISION_STOP,0.0000,0.0000,0.0000,0.0000,0.0000,0.0000,3
41.04,3.25519,0.05775,0.09228,AUTO,HAZARD_VISION_STOP,0.0000,0.0000,0.0000,0.0000,0.0000,0.0000,3
41.06,3.25519,0.05775,0.09228,AUTO,HAZARD_VISION_STOP,0.0000,0.0000,0.0000,0.0000,0.0000,0.0000,3
41.08,3.25519,0.05775,0.09228,AUTO,HAZARD_VISION_STOP,0.0000,0.0000,0.0000,0.0000,0.0000,0.0000,3
41.10,3.25519,0.05775,0.09228,AUTO,HAZARD_VISION_STOP,0.0000,0.0000,0.0000,0.0000,0.0000,0.0000,3
41.12,3.25519,0.05775,0.09228,AUTO,HAZARD_VISION_STOP,0.0000,0.0000,0.0000,0.0000,0.0000,0.0000,3
41.14,3.25519,0.05775,0.09228,AUTO,HAZARD_VISION_STOP,0.0000,0.0000,0.0000,0.0000,0.0000,0.0000,3
41.16,3.25519,0.05775,0.09228,AUTO,HAZARD_VISION_STOP,0.0000,0.0000,0.0000,0.0000,0.0000,0.0000,3
41.18,3.25519,0.05775,0.09228,AUTO,HAZARD_VISION_STOP,0.0000,0.0000,0.0000,0.0000,0.0000,0.0000,3
41.20,3.25519,0.05775,0.09228,AUTO,HAZARD_VISION_STOP,0.0000,0.0000,0.0000,0.0000,0.0000,0.0000,3
41.22,3.25519,0.05775,0.09228,AUTO,HAZARD_VISION_STOP,0.0000,0.0000,0.0000,0.0000,0.0000,0.0000,3
41.24,3.25519,0.05775,0.09228,AUTO,HAZARD_VISION_STOP,0.0000,0.0000,0.0000,0.0000,0.0000,0.0000,3
41.26,3.25519,0.05775,0.09228,AUTO,HAZARD_VISION_STOP,0.0000,0.0000,0.0000,0.0000,0.0000,0.0000,3
41.28,3.25519,0.05775,0.09228,AUTO,HAZARD_VISION_STOP,0.0000,0.0000,0.0000,0.0000,0.0000,0.0000,3
41.30,3.25519,0.05775,0.09228,AUTO,HAZARD_VISION_STOP,0.0000,0.0000,0.0000,0.0000,0.0000,0.0000,3
41.32,3.25519,0.05775,0.09228,AUTO,HAZARD_VISION_STOP,0.0000,0.0000,0.0000,0.0000,0.0000,0.0000,3
41.34,3.25519,0.05775,0.09228,AUTO,HAZARD_VISION_STOP,0.0000,0.0000,0.0000,0.0000,0.0000,0.0000,3
41.36,3.25519,0.05775,0.09228,AUTO,HAZARD_VISION_STOP,0.0000,0.0000,0.0000,0.0000,0.0000,0.0000,3
41.38,3.25519,0.05775,0.09228,AUTO,HAZARD_VISION_STOP,0.0000,0.0000,0.0000,0.0000,0.0000,0.0000,3
41.40,3.25519,0.05775,0.09228,AUTO,HAZARD_VISION_STOP,0.0000,0.0000,0.0000,0.0000,0.0000,0.0000,3
41.42,3.25519,0.05775,0.09228,AUTO,HAZARD_VISION_STOP,0.0000,0.0000,0.0000,0.0000,0.0000,0.0000,3
41.44,3.25519,0.05775,0.09228,AUTO,HAZARD_VISION_STOP,0.0000,0.0000,0.0000,0.0000,0.0000,0.0000,3
41.46,3.25519,0.05775,0.09228,AUTO,HAZARD_VISION_STOP,0.0000,0.0000,0.0000,0.0000,0.0000,0.0000,3
41.48,3.25519,0.05775,0.09228,AUTO,HAZARD_VISION_STOP,0.0000,0.0000,0.0000,0.0000,0.0000,0.0000,3
41.50,3.25519,0.05775,0.09228,AUTO,HAZARD_VISION_STOP,0.0000,0.0000,0.0000,0.0000,0.0000,0.0000,3
41.52,3.25519,0.05775,0.09228,AUTO,HAZARD_VISION_STOP,0.0000,0.0000,0.0000,0.0000,0.0000,0.0000,3
41.54,3.25519,0.05775,0.09228,AUTO,HAZARD_VISION_STOP,0.0000,0.0000,0.0000,0.0000,0.0000,0.0000,3
41.56,3.25519,0.05775,0.09228,AUTO,HAZARD_VISION_STOP,0.0000,0.0000,0.0000,0.0000,0.0000,0.0000,3
41.58,3.25519,0.05775,0.09228,AUTO,HAZARD_VISION_STOP,0.0000,0.0000,0.0000,0.0000,0.0000,0.0000,3
41.60,3.25519,0.05775,0.09228,AUTO,HAZARD_VISION_STOP,0.0000,0.0000,0.0000,0.0000,0.0000,0.0000,3
41.62,3.25519,0.05775,0.09228,AUTO,HAZARD_VISION_STOP,0.0000,0.0000,0.0000,0.0000,0.0000,0.0000,3
41.64,3.25519,0.05775,0.09228,AUTO,HAZARD_VISION_STOP,0.0000,0.0000,0.0000,0.0000,0.0000,0.0000,3
41.66,3.25519,0.05775,0.09228,AUTO,HAZARD_VISION_STOP,0.0000,0.0000,0.0000,0.0000,0.0000,0.0000,3
41.68,3.25519,0.05775,0.09228,AUTO,HAZARD_VISION_STOP,0.0000,0.0000,0.0000,0.0000,0.0000,0.0000,3
41.70,3.25519,0.05775,0.09228,AUTO,HAZARD_VISION_STOP,0.0000,0.0000,0.0000,0.0000,0.0000,0.0000,3
41.72,3.25519,0.05775,0.09228,AUTO,HAZARD_VISION_STOP,0.0000,0.0000,0.0000,0.0000,0.0000,0.0000,3
41.74,3.25519,0.05775,0.09228,AUTO,HAZARD_VISION_STOP,0.0000,0.0000,0.0000,0.0000,0.0000,0.0000,3
41.76,3.25519,0.05775,0.09228,AUTO,HAZARD_VISION_STOP,0.0000,0.0000,0.0000,0.0000,0.0000,0.0000,3
41.78,3.25519,0.05775,0.09228,AUTO,HAZARD_VISION_STOP,0.0000,0.0000,0.0000,0.0000,0.0000,0.0000,3
41.80,3.25519,0.05775,0.09228,AUTO,HAZARD_VISION_STOP,0.0000,0.0000,0.0000,0.0000,0.0000,0.0000,3
41.82,3.25519,0.05775,0.09228,AUTO,HAZARD_VISION_STOP,0.0000,0.0000,0.0000,0.0000,0.0000,0.0000,3
41.84,3.25519,0.05775,0.09228,AUTO,HAZARD_VISION_STOP,0.0000,0.0000,0.0000,0.0000,0.0000,0.0000,3
41.86,3.25519,0.05775,0.09228,AUTO,HAZARD_VISION_STOP,0.0000,0.0000,0.0000,0.0000,0.0000,0.0000,3
41.88,3.25519,0.05775,0.09228,AUTO,HAZARD_VISION_STOP,0.0000,0.0000,0.0000,0.0000,0.0000,0.0000,3
41.90,3.25519,0.05775,0.09228,AUTO,HAZARD_VISION_STOP,0.0000,0.0000,0.0000,0.0000,0.0000,0.0000,3
41.92,3.25519,0.05775,0.09228,AUTO,HAZARD_VISION_STOP,0.0000,0.0000,0.0000,0.0000,0.0000,0.0000,3
41.94,3.25519,0.05775,0.09228,AUTO,HAZARD_VISION_STOP,0.0000,0.0000,0.0000,0.0000,0.0000,0.0000,3
41.96,3.25519,0.05775,0.09228,AUTO,HAZARD_VISION_STOP,0.0000,0.0000,0.0000,0.0000,0.0000,0.0000,3
41.98,3.25519,0.05775,0.09228,AUTO,HAZARD_VISION_STOP,0.0000,0.0000,0.0000,0.0000,0.0000,0.0000,3
42.00,3.25519,0.05775,0.09228,AUTO,HAZARD_VISION_STOP,0.0000,0.0000,0.0000,0.0000,0.0000,0.0000,3
42.02,3.25519,0.05775,0.09228,AUTO,HAZARD_VISION_STOP,0.0000,0.0000,0.0000,0.0000,0.0000,0.0000,3
42.04,3.25519,0.05775,0.09228,AUTO,HAZARD_VISION_STOP,0.0000,0.0000,0.0000,0.0000,0.0000,0.0000,3
42.06,3.25519,0.05775,0.09228,AUTO,HAZARD_VISION_STOP,0.0000,0.0000,0.0000,0.0000,0.0000,0.0000,3
42.08,3.25519,0.05775,0.09228,AUTO,HAZARD_VISION_STOP,0.0000,0.0000,0.0000,0.0000,0.0000,0.0000,3
42.10,3.25519,0.05775,0.09228,AUTO,HAZARD_VISION_STOP,0.0000,0.0000,0.0000,0.0000,0.0000,0.0000,3
42.12,3.25519,0.05775,0.09228,AUTO,HAZARD_VISION_STOP,0.0000,0.0000,0.0000,0.0000,0.0000,0.0000,3
42.14,3.25519,0.05775,0.09228,AUTO,HAZARD_VISION_STOP,0.0000,0.0000,0.0000,0.0000,0.0000,0.0000,3
42.16,3.25519,0.05775,0.09228,AUTO,HAZARD_VISION_STOP,0.0000,0.0000,0.0000,0.0000,0.0000,0.0000,3
42.18,3.25519,0.05775,0.09228,AUTO,HAZARD_VISION_STOP,0.0000,0.0000,0.0000,0.0000,0.0000,0.0000,3
42.20,3.25519,0.05775,0.09228,AUTO,HAZARD_VISION_STOP,0.0000,0.0000,0.0000,0.0000,0.0000,0.0000,3
42.22,3.25519,0.05775,0.09228,AUTO,HAZARD_VISION_STOP,0.0000,0.0000,0.0000,0.0000,0.0000,0.0000,3
42.24,3.25519,0.05775,0.09228,AUTO,HAZARD_VISION_STOP,0.0000,0.0000,0.0000,0.0000,0.0000,0.0000,3
42.26,3.25519,0.05775,0.09228,AUTO,HAZARD_VISION_STOP,0.0000,0.0000,0.0000,0.0000,0.0000,0.0000,3
42.28,3.25519,0.05775,0.09228,AUTO,HAZARD_VISION_STOP,0.0000,0.0000,0.0000,0.0000,0.0000,0.0000,3
42.30,3.25519,0.05775,0.09228,AUTO,HAZARD_VISION_STOP,0.0000,0.0000,0.0000,0.0000,0.0000,0.0000,3
42.32,3.25519,0.05775,0.09228,AUTO,HAZARD_VISION_STOP,0.0000,0.0000,0.0000,0.0000,0.0000,0.0000,3
42.34,3.25519,0.05775,0.09228,AUTO,HAZARD_VISION_STOP,0.0000,0.0000,0.0000,0.0000,0.0000,0.0000,3
42.36,3.25519,0.05775,0.09228,AUTO,HAZARD_VISION_STOP,0.0000,0.0000,0.0000,0.0000,0.0000,0.0000,3
42.38,3.25519,0.05775,0.09228,AUTO,HAZARD_VISION_STOP,0.0000,0.0000,0.0000,0.0000,0.0000,0.0000,3
42.40,3.25519,0.05775,0.09228,AUTO,HAZARD_VISION_STOP,0.0000,0.0000,0.0000,0.0000,0.0000,0.0000,3
42.42,3.25519,0.05775,0.09228,AUTO,HAZARD_VISION_STOP,0.0000,0.0000,0.0000,0.0000,0.0000,0.0000,3
42.44,3.25519,0.05775,0.09228,AUTO,HAZARD_VISION_STOP,0.0000,0.0000,0.0000,0.0000,0.0000,0.0000,3
42.46,3.25519,0.05775,0.09228,AUTO,HAZARD_VISION_STOP,0.0000,0.0000,0.0000,0.0000,0.0000,0.0000,3
42.48,3.25519,0.05775,0.09228,AUTO,HAZARD_VISION_STOP,0.0000,0.0000,0.0000,0.0000,0.0000,0.0000,3
42.50,3.25519,0.05775,0.09228,AUTO,HAZARD_VISION_STOP,0.0000,0.0000,0.0000,0.0000,0.0000,0.0000,3
42.52,3.25519,0.05775,0.09228,AUTO,HAZARD_VISION_STOP,0.0000,0.0000,0.0000,0.0000,0.0000,0.0000,3
42.54,3.25519,0.05775,0.09228,AUTO,HAZARD_VISION_STOP,0.0000,0.0000,0.0000,0.0000,0.0000,0.0000,3
42.56,3.25519,0.05775,0.09228,AUTO,HAZARD_VISION_STOP,0.0000,0.0000,0.0000,0.0000,0.0000,0.0000,3
42.58,3.25519,0.05775,0.09228,AUTO,HAZARD_VISION_STOP,0.0000,0.0000,0.0000,0.0000,0.0000,0.0000,3
42.60,3.25519,0.05775,0.09228,AUTO,HAZARD_VISION_STOP,0.0000,0.0000,0.0000,0.0000,0.0000,0.0000,3
42.62,3.25519,0.05775,0.09228,AUTO,HAZARD_VISION_STOP,0.0000,0.0000,0.0000,0.0000,0.0000,0.0000,3
42.64,3.25519,0.05775,0.09228,AUTO,HAZARD_VISION_STOP,0.0000,0.0000,0.0000,0.0000,0.0000,0.0000,3
42.66,3.25519,0.05775,0.09228,AUTO,HAZARD_VISION_STOP,0.0000,0.0000,0.0000,0.0000,0.0000,0.0000,3
42.68,3.25519,0.05775,0.09228,AUTO,HAZARD_VISION_STOP,0.0000,0.0000,0.0000,0.0000,0.0000,0.0000,3
42.70,3.25519,0.05775,0.09228,AUTO,HAZARD_VISION_STOP,0.0000,0.0000,0.0000,0.0000,0.0000,0.0000,3
42.72,3.25519,0.05775,0.09228,AUTO,HAZARD_VISION_STOP,0.0000,0.0000,0.0000,0.0000,0.0000,0.0000,3
42.74,3.25519,0.05775,0.09228,AUTO,HAZARD_VISION_STOP,0.0000,0.0000,0.0000,0.0000,0.0000,0.0000,3
42.76,3.25519,0.05775,0.09228,AUTO,HAZARD_VISION_STOP,0.0000,0.0000,0.0000,0.0000,0.0000,0.0000,3
42.78,3.25519,0.05775,0.09228,AUTO,HAZARD_VISION_STOP,0.0000,0.0000,0.0000,0.0000,0.0000,0.0000,3
42.80,3.25519,0.05775,0.09228,AUTO,HAZARD_VISION_STOP,0.0000,0.0000,0.0000,0.0000,0.0000,0.0000,3
42.82,3.25519,0.05775,0.09228,AUTO,HAZARD_VISION_STOP,0.0000,0.0000,0.0000,0.0000,0.0000,0.0000,3
42.84,3.25519,0.05775,0.09228,AUTO,HAZARD_VISION_STOP,0.0000,0.0000,0.0000,0.0000,0.0000,0.0000,3
42.86,3.25519,0.05775,0.09228,AUTO,HAZARD_VISION_STOP,0.0000,0.0000,0.0000,0.0000,0.0000,0.0000,3
42.88,3.25519,0.05775,0.09228,AUTO,HAZARD_VISION_STOP,0.0000,0.0000,0.0000,0.0000,0.0000,0.0000,3
42.90,3.25519,0.05775,0.09228,AUTO,HAZARD_VISION_STOP,0.0000,0.0000,0.0000,0.0000,0.0000,0.0000,3
42.92,3.25519,0.05775,0.09228,AUTO,HAZARD_VISION_STOP,0.0000,0.0000,0.0000,0.0000,0.0000,0.0000,3
42.94,3.25519,0.05775,0.09228,AUTO,HAZARD_VISION_STOP,0.0000,0.0000,0.0000,0.0000,0.0000,0.0000,3
42.96,3.25519,0.05775,0.09228,AUTO,HAZARD_VISION_STOP,0.0000,0.0000,0.0000,0.0000,0.0000,0.0000,3
42.98,3.25519,0.05775,0.09228,AUTO,HAZARD_VISION_STOP,0.0000,0.0000,0.0000,0.0000,0.0000,0.0000,3
43.00,3.25519,0.05775,0.09228,AUTO,HAZARD_VISION_STOP,0.0000,0.0000,0.0000,0.0000,0.0000,0.0000,3
43.02,3.25519,0.05775,0.09228,AUTO,HAZARD_VISION_STOP,0.0000,0.0000,0.0000,0.0000,0.0000,0.0000,3
43.04,3.25519,0.05775,0.09228,AUTO,HAZARD_VISION_STOP,0.0000,0.0000,0.0000,0.0000,0.0000,0.0000,3
43.06,3.25519,0.05775,0.09228,AUTO,HAZARD_VISION_STOP,0.0000,0.0000,0.0000,0.0000,0.0000,0.0000,3
43.08,3.25519,0.05775,0.09228,AUTO,HAZARD_VISION_STOP,0.0000,0.0000,0.0000,0.0000,0.0000,0.0000,3
43.10,3.25519,0.05775,0.09228,AUTO,HAZARD_VISION_STOP,0.0000,0.0000,0.0000,0.0000,0.0000,0.0000,3
43.12,3.25519,0.05775,0.09228,AUTO,HAZARD_VISION_STOP,0.0000,0.0000,0.0000,0.0000,0.0000,0.0000,3
43.14,3.25519,0.05775,0.09228,AUTO,HAZARD_VISION_STOP,0.0000,0.0000,0.0000,0.0000,0.0000,0.0000,3
43.16,3.25519,0.05775,0.09228,AUTO,HAZARD_VISION_STOP,0.0000,0.0000,0.0000,0.0000,0.0000,0.0000,3
43.18,3.25519,0.05775,0.09228,AUTO,HAZARD_VISION_STOP,0.0000,0.0000,0.0000,0.0000,0.0000,0.0000,3
43.20,3.25519,0.05775,0.09228,AUTO,HAZARD_VISION_STOP,0.0000,0.0000,0.0000,0.0000,0.0000,0.0000,3
43.22,3.25519,0.05775,0.09228,AUTO,HAZARD_VISION_STOP,0.0000,0.0000,0.0000,0.0000,0.0000,0.0000,3
43.24,3.25519,0.05775,0.09228,AUTO,HAZARD_VISION_STOP,0.0000,0.0000,0.0000,0.0000,0.0000,0.0000,3
43.26,3.25519,0.05775,0.09228,AUTO,HAZARD_VISION_STOP,0.0000,0.0000,0.0000,0.0000,0.0000,0.0000,3
43.28,3.25519,0.05775,0.09228,AUTO,HAZARD_VISION_STOP,0.0000,0.0000,0.0000,0.0000,0.0000,0.0000,3
43.30,3.25519,0.05775,0.09228,AUTO,HAZARD_VISION_STOP,0.0000,0.0000,0.0000,0.0000,0.0000,0.0000,3
43.32,3.25519,0.05775,0.09228,AUTO,HAZARD_VISION_STOP,0.0000,0.0000,0.0000,0.0000,0.0000,0.0000,3
43.34,3.25519,0.05775,0.09228,AUTO,HAZARD_VISION_STOP,0.0000,0.0000,0.0000,0.0000,0.0000,0.0000,3
43.36,3.25519,0.05775,0.09228,AUTO,HAZARD_VISION_STOP,0.0000,0.0000,0.0000,0.0000,0.0000,0.0000,3
43.38,3.25519,0.05775,0.09228,AUTO,HAZARD_VISION_STOP,0.0000,0.0000,0.0000,0.0000,0.0000,0.0000,3
43.40,3.25519,0.05775,0.09228,AUTO,HAZARD_VISION_STOP,0.0000,0.0000,0.0000,0.0000,0.0000,0.0000,3
43.42,3.25519,0.05775,0.09228,AUTO,HAZARD_VISION_STOP,0.0000,0.0000,0.0000,0.0000,0.0000,0.0000,3
43.44,3.25519,0.05775,0.09228,AUTO,HAZARD_VISION_STOP,0.0000,0.0000,0.0000,0.0000,0.0000,0.0000,3
43.46,3.25519,0.05775,0.09228,AUTO,HAZARD_VISION_STOP,0.0000,0.0000,0.0000,0.0000,0.0000,0.0000,3
43.48,3.25519,0.05775,0.09228,AUTO,HAZARD_VISION_STOP,0.0000,0.0000,0.0000,0.0000,0.0000,0.0000,3
43.50,3.25519,0.05775,0.09228,AUTO,HAZARD_VISION_STOP,0.0000,0.0000,0.0000,0.0000,0.0000,0.0000,3
43.52,3.25519,0.05775,0.09228,AUTO,HAZARD_VISION_STOP,0.0000,0.0000,0.0000,0.0000,0.0000,0.0000,3
43.54,3.25519,0.05775,0.09228,AUTO,HAZARD_VISION_STOP,0.0000,0.0000,0.0000,0.0000,0.0000,0.0000,3
43.56,3.25519,0.05775,0.09228,AUTO,HAZARD_VISION_STOP,0.0000,0.0000,0.0000,0.0000,0.0000,0.0000,3
43.58,3.25519,0.05775,0.09228,AUTO,HAZARD_VISION_STOP,0.0000,0.0000,0.0000,0.0000,0.0000,0.0000,3
43.60,3.25519,0.05775,0.09228,AUTO,HAZARD_VISION_STOP,0.0000,0.0000,0.0000,0.0000,0.0000,0.0000,3
43.62,3.25519,0.05775,0.09228,AUTO,HAZARD_VISION_STOP,0.0000,0.0000,0.0000,0.0000,0.0000,0.0000,3
43.64,3.25519,0.05775,0.09228,AUTO,HAZARD_VISION_STOP,0.0000,0.0000,0.0000,0.0000,0.0000,0.0000,3
43.66,3.25519,0.05775,0.09228,AUTO,HAZARD_VISION_STOP,0.0000,0.0000,0.0000,0.0000,0.0000,0.0000,3
43.68,3.25519,0.05775,0.09228,AUTO,HAZARD_VISION_STOP,0.0000,0.0000,0.0000,0.0000,0.0000,0.0000,3
43.70,3.25519,0.05775,0.09228,AUTO,HAZARD_VISION_STOP,0.0000,0.0000,0.0000,0.0000,0.0000,0.0000,3
43.72,3.25519,0.05775,0.09228,AUTO,HAZARD_VISION_STOP,0.0000,0.0000,0.0000,0.0000,0.0000,0.0000,3
43.74,3.25519,0.05775,0.09228,AUTO,HAZARD_VISION_STOP,0.0000,0.0000,0.0000,0.0000,0.0000,0.0000,3
43.76,3.25519,0.05775,0.09228,AUTO,HAZARD_VISION_STOP,0.0000,0.0000,0.0000,0.0000,0.0000,0.0000,3
43.78,3.25519,0.05775,0.09228,AUTO,HAZARD_VISION_STOP,0.0000,0.0000,0.0000,0.0000,0.0000,0.0000,3
43.80,3.25519,0.05775,0.09228,AUTO,HAZARD_VISION_STOP,0.0000,0.0000,0.0000,0.0000,0.0000,0.0000,3
43.82,3.25519,0.05775,0.09228,AUTO,HAZARD_VISION_STOP,0.0000,0.0000,0.0000,0.0000,0.0000,0.0000,3
43.84,3.25519,0.05775,0.09228,AUTO,HAZARD_VISION_STOP,0.0000,0.0000,0.0000,0.0000,0.0000,0.0000,3
43.86,3.25519,0.05775,0.09228,AUTO,HAZARD_VISION_STOP,0.0000,0.0000,0.0000,0.0000,0.0000,0.0000,3
43.88,3.25519,0.05775,0.09228,AUTO,HAZARD_VISION_STOP,0.0000,0.0000,0.0000,0.0000,0.0000,0.0000,3
43.90,3.25519,0.05775,0.09228,AUTO,HAZARD_VISION_STOP,0.0000,0.0000,0.0000,0.0000,0.0000,0.0000,3
43.92,3.25519,0.05775,0.09228,AUTO,HAZARD_VISION_STOP,0.0000,0.0000,0.0000,0.0000,0.0000,0.0000,3
43.94,3.25519,0.05775,0.09228,AUTO,HAZARD_VISION_STOP,0.0000,0.0000,0.0000,0.0000,0.0000,0.0000,3
43.96,3.25519,0.05775,0.09228,AUTO,HAZARD_VISION_STOP,0.0000,0.0000,0.0000,0.0000,0.0000,0.0000,3
43.98,3.25519,0.05775,0.09228,AUTO,HAZARD_VISION_STOP,0.0000,0.0000,0.0000,0.0000,0.0000,0.0000,3
44.00,3.25519,0.05775,0.09228,AUTO,HAZARD_VISION_STOP,0.0000,0.0000,0.0000,0.0000,0.0000,0.0000,3
44.02,3.25519,0.05775,0.09228,AUTO,HAZARD_VISION_STOP,0.0000,0.0000,0.0000,0.0000,0.0000,0.0000,3
44.04,3.25519,0.05775,0.09228,AUTO,HAZARD_VISION_STOP,0.0000,0.0000,0.0000,0.0000,0.0000,0.0000,3
44.06,3.25519,0.05775,0.09228,AUTO,HAZARD_VISION_STOP,0.0000,0.0000,0.0000,0.0000,0.0000,0.0000,3
44.08,3.25519,0.05775,0.09228,AUTO,HAZARD_VISION_STOP,0.0000,0.0000,0.0000,0.0000,0.0000,0.0000,3
44.10,3.25519,0.05775,0.09228,AUTO,HAZARD_VISION_STOP,0.0000,0.0000,0.0000,0.0000,0.0000,0.0000,3
44.12,3.25519,0.05775,0.09228,AUTO,HAZARD_VISION_STOP,0.0000,0.0000,0.0000,0.0000,0.0000,0.0000,3
44.14,3.25519,0.05775,0.09228,AUTO,HAZARD_VISION_STOP,0.0000,0.0000,0.0000,0.0000,0.0000,0.0000,3
44.16,3.25519,0.05775,0.09228,AUTO,HAZARD_VISION_STOP,0.0000,0.0000,0.0000,0.0000,0.0000,0.0000,3
44.18,3.25519,0.05775,0.09228,AUTO,HAZARD_VISION_STOP,0.0000,0.0000,0.0000,0.0000,0.0000,0.0000,3
44.20,3.25519,0.05775,0.09228,AUTO,HAZARD_VISION_STOP,0.0000,0.0000,0.0000,0.0000,0.0000,0.0000,3
44.22,3.25519,0.05775,0.09228,AUTO,HAZARD_VISION_STOP,0.0000,0.0000,0.0000,0.0000,0.0000,0.0000,3
44.24,3.25519,0.05775,0.09228,AUTO,HAZARD_VISION_STOP,0.0000,0.0000,0.0000,0.0000,0.0000,0.0000,3
44.26,3.25519,0.05775,0.09228,AUTO,HAZARD_VISION_STOP,0.0000,0.0000,0.0000,0.0000,0.0000,0.0000,3
44.28,3.25519,0.05775,0.09228,AUTO,HAZARD_VISION_STOP,0.0000,0.0000,0.0000,0.0000,0.0000,0.0000,3
44.30,3.25519,0.05775,0.09228,AUTO,HAZARD_VISION_STOP,0.0000,0.0000,0.0000,0.0000,0.0000,0.0000,3
44.32,3.25519,0.05775,0.09228,AUTO,HAZARD_VISION_STOP,0.0000,0.0000,0.0000,0.0000,0.0000,0.0000,3
44.34,3.25519,0.05775,0.09228,AUTO,HAZARD_VISION_STOP,0.0000,0.0000,0.0000,0.0000,0.0000,0.0000,3
44.36,3.25519,0.05775,0.09228,AUTO,HAZARD_VISION_STOP,0.0000,0.0000,0.0000,0.0000,0.0000,0.0000,3
44.38,3.25519,0.05775,0.09228,AUTO,HAZARD_VISION_STOP,0.0000,0.0000,0.0000,0.0000,0.0000,0.0000,3
44.40,3.25519,0.05775,0.09228,AUTO,HAZARD_VISION_STOP,0.0000,0.0000,0.0000,0.0000,0.0000,0.0000,3
44.42,3.25519,0.05775,0.09228,AUTO,HAZARD_VISION_STOP,0.0000,0.0000,0.0000,0.0000,0.0000,0.0000,3
44.44,3.25519,0.05775,0.09228,AUTO,HAZARD_VISION_STOP,0.0000,0.0000,0.0000,0.0000,0.0000,0.0000,3
44.46,3.25519,0.05775,0.09228,AUTO,HAZARD_VISION_STOP,0.0000,0.0000,0.0000,0.0000,0.0000,0.0000,3
44.48,3.25519,0.05775,0.09228,AUTO,HAZARD_VISION_STOP,0.0000,0.0000,0.0000,0.0000,0.0000,0.0000,3
44.50,3.25519,0.05775,0.09228,AUTO,HAZARD_VISION_STOP,0.0000,0.0000,0.0000,0.0000,0.0000,0.0000,3
44.52,3.25519,0.05775,0.09228,AUTO,HAZARD_VISION_STOP,0.0000,0.0000,0.0000,0.0000,0.0000,0.0000,3
44.54,3.25519,0.05775,0.09228,AUTO,HAZARD_VISION_STOP,0.0000,0.0000,0.0000,0.0000,0.0000,0.0000,3
44.56,3.25519,0.05775,0.09228,AUTO,HAZARD_VISION_STOP,0.0000,0.0000,0.0000,0.0000,0.0000,0.0000,3
44.58,3.25519,0.05775,0.09228,AUTO,HAZARD_VISION_STOP,0.0000,0.0000,0.0000,0.0000,0.0000,0.0000,3
44.60,3.25519,0.05775,0.09228,AUTO,HAZARD_VISION_STOP,0.0000,0.0000,0.0000,0.0000,0.0000,0.0000,3
44.62,3.25519,0.05775,0.09228,AUTO,HAZARD_VISION_STOP,0.0000,0.0000,0.0000,0.0000,0.0000,0.0000,3
44.64,3.25519,0.05775,0.09228,AUTO,HAZARD_VISION_STOP,0.0000,0.0000,0.0000,0.0000,0.0000,0.0000,3
44.66,3.25519,0.05775,0.09228,AUTO,HAZARD_VISION_STOP,0.0000,0.0000,0.0000,0.0000,0.0000,0.0000,3
44.68,3.25519,0.05775,0.09228,AUTO,HAZARD_VISION_STOP,0.0000,0.0000,0.0000,0.0000,0.0000,0.0000,3
44.70,3.25519,0.05775,0.09228,AUTO,HAZARD_VISION_STOP,0.0000,0.0000,0.0000,0.0000,0.0000,0.0000,3
44.72,3.25519,0.05775,0.09228,AUTO,HAZARD_VISION_STOP,0.0000,0.0000,0.0000,0.0000,0.0000,0.0000,3
44.74,3.25519,0.05775,0.09228,AUTO,HAZARD_VISION_STOP,0.0000,0.0000,0.0000,0.0000,0.0000,0.0000,3
44.76,3.25519,0.05775,0.09228,AUTO,HAZARD_VISION_STOP,0.0000,0.0000,0.0000,0.0000,0.0000,0.0000,3
44.78,3.25519,0.05775,0.09228,AUTO,HAZARD_VISION_STOP,0.0000,0.0000,0.0000,0.0000,0.0000,0.0000,3
44.80,3.25519,0.05775,0.09228,AUTO,HAZARD_VISION_STOP,0.0000,0.0000,0.0000,0.0000,0.0000,0.0000,3
44.82,3.25519,0.05775,0.09228,AUTO,HAZARD_VISION_STOP,0.0000,0.0000,0.0000,0.0000,0.0000,0.0000,3
44.84,3.25519,0.05775,0.09228,AUTO,HAZARD_VISION_STOP,0.0000,0.0000,0.0000,0.0000,0.0000,0.0000,3
44.86,3.25519,0.05775,0.09228,AUTO,HAZARD_VISION_STOP,0.0000,0.0000,0.0000,0.0000,0.0000,0.0000,3
44.88,3.25519,0.05775,0.09228,AUTO,HAZARD_VISION_STOP,0.0000,0.0000,0.0000,0.0000,0.0000,0.0000,3
44.90,3.25519,0.05775,0.09228,AUTO,HAZARD_VISION_STOP,0.0000,0.0000,0.0000,0.0000,0.0000,0.0000,3
44.92,3.25519,0.05775,0.09228,AUTO,HAZARD_VISION_STOP,0.0000,0.0000,0.0000,0.0000,0.0000,0.0000,3
44.94,3.25519,0.05775,0.09228,AUTO,HAZARD_VISION_STOP,0.0000,0.0000,0.0000,0.0000,0.0000,0.0000,3
44.96,3.25519,0.05775,0.09228,AUTO,HAZARD_VISION_STOP,0.0000,0.0000,0.0000,0.0000,0.0000,0.0000,3
44.98,3.25519,0.05775,0.09228,AUTO,HAZARD_VISION_STOP,0.0000,0.0000,0.0000,0.0000,0.0000,0.0000,3
45.00,3.25519,0.05775,0.09228,AUTO,HAZARD_VISION_STOP,0.0000,0.0000,0.0000,0.0000,0.0000,0.0000,3
45.02,3.25519,0.05775,0.09228,AUTO,HAZARD_VISION_STOP,0.0000,0.0000,0.0000,0.0000,0.0000,0.0000,3
45.04,3.25519,0.05775,0.09228,AUTO,HAZARD_VISION_STOP,0.0000,0.0000,0.0000,0.0000,0.0000,0.0000,3
45.06,3.25519,0.05775,0.09228,AUTO,HAZARD_VISION_STOP,0.0000,0.0000,0.0000,0.0000,0.0000,0.0000,3
45.08,3.25519,0.05775,0.09228,AUTO,HAZARD_VISION_STOP,0.0000,0.0000,0.0000,0.0000,0.0000,0.0000,3
45.10,3.25519,0.05775,0.09228,AUTO,HAZARD_VISION_STOP,0.0000,0.0000,0.0000,0.0000,0.0000,0.0000,3
45.12,3.25519,0.05775,0.09228,AUTO,HAZARD_VISION_STOP,0.0000,0.0000,0.0000,0.0000,0.0000,0.0000,3
45.14,3.25519,0.05775,0.09228,AUTO,HAZARD_VISION_STOP,0.0000,0.0000,0.0000,0.0000,0.0000,0.0000,3
45.16,3.25519,0.05775,0.09228,AUTO,HAZARD_VISION_STOP,0.0000,0.0000,0.0000,0.0000,0.0000,0.0000,3
45.18,3.25519,0.05775,0.09228,AUTO,HAZARD_VISION_STOP,0.0000,0.0000,0.0000,0.0000,0.0000,0.0000,3
45.20,3.25519,0.05775,0.09228,AUTO,HAZARD_VISION_STOP,0.0000,0.0000,0.0000,0.0000,0.0000,0.0000,3
45.22,3.25519,0.05775,0.09228,AUTO,HAZARD_VISION_STOP,0.0000,0.0000,0.0000,0.0000,0.0000,0.0000,3
45.24,3.25519,0.05775,0.09228,AUTO,HAZARD_VISION_STOP,0.0000,0.0000,0.0000,0.0000,0.0000,0.0000,3
45.26,3.25519,0.05775,0.09228,AUTO,HAZARD_VISION_STOP,0.0000,0.0000,0.0000,0.0000,0.0000,0.0000,3
45.28,3.25519,0.05775,0.09228,AUTO,HAZARD_VISION_STOP,0.0000,0.0000,0.0000,0.0000,0.0000,0.0000,3
45.30,3.25519,0.05775,0.09228,AUTO,HAZARD_VISION_STOP,0.0000,0.0000,0.0000,0.0000,0.0000,0.0000,3
45.32,3.25519,0.05775,0.09228,AUTO,HAZARD_VISION_STOP,0.0000,0.0000,0.0000,0.0000,0.0000,0.0000,3
45.34,3.25519,0.05775,0.09228,AUTO,HAZARD_VISION_STOP,0.0000,0.0000,0.0000,0.0000,0.0000,0.0000,3
45.36,3.25519,0.05775,0.09228,AUTO,HAZARD_VISION_STOP,0.0000,0.0000,0.0000,0.0000,0.0000,0.0000,3
45.38,3.25519,0.05775,0.09228,AUTO,HAZARD_VISION_STOP,0.0000,0.0000,0.0000,0.0000,0.0000,0.0000,3
45.40,3.25519,0.05775,0.09228,AUTO,HAZARD_VISION_STOP,0.0000,0.0000,0.0000,0.0000,0.0000,0.0000,3
45.42,3.25519,0.05775,0.09228,AUTO,HAZARD_VISION_STOP,0.0000,0.0000,0.0000,0.0000,0.0000,0.0000,3
45.44,3.25519,0.05775,0.09228,AUTO,HAZARD_VISION_STOP,0.0000,0.0000,0.0000,0.0000,0.0000,0.0000,3
45.46,3.25519,0.05775,0.09228,AUTO,HAZARD_VISION_STOP,0.0000,0.0000,0.0000,0.0000,0.0000,0.0000,3
45.48,3.25519,0.05775,0.09228,AUTO,HAZARD_VISION_STOP,0.0000,0.0000,0.0000,0.0000,0.0000,0.0000,3
45.50,3.25519,0.05775,0.09228,AUTO,HAZARD_VISION_STOP,0.0000,0.0000,0.0000,0.0000,0.0000,0.0000,3
45.52,3.25519,0.05775,0.09228,AUTO,HAZARD_VISION_STOP,0.0000,0.0000,0.0000,0.0000,0.0000,0.0000,3
45.54,3.25519,0.05775,0.09228,AUTO,HAZARD_VISION_STOP,0.0000,0.0000,0.0000,0.0000,0.0000,0.0000,3
45.56,3.25519,0.05775,0.09228,AUTO,HAZARD_VISION_STOP,0.0000,0.0000,0.0000,0.0000,0.0000,0.0000,3
45.58,3.25519,0.05775,0.09228,AUTO,HAZARD_VISION_STOP,0.0000,0.0000,0.0000,0.0000,0.0000,0.0000,3
45.60,3.25519,0.05775,0.09228,AUTO,HAZARD_VISION_STOP,0.0000,0.0000,0.0000,0.0000,0.0000,0.0000,3
45.62,3.25519,0.05775,0.09228,AUTO,HAZARD_VISION_STOP,0.0000,0.0000,0.0000,0.0000,0.0000,0.0000,3
45.64,3.25519,0.05775,0.09228,AUTO,HAZARD_VISION_STOP,0.0000,0.0000,0.0000,0.0000,0.0000,0.0000,3
45.66,3.25519,0.05775,0.09228,AUTO,HAZARD_VISION_STOP,0.0000,0.0000,0.0000,0.0000,0.0000,0.0000,3
45.68,3.25519,0.05775,0.09228,AUTO,HAZARD_VISION_STOP,0.0000,0.0000,0.0000,0.0000,0.0000,0.0000,3
45.70,3.25519,0.05775,0.09228,AUTO,HAZARD_VISION_STOP,0.0000,0.0000,0.0000,0.0000,0.0000,0.0000,3
45.72,3.25519,0.05775,0.09228,AUTO,HAZARD_VISION_STOP,0.0000,0.0000,0.0000,0.0000,0.0000,0.0000,3
45.74,3.25519,0.05775,0.09228,AUTO,HAZARD_VISION_STOP,0.0000,0.0000,0.0000,0.0000,0.0000,0.0000,3
45.76,3.25519,0.05775,0.09228,AUTO,HAZARD_VISION_STOP,0.0000,0.0000,0.0000,0.0000,0.0000,0.0000,3
45.78,3.25519,0.05775,0.09228,AUTO,HAZARD_VISION_STOP,0.0000,0.0000,0.0000,0.0000,0.0000,0.0000,3
45.80,3.25519,0.05775,0.09228,AUTO,HAZARD_VISION_STOP,0.0000,0.0000,0.0000,0.0000,0.0000,0.0000,3
45.82,3.25519,0.05775,0.09228,AUTO,HAZARD_VISION_STOP,0.0000,0.0000,0.0000,0.0000,0.0000,0.0000,3
45.84,3.25519,0.05775,0.09228,AUTO,HAZARD_VISION_STOP,0.0000,0.0000,0.0000,0.0000,0.0000,0.0000,3
45.86,3.25519,0.05775,0.09228,AUTO,HAZARD_VISION_STOP,0.0000,0.0000,0.0000,0.0000,0.0000,0.0000,3
45.88,3.25519,0.05775,0.09228,AUTO,HAZARD_VISION_STOP,0.0000,0.0000,0.0000,0.0000,0.0000,0.0000,3
45.90,3.25519,0.05775,0.09228,AUTO,HAZARD_VISION_STOP,0.0000,0.0000,0.0000,0.0000,0.0000,0.0000,3
45.92,3.25519,0.05775,0.09228,AUTO,HAZARD_VISION_STOP,0.0000,0.0000,0.0000,0.0000,0.0000,0.0000,3
45.94,3.25519,0.05775,0.09228,AUTO,HAZARD_VISION_STOP,0.0000,0.0000,0.0000,0.0000,0.0000,0.0000,3
45.96,3.25519,0.05775,0.09228,AUTO,HAZARD_VISION_STOP,0.0000,0.0000,0.0000,0.0000,0.0000,0.0000,3
45.98,3.25519,0.05775,0.09228,AUTO,HAZARD_VISION_STOP,0.0000,0.0000,0.0000,0.0000,0.0000,0.0000,3
46.00,3.25519,0.05775,0.09228,AUTO,HAZARD_VISION_STOP,0.0000,0.0000,0.0000,0.0000,0.0000,0.0000,3
46.02,3.25519,0.05775,0.09228,AUTO,HAZARD_VISION_STOP,0.0000,0.0000,0.0000,0.0000,0.0000,0.0000,3
46.04,3.25519,0.05775,0.09228,AUTO,HAZARD_VISION_STOP,0.0000,0.0000,0.0000,0.0000,0.0000,0.0000,3
46.06,3.25519,0.05775,0.09228,AUTO,HAZARD_VISION_STOP,0.0000,0.0000,0.0000,0.0000,0.0000,0.0000,3
46.08,3.25519,0.05775,0.09228,AUTO,HAZARD_VISION_STOP,0.0000,0.0000,0.0000,0.0000,0.0000,0.0000,3
46.10,3.25519,0.05775,0.09228,AUTO,HAZARD_VISION_STOP,0.0000,0.0000,0.0000,0.0000,0.0000,0.0000,3
46.12,3.25519,0.05775,0.09228,AUTO,HAZARD_VISION_STOP,0.0000,0.0000,0.0000,0.0000,0.0000,0.0000,3
46.14,3.25519,0.05775,0.09228,AUTO,HAZARD_VISION_STOP,0.0000,0.0000,0.0000,0.0000,0.0000,0.0000,3
46.16,3.25519,0.05775,0.09228,AUTO,HAZARD_VISION_STOP,0.0000,0.0000,0.0000,0.0000,0.0000,0.0000,3
46.18,3.25519,0.05775,0.09228,AUTO,HAZARD_VISION_STOP,0.0000,0.0000,0.0000,0.0000,0.0000,0.0000,3
46.20,3.25519,0.05775,0.09228,AUTO,HAZARD_VISION_STOP,0.0000,0.0000,0.0000,0.0000,0.0000,0.0000,3
46.22,3.25519,0.05775,0.09228,AUTO,HAZARD_VISION_STOP,0.0000,0.0000,0.0000,0.0000,0.0000,0.0000,3
46.24,3.25519,0.05775,0.09228,AUTO,HAZARD_VISION_STOP,0.0000,0.0000,0.0000,0.0000,0.0000,0.0000,3
46.26,3.25519,0.05775,0.09228,AUTO,HAZARD_VISION_STOP,0.0000,0.0000,0.0000,0.0000,0.0000,0.0000,3
46.28,3.25519,0.05775,0.09228,AUTO,HAZARD_VISION_STOP,0.0000,0.0000,0.0000,0.0000,0.0000,0.0000,3
46.30,3.25519,0.05775,0.09228,AUTO,HAZARD_VISION_STOP,0.0000,0.0000,0.0000,0.0000,0.0000,0.0000,3
46.32,3.25519,0.05775,0.09228,AUTO,HAZARD_VISION_STOP,0.0000,0.0000,0.0000,0.0000,0.0000,0.0000,3
46.34,3.25519,0.05775,0.09228,AUTO,HAZARD_VISION_STOP,0.0000,0.0000,0.0000,0.0000,0.0000,0.0000,3
46.36,3.25519,0.05775,0.09228,AUTO,HAZARD_VISION_STOP,0.0000,0.0000,0.0000,0.0000,0.0000,0.0000,3
46.38,3.25519,0.05775,0.09228,AUTO,HAZARD_VISION_STOP,0.0000,0.0000,0.0000,0.0000,0.0000,0.0000,3
46.40,3.25519,0.05775,0.09228,AUTO,HAZARD_VISION_STOP,0.0000,0.0000,0.0000,0.0000,0.0000,0.0000,3
46.42,3.25519,0.05775,0.09228,AUTO,HAZARD_VISION_STOP,0.0000,0.0000,0.0000,0.0000,0.0000,0.0000,3
46.44,3.25519,0.05775,0.09228,AUTO,HAZARD_VISION_STOP,0.0000,0.0000,0.0000,0.0000,0.0000,0.0000,3
46.46,3.25519,0.05775,0.09228,AUTO,HAZARD_VISION_STOP,0.0000,0.0000,0.0000,0.0000,0.0000,0.0000,3
46.48,3.25519,0.05775,0.09228,AUTO,HAZARD_VISION_STOP,0.0000,0.0000,0.0000,0.0000,0.0000,0.0000,3
46.50,3.25519,0.05775,0.09228,AUTO,HAZARD_VISION_STOP,0.0000,0.0000,0.0000,0.0000,0.0000,0.0000,3
46.52,3.25519,0.05775,0.09228,AUTO,HAZARD_VISION_STOP,0.0000,0.0000,0.0000,0.0000,0.0000,0.0000,3
46.54,3.25519,0.05775,0.09228,AUTO,HAZARD_VISION_STOP,0.0000,0.0000,0.0000,0.0000,0.0000,0.0000,3
46.56,3.25519,0.05775,0.09228,AUTO,HAZARD_VISION_STOP,0.0000,0.0000,0.0000,0.0000,0.0000,0.0000,3
46.58,3.25519,0.05775,0.09228,AUTO,HAZARD_VISION_STOP,0.0000,0.0000,0.0000,0.0000,0.0000,0.0000,3
46.60,3.25519,0.05775,0.09228,AUTO,HAZARD_VISION_STOP,0.0000,0.0000,0.0000,0.0000,0.0000,0.0000,3
46.62,3.25519,0.05775,0.09228,AUTO,HAZARD_VISION_STOP,0.0000,0.0000,0.0000,0.0000,0.0000,0.0000,3
46.64,3.25519,0.05775,0.09228,AUTO,HAZARD_VISION_STOP,0.0000,0.0000,0.0000,0.0000,0.0000,0.0000,3
46.66,3.25519,0.05775,0.09228,AUTO,HAZARD_VISION_STOP,0.0000,0.0000,0.0000,0.0000,0.0000,0.0000,3
46.68,3.25519,0.05775,0.09228,AUTO,HAZARD_VISION_STOP,0.0000,0.0000,0.0000,0.0000,0.0000,0.0000,3
46.70,3.25519,0.05775,0.09228,AUTO,HAZARD_VISION_STOP,0.0000,0.0000,0.0000,0.0000,0.0000,0.0000,3
46.72,3.25519,0.05775,0.09228,AUTO,HAZARD_VISION_STOP,0.0000,0.0000,0.0000,0.0000,0.0000,0.0000,3
46.74,3.25519,0.05775,0.09228,AUTO,HAZARD_VISION_STOP,0.0000,0.0000,0.0000,0.0000,0.0000,0.0000,3
46.76,3.25519,0.05775,0.09228,AUTO,HAZARD_VISION_STOP,0.0000,0.0000,0.0000,0.0000,0.0000,0.0000,3
46.78,3.25519,0.05775,0.09228,AUTO,HAZARD_VISION_STOP,0.0000,0.0000,0.0000,0.0000,0.0000,0.0000,3
46.80,3.25519,0.05775,0.09228,AUTO,HAZARD_VISION_STOP,0.0000,0.0000,0.0000,0.0000,0.0000,0.0000,3
46.82,3.25519,0.05775,0.09228,AUTO,HAZARD_VISION_STOP,0.0000,0.0000,0.0000,0.0000,0.0000,0.0000,3
46.84,3.25519,0.05775,0.09228,AUTO,HAZARD_VISION_STOP,0.0000,0.0000,0.0000,0.0000,0.0000,0.0000,3
46.86,3.25519,0.05775,0.09228,AUTO,HAZARD_VISION_STOP,0.0000,0.0000,0.0000,0.0000,0.0000,0.0000,3
46.88,3.25519,0.05775,0.09228,AUTO,HAZARD_VISION_STOP,0.0000,0.0000,0.0000,0.0000,0.0000,0.0000,3
46.90,3.25519,0.05775,0.09228,AUTO,HAZARD_VISION_STOP,0.0000,0.0000,0.0000,0.0000,0.0000,0.0000,3
46.92,3.25519,0.05775,0.09228,AUTO,HAZARD_VISION_STOP,0.0000,0.0000,0.0000,0.0000,0.0000,0.0000,3
46.94,3.25519,0.05775,0.09228,AUTO,HAZARD_VISION_STOP,0.0000,0.0000,0.0000,0.0000,0.0000,0.0000,3
46.96,3.25519,0.05775,0.09228,AUTO,HAZARD_VISION_STOP,0.0000,0.0000,0.0000,0.0000,0.0000,0.0000,3
46.98,3.25519,0.05775,0.09228,AUTO,HAZARD_VISION_STOP,0.0000,0.0000,0.0000,0.0000,0.0000,0.0000,3
47.00,3.25519,0.05775,0.09228,AUTO,HAZARD_VISION_STOP,0.0000,0.0000,0.0000,0.0000,0.0000,0.0000,3
47.02,3.25519,0.05775,0.09228,AUTO,HAZARD_VISION_STOP,0.0000,0.0000,0.0000,0.0000,0.0000,0.0000,3
47.04,3.25519,0.05775,0.09228,AUTO,HAZARD_VISION_STOP,0.0000,0.0000,0.0000,0.0000,0.0000,0.0000,3
47.06,3.25519,0.05775,0.09228,AUTO,HAZARD_VISION_STOP,0.0000,0.0000,0.0000,0.0000,0.0000,0.0000,3
47.08,3.25519,0.05775,0.09228,AUTO,HAZARD_VISION_STOP,0.0000,0.0000,0.0000,0.0000,0.0000,0.0000,3
47.10,3.25519,0.05775,0.09228,AUTO,HAZARD_VISION_STOP,0.0000,0.0000,0.0000,0.0000,0.0000,0.0000,3
47.12,3.25519,0.05775,0.09228,AUTO,HAZARD_VISION_STOP,0.0000,0.0000,0.0000,0.0000,0.0000,0.0000,3
47.14,3.25519,0.05775,0.09228,AUTO,HAZARD_VISION_STOP,0.0000,0.0000,0.0000,0.0000,0.0000,0.0000,3
47.16,3.25519,0.05775,0.09228,AUTO,HAZARD_VISION_STOP,0.0000,0.0000,0.0000,0.0000,0.0000,0.0000,3
47.18,3.25519,0.05775,0.09228,AUTO,HAZARD_VISION_STOP,0.0000,0.0000,0.0000,0.0000,0.0000,0.0000,3
47.20,3.25519,0.05775,0.09228,AUTO,HAZARD_VISION_STOP,0.0000,0.0000,0.0000,0.0000,0.0000,0.0000,3
47.22,3.25519,0.05775,0.09228,AUTO,HAZARD_VISION_STOP,0.0000,0.0000,0.0000,0.0000,0.0000,0.0000,3
47.24,3.25519,0.05775,0.09228,AUTO,HAZARD_VISION_STOP,0.0000,0.0000,0.0000,0.0000,0.0000,0.0000,3
47.26,3.25519,0.05775,0.09228,AUTO,HAZARD_VISION_STOP,0.0000,0.0000,0.0000,0.0000,0.0000,0.0000,3
47.28,3.25519,0.05775,0.09228,AUTO,HAZARD_VISION_STOP,0.0000,0.0000,0.0000,0.0000,0.0000,0.0000,3
47.30,3.25519,0.05775,0.09228,AUTO,HAZARD_VISION_STOP,0.0000,0.0000,0.0000,0.0000,0.0000,0.0000,3
47.32,3.25519,0.05775,0.09228,AUTO,HAZARD_VISION_STOP,0.0000,0.0000,0.0000,0.0000,0.0000,0.0000,3
47.34,3.25519,0.05775,0.09228,AUTO,HAZARD_VISION_STOP,0.0000,0.0000,0.0000,0.0000,0.0000,0.0000,3
47.36,3.25519,0.05775,0.09228,AUTO,HAZARD_VISION_STOP,0.0000,0.0000,0.0000,0.0000,0.0000,0.0000,3
47.38,3.25519,0.05775,0.09228,AUTO,HAZARD_VISION_STOP,0.0000,0.0000,0.0000,0.0000,0.0000,0.0000,3
47.40,3.25519,0.05775,0.09228,AUTO,HAZARD_VISION_STOP,0.0000,0.0000,0.0000,0.0000,0.0000,0.0000,3
47.42,3.25519,0.05775,0.09228,AUTO,HAZARD_VISION_STOP,0.0000,0.0000,0.0000,0.0000,0.0000,0.0000,3
47.44,3.25519,0.05775,0.09228,AUTO,HAZARD_VISION_STOP,0.0000,0.0000,0.0000,0.0000,0.0000,0.0000,3
47.46,3.25519,0.05775,0.09228,AUTO,HAZARD_VISION_STOP,0.0000,0.0000,0.0000,0.0000,0.0000,0.0000,3
47.48,3.25519,0.05775,0.09228,AUTO,HAZARD_VISION_STOP,0.0000,0.0000,0.0000,0.0000,0.0000,0.0000,3
47.50,3.25519,0.05775,0.09228,AUTO,HAZARD_VISION_STOP,0.0000,0.0000,0.0000,0.0000,0.0000,0.0000,3
47.52,3.25519,0.05775,0.09228,AUTO,HAZARD_VISION_STOP,0.0000,0.0000,0.0000,0.0000,0.0000,0.0000,3
47.54,3.25519,0.05775,0.09228,AUTO,HAZARD_VISION_STOP,0.0000,0.0000,0.0000,0.0000,0.0000,0.0000,3
47.56,3.25519,0.05775,0.09228,AUTO,HAZARD_VISION_STOP,0.0000,0.0000,0.0000,0.0000,0.0000,0.0000,3
47.58,3.25519,0.05775,0.09228,AUTO,HAZARD_VISION_STOP,0.0000,0.0000,0.0000,0.0000,0.0000,0.0000,3
47.60,3.25519,0.05775,0.09228,AUTO,HAZARD_VISION_STOP,0.0000,0.0000,0.0000,0.0000,0.0000,0.0000,3
47.62,3.25519,0.05775,0.09228,AUTO,HAZARD_VISION_STOP,0.0000,0.0000,0.0000,0.0000,0.0000,0.0000,3
47.64,3.25519,0.05775,0.09228,AUTO,HAZARD_VISION_STOP,0.0000,0.0000,0.0000,0.0000,0.0000,0.0000,3
47.66,3.25519,0.05775,0.09228,AUTO,HAZARD_VISION_STOP,0.0000,0.0000,0.0000,0.0000,0.0000,0.0000,3
47.68,3.25519,0.05775,0.09228,AUTO,HAZARD_VISION_STOP,0.0000,0.0000,0.0000,0.0000,0.0000,0.0000,3
47.70,3.25519,0.05775,0.09228,AUTO,HAZARD_VISION_STOP,0.0000,0.0000,0.0000,0.0000,0.0000,0.0000,3
47.72,3.25519,0.05775,0.09228,AUTO,HAZARD_VISION_STOP,0.0000,0.0000,0.0000,0.0000,0.0000,0.0000,3
47.74,3.25519,0.05775,0.09228,AUTO,HAZARD_VISION_STOP,0.0000,0.0000,0.0000,0.0000,0.0000,0.0000,3
47.76,3.25519,0.05775,0.09228,AUTO,HAZARD_VISION_STOP,0.0000,0.0000,0.0000,0.0000,0.0000,0.0000,3
47.78,3.25519,0.05775,0.09228,AUTO,HAZARD_VISION_STOP,0.0000,0.0000,0.0000,0.0000,0.0000,0.0000,3
47.80,3.25519,0.05775,0.09228,AUTO,HAZARD_VISION_STOP,0.0000,0.0000,0.0000,0.0000,0.0000,0.0000,3
47.82,3.25519,0.05775,0.09228,AUTO,HAZARD_VISION_STOP,0.0000,0.0000,0.0000,0.0000,0.0000,0.0000,3
47.84,3.25519,0.05775,0.09228,AUTO,HAZARD_VISION_STOP,0.0000,0.0000,0.0000,0.0000,0.0000,0.0000,3
47.86,3.25519,0.05775,0.09228,AUTO,HAZARD_VISION_STOP,0.0000,0.0000,0.0000,0.0000,0.0000,0.0000,3
47.88,3.25519,0.05775,0.09228,AUTO,HAZARD_VISION_STOP,0.0000,0.0000,0.0000,0.0000,0.0000,0.0000,3
47.90,3.25519,0.05775,0.09228,AUTO,HAZARD_VISION_STOP,0.0000,0.0000,0.0000,0.0000,0.0000,0.0000,3
47.92,3.25519,0.05775,0.09228,AUTO,HAZARD_VISION_STOP,0.0000,0.0000,0.0000,0.0000,0.0000,0.0000,3
47.94,3.25519,0.05775,0.09228,AUTO,HAZARD_VISION_STOP,0.0000,0.0000,0.0000,0.0000,0.0000,0.0000,3
47.96,3.25519,0.05775,0.09228,AUTO,HAZARD_VISION_STOP,0.0000,0.0000,0.0000,0.0000,0.0000,0.0000,3
47.98,3.25519,0.05775,0.09228,AUTO,HAZARD_VISION_STOP,0.0000,0.0000,0.0000,0.0000,0.0000,0.0000,3
48.00,3.25519,0.05775,0.09228,AUTO,HAZARD_VISION_STOP,0.0000,0.0000,0.0000,0.0000,0.0000,0.0000,3
48.02,3.25519,0.05775,0.09228,AUTO,HAZARD_VISION_STOP,0.0000,0.0000,0.0000,0.0000,0.0000,0.0000,3
48.04,3.25519,0.05775,0.09228,AUTO,HAZARD_VISION_STOP,0.0000,0.0000,0.0000,0.0000,0.0000,0.0000,3
48.06,3.25519,0.05775,0.09228,AUTO,HAZARD_VISION_STOP,0.0000,0.0000,0.0000,0.0000,0.0000,0.0000,3
48.08,3.25519,0.05775,0.09228,AUTO,HAZARD_VISION_STOP,0.0000,0.0000,0.0000,0.0000,0.0000,0.0000,3
48.10,3.25519,0.05775,0.09228,AUTO,HAZARD_VISION_STOP,0.0000,0.0000,0.0000,0.0000,0.0000,0.0000,3
48.12,3.25519,0.05775,0.09228,AUTO,HAZARD_VISION_STOP,0.0000,0.0000,0.0000,0.0000,0.0000,0.0000,3
48.14,3.25519,0.05775,0.09228,AUTO,HAZARD_VISION_STOP,0.0000,0.0000,0.0000,0.0000,0.0000,0.0000,3
48.16,3.25519,0.05775,0.09228,AUTO,HAZARD_VISION_STOP,0.0000,0.0000,0.0000,0.0000,0.0000,0.0000,3
48.18,3.25519,0.05775,0.09228,AUTO,HAZARD_VISION_STOP,0.0000,0.0000,0.0000,0.0000,0.0000,0.0000,3
48.20,3.25519,0.05775,0.09228,AUTO,HAZARD_VISION_STOP,0.0000,0.0000,0.0000,0.0000,0.0000,0.0000,3
48.22,3.25519,0.05775,0.09228,AUTO,HAZARD_VISION_STOP,0.0000,0.0000,0.0000,0.0000,0.0000,0.0000,3
48.24,3.25519,0.05775,0.09228,AUTO,HAZARD_VISION_STOP,0.0000,0.0000,0.0000,0.0000,0.0000,0.0000,3
48.26,3.25519,0.05775,0.09228,AUTO,HAZARD_VISION_STOP,0.0000,0.0000,0.0000,0.0000,0.0000,0.0000,3
48.28,3.25519,0.05775,0.09228,AUTO,HAZARD_VISION_STOP,0.0000,0.0000,0.0000,0.0000,0.0000,0.0000,3
48.30,3.25519,0.05775,0.09228,AUTO,HAZARD_VISION_STOP,0.0000,0.0000,0.0000,0.0000,0.0000,0.0000,3
48.32,3.25519,0.05775,0.09228,AUTO,HAZARD_VISION_STOP,0.0000,0.0000,0.0000,0.0000,0.0000,0.0000,3
48.34,3.25519,0.05775,0.09228,AUTO,HAZARD_VISION_STOP,0.0000,0.0000,0.0000,0.0000,0.0000,0.0000,3
48.36,3.25519,0.05775,0.09228,AUTO,HAZARD_VISION_STOP,0.0000,0.0000,0.0000,0.0000,0.0000,0.0000,3
48.38,3.25519,0.05775,0.09228,AUTO,HAZARD_VISION_STOP,0.0000,0.0000,0.0000,0.0000,0.0000,0.0000,3
48.40,3.25519,0.05775,0.09228,AUTO,HAZARD_VISION_STOP,0.0000,0.0000,0.0000,0.0000,0.0000,0.0000,3
48.42,3.25519,0.05775,0.09228,AUTO,HAZARD_VISION_STOP,0.0000,0.0000,0.0000,0.0000,0.0000,0.0000,3
48.44,3.25519,0.05775,0.09228,AUTO,HAZARD_VISION_STOP,0.0000,0.0000,0.0000,0.0000,0.0000,0.0000,3
48.46,3.25519,0.05775,0.09228,AUTO,HAZARD_VISION_STOP,0.0000,0.0000,0.0000,0.0000,0.0000,0.0000,3
48.48,3.25519,0.05775,0.09228,AUTO,HAZARD_VISION_STOP,0.0000,0.0000,0.0000,0.0000,0.0000,0.0000,3
48.50,3.25519,0.05775,0.09228,AUTO,HAZARD_VISION_STOP,0.0000,0.0000,0.0000,0.0000,0.0000,0.0000,3
48.52,3.25519,0.05775,0.09228,AUTO,HAZARD_VISION_STOP,0.0000,0.0000,0.0000,0.0000,0.0000,0.0000,3
48.54,3.25519,0.05775,0.09228,AUTO,HAZARD_VISION_STOP,0.0000,0.0000,0.0000,0.0000,0.0000,0.0000,3
48.56,3.25519,0.05775,0.09228,AUTO,HAZARD_VISION_STOP,0.0000,0.0000,0.0000,0.0000,0.0000,0.0000,3
48.58,3.25519,0.05775,0.09228,AUTO,HAZARD_VISION_STOP,0.0000,0.0000,0.0000,0.0000,0.0000,0.0000,3
48.60,3.25519,0.05775,0.09228,AUTO,HAZARD_VISION_STOP,0.0000,0.0000,0.0000,0.0000,0.0000,0.0000,3
48.62,3.25519,0.05775,0.09228,AUTO,HAZARD_VISION_STOP,0.0000,0.0000,0.0000,0.0000,0.0000,0.0000,3
48.64,3.25519,0.05775,0.09228,AUTO,HAZARD_VISION_STOP,0.0000,0.0000,0.0000,0.0000,0.0000,0.0000,3
48.66,3.25519,0.05775,0.09228,AUTO,HAZARD_VISION_STOP,0.0000,0.0000,0.0000,0.0000,0.0000,0.0000,3
48.68,3.25519,0.05775,0.09228,AUTO,HAZARD_VISION_STOP,0.0000,0.0000,0.0000,0.0000,0.0000,0.0000,3
48.70,3.25519,0.05775,0.09228,AUTO,HAZARD_VISION_STOP,0.0000,0.0000,0.0000,0.0000,0.0000,0.0000,3
48.72,3.25519,0.05775,0.09228,AUTO,HAZARD_VISION_STOP,0.0000,0.0000,0.0000,0.0000,0.0000,0.0000,3
48.74,3.25519,0.05775,0.09228,AUTO,HAZARD_VISION_STOP,0.0000,0.0000,0.0000,0.0000,0.0000,0.0000,3
48.76,3.25519,0.05775,0.09228,AUTO,HAZARD_VISION_STOP,0.0000,0.0000,0.0000,0.0000,0.0000,0.0000,3
48.78,3.25519,0.05775,0.09228,AUTO,HAZARD_VISION_STOP,0.0000,0.0000,0.0000,0.0000,0.0000,0.0000,3
48.80,3.25519,0.05775,0.09228,AUTO,HAZARD_VISION_STOP,0.0000,0.0000,0.0000,0.0000,0.0000,0.0000,3
48.82,3.25519,0.05775,0.09228,AUTO,HAZARD_VISION_STOP,0.0000,0.0000,0.0000,0.0000,0.0000,0.0000,3
48.84,3.25519,0.05775,0.09228,AUTO,HAZARD_VISION_STOP,0.0000,0.0000,0.0000,0.0000,0.0000,0.0000,3
48.86,3.25519,0.05775,0.09228,AUTO,HAZARD_VISION_STOP,0.0000,0.0000,0.0000,0.0000,0.0000,0.0000,3
48.88,3.25519,0.05775,0.09228,AUTO,HAZARD_VISION_STOP,0.0000,0.0000,0.0000,0.0000,0.0000,0.0000,3
48.90,3.25519,0.05775,0.09228,AUTO,HAZARD_VISION_STOP,0.0000,0.0000,0.0000,0.0000,0.0000,0.0000,3
48.92,3.25519,0.05775,0.09228,AUTO,HAZARD_VISION_STOP,0.0000,0.0000,0.0000,0.0000,0.0000,0.0000,3
48.94,3.25519,0.05775,0.09228,AUTO,HAZARD_VISION_STOP,0.0000,0.0000,0.0000,0.0000,0.0000,0.0000,3
48.96,3.25519,0.05775,0.09228,AUTO,HAZARD_VISION_STOP,0.0000,0.0000,0.0000,0.0000,0.0000,0.0000,3
48.98,3.25519,0.05775,0.09228,AUTO,HAZARD_VISION_STOP,0.0000,0.0000,0.0000,0.0000,0.0000,0.0000,3
49.00,3.25519,0.05775,0.09228,AUTO,HAZARD_VISION_STOP,0.0000,0.0000,0.0000,0.0000,0.0000,0.0000,3
49.02,3.25519,0.05775,0.09228,AUTO,HAZARD_VISION_STOP,0.0000,0.0000,0.0000,0.0000,0.0000,0.0000,3
49.04,3.25519,0.05775,0.09228,AUTO,HAZARD_VISION_STOP,0.0000,0.0000,0.0000,0.0000,0.0000,0.0000,3
49.06,3.25519,0.05775,0.09228,AUTO,HAZARD_VISION_STOP,0.0000,0.0000,0.0000,0.0000,0.0000,0.0000,3
49.08,3.25519,0.05775,0.09228,AUTO,HAZARD_VISION_STOP,0.0000,0.0000,0.0000,0.0000,0.0000,0.0000,3
49.10,3.25519,0.05775,0.09228,AUTO,HAZARD_VISION_STOP,0.0000,0.0000,0.0000,0.0000,0.0000,0.0000,3
49.12,3.25519,0.05775,0.09228,AUTO,HAZARD_VISION_STOP,0.0000,0.0000,0.0000,0.0000,0.0000,0.0000,3
49.14,3.25519,0.05775,0.09228,AUTO,HAZARD_VISION_STOP,0.0000,0.0000,0.0000,0.0000,0.0000,0.0000,3
49.16,3.25519,0.05775,0.09228,AUTO,HAZARD_VISION_STOP,0.0000,0.0000,0.0000,0.0000,0.0000,0.0000,3
49.18,3.25519,0.05775,0.09228,AUTO,HAZARD_VISION_STOP,0.0000,0.0000,0.0000,0.0000,0.0000,0.0000,3
49.20,3.25519,0.05775,0.09228,AUTO,HAZARD_VISION_STOP,0.0000,0.0000,0.0000,0.0000,0.0000,0.0000,3
49.22,3.25519,0.05775,0.09228,AUTO,HAZARD_VISION_STOP,0.0000,0.0000,0.0000,0.0000,0.0000,0.0000,3
49.24,3.25519,0.05775,0.09228,AUTO,HAZARD_VISION_STOP,0.0000,0.0000,0.0000,0.0000,0.0000,0.0000,3
49.26,3.25519,0.05775,0.09228,AUTO,HAZARD_VISION_STOP,0.0000,0.0000,0.0000,0.0000,0.0000,0.0000,3
49.28,3.25519,0.05775,0.09228,AUTO,HAZARD_VISION_STOP,0.0000,0.0000,0.0000,0.0000,0.0000,0.0000,3
49.30,3.25519,0.05775,0.09228,AUTO,HAZARD_VISION_STOP,0.0000,0.0000,0.0000,0.0000,0.0000,0.0000,3
49.32,3.25519,0.05775,0.09228,AUTO,HAZARD_VISION_STOP,0.0000,0.0000,0.0000,0.0000,0.0000,0.0000,3
49.34,3.25519,0.05775,0.09228,AUTO,HAZARD_VISION_STOP,0.0000,0.0000,0.0000,0.0000,0.0000,0.0000,3
49.36,3.25519,0.05775,0.09228,AUTO,HAZARD_VISION_STOP,0.0000,0.0000,0.0000,0.0000,0.0000,0.0000,3
49.38,3.25519,0.05775,0.09228,AUTO,HAZARD_VISION_STOP,0.0000,0.0000,0.0000,0.0000,0.0000,0.0000,3
49.40,3.25519,0.05775,0.09228,AUTO,HAZARD_VISION_STOP,0.0000,0.0000,0.0000,0.0000,0.0000,0.0000,3
49.42,3.25519,0.05775,0.09228,AUTO,HAZARD_VISION_STOP,0.0000,0.0000,0.0000,0.0000,0.0000,0.0000,3
49.44,3.25519,0.05775,0.09228,AUTO,HAZARD_VISION_STOP,0.0000,0.0000,0.0000,0.0000,0.0000,0.0000,3
49.46,3.25519,0.05775,0.09228,AUTO,HAZARD_VISION_STOP,0.0000,0.0000,0.0000,0.0000,0.0000,0.0000,3
49.48,3.25519,0.05775,0.09228,AUTO,HAZARD_VISION_STOP,0.0000,0.0000,0.0000,0.0000,0.0000,0.0000,3
49.50,3.25519,0.05775,0.09228,AUTO,HAZARD_VISION_STOP,0.0000,0.0000,0.0000,0.0000,0.0000,0.0000,3
49.52,3.25519,0.05775,0.09228,AUTO,HAZARD_VISION_STOP,0.0000,0.0000,0.0000,0.0000,0.0000,0.0000,3
49.54,3.25519,0.05775,0.09228,AUTO,HAZARD_VISION_STOP,0.0000,0.0000,0.0000,0.0000,0.0000,0.0000,3
49.56,3.25519,0.05775,0.09228,AUTO,HAZARD_VISION_STOP,0.0000,0.0000,0.0000,0.0000,0.0000,0.0000,3
49.58,3.25519,0.05775,0.09228,AUTO,HAZARD_VISION_STOP,0.0000,0.0000,0.0000,0.0000,0.0000,0.0000,3
49.60,3.25519,0.05775,0.09228,AUTO,HAZARD_VISION_STOP,0.0000,0.0000,0.0000,0.0000,0.0000,0.0000,3
49.62,3.25519,0.05775,0.09228,AUTO,HAZARD_VISION_STOP,0.0000,0.0000,0.0000,0.0000,0.0000,0.0000,3
49.64,3.25519,0.05775,0.09228,AUTO,HAZARD_VISION_STOP,0.0000,0.0000,0.0000,0.0000,0.0000,0.0000,3
49.66,3.25519,0.05775,0.09228,AUTO,HAZARD_VISION_STOP,0.0000,0.0000,0.0000,0.0000,0.0000,0.0000,3
49.68,3.25519,0.05775,0.09228,AUTO,HAZARD_VISION_STOP,0.0000,0.0000,0.0000,0.0000,0.0000,0.0000,3
49.70,3.25519,0.05775,0.09228,AUTO,HAZARD_VISION_STOP,0.0000,0.0000,0.0000,0.0000,0.0000,0.0000,3
49.72,3.25519,0.05775,0.09228,AUTO,HAZARD_VISION_STOP,0.0000,0.0000,0.0000,0.0000,0.0000,0.0000,3
49.74,3.25519,0.05775,0.09228,AUTO,HAZARD_VISION_STOP,0.0000,0.0000,0.0000,0.0000,0.0000,0.0000,3
49.76,3.25519,0.05775,0.09228,AUTO,HAZARD_VISION_STOP,0.0000,0.0000,0.0000,0.0000,0.0000,0.0000,3
49.78,3.25519,0.05775,0.09228,AUTO,HAZARD_VISION_STOP,0.0000,0.0000,0.0000,0.0000,0.0000,0.0000,3
49.80,3.25519,0.05775,0.09228,AUTO,HAZARD_VISION_STOP,0.0000,0.0000,0.0000,0.0000,0.0000,0.0000,3
49.82,3.25519,0.05775,0.09228,AUTO,HAZARD_VISION_STOP,0.0000,0.0000,0.0000,0.0000,0.0000,0.0000,3
49.84,3.25519,0.05775,0.09228,AUTO,HAZARD_VISION_STOP,0.0000,0.0000,0.0000,0.0000,0.0000,0.0000,3
49.86,3.25519,0.05775,0.09228,AUTO,HAZARD_VISION_STOP,0.0000,0.0000,0.0000,0.0000,0.0000,0.0000,3
49.88,3.25519,0.05775,0.09228,AUTO,HAZARD_VISION_STOP,0.0000,0.0000,0.0000,0.0000,0.0000,0.0000,3
49.90,3.25519,0.05775,0.09228,AUTO,HAZARD_VISION_STOP,0.0000,0.0000,0.0000,0.0000,0.0000,0.0000,3
49.92,3.25519,0.05775,0.09228,AUTO,HAZARD_VISION_STOP,0.0000,0.0000,0.0000,0.0000,0.0000,0.0000,3
49.94,3.25519,0.05775,0.09228,AUTO,HAZARD_VISION_STOP,0.0000,0.0000,0.0000,0.0000,0.0000,0.0000,3
49.96,3.25519,0.05775,0.09228,AUTO,HAZARD_VISION_STOP,0.0000,0.0000,0.0000,0.0000,0.0000,0.0000,3
49.98,3.25519,0.05775,0.09228,AUTO,HAZARD_VISION_STOP,0.0000,0.0000,0.0000,0.0000,0.0000,0.0000,3
50.00,3.25519,0.05775,0.09228,AUTO,HAZARD_VISION_STOP,0.0000,0.0000,0.0000,0.0000,0.0000,0.0000,3
50.02,3.25519,0.05775,0.09228,AUTO,HAZARD_VISION_STOP,0.0000,0.0000,0.0000,0.0000,0.0000,0.0000,3
50.04,3.25519,0.05775,0.09228,AUTO,HAZARD_VISION_STOP,0.0000,0.0000,0.0000,0.0000,0.0000,0.0000,3
50.06,3.25519,0.05775,0.09228,AUTO,HAZARD_VISION_STOP,0.0000,0.0000,0.0000,0.0000,0.0000,0.0000,3
50.08,3.25519,0.05775,0.09228,AUTO,HAZARD_VISION_STOP,0.0000,0.0000,0.0000,0.0000,0.0000,0.0000,3
50.10,3.25519,0.05775,0.09228,AUTO,HAZARD_VISION_STOP,0.0000,0.0000,0.0000,0.0000,0.0000,0.0000,3
50.12,3.25519,0.05775,0.09228,AUTO,HAZARD_VISION_STOP,0.0000,0.0000,0.0000,0.0000,0.0000,0.0000,3
50.14,3.25519,0.05775,0.09228,AUTO,HAZARD_VISION_STOP,0.0000,0.0000,0.0000,0.0000,0.0000,0.0000,3
50.16,3.25519,0.05775,0.09228,AUTO,HAZARD_VISION_STOP,0.0000,0.0000,0.0000,0.0000,0.0000,0.0000,3
50.18,3.25519,0.05775,0.09228,AUTO,HAZARD_VISION_STOP,0.0000,0.0000,0.0000,0.0000,0.0000,0.0000,3
50.20,3.25519,0.05775,0.09228,AUTO,HAZARD_VISION_STOP,0.0000,0.0000,0.0000,0.0000,0.0000,0.0000,3
50.22,3.25519,0.05775,0.09228,AUTO,HAZARD_VISION_STOP,0.0000,0.0000,0.0000,0.0000,0.0000,0.0000,3
50.24,3.25519,0.05775,0.09228,AUTO,HAZARD_VISION_STOP,0.0000,0.0000,0.0000,0.0000,0.0000,0.0000,3
50.26,3.25519,0.05775,0.09228,AUTO,HAZARD_VISION_STOP,0.0000,0.0000,0.0000,0.0000,0.0000,0.0000,3
50.28,3.25519,0.05775,0.09228,AUTO,HAZARD_VISION_STOP,0.0000,0.0000,0.0000,0.0000,0.0000,0.0000,3
50.30,3.25519,0.05775,0.09228,AUTO,HAZARD_VISION_STOP,0.0000,0.0000,0.0000,0.0000,0.0000,0.0000,3
50.32,3.25519,0.05775,0.09228,AUTO,HAZARD_VISION_STOP,0.0000,0.0000,0.0000,0.0000,0.0000,0.0000,3
50.34,3.25519,0.05775,0.09228,AUTO,HAZARD_VISION_STOP,0.0000,0.0000,0.0000,0.0000,0.0000,0.0000,3
50.36,3.25519,0.05775,0.09228,AUTO,HAZARD_VISION_STOP,0.0000,0.0000,0.0000,0.0000,0.0000,0.0000,3
50.38,3.25519,0.05775,0.09228,AUTO,HAZARD_VISION_STOP,0.0000,0.0000,0.0000,0.0000,0.0000,0.0000,3
50.40,3.25519,0.05775,0.09228,AUTO,HAZARD_VISION_STOP,0.0000,0.0000,0.0000,0.0000,0.0000,0.0000,3
50.42,3.25519,0.05775,0.09228,AUTO,HAZARD_VISION_STOP,0.0000,0.0000,0.0000,0.0000,0.0000,0.0000,3
50.44,3.25519,0.05775,0.09228,AUTO,HAZARD_VISION_STOP,0.0000,0.0000,0.0000,0.0000,0.0000,0.0000,3
50.46,3.25519,0.05775,0.09228,AUTO,HAZARD_VISION_STOP,0.0000,0.0000,0.0000,0.0000,0.0000,0.0000,3
50.48,3.25519,0.05775,0.09228,AUTO,HAZARD_VISION_STOP,0.0000,0.0000,0.0000,0.0000,0.0000,0.0000,3
50.50,3.25519,0.05775,0.09228,AUTO,HAZARD_VISION_STOP,0.0000,0.0000,0.0000,0.0000,0.0000,0.0000,3
50.52,3.25519,0.05775,0.09228,AUTO,HAZARD_VISION_STOP,0.0000,0.0000,0.0000,0.0000,0.0000,0.0000,3
50.54,3.25519,0.05775,0.09228,AUTO,HAZARD_VISION_STOP,0.0000,0.0000,0.0000,0.0000,0.0000,0.0000,3
50.56,3.25519,0.05775,0.09228,AUTO,HAZARD_VISION_STOP,0.0000,0.0000,0.0000,0.0000,0.0000,0.0000,3
50.58,3.25519,0.05775,0.09228,AUTO,HAZARD_VISION_STOP,0.0000,0.0000,0.0000,0.0000,0.0000,0.0000,3
50.60,3.25519,0.05775,0.09228,AUTO,HAZARD_VISION_STOP,0.0000,0.0000,0.0000,0.0000,0.0000,0.0000,3
50.62,3.25519,0.05775,0.09228,AUTO,HAZARD_VISION_STOP,0.0000,0.0000,0.0000,0.0000,0.0000,0.0000,3
50.64,3.25519,0.05775,0.09228,AUTO,HAZARD_VISION_STOP,0.0000,0.0000,0.0000,0.0000,0.0000,0.0000,3
50.66,3.25519,0.05775,0.09228,AUTO,HAZARD_VISION_STOP,0.0000,0.0000,0.0000,0.0000,0.0000,0.0000,3
50.68,3.25519,0.05775,0.09228,AUTO,HAZARD_VISION_STOP,0.0000,0.0000,0.0000,0.0000,0.0000,0.0000,3
50.70,3.25519,0.05775,0.09228,AUTO,HAZARD_VISION_STOP,0.0000,0.0000,0.0000,0.0000,0.0000,0.0000,3
50.72,3.25519,0.05775,0.09228,AUTO,HAZARD_VISION_STOP,0.0000,0.0000,0.0000,0.0000,0.0000,0.0000,3
50.74,3.25519,0.05775,0.09228,AUTO,HAZARD_VISION_STOP,0.0000,0.0000,0.0000,0.0000,0.0000,0.0000,3
50.76,3.25519,0.05775,0.09228,AUTO,HAZARD_VISION_STOP,0.0000,0.0000,0.0000,0.0000,0.0000,0.0000,3
50.78,3.25519,0.05775,0.09228,AUTO,HAZARD_VISION_STOP,0.0000,0.0000,0.0000,0.0000,0.0000,0.0000,3
50.80,3.25519,0.05775,0.09228,AUTO,HAZARD_VISION_STOP,0.0000,0.0000,0.0000,0.0000,0.0000,0.0000,3
50.82,3.25519,0.05775,0.09228,AUTO,HAZARD_VISION_STOP,0.0000,0.0000,0.0000,0.0000,0.0000,0.0000,3
50.84,3.25519,0.05775,0.09228,AUTO,HAZARD_VISION_STOP,0.0000,0.0000,0.0000,0.0000,0.0000,0.0000,3
50.86,3.25519,0.05775,0.09228,AUTO,HAZARD_VISION_STOP,0.0000,0.0000,0.0000,0.0000,0.0000,0.0000,3
50.88,3.25519,0.05775,0.09228,AUTO,HAZARD_VISION_STOP,0.0000,0.0000,0.0000,0.0000,0.0000,0.0000,3
50.90,3.25519,0.05775,0.09228,AUTO,HAZARD_VISION_STOP,0.0000,0.0000,0.0000,0.0000,0.0000,0.0000,3
50.92,3.25519,0.05775,0.09228,AUTO,HAZARD_VISION_STOP,0.0000,0.0000,0.0000,0.0000,0.0000,0.0000,3
50.94,3.25519,0.05775,0.09228,AUTO,HAZARD_VISION_STOP,0.0000,0.0000,0.0000,0.0000,0.0000,0.0000,3
50.96,3.25519,0.05775,0.09228,AUTO,HAZARD_VISION_STOP,0.0000,0.0000,0.0000,0.0000,0.0000,0.0000,3
50.98,3.25519,0.05775,0.09228,AUTO,HAZARD_VISION_STOP,0.0000,0.0000,0.0000,0.0000,0.0000,0.0000,3
51.00,3.25519,0.05775,0.09228,AUTO,HAZARD_VISION_STOP,0.0000,0.0000,0.0000,0.0000,0.0000,0.0000,3
51.02,3.25519,0.05775,0.09228,AUTO,HAZARD_VISION_STOP,0.0000,0.0000,0.0000,0.0000,0.0000,0.0000,3
51.04,3.25519,0.05775,0.09228,AUTO,HAZARD_VISION_STOP,0.0000,0.0000,0.0000,0.0000,0.0000,0.0000,3
51.06,3.25519,0.05775,0.09228,AUTO,HAZARD_VISION_STOP,0.0000,0.0000,0.0000,0.0000,0.0000,0.0000,3
51.08,3.25519,0.05775,0.09228,AUTO,HAZARD_VISION_STOP,0.0000,0.0000,0.0000,0.0000,0.0000,0.0000,3
51.10,3.25519,0.05775,0.09228,AUTO,HAZARD_VISION_STOP,0.0000,0.0000,0.0000,0.0000,0.0000,0.0000,3
51.12,3.25519,0.05775,0.09228,AUTO,HAZARD_VISION_STOP,0.0000,0.0000,0.0000,0.0000,0.0000,0.0000,3
51.14,3.25519,0.05775,0.09228,AUTO,HAZARD_VISION_STOP,0.0000,0.0000,0.0000,0.0000,0.0000,0.0000,3
51.16,3.25519,0.05775,0.09228,AUTO,HAZARD_VISION_STOP,0.0000,0.0000,0.0000,0.0000,0.0000,0.0000,3
51.18,3.25519,0.05775,0.09228,AUTO,HAZARD_VISION_STOP,0.0000,0.0000,0.0000,0.0000,0.0000,0.0000,3
51.20,3.25519,0.05775,0.09228,AUTO,HAZARD_VISION_STOP,0.0000,0.0000,0.0000,0.0000,0.0000,0.0000,3
51.22,3.25519,0.05775,0.09228,AUTO,HAZARD_VISION_STOP,0.0000,0.0000,0.0000,0.0000,0.0000,0.0000,3
51.24,3.25519,0.05775,0.09228,AUTO,HAZARD_VISION_STOP,0.0000,0.0000,0.0000,0.0000,0.0000,0.0000,3
51.26,3.25519,0.05775,0.09228,AUTO,HAZARD_VISION_STOP,0.0000,0.0000,0.0000,0.0000,0.0000,0.0000,3
51.28,3.25519,0.05775,0.09228,AUTO,HAZARD_VISION_STOP,0.0000,0.0000,0.0000,0.0000,0.0000,0.0000,3
51.30,3.25519,0.05775,0.09228,AUTO,HAZARD_VISION_STOP,0.0000,0.0000,0.0000,0.0000,0.0000,0.0000,3
51.32,3.25519,0.05775,0.09228,AUTO,HAZARD_VISION_STOP,0.0000,0.0000,0.0000,0.0000,0.0000,0.0000,3
51.34,3.25519,0.05775,0.09228,AUTO,HAZARD_VISION_STOP,0.0000,0.0000,0.0000,0.0000,0.0000,0.0000,3
51.36,3.25519,0.05775,0.09228,AUTO,HAZARD_VISION_STOP,0.0000,0.0000,0.0000,0.0000,0.0000,0.0000,3
51.38,3.25519,0.05775,0.09228,AUTO,HAZARD_VISION_STOP,0.0000,0.0000,0.0000,0.0000,0.0000,0.0000,3
51.40,3.25519,0.05775,0.09228,AUTO,HAZARD_VISION_STOP,0.0000,0.0000,0.0000,0.0000,0.0000,0.0000,3
51.42,3.25519,0.05775,0.09228,AUTO,HAZARD_VISION_STOP,0.0000,0.0000,0.0000,0.0000,0.0000,0.0000,3
51.44,3.25519,0.05775,0.09228,AUTO,HAZARD_VISION_STOP,0.0000,0.0000,0.0000,0.0000,0.0000,0.0000,3
51.46,3.25519,0.05775,0.09228,AUTO,HAZARD_VISION_STOP,0.0000,0.0000,0.0000,0.0000,0.0000,0.0000,3
51.48,3.25519,0.05775,0.09228,AUTO,HAZARD_VISION_STOP,0.0000,0.0000,0.0000,0.0000,0.0000,0.0000,3
51.50,3.25519,0.05775,0.09228,AUTO,HAZARD_VISION_STOP,0.0000,0.0000,0.0000,0.0000,0.0000,0.0000,3
51.52,3.25519,0.05775,0.09228,AUTO,HAZARD_VISION_STOP,0.0000,0.0000,0.0000,0.0000,0.0000,0.0000,3
51.54,3.25519,0.05775,0.09228,AUTO,HAZARD_VISION_STOP,0.0000,0.0000,0.0000,0.0000,0.0000,0.0000,3
51.56,3.25519,0.05775,0.09228,AUTO,HAZARD_VISION_STOP,0.0000,0.0000,0.0000,0.0000,0.0000,0.0000,3
51.58,3.25519,0.05775,0.09228,AUTO,HAZARD_VISION_STOP,0.0000,0.0000,0.0000,0.0000,0.0000,0.0000,3
51.60,3.25519,0.05775,0.09228,AUTO,HAZARD_VISION_STOP,0.0000,0.0000,0.0000,0.0000,0.0000,0.0000,3
51.62,3.25519,0.05775,0.09228,AUTO,HAZARD_VISION_STOP,0.0000,0.0000,0.0000,0.0000,0.0000,0.0000,3
51.64,3.25519,0.05775,0.09228,AUTO,HAZARD_VISION_STOP,0.0000,0.0000,0.0000,0.0000,0.0000,0.0000,3
51.66,3.25519,0.05775,0.09228,AUTO,HAZARD_VISION_STOP,0.0000,0.0000,0.0000,0.0000,0.0000,0.0000,3
51.68,3.25519,0.05775,0.09228,AUTO,HAZARD_VISION_STOP,0.0000,0.0000,0.0000,0.0000,0.0000,0.0000,3
51.70,3.25519,0.05775,0.09228,AUTO,HAZARD_VISION_STOP,0.0000,0.0000,0.0000,0.0000,0.0000,0.0000,3
51.72,3.25519,0.05775,0.09228,AUTO,HAZARD_VISION_STOP,0.0000,0.0000,0.0000,0.0000,0.0000,0.0000,3
51.74,3.25519,0.05775,0.09228,AUTO,HAZARD_VISION_STOP,0.0000,0.0000,0.0000,0.0000,0.0000,0.0000,3
51.76,3.25519,0.05775,0.09228,AUTO,HAZARD_VISION_STOP,0.0000,0.0000,0.0000,0.0000,0.0000,0.0000,3
51.78,3.25519,0.05775,0.09228,AUTO,HAZARD_VISION_STOP,0.0000,0.0000,0.0000,0.0000,0.0000,0.0000,3
51.80,3.25519,0.05775,0.09228,AUTO,HAZARD_VISION_STOP,0.0000,0.0000,0.0000,0.0000,0.0000,0.0000,3
51.82,3.25519,0.05775,0.09228,AUTO,HAZARD_VISION_STOP,0.0000,0.0000,0.0000,0.0000,0.0000,0.0000,3
51.84,3.25519,0.05775,0.09228,AUTO,HAZARD_VISION_STOP,0.0000,0.0000,0.0000,0.0000,0.0000,0.0000,3
51.86,3.25519,0.05775,0.09228,AUTO,HAZARD_VISION_STOP,0.0000,0.0000,0.0000,0.0000,0.0000,0.0000,3
51.88,3.25519,0.05775,0.09228,AUTO,HAZARD_VISION_STOP,0.0000,0.0000,0.0000,0.0000,0.0000,0.0000,3
51.90,3.25519,0.05775,0.09228,AUTO,HAZARD_VISION_STOP,0.0000,0.0000,0.0000,0.0000,0.0000,0.0000,3
51.92,3.25519,0.05775,0.09228,AUTO,HAZARD_VISION_STOP,0.0000,0.0000,0.0000,0.0000,0.0000,0.0000,3
51.94,3.25519,0.05775,0.09228,AUTO,HAZARD_VISION_STOP,0.0000,0.0000,0.0000,0.0000,0.0000,0.0000,3
51.96,3.25519,0.05775,0.09228,AUTO,HAZARD_VISION_STOP,0.0000,0.0000,0.0000,0.0000,0.0000,0.0000,3
51.98,3.25519,0.05775,0.09228,AUTO,HAZARD_VISION_STOP,0.0000,0.0000,0.0000,0.0000,0.0000,0.0000,3
52.00,3.25519,0.05775,0.09228,AUTO,HAZARD_VISION_STOP,0.0000,0.0000,0.0000,0.0000,0.0000,0.0000,3
52.02,3.25519,0.05775,0.09228,AUTO,HAZARD_VISION_STOP,0.0000,0.0000,0.0000,0.0000,0.0000,0.0000,3
52.04,3.25519,0.05775,0.09228,AUTO,HAZARD_VISION_STOP,0.0000,0.0000,0.0000,0.0000,0.0000,0.0000,3
52.06,3.25519,0.05775,0.09228,AUTO,HAZARD_VISION_STOP,0.0000,0.0000,0.0000,0.0000,0.0000,0.0000,3
52.08,3.25519,0.05775,0.09228,AUTO,HAZARD_VISION_STOP,0.0000,0.0000,0.0000,0.0000,0.0000,0.0000,3
52.10,3.25519,0.05775,0.09228,AUTO,HAZARD_VISION_STOP,0.0000,0.0000,0.0000,0.0000,0.0000,0.0000,3
52.12,3.25519,0.05775,0.09228,AUTO,HAZARD_VISION_STOP,0.0000,0.0000,0.0000,0.0000,0.0000,0.0000,3
52.14,3.25519,0.05775,0.09228,AUTO,HAZARD_VISION_STOP,0.0000,0.0000,0.0000,0.0000,0.0000,0.0000,3
52.16,3.25519,0.05775,0.09228,AUTO,HAZARD_VISION_STOP,0.0000,0.0000,0.0000,0.0000,0.0000,0.0000,3
52.18,3.25519,0.05775,0.09228,AUTO,HAZARD_VISION_STOP,0.0000,0.0000,0.0000,0.0000,0.0000,0.0000,3
52.20,3.25519,0.05775,0.09228,AUTO,HAZARD_VISION_STOP,0.0000,0.0000,0.0000,0.0000,0.0000,0.0000,3
52.22,3.25519,0.05775,0.09228,AUTO,HAZARD_VISION_STOP,0.0000,0.0000,0.0000,0.0000,0.0000,0.0000,3
52.24,3.25519,0.05775,0.09228,AUTO,HAZARD_VISION_STOP,0.0000,0.0000,0.0000,0.0000,0.0000,0.0000,3
52.26,3.25519,0.05775,0.09228,AUTO,HAZARD_VISION_STOP,0.0000,0.0000,0.0000,0.0000,0.0000,0.0000,3
52.28,3.25519,0.05775,0.09228,AUTO,HAZARD_VISION_STOP,0.0000,0.0000,0.0000,0.0000,0.0000,0.0000,3
52.30,3.25519,0.05775,0.09228,AUTO,HAZARD_VISION_STOP,0.0000,0.0000,0.0000,0.0000,0.0000,0.0000,3
52.32,3.25519,0.05775,0.09228,AUTO,HAZARD_VISION_STOP,0.0000,0.0000,0.0000,0.0000,0.0000,0.0000,3
52.34,3.25519,0.05775,0.09228,AUTO,HAZARD_VISION_STOP,0.0000,0.0000,0.0000,0.0000,0.0000,0.0000,3
52.36,3.25519,0.05775,0.09228,AUTO,HAZARD_VISION_STOP,0.0000,0.0000,0.0000,0.0000,0.0000,0.0000,3
52.38,3.25519,0.05775,0.09228,AUTO,HAZARD_VISION_STOP,0.0000,0.0000,0.0000,0.0000,0.0000,0.0000,3
52.40,3.25519,0.05775,0.09228,AUTO,HAZARD_VISION_STOP,0.0000,0.0000,0.0000,0.0000,0.0000,0.0000,3
52.42,3.25519,0.05775,0.09228,AUTO,HAZARD_VISION_STOP,0.0000,0.0000,0.0000,0.0000,0.0000,0.0000,3
52.44,3.25519,0.05775,0.09228,AUTO,HAZARD_VISION_STOP,0.0000,0.0000,0.0000,0.0000,0.0000,0.0000,3
52.46,3.25519,0.05775,0.09228,AUTO,HAZARD_VISION_STOP,0.0000,0.0000,0.0000,0.0000,0.0000,0.0000,3
52.48,3.25519,0.05775,0.09228,AUTO,HAZARD_VISION_STOP,0.0000,0.0000,0.0000,0.0000,0.0000,0.0000,3
52.50,3.25519,0.05775,0.09228,AUTO,HAZARD_VISION_STOP,0.0000,0.0000,0.0000,0.0000,0.0000,0.0000,3
52.52,3.25519,0.05775,0.09228,AUTO,HAZARD_VISION_STOP,0.0000,0.0000,0.0000,0.0000,0.0000,0.0000,3
52.54,3.25519,0.05775,0.09228,AUTO,HAZARD_VISION_STOP,0.0000,0.0000,0.0000,0.0000,0.0000,0.0000,3
52.56,3.25519,0.05775,0.09228,AUTO,HAZARD_VISION_STOP,0.0000,0.0000,0.0000,0.0000,0.0000,0.0000,3
52.58,3.25519,0.05775,0.09228,AUTO,HAZARD_VISION_STOP,0.0000,0.0000,0.0000,0.0000,0.0000,0.0000,3
52.60,3.25519,0.05775,0.09228,AUTO,HAZARD_VISION_STOP,0.0000,0.0000,0.0000,0.0000,0.0000,0.0000,3
52.62,3.25519,0.05775,0.09228,AUTO,HAZARD_VISION_STOP,0.0000,0.0000,0.0000,0.0000,0.0000,0.0000,3
52.64,3.25519,0.05775,0.09228,AUTO,HAZARD_VISION_STOP,0.0000,0.0000,0.0000,0.0000,0.0000,0.0000,3
52.66,3.25519,0.05775,0.09228,AUTO,HAZARD_VISION_STOP,0.0000,0.0000,0.0000,0.0000,0.0000,0.0000,3
52.68,3.25519,0.05775,0.09228,AUTO,HAZARD_VISION_STOP,0.0000,0.0000,0.0000,0.0000,0.0000,0.0000,3
52.70,3.25519,0.05775,0.09228,AUTO,HAZARD_VISION_STOP,0.0000,0.0000,0.0000,0.0000,0.0000,0.0000,3
52.72,3.25519,0.05775,0.09228,AUTO,HAZARD_VISION_STOP,0.0000,0.0000,0.0000,0.0000,0.0000,0.0000,3
52.74,3.25519,0.05775,0.09228,AUTO,HAZARD_VISION_STOP,0.0000,0.0000,0.0000,0.0000,0.0000,0.0000,3
52.76,3.25519,0.05775,0.09228,AUTO,HAZARD_VISION_STOP,0.0000,0.0000,0.0000,0.0000,0.0000,0.0000,3
52.78,3.25519,0.05775,0.09228,AUTO,HAZARD_VISION_STOP,0.0000,0.0000,0.0000,0.0000,0.0000,0.0000,3
52.80,3.25519,0.05775,0.09228,AUTO,HAZARD_VISION_STOP,0.0000,0.0000,0.0000,0.0000,0.0000,0.0000,3
52.82,3.25519,0.05775,0.09228,AUTO,HAZARD_VISION_STOP,0.0000,0.0000,0.0000,0.0000,0.0000,0.0000,3
52.84,3.25519,0.05775,0.09228,AUTO,HAZARD_VISION_STOP,0.0000,0.0000,0.0000,0.0000,0.0000,0.0000,3
52.86,3.25519,0.05775,0.09228,AUTO,HAZARD_VISION_STOP,0.0000,0.0000,0.0000,0.0000,0.0000,0.0000,3
52.88,3.25519,0.05775,0.09228,AUTO,HAZARD_VISION_STOP,0.0000,0.0000,0.0000,0.0000,0.0000,0.0000,3
52.90,3.25519,0.05775,0.09228,AUTO,HAZARD_VISION_STOP,0.0000,0.0000,0.0000,0.0000,0.0000,0.0000,3
52.92,3.25519,0.05775,0.09228,AUTO,HAZARD_VISION_STOP,0.0000,0.0000,0.0000,0.0000,0.0000,0.0000,3
52.94,3.25519,0.05775,0.09228,AUTO,HAZARD_VISION_STOP,0.0000,0.0000,0.0000,0.0000,0.0000,0.0000,3
52.96,3.25519,0.05775,0.09228,AUTO,HAZARD_VISION_STOP,0.0000,0.0000,0.0000,0.0000,0.0000,0.0000,3
52.98,3.25519,0.05775,0.09228,AUTO,HAZARD_VISION_STOP,0.0000,0.0000,0.0000,0.0000,0.0000,0.0000,3
53.00,3.25519,0.05775,0.09228,AUTO,HAZARD_VISION_STOP,0.0000,0.0000,0.0000,0.0000,0.0000,0.0000,3
53.02,3.25519,0.05775,0.09228,AUTO,HAZARD_VISION_STOP,0.0000,0.0000,0.0000,0.0000,0.0000,0.0000,3
53.04,3.25519,0.05775,0.09228,AUTO,HAZARD_VISION_STOP,0.0000,0.0000,0.0000,0.0000,0.0000,0.0000,3
53.06,3.25519,0.05775,0.09228,AUTO,HAZARD_VISION_STOP,0.0000,0.0000,0.0000,0.0000,0.0000,0.0000,3
53.08,3.25519,0.05775,0.09228,AUTO,HAZARD_VISION_STOP,0.0000,0.0000,0.0000,0.0000,0.0000,0.0000,3
53.10,3.25519,0.05775,0.09228,AUTO,HAZARD_VISION_STOP,0.0000,0.0000,0.0000,0.0000,0.0000,0.0000,3
53.12,3.25519,0.05775,0.09228,AUTO,HAZARD_VISION_STOP,0.0000,0.0000,0.0000,0.0000,0.0000,0.0000,3
53.14,3.25519,0.05775,0.09228,AUTO,HAZARD_VISION_STOP,0.0000,0.0000,0.0000,0.0000,0.0000,0.0000,3
53.16,3.25519,0.05775,0.09228,AUTO,HAZARD_VISION_STOP,0.0000,0.0000,0.0000,0.0000,0.0000,0.0000,3
53.18,3.25519,0.05775,0.09228,AUTO,HAZARD_VISION_STOP,0.0000,0.0000,0.0000,0.0000,0.0000,0.0000,3
53.20,3.25519,0.05775,0.09228,AUTO,HAZARD_VISION_STOP,0.0000,0.0000,0.0000,0.0000,0.0000,0.0000,3
53.22,3.25519,0.05775,0.09228,AUTO,HAZARD_VISION_STOP,0.0000,0.0000,0.0000,0.0000,0.0000,0.0000,3
53.24,3.25519,0.05775,0.09228,AUTO,HAZARD_VISION_STOP,0.0000,0.0000,0.0000,0.0000,0.0000,0.0000,3
53.26,3.25519,0.05775,0.09228,AUTO,HAZARD_VISION_STOP,0.0000,0.0000,0.0000,0.0000,0.0000,0.0000,3
53.28,3.25519,0.05775,0.09228,AUTO,HAZARD_VISION_STOP,0.0000,0.0000,0.0000,0.0000,0.0000,0.0000,3
53.30,3.25519,0.05775,0.09228,AUTO,HAZARD_VISION_STOP,0.0000,0.0000,0.0000,0.0000,0.0000,0.0000,3
53.32,3.25519,0.05775,0.09228,AUTO,HAZARD_VISION_STOP,0.0000,0.0000,0.0000,0.0000,0.0000,0.0000,3
53.34,3.25519,0.05775,0.09228,AUTO,HAZARD_VISION_STOP,0.0000,0.0000,0.0000,0.0000,0.0000,0.0000,3
53.36,3.25519,0.05775,0.09228,AUTO,HAZARD_VISION_STOP,0.0000,0.0000,0.0000,0.0000,0.0000,0.0000,3
53.38,3.25519,0.05775,0.09228,AUTO,HAZARD_VISION_STOP,0.0000,0.0000,0.0000,0.0000,0.0000,0.0000,3
53.40,3.25519,0.05775,0.09228,AUTO,HAZARD_VISION_STOP,0.0000,0.0000,0.0000,0.0000,0.0000,0.0000,3
53.42,3.25519,0.05775,0.09228,AUTO,HAZARD_VISION_STOP,0.0000,0.0000,0.0000,0.0000,0.0000,0.0000,3
53.44,3.25519,0.05775,0.09228,AUTO,HAZARD_VISION_STOP,0.0000,0.0000,0.0000,0.0000,0.0000,0.0000,3
53.46,3.25519,0.05775,0.09228,AUTO,HAZARD_VISION_STOP,0.0000,0.0000,0.0000,0.0000,0.0000,0.0000,3
53.48,3.25519,0.05775,0.09228,AUTO,HAZARD_VISION_STOP,0.0000,0.0000,0.0000,0.0000,0.0000,0.0000,3
53.50,3.25519,0.05775,0.09228,AUTO,HAZARD_VISION_STOP,0.0000,0.0000,0.0000,0.0000,0.0000,0.0000,3
53.52,3.25519,0.05775,0.09228,AUTO,HAZARD_VISION_STOP,0.0000,0.0000,0.0000,0.0000,0.0000,0.0000,3
53.54,3.25519,0.05775,0.09228,AUTO,HAZARD_VISION_STOP,0.0000,0.0000,0.0000,0.0000,0.0000,0.0000,3
53.56,3.25519,0.05775,0.09228,AUTO,HAZARD_VISION_STOP,0.0000,0.0000,0.0000,0.0000,0.0000,0.0000,3
53.58,3.25519,0.05775,0.09228,AUTO,HAZARD_VISION_STOP,0.0000,0.0000,0.0000,0.0000,0.0000,0.0000,3
53.60,3.25519,0.05775,0.09228,AUTO,HAZARD_VISION_STOP,0.0000,0.0000,0.0000,0.0000,0.0000,0.0000,3
53.62,3.25519,0.05775,0.09228,AUTO,HAZARD_VISION_STOP,0.0000,0.0000,0.0000,0.0000,0.0000,0.0000,3
53.64,3.25519,0.05775,0.09228,AUTO,HAZARD_VISION_STOP,0.0000,0.0000,0.0000,0.0000,0.0000,0.0000,3
53.66,3.25519,0.05775,0.09228,AUTO,HAZARD_VISION_STOP,0.0000,0.0000,0.0000,0.0000,0.0000,0.0000,3
53.68,3.25519,0.05775,0.09228,AUTO,HAZARD_VISION_STOP,0.0000,0.0000,0.0000,0.0000,0.0000,0.0000,3
53.70,3.25519,0.05775,0.09228,AUTO,HAZARD_VISION_STOP,0.0000,0.0000,0.0000,0.0000,0.0000,0.0000,3
53.72,3.25519,0.05775,0.09228,AUTO,HAZARD_VISION_STOP,0.0000,0.0000,0.0000,0.0000,0.0000,0.0000,3
53.74,3.25519,0.05775,0.09228,AUTO,HAZARD_VISION_STOP,0.0000,0.0000,0.0000,0.0000,0.0000,0.0000,3
53.76,3.25519,0.05775,0.09228,AUTO,HAZARD_VISION_STOP,0.0000,0.0000,0.0000,0.0000,0.0000,0.0000,3
53.78,3.25519,0.05775,0.09228,AUTO,HAZARD_VISION_STOP,0.0000,0.0000,0.0000,0.0000,0.0000,0.0000,3
53.80,3.25519,0.05775,0.09228,AUTO,HAZARD_VISION_STOP,0.0000,0.0000,0.0000,0.0000,0.0000,0.0000,3
53.82,3.25519,0.05775,0.09228,AUTO,HAZARD_VISION_STOP,0.0000,0.0000,0.0000,0.0000,0.0000,0.0000,3
53.84,3.25519,0.05775,0.09228,AUTO,HAZARD_VISION_STOP,0.0000,0.0000,0.0000,0.0000,0.0000,0.0000,3
53.86,3.25519,0.05775,0.09228,AUTO,HAZARD_VISION_STOP,0.0000,0.0000,0.0000,0.0000,0.0000,0.0000,3
53.88,3.25519,0.05775,0.09228,AUTO,HAZARD_VISION_STOP,0.0000,0.0000,0.0000,0.0000,0.0000,0.0000,3
53.90,3.25519,0.05775,0.09228,AUTO,HAZARD_VISION_STOP,0.0000,0.0000,0.0000,0.0000,0.0000,0.0000,3
53.92,3.25519,0.05775,0.09228,AUTO,HAZARD_VISION_STOP,0.0000,0.0000,0.0000,0.0000,0.0000,0.0000,3
53.94,3.25519,0.05775,0.09228,AUTO,HAZARD_VISION_STOP,0.0000,0.0000,0.0000,0.0000,0.0000,0.0000,3
53.96,3.25519,0.05775,0.09228,AUTO,HAZARD_VISION_STOP,0.0000,0.0000,0.0000,0.0000,0.0000,0.0000,3
53.98,3.25519,0.05775,0.09228,AUTO,HAZARD_VISION_STOP,0.0000,0.0000,0.0000,0.0000,0.0000,0.0000,3
54.00,3.25519,0.05775,0.09228,AUTO,HAZARD_VISION_STOP,0.0000,0.0000,0.0000,0.0000,0.0000,0.0000,3
54.02,3.25519,0.05775,0.09228,AUTO,HAZARD_VISION_STOP,0.0000,0.0000,0.0000,0.0000,0.0000,0.0000,3
54.04,3.25519,0.05775,0.09228,AUTO,HAZARD_VISION_STOP,0.0000,0.0000,0.0000,0.0000,0.0000,0.0000,3
54.06,3.25519,0.05775,0.09228,AUTO,HAZARD_VISION_STOP,0.0000,0.0000,0.0000,0.0000,0.0000,0.0000,3
54.08,3.25519,0.05775,0.09228,AUTO,HAZARD_VISION_STOP,0.0000,0.0000,0.0000,0.0000,0.0000,0.0000,3
54.10,3.25519,0.05775,0.09228,AUTO,HAZARD_VISION_STOP,0.0000,0.0000,0.0000,0.0000,0.0000,0.0000,3
54.12,3.25519,0.05775,0.09228,AUTO,HAZARD_VISION_STOP,0.0000,0.0000,0.0000,0.0000,0.0000,0.0000,3
54.14,3.25519,0.05775,0.09228,AUTO,HAZARD_VISION_STOP,0.0000,0.0000,0.0000,0.0000,0.0000,0.0000,3
54.16,3.25519,0.05775,0.09228,AUTO,HAZARD_VISION_STOP,0.0000,0.0000,0.0000,0.0000,0.0000,0.0000,3
54.18,3.25519,0.05775,0.09228,AUTO,HAZARD_VISION_STOP,0.0000,0.0000,0.0000,0.0000,0.0000,0.0000,3
54.20,3.25519,0.05775,0.09228,AUTO,HAZARD_VISION_STOP,0.0000,0.0000,0.0000,0.0000,0.0000,0.0000,3
54.22,3.25519,0.05775,0.09228,AUTO,HAZARD_VISION_STOP,0.0000,0.0000,0.0000,0.0000,0.0000,0.0000,3
54.24,3.25519,0.05775,0.09228,AUTO,HAZARD_VISION_STOP,0.0000,0.0000,0.0000,0.0000,0.0000,0.0000,3
54.26,3.25519,0.05775,0.09228,AUTO,HAZARD_VISION_STOP,0.0000,0.0000,0.0000,0.0000,0.0000,0.0000,3
54.28,3.25519,0.05775,0.09228,AUTO,HAZARD_VISION_STOP,0.0000,0.0000,0.0000,0.0000,0.0000,0.0000,3
54.30,3.25519,0.05775,0.09228,AUTO,HAZARD_VISION_STOP,0.0000,0.0000,0.0000,0.0000,0.0000,0.0000,3
54.32,3.25519,0.05775,0.09228,AUTO,HAZARD_VISION_STOP,0.0000,0.0000,0.0000,0.0000,0.0000,0.0000,3
54.34,3.25519,0.05775,0.09228,AUTO,HAZARD_VISION_STOP,0.0000,0.0000,0.0000,0.0000,0.0000,0.0000,3
54.36,3.25519,0.05775,0.09228,AUTO,HAZARD_VISION_STOP,0.0000,0.0000,0.0000,0.0000,0.0000,0.0000,3
54.38,3.25519,0.05775,0.09228,AUTO,HAZARD_VISION_STOP,0.0000,0.0000,0.0000,0.0000,0.0000,0.0000,3
54.40,3.25519,0.05775,0.09228,AUTO,HAZARD_VISION_STOP,0.0000,0.0000,0.0000,0.0000,0.0000,0.0000,3
54.42,3.25519,0.05775,0.09228,AUTO,HAZARD_VISION_STOP,0.0000,0.0000,0.0000,0.0000,0.0000,0.0000,3
54.44,3.25519,0.05775,0.09228,AUTO,HAZARD_VISION_STOP,0.0000,0.0000,0.0000,0.0000,0.0000,0.0000,3
54.46,3.25519,0.05775,0.09228,AUTO,HAZARD_VISION_STOP,0.0000,0.0000,0.0000,0.0000,0.0000,0.0000,3
54.48,3.25519,0.05775,0.09228,AUTO,HAZARD_VISION_STOP,0.0000,0.0000,0.0000,0.0000,0.0000,0.0000,3
54.50,3.25519,0.05775,0.09228,AUTO,HAZARD_VISION_STOP,0.0000,0.0000,0.0000,0.0000,0.0000,0.0000,3
54.52,3.25519,0.05775,0.09228,AUTO,HAZARD_VISION_STOP,0.0000,0.0000,0.0000,0.0000,0.0000,0.0000,3
54.54,3.25519,0.05775,0.09228,AUTO,HAZARD_VISION_STOP,0.0000,0.0000,0.0000,0.0000,0.0000,0.0000,3
54.56,3.25519,0.05775,0.09228,AUTO,HAZARD_VISION_STOP,0.0000,0.0000,0.0000,0.0000,0.0000,0.0000,3
54.58,3.25519,0.05775,0.09228,AUTO,HAZARD_VISION_STOP,0.0000,0.0000,0.0000,0.0000,0.0000,0.0000,3
54.60,3.25519,0.05775,0.09228,AUTO,HAZARD_VISION_STOP,0.0000,0.0000,0.0000,0.0000,0.0000,0.0000,3
54.62,3.25519,0.05775,0.09228,AUTO,HAZARD_VISION_STOP,0.0000,0.0000,0.0000,0.0000,0.0000,0.0000,3
54.64,3.25519,0.05775,0.09228,AUTO,HAZARD_VISION_STOP,0.0000,0.0000,0.0000,0.0000,0.0000,0.0000,3
54.66,3.25519,0.05775,0.09228,AUTO,HAZARD_VISION_STOP,0.0000,0.0000,0.0000,0.0000,0.0000,0.0000,3
54.68,3.25519,0.05775,0.09228,AUTO,HAZARD_VISION_STOP,0.0000,0.0000,0.0000,0.0000,0.0000,0.0000,3
54.70,3.25519,0.05775,0.09228,AUTO,HAZARD_VISION_STOP,0.0000,0.0000,0.0000,0.0000,0.0000,0.0000,3
54.72,3.25519,0.05775,0.09228,AUTO,HAZARD_VISION_STOP,0.0000,0.0000,0.0000,0.0000,0.0000,0.0000,3
54.74,3.25519,0.05775,0.09228,AUTO,HAZARD_VISION_STOP,0.0000,0.0000,0.0000,0.0000,0.0000,0.0000,3
54.76,3.25519,0.05775,0.09228,AUTO,HAZARD_VISION_STOP,0.0000,0.0000,0.0000,0.0000,0.0000,0.0000,3
54.78,3.25519,0.05775,0.09228,AUTO,HAZARD_VISION_STOP,0.0000,0.0000,0.0000,0.0000,0.0000,0.0000,3
54.80,3.25519,0.05775,0.09228,AUTO,HAZARD_VISION_STOP,0.0000,0.0000,0.0000,0.0000,0.0000,0.0000,3
54.82,3.25519,0.05775,0.09228,AUTO,HAZARD_VISION_STOP,0.0000,0.0000,0.0000,0.0000,0.0000,0.0000,3
54.84,3.25519,0.05775,0.09228,AUTO,HAZARD_VISION_STOP,0.0000,0.0000,0.0000,0.0000,0.0000,0.0000,3
54.86,3.25519,0.05775,0.09228,AUTO,HAZARD_VISION_STOP,0.0000,0.0000,0.0000,0.0000,0.0000,0.0000,3
54.88,3.25519,0.05775,0.09228,AUTO,HAZARD_VISION_STOP,0.0000,0.0000,0.0000,0.0000,0.0000,0.0000,3
54.90,3.25519,0.05775,0.09228,AUTO,HAZARD_VISION_STOP,0.0000,0.0000,0.0000,0.0000,0.0000,0.0000,3
54.92,3.25519,0.05775,0.09228,AUTO,HAZARD_VISION_STOP,0.0000,0.0000,0.0000,0.0000,0.0000,0.0000,3
54.94,3.25519,0.05775,0.09228,AUTO,HAZARD_VISION_STOP,0.0000,0.0000,0.0000,0.0000,0.0000,0.0000,3
54.96,3.25519,0.05775,0.09228,AUTO,HAZARD_VISION_STOP,0.0000,0.0000,0.0000,0.0000,0.0000,0.0000,3
54.98,3.25519,0.05775,0.09228,AUTO,HAZARD_VISION_STOP,0.0000,0.0000,0.0000,0.0000,0.0000,0.0000,3
55.00,3.25519,0.05775,0.09228,AUTO,HAZARD_VISION_STOP,0.0000,0.0000,0.0000,0.0000,0.0000,0.0000,3
55.02,3.25519,0.05775,0.09228,AUTO,HAZARD_VISION_STOP,0.0000,0.0000,0.0000,0.0000,0.0000,0.0000,3
55.04,3.25519,0.05775,0.09228,AUTO,HAZARD_VISION_STOP,0.0000,0.0000,0.0000,0.0000,0.0000,0.0000,3
55.06,3.25519,0.05775,0.09228,AUTO,HAZARD_VISION_STOP,0.0000,0.0000,0.0000,0.0000,0.0000,0.0000,3
55.08,3.25519,0.05775,0.09228,AUTO,HAZARD_VISION_STOP,0.0000,0.0000,0.0000,0.0000,0.0000,0.0000,3
55.10,3.25519,0.05775,0.09228,AUTO,HAZARD_VISION_STOP,0.0000,0.0000,0.0000,0.0000,0.0000,0.0000,3
55.12,3.25519,0.05775,0.09228,AUTO,HAZARD_VISION_STOP,0.0000,0.0000,0.0000,0.0000,0.0000,0.0000,3
55.14,3.25519,0.05775,0.09228,AUTO,HAZARD_VISION_STOP,0.0000,0.0000,0.0000,0.0000,0.0000,0.0000,3
55.16,3.25519,0.05775,0.09228,AUTO,HAZARD_VISION_STOP,0.0000,0.0000,0.0000,0.0000,0.0000,0.0000,3
55.18,3.25519,0.05775,0.09228,AUTO,HAZARD_VISION_STOP,0.0000,0.0000,0.0000,0.0000,0.0000,0.0000,3
55.20,3.25519,0.05775,0.09228,AUTO,HAZARD_VISION_STOP,0.0000,0.0000,0.0000,0.0000,0.0000,0.0000,3
55.22,3.25519,0.05775,0.09228,AUTO,HAZARD_VISION_STOP,0.0000,0.0000,0.0000,0.0000,0.0000,0.0000,3
55.24,3.25519,0.05775,0.09228,AUTO,HAZARD_VISION_STOP,0.0000,0.0000,0.0000,0.0000,0.0000,0.0000,3
55.26,3.25519,0.05775,0.09228,AUTO,HAZARD_VISION_STOP,0.0000,0.0000,0.0000,0.0000,0.0000,0.0000,3
55.28,3.25519,0.05775,0.09228,AUTO,HAZARD_VISION_STOP,0.0000,0.0000,0.0000,0.0000,0.0000,0.0000,3
55.30,3.25519,0.05775,0.09228,AUTO,HAZARD_VISION_STOP,0.0000,0.0000,0.0000,0.0000,0.0000,0.0000,3
55.32,3.25519,0.05775,0.09228,AUTO,HAZARD_VISION_STOP,0.0000,0.0000,0.0000,0.0000,0.0000,0.0000,3
55.34,3.25519,0.05775,0.09228,AUTO,HAZARD_VISION_STOP,0.0000,0.0000,0.0000,0.0000,0.0000,0.0000,3
55.36,3.25519,0.05775,0.09228,AUTO,HAZARD_VISION_STOP,0.0000,0.0000,0.0000,0.0000,0.0000,0.0000,3
55.38,3.25519,0.05775,0.09228,AUTO,HAZARD_VISION_STOP,0.0000,0.0000,0.0000,0.0000,0.0000,0.0000,3
55.40,3.25519,0.05775,0.09228,AUTO,HAZARD_VISION_STOP,0.0000,0.0000,0.0000,0.0000,0.0000,0.0000,3
55.42,3.25519,0.05775,0.09228,AUTO,HAZARD_VISION_STOP,0.0000,0.0000,0.0000,0.0000,0.0000,0.0000,3
55.44,3.25519,0.05775,0.09228,AUTO,HAZARD_VISION_STOP,0.0000,0.0000,0.0000,0.0000,0.0000,0.0000,3
55.46,3.25519,0.05775,0.09228,AUTO,HAZARD_VISION_STOP,0.0000,0.0000,0.0000,0.0000,0.0000,0.0000,3
55.48,3.25519,0.05775,0.09228,AUTO,HAZARD_VISION_STOP,0.0000,0.0000,0.0000,0.0000,0.0000,0.0000,3
55.50,3.25519,0.05775,0.09228,AUTO,HAZARD_VISION_STOP,0.0000,0.0000,0.0000,0.0000,0.0000,0.0000,3
55.52,3.25519,0.05775,0.09228,AUTO,HAZARD_VISION_STOP,0.0000,0.0000,0.0000,0.0000,0.0000,0.0000,3
55.54,3.25519,0.05775,0.09228,AUTO,HAZARD_VISION_STOP,0.0000,0.0000,0.0000,0.0000,0.0000,0.0000,3
55.56,3.25519,0.05775,0.09228,AUTO,HAZARD_VISION_STOP,0.0000,0.0000,0.0000,0.0000,0.0000,0.0000,3
55.58,3.25519,0.05775,0.09228,AUTO,HAZARD_VISION_STOP,0.0000,0.0000,0.0000,0.0000,0.0000,0.0000,3
55.60,3.25519,0.05775,0.09228,AUTO,HAZARD_VISION_STOP,0.0000,0.0000,0.0000,0.0000,0.0000,0.0000,3
55.62,3.25519,0.05775,0.09228,AUTO,HAZARD_VISION_STOP,0.0000,0.0000,0.0000,0.0000,0.0000,0.0000,3
55.64,3.25519,0.05775,0.09228,AUTO,HAZARD_VISION_STOP,0.0000,0.0000,0.0000,0.0000,0.0000,0.0000,3
55.66,3.25519,0.05775,0.09228,AUTO,HAZARD_VISION_STOP,0.0000,0.0000,0.0000,0.0000,0.0000,0.0000,3
55.68,3.25519,0.05775,0.09228,AUTO,HAZARD_VISION_STOP,0.0000,0.0000,0.0000,0.0000,0.0000,0.0000,3
55.70,3.25519,0.05775,0.09228,AUTO,HAZARD_VISION_STOP,0.0000,0.0000,0.0000,0.0000,0.0000,0.0000,3
55.72,3.25519,0.05775,0.09228,AUTO,HAZARD_VISION_STOP,0.0000,0.0000,0.0000,0.0000,0.0000,0.0000,3
55.74,3.25519,0.05775,0.09228,AUTO,HAZARD_VISION_STOP,0.0000,0.0000,0.0000,0.0000,0.0000,0.0000,3
55.76,3.25519,0.05775,0.09228,AUTO,HAZARD_VISION_STOP,0.0000,0.0000,0.0000,0.0000,0.0000,0.0000,3
55.78,3.25519,0.05775,0.09228,AUTO,HAZARD_VISION_STOP,0.0000,0.0000,0.0000,0.0000,0.0000,0.0000,3
55.80,3.25519,0.05775,0.09228,AUTO,HAZARD_VISION_STOP,0.0000,0.0000,0.0000,0.0000,0.0000,0.0000,3
55.82,3.25519,0.05775,0.09228,AUTO,HAZARD_VISION_STOP,0.0000,0.0000,0.0000,0.0000,0.0000,0.0000,3
55.84,3.25519,0.05775,0.09228,AUTO,HAZARD_VISION_STOP,0.0000,0.0000,0.0000,0.0000,0.0000,0.0000,3
55.86,3.25519,0.05775,0.09228,AUTO,HAZARD_VISION_STOP,0.0000,0.0000,0.0000,0.0000,0.0000,0.0000,3
55.88,3.25519,0.05775,0.09228,AUTO,HAZARD_VISION_STOP,0.0000,0.0000,0.0000,0.0000,0.0000,0.0000,3
55.90,3.25519,0.05775,0.09228,AUTO,HAZARD_VISION_STOP,0.0000,0.0000,0.0000,0.0000,0.0000,0.0000,3
55.92,3.25519,0.05775,0.09228,AUTO,HAZARD_VISION_STOP,0.0000,0.0000,0.0000,0.0000,0.0000,0.0000,3
55.94,3.25519,0.05775,0.09228,AUTO,HAZARD_VISION_STOP,0.0000,0.0000,0.0000,0.0000,0.0000,0.0000,3
55.96,3.25519,0.05775,0.09228,AUTO,HAZARD_VISION_STOP,0.0000,0.0000,0.0000,0.0000,0.0000,0.0000,3
55.98,3.25519,0.05775,0.09228,AUTO,HAZARD_VISION_STOP,0.0000,0.0000,0.0000,0.0000,0.0000,0.0000,3
56.00,3.25519,0.05775,0.09228,AUTO,HAZARD_VISION_STOP,0.0000,0.0000,0.0000,0.0000,0.0000,0.0000,3
56.02,3.25519,0.05775,0.09228,AUTO,HAZARD_VISION_STOP,0.0000,0.0000,0.0000,0.0000,0.0000,0.0000,3
56.04,3.25519,0.05775,0.09228,AUTO,HAZARD_VISION_STOP,0.0000,0.0000,0.0000,0.0000,0.0000,0.0000,3
56.06,3.25519,0.05775,0.09228,AUTO,HAZARD_VISION_STOP,0.0000,0.0000,0.0000,0.0000,0.0000,0.0000,3
56.08,3.25519,0.05775,0.09228,AUTO,HAZARD_VISION_STOP,0.0000,0.0000,0.0000,0.0000,0.0000,0.0000,3
56.10,3.25519,0.05775,0.09228,AUTO,HAZARD_VISION_STOP,0.0000,0.0000,0.0000,0.0000,0.0000,0.0000,3
56.12,3.25519,0.05775,0.09228,AUTO,HAZARD_VISION_STOP,0.0000,0.0000,0.0000,0.0000,0.0000,0.0000,3
56.14,3.25519,0.05775,0.09228,AUTO,HAZARD_VISION_STOP,0.0000,0.0000,0.0000,0.0000,0.0000,0.0000,3
56.16,3.25519,0.05775,0.09228,AUTO,HAZARD_VISION_STOP,0.0000,0.0000,0.0000,0.0000,0.0000,0.0000,3
56.18,3.25519,0.05775,0.09228,AUTO,HAZARD_VISION_STOP,0.0000,0.0000,0.0000,0.0000,0.0000,0.0000,3
56.20,3.25519,0.05775,0.09228,AUTO,HAZARD_VISION_STOP,0.0000,0.0000,0.0000,0.0000,0.0000,0.0000,3
56.22,3.25519,0.05775,0.09228,AUTO,HAZARD_VISION_STOP,0.0000,0.0000,0.0000,0.0000,0.0000,0.0000,3
56.24,3.25519,0.05775,0.09228,AUTO,HAZARD_VISION_STOP,0.0000,0.0000,0.0000,0.0000,0.0000,0.0000,3
56.26,3.25519,0.05775,0.09228,AUTO,HAZARD_VISION_STOP,0.0000,0.0000,0.0000,0.0000,0.0000,0.0000,3
56.28,3.25519,0.05775,0.09228,AUTO,HAZARD_VISION_STOP,0.0000,0.0000,0.0000,0.0000,0.0000,0.0000,3
56.30,3.25519,0.05775,0.09228,AUTO,HAZARD_VISION_STOP,0.0000,0.0000,0.0000,0.0000,0.0000,0.0000,3
56.32,3.25519,0.05775,0.09228,AUTO,HAZARD_VISION_STOP,0.0000,0.0000,0.0000,0.0000,0.0000,0.0000,3
56.34,3.25519,0.05775,0.09228,AUTO,HAZARD_VISION_STOP,0.0000,0.0000,0.0000,0.0000,0.0000,0.0000,3
56.36,3.25519,0.05775,0.09228,AUTO,HAZARD_VISION_STOP,0.0000,0.0000,0.0000,0.0000,0.0000,0.0000,3
56.38,3.25519,0.05775,0.09228,AUTO,HAZARD_VISION_STOP,0.0000,0.0000,0.0000,0.0000,0.0000,0.0000,3
56.40,3.25519,0.05775,0.09228,AUTO,HAZARD_VISION_STOP,0.0000,0.0000,0.0000,0.0000,0.0000,0.0000,3
56.42,3.25519,0.05775,0.09228,AUTO,HAZARD_VISION_STOP,0.0000,0.0000,0.0000,0.0000,0.0000,0.0000,3
56.44,3.25519,0.05775,0.09228,AUTO,HAZARD_VISION_STOP,0.0000,0.0000,0.0000,0.0000,0.0000,0.0000,3
56.46,3.25519,0.05775,0.09228,AUTO,HAZARD_VISION_STOP,0.0000,0.0000,0.0000,0.0000,0.0000,0.0000,3
56.48,3.25519,0.05775,0.09228,AUTO,HAZARD_VISION_STOP,0.0000,0.0000,0.0000,0.0000,0.0000,0.0000,3
56.50,3.25519,0.05775,0.09228,AUTO,HAZARD_VISION_STOP,0.0000,0.0000,0.0000,0.0000,0.0000,0.0000,3
56.52,3.25519,0.05775,0.09228,AUTO,HAZARD_VISION_STOP,0.0000,0.0000,0.0000,0.0000,0.0000,0.0000,3
56.54,3.25519,0.05775,0.09228,AUTO,HAZARD_VISION_STOP,0.0000,0.0000,0.0000,0.0000,0.0000,0.0000,3
56.56,3.25519,0.05775,0.09228,AUTO,HAZARD_VISION_STOP,0.0000,0.0000,0.0000,0.0000,0.0000,0.0000,3
56.58,3.25519,0.05775,0.09228,AUTO,HAZARD_VISION_STOP,0.0000,0.0000,0.0000,0.0000,0.0000,0.0000,3
56.60,3.25519,0.05775,0.09228,AUTO,HAZARD_VISION_STOP,0.0000,0.0000,0.0000,0.0000,0.0000,0.0000,3
56.62,3.25519,0.05775,0.09228,AUTO,HAZARD_VISION_STOP,0.0000,0.0000,0.0000,0.0000,0.0000,0.0000,3
56.64,3.25519,0.05775,0.09228,AUTO,HAZARD_VISION_STOP,0.0000,0.0000,0.0000,0.0000,0.0000,0.0000,3
56.66,3.25519,0.05775,0.09228,AUTO,HAZARD_VISION_STOP,0.0000,0.0000,0.0000,0.0000,0.0000,0.0000,3
56.68,3.25519,0.05775,0.09228,AUTO,HAZARD_VISION_STOP,0.0000,0.0000,0.0000,0.0000,0.0000,0.0000,3
56.70,3.25519,0.05775,0.09228,AUTO,HAZARD_VISION_STOP,0.0000,0.0000,0.0000,0.0000,0.0000,0.0000,3
56.72,3.25519,0.05775,0.09228,AUTO,HAZARD_VISION_STOP,0.0000,0.0000,0.0000,0.0000,0.0000,0.0000,3
56.74,3.25519,0.05775,0.09228,AUTO,HAZARD_VISION_STOP,0.0000,0.0000,0.0000,0.0000,0.0000,0.0000,3
56.76,3.25519,0.05775,0.09228,AUTO,HAZARD_VISION_STOP,0.0000,0.0000,0.0000,0.0000,0.0000,0.0000,3
56.78,3.25519,0.05775,0.09228,AUTO,HAZARD_VISION_STOP,0.0000,0.0000,0.0000,0.0000,0.0000,0.0000,3
56.80,3.25519,0.05775,0.09228,AUTO,HAZARD_VISION_STOP,0.0000,0.0000,0.0000,0.0000,0.0000,0.0000,3
56.82,3.25519,0.05775,0.09228,AUTO,HAZARD_VISION_STOP,0.0000,0.0000,0.0000,0.0000,0.0000,0.0000,3
56.84,3.25519,0.05775,0.09228,AUTO,HAZARD_VISION_STOP,0.0000,0.0000,0.0000,0.0000,0.0000,0.0000,3
56.86,3.25519,0.05775,0.09228,AUTO,HAZARD_VISION_STOP,0.0000,0.0000,0.0000,0.0000,0.0000,0.0000,3
56.88,3.25519,0.05775,0.09228,AUTO,HAZARD_VISION_STOP,0.0000,0.0000,0.0000,0.0000,0.0000,0.0000,3
56.90,3.25519,0.05775,0.09228,AUTO,HAZARD_VISION_STOP,0.0000,0.0000,0.0000,0.0000,0.0000,0.0000,3
56.92,3.25519,0.05775,0.09228,AUTO,HAZARD_VISION_STOP,0.0000,0.0000,0.0000,0.0000,0.0000,0.0000,3
56.94,3.25519,0.05775,0.09228,AUTO,HAZARD_VISION_STOP,0.0000,0.0000,0.0000,0.0000,0.0000,0.0000,3
56.96,3.25519,0.05775,0.09228,AUTO,HAZARD_VISION_STOP,0.0000,0.0000,0.0000,0.0000,0.0000,0.0000,3
56.98,3.25519,0.05775,0.09228,AUTO,HAZARD_VISION_STOP,0.0000,0.0000,0.0000,0.0000,0.0000,0.0000,3
57.00,3.25519,0.05775,0.09228,AUTO,HAZARD_VISION_STOP,0.0000,0.0000,0.0000,0.0000,0.0000,0.0000,3
57.02,3.25519,0.05775,0.09228,AUTO,HAZARD_VISION_STOP,0.0000,0.0000,0.0000,0.0000,0.0000,0.0000,3
57.04,3.25519,0.05775,0.09228,AUTO,HAZARD_VISION_STOP,0.0000,0.0000,0.0000,0.0000,0.0000,0.0000,3
57.06,3.25519,0.05775,0.09228,AUTO,HAZARD_VISION_STOP,0.0000,0.0000,0.0000,0.0000,0.0000,0.0000,3
57.08,3.25519,0.05775,0.09228,AUTO,HAZARD_VISION_STOP,0.0000,0.0000,0.0000,0.0000,0.0000,0.0000,3
57.10,3.25519,0.05775,0.09228,AUTO,HAZARD_VISION_STOP,0.0000,0.0000,0.0000,0.0000,0.0000,0.0000,3
57.12,3.25519,0.05775,0.09228,AUTO,HAZARD_VISION_STOP,0.0000,0.0000,0.0000,0.0000,0.0000,0.0000,3
57.14,3.25519,0.05775,0.09228,AUTO,HAZARD_VISION_STOP,0.0000,0.0000,0.0000,0.0000,0.0000,0.0000,3
57.16,3.25519,0.05775,0.09228,AUTO,HAZARD_VISION_STOP,0.0000,0.0000,0.0000,0.0000,0.0000,0.0000,3
57.18,3.25519,0.05775,0.09228,AUTO,HAZARD_VISION_STOP,0.0000,0.0000,0.0000,0.0000,0.0000,0.0000,3
57.20,3.25519,0.05775,0.09228,AUTO,HAZARD_VISION_STOP,0.0000,0.0000,0.0000,0.0000,0.0000,0.0000,3
57.22,3.25519,0.05775,0.09228,AUTO,HAZARD_VISION_STOP,0.0000,0.0000,0.0000,0.0000,0.0000,0.0000,3
57.24,3.25519,0.05775,0.09228,AUTO,HAZARD_VISION_STOP,0.0000,0.0000,0.0000,0.0000,0.0000,0.0000,3
57.26,3.25519,0.05775,0.09228,AUTO,HAZARD_VISION_STOP,0.0000,0.0000,0.0000,0.0000,0.0000,0.0000,3
57.28,3.25519,0.05775,0.09228,AUTO,HAZARD_VISION_STOP,0.0000,0.0000,0.0000,0.0000,0.0000,0.0000,3
57.30,3.25519,0.05775,0.09228,AUTO,HAZARD_VISION_STOP,0.0000,0.0000,0.0000,0.0000,0.0000,0.0000,3
57.32,3.25519,0.05775,0.09228,AUTO,HAZARD_VISION_STOP,0.0000,0.0000,0.0000,0.0000,0.0000,0.0000,3
57.34,3.25519,0.05775,0.09228,AUTO,HAZARD_VISION_STOP,0.0000,0.0000,0.0000,0.0000,0.0000,0.0000,3
57.36,3.25519,0.05775,0.09228,AUTO,HAZARD_VISION_STOP,0.0000,0.0000,0.0000,0.0000,0.0000,0.0000,3
57.38,3.25519,0.05775,0.09228,AUTO,HAZARD_VISION_STOP,0.0000,0.0000,0.0000,0.0000,0.0000,0.0000,3
57.40,3.25519,0.05775,0.09228,AUTO,HAZARD_VISION_STOP,0.0000,0.0000,0.0000,0.0000,0.0000,0.0000,3
57.42,3.25519,0.05775,0.09228,AUTO,HAZARD_VISION_STOP,0.0000,0.0000,0.0000,0.0000,0.0000,0.0000,3
57.44,3.25519,0.05775,0.09228,AUTO,HAZARD_VISION_STOP,0.0000,0.0000,0.0000,0.0000,0.0000,0.0000,3
57.46,3.25519,0.05775,0.09228,AUTO,HAZARD_VISION_STOP,0.0000,0.0000,0.0000,0.0000,0.0000,0.0000,3
57.48,3.25519,0.05775,0.09228,AUTO,HAZARD_VISION_STOP,0.0000,0.0000,0.0000,0.0000,0.0000,0.0000,3
57.50,3.25519,0.05775,0.09228,AUTO,HAZARD_VISION_STOP,0.0000,0.0000,0.0000,0.0000,0.0000,0.0000,3
57.52,3.25519,0.05775,0.09228,AUTO,HAZARD_VISION_STOP,0.0000,0.0000,0.0000,0.0000,0.0000,0.0000,3
57.54,3.25519,0.05775,0.09228,AUTO,HAZARD_VISION_STOP,0.0000,0.0000,0.0000,0.0000,0.0000,0.0000,3
57.56,3.25519,0.05775,0.09228,AUTO,HAZARD_VISION_STOP,0.0000,0.0000,0.0000,0.0000,0.0000,0.0000,3
57.58,3.25519,0.05775,0.09228,AUTO,HAZARD_VISION_STOP,0.0000,0.0000,0.0000,0.0000,0.0000,0.0000,3
57.60,3.25519,0.05775,0.09228,AUTO,HAZARD_VISION_STOP,0.0000,0.0000,0.0000,0.0000,0.0000,0.0000,3
57.62,3.25519,0.05775,0.09228,AUTO,HAZARD_VISION_STOP,0.0000,0.0000,0.0000,0.0000,0.0000,0.0000,3
57.64,3.25519,0.05775,0.09228,AUTO,HAZARD_VISION_STOP,0.0000,0.0000,0.0000,0.0000,0.0000,0.0000,3
57.66,3.25519,0.05775,0.09228,AUTO,HAZARD_VISION_STOP,0.0000,0.0000,0.0000,0.0000,0.0000,0.0000,3
57.68,3.25519,0.05775,0.09228,AUTO,HAZARD_VISION_STOP,0.0000,0.0000,0.0000,0.0000,0.0000,0.0000,3
57.70,3.25519,0.05775,0.09228,AUTO,HAZARD_VISION_STOP,0.0000,0.0000,0.0000,0.0000,0.0000,0.0000,3
57.72,3.25519,0.05775,0.09228,AUTO,HAZARD_VISION_STOP,0.0000,0.0000,0.0000,0.0000,0.0000,0.0000,3
57.74,3.25519,0.05775,0.09228,AUTO,HAZARD_VISION_STOP,0.0000,0.0000,0.0000,0.0000,0.0000,0.0000,3
57.76,3.25519,0.05775,0.09228,AUTO,HAZARD_VISION_STOP,0.0000,0.0000,0.0000,0.0000,0.0000,0.0000,3
57.78,3.25519,0.05775,0.09228,AUTO,HAZARD_VISION_STOP,0.0000,0.0000,0.0000,0.0000,0.0000,0.0000,3
57.80,3.25519,0.05775,0.09228,AUTO,HAZARD_VISION_STOP,0.0000,0.0000,0.0000,0.0000,0.0000,0.0000,3
57.82,3.25519,0.05775,0.09228,AUTO,HAZARD_VISION_STOP,0.0000,0.0000,0.0000,0.0000,0.0000,0.0000,3
57.84,3.25519,0.05775,0.09228,AUTO,HAZARD_VISION_STOP,0.0000,0.0000,0.0000,0.0000,0.0000,0.0000,3
57.86,3.25519,0.05775,0.09228,AUTO,HAZARD_VISION_STOP,0.0000,0.0000,0.0000,0.0000,0.0000,0.0000,3
57.88,3.25519,0.05775,0.09228,AUTO,HAZARD_VISION_STOP,0.0000,0.0000,0.0000,0.0000,0.0000,0.0000,3
57.90,3.25519,0.05775,0.09228,AUTO,HAZARD_VISION_STOP,0.0000,0.0000,0.0000,0.0000,0.0000,0.0000,3
57.92,3.25519,0.05775,0.09228,AUTO,HAZARD_VISION_STOP,0.0000,0.0000,0.0000,0.0000,0.0000,0.0000,3
57.94,3.25519,0.05775,0.09228,AUTO,HAZARD_VISION_STOP,0.0000,0.0000,0.0000,0.0000,0.0000,0.0000,3
57.96,3.25519,0.05775,0.09228,AUTO,HAZARD_VISION_STOP,0.0000,0.0000,0.0000,0.0000,0.0000,0.0000,3
57.98,3.25519,0.05775,0.09228,AUTO,HAZARD_VISION_STOP,0.0000,0.0000,0.0000,0.0000,0.0000,0.0000,3
58.00,3.25519,0.05775,0.09228,AUTO,HAZARD_VISION_STOP,0.0000,0.0000,0.0000,0.0000,0.0000,0.0000,3
58.02,3.25519,0.05775,0.09228,AUTO,HAZARD_VISION_STOP,0.0000,0.0000,0.0000,0.0000,0.0000,0.0000,3
58.04,3.25519,0.05775,0.09228,AUTO,HAZARD_VISION_STOP,0.0000,0.0000,0.0000,0.0000,0.0000,0.0000,3
58.06,3.25519,0.05775,0.09228,AUTO,HAZARD_VISION_STOP,0.0000,0.0000,0.0000,0.0000,0.0000,0.0000,3
58.08,3.25519,0.05775,0.09228,AUTO,HAZARD_VISION_STOP,0.0000,0.0000,0.0000,0.0000,0.0000,0.0000,3
58.10,3.25519,0.05775,0.09228,AUTO,HAZARD_VISION_STOP,0.0000,0.0000,0.0000,0.0000,0.0000,0.0000,3
58.12,3.25519,0.05775,0.09228,AUTO,HAZARD_VISION_STOP,0.0000,0.0000,0.0000,0.0000,0.0000,0.0000,3
58.14,3.25519,0.05775,0.09228,AUTO,HAZARD_VISION_STOP,0.0000,0.0000,0.0000,0.0000,0.0000,0.0000,3
58.16,3.25519,0.05775,0.09228,AUTO,HAZARD_VISION_STOP,0.0000,0.0000,0.0000,0.0000,0.0000,0.0000,3
58.18,3.25519,0.05775,0.09228,AUTO,HAZARD_VISION_STOP,0.0000,0.0000,0.0000,0.0000,0.0000,0.0000,3
58.20,3.25519,0.05775,0.09228,AUTO,HAZARD_VISION_STOP,0.0000,0.0000,0.0000,0.0000,0.0000,0.0000,3
58.22,3.25519,0.05775,0.09228,AUTO,HAZARD_VISION_STOP,0.0000,0.0000,0.0000,0.0000,0.0000,0.0000,3
58.24,3.25519,0.05775,0.09228,AUTO,HAZARD_VISION_STOP,0.0000,0.0000,0.0000,0.0000,0.0000,0.0000,3
58.26,3.25519,0.05775,0.09228,AUTO,HAZARD_VISION_STOP,0.0000,0.0000,0.0000,0.0000,0.0000,0.0000,3
58.28,3.25519,0.05775,0.09228,AUTO,HAZARD_VISION_STOP,0.0000,0.0000,0.0000,0.0000,0.0000,0.0000,3
58.30,3.25519,0.05775,0.09228,AUTO,HAZARD_VISION_STOP,0.0000,0.0000,0.0000,0.0000,0.0000,0.0000,3
58.32,3.25519,0.05775,0.09228,AUTO,HAZARD_VISION_STOP,0.0000,0.0000,0.0000,0.0000,0.0000,0.0000,3
58.34,3.25519,0.05775,0.09228,AUTO,HAZARD_VISION_STOP,0.0000,0.0000,0.0000,0.0000,0.0000,0.0000,3
58.36,3.25519,0.05775,0.09228,AUTO,HAZARD_VISION_STOP,0.0000,0.0000,0.0000,0.0000,0.0000,0.0000,3
58.38,3.25519,0.05775,0.09228,AUTO,HAZARD_VISION_STOP,0.0000,0.0000,0.0000,0.0000,0.0000,0.0000,3
58.40,3.25519,0.05775,0.09228,AUTO,HAZARD_VISION_STOP,0.0000,0.0000,0.0000,0.0000,0.0000,0.0000,3
58.42,3.25519,0.05775,0.09228,AUTO,HAZARD_VISION_STOP,0.0000,0.0000,0.0000,0.0000,0.0000,0.0000,3
58.44,3.25519,0.05775,0.09228,AUTO,HAZARD_VISION_STOP,0.0000,0.0000,0.0000,0.0000,0.0000,0.0000,3
58.46,3.25519,0.05775,0.09228,AUTO,HAZARD_VISION_STOP,0.0000,0.0000,0.0000,0.0000,0.0000,0.0000,3
58.48,3.25519,0.05775,0.09228,AUTO,HAZARD_VISION_STOP,0.0000,0.0000,0.0000,0.0000,0.0000,0.0000,3
58.50,3.25519,0.05775,0.09228,AUTO,HAZARD_VISION_STOP,0.0000,0.0000,0.0000,0.0000,0.0000,0.0000,3
58.52,3.25519,0.05775,0.09228,AUTO,HAZARD_VISION_STOP,0.0000,0.0000,0.0000,0.0000,0.0000,0.0000,3
58.54,3.25519,0.05775,0.09228,AUTO,HAZARD_VISION_STOP,0.0000,0.0000,0.0000,0.0000,0.0000,0.0000,3
58.56,3.25519,0.05775,0.09228,AUTO,HAZARD_VISION_STOP,0.0000,0.0000,0.0000,0.0000,0.0000,0.0000,3
58.58,3.25519,0.05775,0.09228,AUTO,HAZARD_VISION_STOP,0.0000,0.0000,0.0000,0.0000,0.0000,0.0000,3
58.60,3.25519,0.05775,0.09228,AUTO,HAZARD_VISION_STOP,0.0000,0.0000,0.0000,0.0000,0.0000,0.0000,3
58.62,3.25519,0.05775,0.09228,AUTO,HAZARD_VISION_STOP,0.0000,0.0000,0.0000,0.0000,0.0000,0.0000,3
58.64,3.25519,0.05775,0.09228,AUTO,HAZARD_VISION_STOP,0.0000,0.0000,0.0000,0.0000,0.0000,0.0000,3
58.66,3.25519,0.05775,0.09228,AUTO,HAZARD_VISION_STOP,0.0000,0.0000,0.0000,0.0000,0.0000,0.0000,3
58.68,3.25519,0.05775,0.09228,AUTO,HAZARD_VISION_STOP,0.0000,0.0000,0.0000,0.0000,0.0000,0.0000,3
58.70,3.25519,0.05775,0.09228,AUTO,HAZARD_VISION_STOP,0.0000,0.0000,0.0000,0.0000,0.0000,0.0000,3
58.72,3.25519,0.05775,0.09228,AUTO,HAZARD_VISION_STOP,0.0000,0.0000,0.0000,0.0000,0.0000,0.0000,3
58.74,3.25519,0.05775,0.09228,AUTO,HAZARD_VISION_STOP,0.0000,0.0000,0.0000,0.0000,0.0000,0.0000,3
58.76,3.25519,0.05775,0.09228,AUTO,HAZARD_VISION_STOP,0.0000,0.0000,0.0000,0.0000,0.0000,0.0000,3
58.78,3.25519,0.05775,0.09228,AUTO,HAZARD_VISION_STOP,0.0000,0.0000,0.0000,0.0000,0.0000,0.0000,3
58.80,3.25519,0.05775,0.09228,AUTO,HAZARD_VISION_STOP,0.0000,0.0000,0.0000,0.0000,0.0000,0.0000,3
58.82,3.25519,0.05775,0.09228,AUTO,HAZARD_VISION_STOP,0.0000,0.0000,0.0000,0.0000,0.0000,0.0000,3
58.84,3.25519,0.05775,0.09228,AUTO,HAZARD_VISION_STOP,0.0000,0.0000,0.0000,0.0000,0.0000,0.0000,3
58.86,3.25519,0.05775,0.09228,AUTO,HAZARD_VISION_STOP,0.0000,0.0000,0.0000,0.0000,0.0000,0.0000,3
58.88,3.25519,0.05775,0.09228,AUTO,HAZARD_VISION_STOP,0.0000,0.0000,0.0000,0.0000,0.0000,0.0000,3
58.90,3.25519,0.05775,0.09228,AUTO,HAZARD_VISION_STOP,0.0000,0.0000,0.0000,0.0000,0.0000,0.0000,3
58.92,3.25519,0.05775,0.09228,AUTO,HAZARD_VISION_STOP,0.0000,0.0000,0.0000,0.0000,0.0000,0.0000,3
58.94,3.25519,0.05775,0.09228,AUTO,HAZARD_VISION_STOP,0.0000,0.0000,0.0000,0.0000,0.0000,0.0000,3
58.96,3.25519,0.05775,0.09228,AUTO,HAZARD_VISION_STOP,0.0000,0.0000,0.0000,0.0000,0.0000,0.0000,3
58.98,3.25519,0.05775,0.09228,AUTO,HAZARD_VISION_STOP,0.0000,0.0000,0.0000,0.0000,0.0000,0.0000,3
59.00,3.25519,0.05775,0.09228,AUTO,HAZARD_VISION_STOP,0.0000,0.0000,0.0000,0.0000,0.0000,0.0000,3
59.02,3.25519,0.05775,0.09228,AUTO,HAZARD_VISION_STOP,0.0000,0.0000,0.0000,0.0000,0.0000,0.0000,3
59.04,3.25519,0.05775,0.09228,AUTO,HAZARD_VISION_STOP,0.0000,0.0000,0.0000,0.0000,0.0000,0.0000,3
59.06,3.25519,0.05775,0.09228,AUTO,HAZARD_VISION_STOP,0.0000,0.0000,0.0000,0.0000,0.0000,0.0000,3
59.08,3.25519,0.05775,0.09228,AUTO,HAZARD_VISION_STOP,0.0000,0.0000,0.0000,0.0000,0.0000,0.0000,3
59.10,3.25519,0.05775,0.09228,AUTO,HAZARD_VISION_STOP,0.0000,0.0000,0.0000,0.0000,0.0000,0.0000,3
59.12,3.25519,0.05775,0.09228,AUTO,HAZARD_VISION_STOP,0.0000,0.0000,0.0000,0.0000,0.0000,0.0000,3
59.14,3.25519,0.05775,0.09228,AUTO,HAZARD_VISION_STOP,0.0000,0.0000,0.0000,0.0000,0.0000,0.0000,3
59.16,3.25519,0.05775,0.09228,AUTO,HAZARD_VISION_STOP,0.0000,0.0000,0.0000,0.0000,0.0000,0.0000,3
59.18,3.25519,0.05775,0.09228,AUTO,HAZARD_VISION_STOP,0.0000,0.0000,0.0000,0.0000,0.0000,0.0000,3
59.20,3.25519,0.05775,0.09228,AUTO,HAZARD_VISION_STOP,0.0000,0.0000,0.0000,0.0000,0.0000,0.0000,3
59.22,3.25519,0.05775,0.09228,AUTO,HAZARD_VISION_STOP,0.0000,0.0000,0.0000,0.0000,0.0000,0.0000,3
59.24,3.25519,0.05775,0.09228,AUTO,HAZARD_VISION_STOP,0.0000,0.0000,0.0000,0.0000,0.0000,0.0000,3
59.26,3.25519,0.05775,0.09228,AUTO,HAZARD_VISION_STOP,0.0000,0.0000,0.0000,0.0000,0.0000,0.0000,3
59.28,3.25519,0.05775,0.09228,AUTO,HAZARD_VISION_STOP,0.0000,0.0000,0.0000,0.0000,0.0000,0.0000,3
59.30,3.25519,0.05775,0.09228,AUTO,HAZARD_VISION_STOP,0.0000,0.0000,0.0000,0.0000,0.0000,0.0000,3
59.32,3.25519,0.05775,0.09228,AUTO,HAZARD_VISION_STOP,0.0000,0.0000,0.0000,0.0000,0.0000,0.0000,3
59.34,3.25519,0.05775,0.09228,AUTO,HAZARD_VISION_STOP,0.0000,0.0000,0.0000,0.0000,0.0000,0.0000,3
59.36,3.25519,0.05775,0.09228,AUTO,HAZARD_VISION_STOP,0.0000,0.0000,0.0000,0.0000,0.0000,0.0000,3
59.38,3.25519,0.05775,0.09228,AUTO,HAZARD_VISION_STOP,0.0000,0.0000,0.0000,0.0000,0.0000,0.0000,3
59.40,3.25519,0.05775,0.09228,AUTO,HAZARD_VISION_STOP,0.0000,0.0000,0.0000,0.0000,0.0000,0.0000,3
59.42,3.25519,0.05775,0.09228,AUTO,HAZARD_VISION_STOP,0.0000,0.0000,0.0000,0.0000,0.0000,0.0000,3
59.44,3.25519,0.05775,0.09228,AUTO,HAZARD_VISION_STOP,0.0000,0.0000,0.0000,0.0000,0.0000,0.0000,3
59.46,3.25519,0.05775,0.09228,AUTO,HAZARD_VISION_STOP,0.0000,0.0000,0.0000,0.0000,0.0000,0.0000,3
59.48,3.25519,0.05775,0.09228,AUTO,HAZARD_VISION_STOP,0.0000,0.0000,0.0000,0.0000,0.0000,0.0000,3
59.50,3.25519,0.05775,0.09228,AUTO,HAZARD_VISION_STOP,0.0000,0.0000,0.0000,0.0000,0.0000,0.0000,3
59.52,3.25519,0.05775,0.09228,AUTO,HAZARD_VISION_STOP,0.0000,0.0000,0.0000,0.0000,0.0000,0.0000,3
59.54,3.25519,0.05775,0.09228,AUTO,HAZARD_VISION_STOP,0.0000,0.0000,0.0000,0.0000,0.0000,0.0000,3
59.56,3.25519,0.05775,0.09228,AUTO,HAZARD_VISION_STOP,0.0000,0.0000,0.0000,0.0000,0.0000,0.0000,3
59.58,3.25519,0.05775,0.09228,AUTO,HAZARD_VISION_STOP,0.0000,0.0000,0.0000,0.0000,0.0000,0.0000,3
59.60,3.25519,0.05775,0.09228,AUTO,HAZARD_VISION_STOP,0.0000,0.0000,0.0000,0.0000,0.0000,0.0000,3
59.62,3.25519,0.05775,0.09228,AUTO,HAZARD_VISION_STOP,0.0000,0.0000,0.0000,0.0000,0.0000,0.0000,3
59.64,3.25519,0.05775,0.09228,AUTO,HAZARD_VISION_STOP,0.0000,0.0000,0.0000,0.0000,0.0000,0.0000,3
59.66,3.25519,0.05775,0.09228,AUTO,HAZARD_VISION_STOP,0.0000,0.0000,0.0000,0.0000,0.0000,0.0000,3
59.68,3.25519,0.05775,0.09228,AUTO,HAZARD_VISION_STOP,0.0000,0.0000,0.0000,0.0000,0.0000,0.0000,3
59.70,3.25519,0.05775,0.09228,AUTO,HAZARD_VISION_STOP,0.0000,0.0000,0.0000,0.0000,0.0000,0.0000,3
59.72,3.25519,0.05775,0.09228,AUTO,HAZARD_VISION_STOP,0.0000,0.0000,0.0000,0.0000,0.0000,0.0000,3
59.74,3.25519,0.05775,0.09228,AUTO,HAZARD_VISION_STOP,0.0000,0.0000,0.0000,0.0000,0.0000,0.0000,3
59.76,3.25519,0.05775,0.09228,AUTO,HAZARD_VISION_STOP,0.0000,0.0000,0.0000,0.0000,0.0000,0.0000,3
59.78,3.25519,0.05775,0.09228,AUTO,HAZARD_VISION_STOP,0.0000,0.0000,0.0000,0.0000,0.0000,0.0000,3
59.80,3.25519,0.05775,0.09228,AUTO,HAZARD_VISION_STOP,0.0000,0.0000,0.0000,0.0000,0.0000,0.0000,3
59.82,3.25519,0.05775,0.09228,AUTO,HAZARD_VISION_STOP,0.0000,0.0000,0.0000,0.0000,0.0000,0.0000,3
59.84,3.25519,0.05775,0.09228,AUTO,HAZARD_VISION_STOP,0.0000,0.0000,0.0000,0.0000,0.0000,0.0000,3
59.86,3.25519,0.05775,0.09228,AUTO,HAZARD_VISION_STOP,0.0000,0.0000,0.0000,0.0000,0.0000,0.0000,3
59.88,3.25519,0.05775,0.09228,AUTO,HAZARD_VISION_STOP,0.0000,0.0000,0.0000,0.0000,0.0000,0.0000,3
59.90,3.25519,0.05775,0.09228,AUTO,HAZARD_VISION_STOP,0.0000,0.0000,0.0000,0.0000,0.0000,0.0000,3
59.92,3.25519,0.05775,0.09228,AUTO,HAZARD_VISION_STOP,0.0000,0.0000,0.0000,0.0000,0.0000,0.0000,3
59.94,3.25519,0.05775,0.09228,AUTO,HAZARD_VISION_STOP,0.0000,0.0000,0.0000,0.0000,0.0000,0.0000,3
59.96,3.25519,0.05775,0.09228,AUTO,HAZARD_VISION_STOP,0.0000,0.0000,0.0000,0.0000,0.0000,0.0000,3
59.98,3.25519,0.05775,0.09228,AUTO,HAZARD_VISION_STOP,0.0000,0.0000,0.0000,0.0000,0.0000,0.0000,3
60.00,3.25519,0.05775,0.09228,AUTO,HAZARD_VISION_STOP,0.0000,0.0000,0.0000,0.0000,0.0000,0.0000,3
60.02,3.25519,0.05775,0.09228,AUTO,HAZARD_VISION_STOP,0.0000,0.0000,0.0000,0.0000,0.0000,0.0000,3
60.04,3.25519,0.05775,0.09228,AUTO,HAZARD_VISION_STOP,0.0000,0.0000,0.0000,0.0000,0.0000,0.0000,3
60.06,3.25519,0.05775,0.09228,AUTO,HAZARD_VISION_STOP,0.0000,0.0000,0.0000,0.0000,0.0000,0.0000,3
60.08,3.25519,0.05775,0.09228,AUTO,HAZARD_VISION_STOP,0.0000,0.0000,0.0000,0.0000,0.0000,0.0000,3
60.10,3.25519,0.05775,0.09228,AUTO,HAZARD_VISION_STOP,0.0000,0.0000,0.0000,0.0000,0.0000,0.0000,3
60.12,3.25519,0.05775,0.09228,AUTO,HAZARD_VISION_STOP,0.0000,0.0000,0.0000,0.0000,0.0000,0.0000,3
60.14,3.25519,0.05775,0.09228,AUTO,HAZARD_VISION_STOP,0.0000,0.0000,0.0000,0.0000,0.0000,0.0000,3
60.16,3.25519,0.05775,0.09228,AUTO,HAZARD_VISION_STOP,0.0000,0.0000,0.0000,0.0000,0.0000,0.0000,3
60.18,3.25519,0.05775,0.09228,AUTO,HAZARD_VISION_STOP,0.0000,0.0000,0.0000,0.0000,0.0000,0.0000,3
60.20,3.25519,0.05775,0.09228,AUTO,HAZARD_VISION_STOP,0.0000,0.0000,0.0000,0.0000,0.0000,0.0000,3
60.22,3.25519,0.05775,0.09228,AUTO,HAZARD_VISION_STOP,0.0000,0.0000,0.0000,0.0000,0.0000,0.0000,3
60.24,3.25519,0.05775,0.09228,AUTO,HAZARD_VISION_STOP,0.0000,0.0000,0.0000,0.0000,0.0000,0.0000,3
60.26,3.25519,0.05775,0.09228,AUTO,HAZARD_VISION_STOP,0.0000,0.0000,0.0000,0.0000,0.0000,0.0000,3
60.28,3.25519,0.05775,0.09228,AUTO,HAZARD_VISION_STOP,0.0000,0.0000,0.0000,0.0000,0.0000,0.0000,3
60.30,3.25519,0.05775,0.09228,AUTO,HAZARD_VISION_STOP,0.0000,0.0000,0.0000,0.0000,0.0000,0.0000,3
60.32,3.25519,0.05775,0.09228,AUTO,HAZARD_VISION_STOP,0.0000,0.0000,0.0000,0.0000,0.0000,0.0000,3
60.34,3.25519,0.05775,0.09228,AUTO,HAZARD_VISION_STOP,0.0000,0.0000,0.0000,0.0000,0.0000,0.0000,3
60.36,3.25519,0.05775,0.09228,AUTO,HAZARD_VISION_STOP,0.0000,0.0000,0.0000,0.0000,0.0000,0.0000,3
60.38,3.25519,0.05775,0.09228,AUTO,HAZARD_VISION_STOP,0.0000,0.0000,0.0000,0.0000,0.0000,0.0000,3
60.40,3.25519,0.05775,0.09228,AUTO,HAZARD_VISION_STOP,0.0000,0.0000,0.0000,0.0000,0.0000,0.0000,3
60.42,3.25519,0.05775,0.09228,AUTO,HAZARD_VISION_STOP,0.0000,0.0000,0.0000,0.0000,0.0000,0.0000,3
60.44,3.25519,0.05775,0.09228,AUTO,HAZARD_VISION_STOP,0.0000,0.0000,0.0000,0.0000,0.0000,0.0000,3
60.46,3.25519,0.05775,0.09228,AUTO,HAZARD_VISION_STOP,0.0000,0.0000,0.0000,0.0000,0.0000,0.0000,3
60.48,3.25519,0.05775,0.09228,AUTO,HAZARD_VISION_STOP,0.0000,0.0000,0.0000,0.0000,0.0000,0.0000,3
60.50,3.25519,0.05775,0.09228,AUTO,HAZARD_VISION_STOP,0.0000,0.0000,0.0000,0.0000,0.0000,0.0000,3
60.52,3.25519,0.05775,0.09228,AUTO,HAZARD_VISION_STOP,0.0000,0.0000,0.0000,0.0000,0.0000,0.0000,3
60.54,3.25519,0.05775,0.09228,AUTO,HAZARD_VISION_STOP,0.0000,0.0000,0.0000,0.0000,0.0000,0.0000,3
60.56,3.25519,0.05775,0.09228,AUTO,HAZARD_VISION_STOP,0.0000,0.0000,0.0000,0.0000,0.0000,0.0000,3
60.58,3.25519,0.05775,0.09228,AUTO,HAZARD_VISION_STOP,0.0000,0.0000,0.0000,0.0000,0.0000,0.0000,3
60.60,3.25519,0.05775,0.09228,AUTO,HAZARD_VISION_STOP,0.0000,0.0000,0.0000,0.0000,0.0000,0.0000,3
60.62,3.25519,0.05775,0.09228,AUTO,HAZARD_VISION_STOP,0.0000,0.0000,0.0000,0.0000,0.0000,0.0000,3
60.64,3.25519,0.05775,0.09228,AUTO,HAZARD_VISION_STOP,0.0000,0.0000,0.0000,0.0000,0.0000,0.0000,3
60.66,3.25519,0.05775,0.09228,AUTO,HAZARD_VISION_STOP,0.0000,0.0000,0.0000,0.0000,0.0000,0.0000,3
60.68,3.25519,0.05775,0.09228,AUTO,HAZARD_VISION_STOP,0.0000,0.0000,0.0000,0.0000,0.0000,0.0000,3
60.70,3.25519,0.05775,0.09228,AUTO,HAZARD_VISION_STOP,0.0000,0.0000,0.0000,0.0000,0.0000,0.0000,3
60.72,3.25519,0.05775,0.09228,AUTO,HAZARD_VISION_STOP,0.0000,0.0000,0.0000,0.0000,0.0000,0.0000,3
60.74,3.25519,0.05775,0.09228,AUTO,HAZARD_VISION_STOP,0.0000,0.0000,0.0000,0.0000,0.0000,0.0000,3
60.76,3.25519,0.05775,0.09228,AUTO,HAZARD_VISION_STOP,0.0000,0.0000,0.0000,0.0000,0.0000,0.0000,3
60.78,3.25519,0.05775,0.09228,AUTO,HAZARD_VISION_STOP,0.0000,0.0000,0.0000,0.0000,0.0000,0.0000,3
60.80,3.25519,0.05775,0.09228,AUTO,HAZARD_VISION_STOP,0.0000,0.0000,0.0000,0.0000,0.0000,0.0000,3
60.82,3.25519,0.05775,0.09228,AUTO,HAZARD_VISION_STOP,0.0000,0.0000,0.0000,0.0000,0.0000,0.0000,3
60.84,3.25519,0.05775,0.09228,AUTO,HAZARD_VISION_STOP,0.0000,0.0000,0.0000,0.0000,0.0000,0.0000,3
60.86,3.25519,0.05775,0.09228,AUTO,HAZARD_VISION_STOP,0.0000,0.0000,0.0000,0.0000,0.0000,0.0000,3
60.88,3.25519,0.05775,0.09228,AUTO,HAZARD_VISION_STOP,0.0000,0.0000,0.0000,0.0000,0.0000,0.0000,3
60.90,3.25519,0.05775,0.09228,AUTO,HAZARD_VISION_STOP,0.0000,0.0000,0.0000,0.0000,0.0000,0.0000,3
60.92,3.25519,0.05775,0.09228,AUTO,HAZARD_VISION_STOP,0.0000,0.0000,0.0000,0.0000,0.0000,0.0000,3
60.94,3.25519,0.05775,0.09228,AUTO,HAZARD_VISION_STOP,0.0000,0.0000,0.0000,0.0000,0.0000,0.0000,3
60.96,3.25519,0.05775,0.09228,AUTO,HAZARD_VISION_STOP,0.0000,0.0000,0.0000,0.0000,0.0000,0.0000,3
60.98,3.25519,0.05775,0.09228,AUTO,HAZARD_VISION_STOP,0.0000,0.0000,0.0000,0.0000,0.0000,0.0000,3
61.00,3.25519,0.05775,0.09228,AUTO,HAZARD_VISION_STOP,0.0000,0.0000,0.0000,0.0000,0.0000,0.0000,3
61.02,3.25519,0.05775,0.09228,AUTO,HAZARD_VISION_STOP,0.0000,0.0000,0.0000,0.0000,0.0000,0.0000,3
61.04,3.25519,0.05775,0.09228,AUTO,HAZARD_VISION_STOP,0.0000,0.0000,0.0000,0.0000,0.0000,0.0000,3
61.06,3.25519,0.05775,0.09228,AUTO,HAZARD_VISION_STOP,0.0000,0.0000,0.0000,0.0000,0.0000,0.0000,3
61.08,3.25519,0.05775,0.09228,AUTO,HAZARD_VISION_STOP,0.0000,0.0000,0.0000,0.0000,0.0000,0.0000,3
61.10,3.25519,0.05775,0.09228,AUTO,HAZARD_VISION_STOP,0.0000,0.0000,0.0000,0.0000,0.0000,0.0000,3
61.12,3.25519,0.05775,0.09228,AUTO,HAZARD_VISION_STOP,0.0000,0.0000,0.0000,0.0000,0.0000,0.0000,3
61.14,3.25519,0.05775,0.09228,AUTO,HAZARD_VISION_STOP,0.0000,0.0000,0.0000,0.0000,0.0000,0.0000,3
61.16,3.25519,0.05775,0.09228,AUTO,HAZARD_VISION_STOP,0.0000,0.0000,0.0000,0.0000,0.0000,0.0000,3
61.18,3.25519,0.05775,0.09228,AUTO,HAZARD_VISION_STOP,0.0000,0.0000,0.0000,0.0000,0.0000,0.0000,3
61.20,3.25519,0.05775,0.09228,AUTO,HAZARD_VISION_STOP,0.0000,0.0000,0.0000,0.0000,0.0000,0.0000,3
61.22,3.25519,0.05775,0.09228,AUTO,HAZARD_VISION_STOP,0.0000,0.0000,0.0000,0.0000,0.0000,0.0000,3
61.24,3.25519,0.05775,0.09228,AUTO,HAZARD_VISION_STOP,0.0000,0.0000,0.0000,0.0000,0.0000,0.0000,3
61.26,3.25519,0.05775,0.09228,AUTO,HAZARD_VISION_STOP,0.0000,0.0000,0.0000,0.0000,0.0000,0.0000,3
61.28,3.25519,0.05775,0.09228,AUTO,HAZARD_VISION_STOP,0.0000,0.0000,0.0000,0.0000,0.0000,0.0000,3
61.30,3.25519,0.05775,0.09228,AUTO,HAZARD_VISION_STOP,0.0000,0.0000,0.0000,0.0000,0.0000,0.0000,3
61.32,3.25519,0.05775,0.09228,AUTO,HAZARD_VISION_STOP,0.0000,0.0000,0.0000,0.0000,0.0000,0.0000,3
61.34,3.25519,0.05775,0.09228,AUTO,HAZARD_VISION_STOP,0.0000,0.0000,0.0000,0.0000,0.0000,0.0000,3
61.36,3.25519,0.05775,0.09228,AUTO,HAZARD_VISION_STOP,0.0000,0.0000,0.0000,0.0000,0.0000,0.0000,3
61.38,3.25519,0.05775,0.09228,AUTO,HAZARD_VISION_STOP,0.0000,0.0000,0.0000,0.0000,0.0000,0.0000,3
61.40,3.25519,0.05775,0.09228,AUTO,HAZARD_VISION_STOP,0.0000,0.0000,0.0000,0.0000,0.0000,0.0000,3
61.42,3.25519,0.05775,0.09228,AUTO,HAZARD_VISION_STOP,0.0000,0.0000,0.0000,0.0000,0.0000,0.0000,3
61.44,3.25519,0.05775,0.09228,AUTO,HAZARD_VISION_STOP,0.0000,0.0000,0.0000,0.0000,0.0000,0.0000,3
61.46,3.25519,0.05775,0.09228,AUTO,HAZARD_VISION_STOP,0.0000,0.0000,0.0000,0.0000,0.0000,0.0000,3
61.48,3.25519,0.05775,0.09228,AUTO,HAZARD_VISION_STOP,0.0000,0.0000,0.0000,0.0000,0.0000,0.0000,3
61.50,3.25519,0.05775,0.09228,AUTO,HAZARD_VISION_STOP,0.0000,0.0000,0.0000,0.0000,0.0000,0.0000,3
61.52,3.25519,0.05775,0.09228,AUTO,HAZARD_VISION_STOP,0.0000,0.0000,0.0000,0.0000,0.0000,0.0000,3
61.54,3.25519,0.05775,0.09228,AUTO,HAZARD_VISION_STOP,0.0000,0.0000,0.0000,0.0000,0.0000,0.0000,3
61.56,3.25519,0.05775,0.09228,AUTO,HAZARD_VISION_STOP,0.0000,0.0000,0.0000,0.0000,0.0000,0.0000,3
61.58,3.25519,0.05775,0.09228,AUTO,HAZARD_VISION_STOP,0.0000,0.0000,0.0000,0.0000,0.0000,0.0000,3
61.60,3.25519,0.05775,0.09228,AUTO,HAZARD_VISION_STOP,0.0000,0.0000,0.0000,0.0000,0.0000,0.0000,3
61.62,3.25519,0.05775,0.09228,AUTO,HAZARD_VISION_STOP,0.0000,0.0000,0.0000,0.0000,0.0000,0.0000,3
61.64,3.25519,0.05775,0.09228,AUTO,HAZARD_VISION_STOP,0.0000,0.0000,0.0000,0.0000,0.0000,0.0000,3
61.66,3.25519,0.05775,0.09228,AUTO,HAZARD_VISION_STOP,0.0000,0.0000,0.0000,0.0000,0.0000,0.0000,3
61.68,3.25519,0.05775,0.09228,AUTO,HAZARD_VISION_STOP,0.0000,0.0000,0.0000,0.0000,0.0000,0.0000,3
61.70,3.25519,0.05775,0.09228,AUTO,HAZARD_VISION_STOP,0.0000,0.0000,0.0000,0.0000,0.0000,0.0000,3
61.72,3.25519,0.05775,0.09228,AUTO,HAZARD_VISION_STOP,0.0000,0.0000,0.0000,0.0000,0.0000,0.0000,3
61.74,3.25519,0.05775,0.09228,AUTO,HAZARD_VISION_STOP,0.0000,0.0000,0.0000,0.0000,0.0000,0.0000,3
61.76,3.25519,0.05775,0.09228,AUTO,HAZARD_VISION_STOP,0.0000,0.0000,0.0000,0.0000,0.0000,0.0000,3
61.78,3.25519,0.05775,0.09228,AUTO,HAZARD_VISION_STOP,0.0000,0.0000,0.0000,0.0000,0.0000,0.0000,3
61.80,3.25519,0.05775,0.09228,AUTO,HAZARD_VISION_STOP,0.0000,0.0000,0.0000,0.0000,0.0000,0.0000,3
61.82,3.25519,0.05775,0.09228,AUTO,HAZARD_VISION_STOP,0.0000,0.0000,0.0000,0.0000,0.0000,0.0000,3
61.84,3.25519,0.05775,0.09228,AUTO,HAZARD_VISION_STOP,0.0000,0.0000,0.0000,0.0000,0.0000,0.0000,3
61.86,3.25519,0.05775,0.09228,AUTO,HAZARD_VISION_STOP,0.0000,0.0000,0.0000,0.0000,0.0000,0.0000,3
61.88,3.25519,0.05775,0.09228,AUTO,HAZARD_VISION_STOP,0.0000,0.0000,0.0000,0.0000,0.0000,0.0000,3
61.90,3.25519,0.05775,0.09228,AUTO,HAZARD_VISION_STOP,0.0000,0.0000,0.0000,0.0000,0.0000,0.0000,3
61.92,3.25519,0.05775,0.09228,AUTO,HAZARD_VISION_STOP,0.0000,0.0000,0.0000,0.0000,0.0000,0.0000,3
61.94,3.25519,0.05775,0.09228,AUTO,HAZARD_VISION_STOP,0.0000,0.0000,0.0000,0.0000,0.0000,0.0000,3
61.96,3.25519,0.05775,0.09228,AUTO,HAZARD_VISION_STOP,0.0000,0.0000,0.0000,0.0000,0.0000,0.0000,3
61.98,3.25519,0.05775,0.09228,AUTO,HAZARD_VISION_STOP,0.0000,0.0000,0.0000,0.0000,0.0000,0.0000,3
62.00,3.25519,0.05775,0.09228,AUTO,HAZARD_VISION_STOP,0.0000,0.0000,0.0000,0.0000,0.0000,0.0000,3
62.02,3.25519,0.05775,0.09228,AUTO,HAZARD_VISION_STOP,0.0000,0.0000,0.0000,0.0000,0.0000,0.0000,3
62.04,3.25519,0.05775,0.09228,AUTO,HAZARD_VISION_STOP,0.0000,0.0000,0.0000,0.0000,0.0000,0.0000,3
62.06,3.25519,0.05775,0.09228,AUTO,HAZARD_VISION_STOP,0.0000,0.0000,0.0000,0.0000,0.0000,0.0000,3
62.08,3.25519,0.05775,0.09228,AUTO,HAZARD_VISION_STOP,0.0000,0.0000,0.0000,0.0000,0.0000,0.0000,3
62.10,3.25519,0.05775,0.09228,AUTO,HAZARD_VISION_STOP,0.0000,0.0000,0.0000,0.0000,0.0000,0.0000,3
62.12,3.25519,0.05775,0.09228,AUTO,HAZARD_VISION_STOP,0.0000,0.0000,0.0000,0.0000,0.0000,0.0000,3
62.14,3.25519,0.05775,0.09228,AUTO,HAZARD_VISION_STOP,0.0000,0.0000,0.0000,0.0000,0.0000,0.0000,3
62.16,3.25519,0.05775,0.09228,AUTO,HAZARD_VISION_STOP,0.0000,0.0000,0.0000,0.0000,0.0000,0.0000,3
62.18,3.25519,0.05775,0.09228,AUTO,HAZARD_VISION_STOP,0.0000,0.0000,0.0000,0.0000,0.0000,0.0000,3
62.20,3.25519,0.05775,0.09228,AUTO,HAZARD_VISION_STOP,0.0000,0.0000,0.0000,0.0000,0.0000,0.0000,3
62.22,3.25519,0.05775,0.09228,AUTO,HAZARD_VISION_STOP,0.0000,0.0000,0.0000,0.0000,0.0000,0.0000,3
62.24,3.25519,0.05775,0.09228,AUTO,HAZARD_VISION_STOP,0.0000,0.0000,0.0000,0.0000,0.0000,0.0000,3
62.26,3.25519,0.05775,0.09228,AUTO,HAZARD_VISION_STOP,0.0000,0.0000,0.0000,0.0000,0.0000,0.0000,3
62.28,3.25519,0.05775,0.09228,AUTO,HAZARD_VISION_STOP,0.0000,0.0000,0.0000,0.0000,0.0000,0.0000,3
62.30,3.25519,0.05775,0.09228,AUTO,HAZARD_VISION_STOP,0.0000,0.0000,0.0000,0.0000,0.0000,0.0000,3
62.32,3.25519,0.05775,0.09228,AUTO,HAZARD_VISION_STOP,0.0000,0.0000,0.0000,0.0000,0.0000,0.0000,3
62.34,3.25519,0.05775,0.09228,AUTO,HAZARD_VISION_STOP,0.0000,0.0000,0.0000,0.0000,0.0000,0.0000,3
62.36,3.25519,0.05775,0.09228,AUTO,HAZARD_VISION_STOP,0.0000,0.0000,0.0000,0.0000,0.0000,0.0000,3
62.38,3.25519,0.05775,0.09228,AUTO,HAZARD_VISION_STOP,0.0000,0.0000,0.0000,0.0000,0.0000,0.0000,3
62.40,3.25519,0.05775,0.09228,AUTO,HAZARD_VISION_STOP,0.0000,0.0000,0.0000,0.0000,0.0000,0.0000,3
62.42,3.25519,0.05775,0.09228,AUTO,HAZARD_VISION_STOP,0.0000,0.0000,0.0000,0.0000,0.0000,0.0000,3
62.44,3.25519,0.05775,0.09228,AUTO,HAZARD_VISION_STOP,0.0000,0.0000,0.0000,0.0000,0.0000,0.0000,3
62.46,3.25519,0.05775,0.09228,AUTO,HAZARD_VISION_STOP,0.0000,0.0000,0.0000,0.0000,0.0000,0.0000,3
62.48,3.25519,0.05775,0.09228,AUTO,HAZARD_VISION_STOP,0.0000,0.0000,0.0000,0.0000,0.0000,0.0000,3
62.50,3.25519,0.05775,0.09228,AUTO,HAZARD_VISION_STOP,0.0000,0.0000,0.0000,0.0000,0.0000,0.0000,3
62.52,3.25519,0.05775,0.09228,AUTO,HAZARD_VISION_STOP,0.0000,0.0000,0.0000,0.0000,0.0000,0.0000,3
62.54,3.25519,0.05775,0.09228,AUTO,HAZARD_VISION_STOP,0.0000,0.0000,0.0000,0.0000,0.0000,0.0000,3
62.56,3.25519,0.05775,0.09228,AUTO,HAZARD_VISION_STOP,0.0000,0.0000,0.0000,0.0000,0.0000,0.0000,3
62.58,3.25519,0.05775,0.09228,AUTO,HAZARD_VISION_STOP,0.0000,0.0000,0.0000,0.0000,0.0000,0.0000,3
62.60,3.25519,0.05775,0.09228,AUTO,HAZARD_VISION_STOP,0.0000,0.0000,0.0000,0.0000,0.0000,0.0000,3
62.62,3.25519,0.05775,0.09228,AUTO,HAZARD_VISION_STOP,0.0000,0.0000,0.0000,0.0000,0.0000,0.0000,3
62.64,3.25519,0.05775,0.09228,AUTO,HAZARD_VISION_STOP,0.0000,0.0000,0.0000,0.0000,0.0000,0.0000,3
62.66,3.25519,0.05775,0.09228,AUTO,HAZARD_VISION_STOP,0.0000,0.0000,0.0000,0.0000,0.0000,0.0000,3
62.68,3.25519,0.05775,0.09228,AUTO,HAZARD_VISION_STOP,0.0000,0.0000,0.0000,0.0000,0.0000,0.0000,3
62.70,3.25519,0.05775,0.09228,AUTO,HAZARD_VISION_STOP,0.0000,0.0000,0.0000,0.0000,0.0000,0.0000,3
62.72,3.25519,0.05775,0.09228,AUTO,HAZARD_VISION_STOP,0.0000,0.0000,0.0000,0.0000,0.0000,0.0000,3
62.74,3.25519,0.05775,0.09228,AUTO,HAZARD_VISION_STOP,0.0000,0.0000,0.0000,0.0000,0.0000,0.0000,3
62.76,3.25519,0.05775,0.09228,AUTO,HAZARD_VISION_STOP,0.0000,0.0000,0.0000,0.0000,0.0000,0.0000,3
62.78,3.25519,0.05775,0.09228,AUTO,HAZARD_VISION_STOP,0.0000,0.0000,0.0000,0.0000,0.0000,0.0000,3
62.80,3.25519,0.05775,0.09228,AUTO,HAZARD_VISION_STOP,0.0000,0.0000,0.0000,0.0000,0.0000,0.0000,3
62.82,3.25519,0.05775,0.09228,AUTO,HAZARD_VISION_STOP,0.0000,0.0000,0.0000,0.0000,0.0000,0.0000,3
62.84,3.25519,0.05775,0.09228,AUTO,HAZARD_VISION_STOP,0.0000,0.0000,0.0000,0.0000,0.0000,0.0000,3
62.86,3.25519,0.05775,0.09228,AUTO,HAZARD_VISION_STOP,0.0000,0.0000,0.0000,0.0000,0.0000,0.0000,3
62.88,3.25519,0.05775,0.09228,AUTO,HAZARD_VISION_STOP,0.0000,0.0000,0.0000,0.0000,0.0000,0.0000,3
62.90,3.25519,0.05775,0.09228,AUTO,HAZARD_VISION_STOP,0.0000,0.0000,0.0000,0.0000,0.0000,0.0000,3
62.92,3.25519,0.05775,0.09228,AUTO,HAZARD_VISION_STOP,0.0000,0.0000,0.0000,0.0000,0.0000,0.0000,3
62.94,3.25519,0.05775,0.09228,AUTO,HAZARD_VISION_STOP,0.0000,0.0000,0.0000,0.0000,0.0000,0.0000,3
62.96,3.25519,0.05775,0.09228,AUTO,HAZARD_VISION_STOP,0.0000,0.0000,0.0000,0.0000,0.0000,0.0000,3
62.98,3.25519,0.05775,0.09228,AUTO,HAZARD_VISION_STOP,0.0000,0.0000,0.0000,0.0000,0.0000,0.0000,3
63.00,3.25519,0.05775,0.09228,AUTO,HAZARD_VISION_STOP,0.0000,0.0000,0.0000,0.0000,0.0000,0.0000,3
63.02,3.25519,0.05775,0.09228,AUTO,HAZARD_VISION_STOP,0.0000,0.0000,0.0000,0.0000,0.0000,0.0000,3
63.04,3.25519,0.05775,0.09228,AUTO,HAZARD_VISION_STOP,0.0000,0.0000,0.0000,0.0000,0.0000,0.0000,3
63.06,3.25519,0.05775,0.09228,AUTO,HAZARD_VISION_STOP,0.0000,0.0000,0.0000,0.0000,0.0000,0.0000,3
63.08,3.25519,0.05775,0.09228,AUTO,HAZARD_VISION_STOP,0.0000,0.0000,0.0000,0.0000,0.0000,0.0000,3
63.10,3.25519,0.05775,0.09228,AUTO,HAZARD_VISION_STOP,0.0000,0.0000,0.0000,0.0000,0.0000,0.0000,3
63.12,3.25519,0.05775,0.09228,AUTO,HAZARD_VISION_STOP,0.0000,0.0000,0.0000,0.0000,0.0000,0.0000,3
63.14,3.25519,0.05775,0.09228,AUTO,HAZARD_VISION_STOP,0.0000,0.0000,0.0000,0.0000,0.0000,0.0000,3
63.16,3.25519,0.05775,0.09228,AUTO,HAZARD_VISION_STOP,0.0000,0.0000,0.0000,0.0000,0.0000,0.0000,3
63.18,3.25519,0.05775,0.09228,AUTO,HAZARD_VISION_STOP,0.0000,0.0000,0.0000,0.0000,0.0000,0.0000,3
63.20,3.25519,0.05775,0.09228,AUTO,HAZARD_VISION_STOP,0.0000,0.0000,0.0000,0.0000,0.0000,0.0000,3
63.22,3.25519,0.05775,0.09228,AUTO,HAZARD_VISION_STOP,0.0000,0.0000,0.0000,0.0000,0.0000,0.0000,3
63.24,3.25519,0.05775,0.09228,AUTO,HAZARD_VISION_STOP,0.0000,0.0000,0.0000,0.0000,0.0000,0.0000,3
63.26,3.25519,0.05775,0.09228,AUTO,HAZARD_VISION_STOP,0.0000,0.0000,0.0000,0.0000,0.0000,0.0000,3
63.28,3.25519,0.05775,0.09228,AUTO,HAZARD_VISION_STOP,0.0000,0.0000,0.0000,0.0000,0.0000,0.0000,3
63.30,3.25519,0.05775,0.09228,AUTO,HAZARD_VISION_STOP,0.0000,0.0000,0.0000,0.0000,0.0000,0.0000,3
63.32,3.25519,0.05775,0.09228,AUTO,HAZARD_VISION_STOP,0.0000,0.0000,0.0000,0.0000,0.0000,0.0000,3
63.34,3.25519,0.05775,0.09228,AUTO,HAZARD_VISION_STOP,0.0000,0.0000,0.0000,0.0000,0.0000,0.0000,3
63.36,3.25519,0.05775,0.09228,AUTO,HAZARD_VISION_STOP,0.0000,0.0000,0.0000,0.0000,0.0000,0.0000,3
63.38,3.25519,0.05775,0.09228,AUTO,HAZARD_VISION_STOP,0.0000,0.0000,0.0000,0.0000,0.0000,0.0000,3
63.40,3.25519,0.05775,0.09228,AUTO,HAZARD_VISION_STOP,0.0000,0.0000,0.0000,0.0000,0.0000,0.0000,3
63.42,3.25519,0.05775,0.09228,AUTO,HAZARD_VISION_STOP,0.0000,0.0000,0.0000,0.0000,0.0000,0.0000,3
63.44,3.25519,0.05775,0.09228,AUTO,HAZARD_VISION_STOP,0.0000,0.0000,0.0000,0.0000,0.0000,0.0000,3
63.46,3.25519,0.05775,0.09228,AUTO,HAZARD_VISION_STOP,0.0000,0.0000,0.0000,0.0000,0.0000,0.0000,3
63.48,3.25519,0.05775,0.09228,AUTO,HAZARD_VISION_STOP,0.0000,0.0000,0.0000,0.0000,0.0000,0.0000,3
63.50,3.25519,0.05775,0.09228,AUTO,HAZARD_VISION_STOP,0.0000,0.0000,0.0000,0.0000,0.0000,0.0000,3
63.52,3.25519,0.05775,0.09228,AUTO,HAZARD_VISION_STOP,0.0000,0.0000,0.0000,0.0000,0.0000,0.0000,3
63.54,3.25519,0.05775,0.09228,AUTO,HAZARD_VISION_STOP,0.0000,0.0000,0.0000,0.0000,0.0000,0.0000,3
63.56,3.25519,0.05775,0.09228,AUTO,HAZARD_VISION_STOP,0.0000,0.0000,0.0000,0.0000,0.0000,0.0000,3
63.58,3.25519,0.05775,0.09228,AUTO,HAZARD_VISION_STOP,0.0000,0.0000,0.0000,0.0000,0.0000,0.0000,3
63.60,3.25519,0.05775,0.09228,AUTO,HAZARD_VISION_STOP,0.0000,0.0000,0.0000,0.0000,0.0000,0.0000,3
63.62,3.25519,0.05775,0.09228,AUTO,HAZARD_VISION_STOP,0.0000,0.0000,0.0000,0.0000,0.0000,0.0000,3
63.64,3.25519,0.05775,0.09228,AUTO,HAZARD_VISION_STOP,0.0000,0.0000,0.0000,0.0000,0.0000,0.0000,3
63.66,3.25519,0.05775,0.09228,AUTO,HAZARD_VISION_STOP,0.0000,0.0000,0.0000,0.0000,0.0000,0.0000,3
63.68,3.25519,0.05775,0.09228,AUTO,HAZARD_VISION_STOP,0.0000,0.0000,0.0000,0.0000,0.0000,0.0000,3
63.70,3.25519,0.05775,0.09228,AUTO,HAZARD_VISION_STOP,0.0000,0.0000,0.0000,0.0000,0.0000,0.0000,3
63.72,3.25519,0.05775,0.09228,AUTO,HAZARD_VISION_STOP,0.0000,0.0000,0.0000,0.0000,0.0000,0.0000,3
63.74,3.25519,0.05775,0.09228,AUTO,HAZARD_VISION_STOP,0.0000,0.0000,0.0000,0.0000,0.0000,0.0000,3
63.76,3.25519,0.05775,0.09228,AUTO,HAZARD_VISION_STOP,0.0000,0.0000,0.0000,0.0000,0.0000,0.0000,3
63.78,3.25519,0.05775,0.09228,AUTO,HAZARD_VISION_STOP,0.0000,0.0000,0.0000,0.0000,0.0000,0.0000,3
63.80,3.25519,0.05775,0.09228,AUTO,HAZARD_VISION_STOP,0.0000,0.0000,0.0000,0.0000,0.0000,0.0000,3
63.82,3.25519,0.05775,0.09228,AUTO,HAZARD_VISION_STOP,0.0000,0.0000,0.0000,0.0000,0.0000,0.0000,3
63.84,3.25519,0.05775,0.09228,AUTO,HAZARD_VISION_STOP,0.0000,0.0000,0.0000,0.0000,0.0000,0.0000,3
63.86,3.25519,0.05775,0.09228,AUTO,HAZARD_VISION_STOP,0.0000,0.0000,0.0000,0.0000,0.0000,0.0000,3
63.88,3.25519,0.05775,0.09228,AUTO,HAZARD_VISION_STOP,0.0000,0.0000,0.0000,0.0000,0.0000,0.0000,3
63.90,3.25519,0.05775,0.09228,AUTO,HAZARD_VISION_STOP,0.0000,0.0000,0.0000,0.0000,0.0000,0.0000,3
63.92,3.25519,0.05775,0.09228,AUTO,HAZARD_VISION_STOP,0.0000,0.0000,0.0000,0.0000,0.0000,0.0000,3
63.94,3.25519,0.05775,0.09228,AUTO,HAZARD_VISION_STOP,0.0000,0.0000,0.0000,0.0000,0.0000,0.0000,3
63.96,3.25519,0.05775,0.09228,AUTO,HAZARD_VISION_STOP,0.0000,0.0000,0.0000,0.0000,0.0000,0.0000,3
63.98,3.25519,0.05775,0.09228,AUTO,HAZARD_VISION_STOP,0.0000,0.0000,0.0000,0.0000,0.0000,0.0000,3
64.00,3.25519,0.05775,0.09228,AUTO,HAZARD_VISION_STOP,0.0000,0.0000,0.0000,0.0000,0.0000,0.0000,3
64.02,3.25519,0.05775,0.09228,AUTO,HAZARD_VISION_STOP,0.0000,0.0000,0.0000,0.0000,0.0000,0.0000,3
64.04,3.25519,0.05775,0.09228,AUTO,HAZARD_VISION_STOP,0.0000,0.0000,0.0000,0.0000,0.0000,0.0000,3
64.06,3.25519,0.05775,0.09228,AUTO,HAZARD_VISION_STOP,0.0000,0.0000,0.0000,0.0000,0.0000,0.0000,3
64.08,3.25519,0.05775,0.09228,AUTO,HAZARD_VISION_STOP,0.0000,0.0000,0.0000,0.0000,0.0000,0.0000,3
64.10,3.25519,0.05775,0.09228,AUTO,HAZARD_VISION_STOP,0.0000,0.0000,0.0000,0.0000,0.0000,0.0000,3
64.12,3.25519,0.05775,0.09228,AUTO,HAZARD_VISION_STOP,0.0000,0.0000,0.0000,0.0000,0.0000,0.0000,3
64.14,3.25519,0.05775,0.09228,AUTO,HAZARD_VISION_STOP,0.0000,0.0000,0.0000,0.0000,0.0000,0.0000,3
64.16,3.25519,0.05775,0.09228,AUTO,HAZARD_VISION_STOP,0.0000,0.0000,0.0000,0.0000,0.0000,0.0000,3
64.18,3.25519,0.05775,0.09228,AUTO,HAZARD_VISION_STOP,0.0000,0.0000,0.0000,0.0000,0.0000,0.0000,3
64.20,3.25519,0.05775,0.09228,AUTO,HAZARD_VISION_STOP,0.0000,0.0000,0.0000,0.0000,0.0000,0.0000,3
64.22,3.25519,0.05775,0.09228,AUTO,HAZARD_VISION_STOP,0.0000,0.0000,0.0000,0.0000,0.0000,0.0000,3
64.24,3.25519,0.05775,0.09228,AUTO,HAZARD_VISION_STOP,0.0000,0.0000,0.0000,0.0000,0.0000,0.0000,3
64.26,3.25519,0.05775,0.09228,AUTO,HAZARD_VISION_STOP,0.0000,0.0000,0.0000,0.0000,0.0000,0.0000,3
64.28,3.25519,0.05775,0.09228,AUTO,HAZARD_VISION_STOP,0.0000,0.0000,0.0000,0.0000,0.0000,0.0000,3
64.30,3.25519,0.05775,0.09228,AUTO,HAZARD_VISION_STOP,0.0000,0.0000,0.0000,0.0000,0.0000,0.0000,3
64.32,3.25519,0.05775,0.09228,AUTO,HAZARD_VISION_STOP,0.0000,0.0000,0.0000,0.0000,0.0000,0.0000,3
64.34,3.25519,0.05775,0.09228,AUTO,HAZARD_VISION_STOP,0.0000,0.0000,0.0000,0.0000,0.0000,0.0000,3
64.36,3.25519,0.05775,0.09228,AUTO,HAZARD_VISION_STOP,0.0000,0.0000,0.0000,0.0000,0.0000,0.0000,3
64.38,3.25519,0.05775,0.09228,AUTO,HAZARD_VISION_STOP,0.0000,0.0000,0.0000,0.0000,0.0000,0.0000,3
64.40,3.25519,0.05775,0.09228,AUTO,HAZARD_VISION_STOP,0.0000,0.0000,0.0000,0.0000,0.0000,0.0000,3
64.42,3.25519,0.05775,0.09228,AUTO,HAZARD_VISION_STOP,0.0000,0.0000,0.0000,0.0000,0.0000,0.0000,3
64.44,3.25519,0.05775,0.09228,AUTO,HAZARD_VISION_STOP,0.0000,0.0000,0.0000,0.0000,0.0000,0.0000,3
64.46,3.25519,0.05775,0.09228,AUTO,HAZARD_VISION_STOP,0.0000,0.0000,0.0000,0.0000,0.0000,0.0000,3
64.48,3.25519,0.05775,0.09228,AUTO,HAZARD_VISION_STOP,0.0000,0.0000,0.0000,0.0000,0.0000,0.0000,3
64.50,3.25519,0.05775,0.09228,AUTO,HAZARD_VISION_STOP,0.0000,0.0000,0.0000,0.0000,0.0000,0.0000,3
64.52,3.25519,0.05775,0.09228,AUTO,HAZARD_VISION_STOP,0.0000,0.0000,0.0000,0.0000,0.0000,0.0000,3
64.54,3.25519,0.05775,0.09228,AUTO,HAZARD_VISION_STOP,0.0000,0.0000,0.0000,0.0000,0.0000,0.0000,3
64.56,3.25519,0.05775,0.09228,AUTO,HAZARD_VISION_STOP,0.0000,0.0000,0.0000,0.0000,0.0000,0.0000,3
64.58,3.25519,0.05775,0.09228,AUTO,HAZARD_VISION_STOP,0.0000,0.0000,0.0000,0.0000,0.0000,0.0000,3
64.60,3.25519,0.05775,0.09228,AUTO,HAZARD_VISION_STOP,0.0000,0.0000,0.0000,0.0000,0.0000,0.0000,3
64.62,3.25519,0.05775,0.09228,AUTO,HAZARD_VISION_STOP,0.0000,0.0000,0.0000,0.0000,0.0000,0.0000,3
64.64,3.25519,0.05775,0.09228,AUTO,HAZARD_VISION_STOP,0.0000,0.0000,0.0000,0.0000,0.0000,0.0000,3
64.66,3.25519,0.05775,0.09228,AUTO,HAZARD_VISION_STOP,0.0000,0.0000,0.0000,0.0000,0.0000,0.0000,3
64.68,3.25519,0.05775,0.09228,AUTO,HAZARD_VISION_STOP,0.0000,0.0000,0.0000,0.0000,0.0000,0.0000,3
64.70,3.25519,0.05775,0.09228,AUTO,HAZARD_VISION_STOP,0.0000,0.0000,0.0000,0.0000,0.0000,0.0000,3
64.72,3.25519,0.05775,0.09228,AUTO,HAZARD_VISION_STOP,0.0000,0.0000,0.0000,0.0000,0.0000,0.0000,3
64.74,3.25519,0.05775,0.09228,AUTO,HAZARD_VISION_STOP,0.0000,0.0000,0.0000,0.0000,0.0000,0.0000,3
64.76,3.25519,0.05775,0.09228,AUTO,HAZARD_VISION_STOP,0.0000,0.0000,0.0000,0.0000,0.0000,0.0000,3
64.78,3.25519,0.05775,0.09228,AUTO,HAZARD_VISION_STOP,0.0000,0.0000,0.0000,0.0000,0.0000,0.0000,3
64.80,3.25519,0.05775,0.09228,AUTO,HAZARD_VISION_STOP,0.0000,0.0000,0.0000,0.0000,0.0000,0.0000,3
64.82,3.25519,0.05775,0.09228,AUTO,HAZARD_VISION_STOP,0.0000,0.0000,0.0000,0.0000,0.0000,0.0000,3
64.84,3.25519,0.05775,0.09228,AUTO,HAZARD_VISION_STOP,0.0000,0.0000,0.0000,0.0000,0.0000,0.0000,3
64.86,3.25519,0.05775,0.09228,AUTO,HAZARD_VISION_STOP,0.0000,0.0000,0.0000,0.0000,0.0000,0.0000,3
64.88,3.25519,0.05775,0.09228,AUTO,HAZARD_VISION_STOP,0.0000,0.0000,0.0000,0.0000,0.0000,0.0000,3
64.90,3.25519,0.05775,0.09228,AUTO,HAZARD_VISION_STOP,0.0000,0.0000,0.0000,0.0000,0.0000,0.0000,3
64.92,3.25519,0.05775,0.09228,AUTO,HAZARD_VISION_STOP,0.0000,0.0000,0.0000,0.0000,0.0000,0.0000,3
64.94,3.25519,0.05775,0.09228,AUTO,HAZARD_VISION_STOP,0.0000,0.0000,0.0000,0.0000,0.0000,0.0000,3
64.96,3.25519,0.05775,0.09228,AUTO,HAZARD_VISION_STOP,0.0000,0.0000,0.0000,0.0000,0.0000,0.0000,3
64.98,3.25519,0.05775,0.09228,AUTO,HAZARD_VISION_STOP,0.0000,0.0000,0.0000,0.0000,0.0000,0.0000,3
65.00,3.25519,0.05775,0.09228,AUTO,HAZARD_VISION_STOP,0.0000,0.0000,0.0000,0.0000,0.0000,0.0000,3
65.02,3.25519,0.05775,0.09228,AUTO,HAZARD_VISION_STOP,0.0000,0.0000,0.0000,0.0000,0.0000,0.0000,3
65.04,3.25519,0.05775,0.09228,AUTO,HAZARD_VISION_STOP,0.0000,0.0000,0.0000,0.0000,0.0000,0.0000,3
65.06,3.25519,0.05775,0.09228,AUTO,HAZARD_VISION_STOP,0.0000,0.0000,0.0000,0.0000,0.0000,0.0000,3
65.08,3.25519,0.05775,0.09228,AUTO,HAZARD_VISION_STOP,0.0000,0.0000,0.0000,0.0000,0.0000,0.0000,3
65.10,3.25519,0.05775,0.09228,AUTO,HAZARD_VISION_STOP,0.0000,0.0000,0.0000,0.0000,0.0000,0.0000,3
65.12,3.25519,0.05775,0.09228,AUTO,HAZARD_VISION_STOP,0.0000,0.0000,0.0000,0.0000,0.0000,0.0000,3
65.14,3.25519,0.05775,0.09228,AUTO,HAZARD_VISION_STOP,0.0000,0.0000,0.0000,0.0000,0.0000,0.0000,3
65.16,3.25519,0.05775,0.09228,AUTO,HAZARD_VISION_STOP,0.0000,0.0000,0.0000,0.0000,0.0000,0.0000,3
65.18,3.25519,0.05775,0.09228,AUTO,HAZARD_VISION_STOP,0.0000,0.0000,0.0000,0.0000,0.0000,0.0000,3
65.20,3.25519,0.05775,0.09228,AUTO,HAZARD_VISION_STOP,0.0000,0.0000,0.0000,0.0000,0.0000,0.0000,3
65.22,3.25519,0.05775,0.09228,AUTO,HAZARD_VISION_STOP,0.0000,0.0000,0.0000,0.0000,0.0000,0.0000,3
65.24,3.25519,0.05775,0.09228,AUTO,HAZARD_VISION_STOP,0.0000,0.0000,0.0000,0.0000,0.0000,0.0000,3
65.26,3.25519,0.05775,0.09228,AUTO,HAZARD_VISION_STOP,0.0000,0.0000,0.0000,0.0000,0.0000,0.0000,3
65.28,3.25519,0.05775,0.09228,AUTO,HAZARD_VISION_STOP,0.0000,0.0000,0.0000,0.0000,0.0000,0.0000,3
65.30,3.25519,0.05775,0.09228,AUTO,HAZARD_VISION_STOP,0.0000,0.0000,0.0000,0.0000,0.0000,0.0000,3
65.32,3.25519,0.05775,0.09228,AUTO,HAZARD_VISION_STOP,0.0000,0.0000,0.0000,0.0000,0.0000,0.0000,3
65.34,3.25519,0.05775,0.09228,AUTO,HAZARD_VISION_STOP,0.0000,0.0000,0.0000,0.0000,0.0000,0.0000,3
65.36,3.25519,0.05775,0.09228,AUTO,HAZARD_VISION_STOP,0.0000,0.0000,0.0000,0.0000,0.0000,0.0000,3
65.38,3.25519,0.05775,0.09228,AUTO,HAZARD_VISION_STOP,0.0000,0.0000,0.0000,0.0000,0.0000,0.0000,3
65.40,3.25519,0.05775,0.09228,AUTO,HAZARD_VISION_STOP,0.0000,0.0000,0.0000,0.0000,0.0000,0.0000,3
65.42,3.25519,0.05775,0.09228,AUTO,HAZARD_VISION_STOP,0.0000,0.0000,0.0000,0.0000,0.0000,0.0000,3
65.44,3.25519,0.05775,0.09228,AUTO,HAZARD_VISION_STOP,0.0000,0.0000,0.0000,0.0000,0.0000,0.0000,3
65.46,3.25519,0.05775,0.09228,AUTO,HAZARD_VISION_STOP,0.0000,0.0000,0.0000,0.0000,0.0000,0.0000,3
65.48,3.25519,0.05775,0.09228,AUTO,HAZARD_VISION_STOP,0.0000,0.0000,0.0000,0.0000,0.0000,0.0000,3
65.50,3.25519,0.05775,0.09228,AUTO,HAZARD_VISION_STOP,0.0000,0.0000,0.0000,0.0000,0.0000,0.0000,3
65.52,3.25519,0.05775,0.09228,AUTO,HAZARD_VISION_STOP,0.0000,0.0000,0.0000,0.0000,0.0000,0.0000,3
65.54,3.25519,0.05775,0.09228,AUTO,HAZARD_VISION_STOP,0.0000,0.0000,0.0000,0.0000,0.0000,0.0000,3
65.56,3.25519,0.05775,0.09228,AUTO,HAZARD_VISION_STOP,0.0000,0.0000,0.0000,0.0000,0.0000,0.0000,3
65.58,3.25519,0.05775,0.09228,AUTO,HAZARD_VISION_STOP,0.0000,0.0000,0.0000,0.0000,0.0000,0.0000,3
65.60,3.25519,0.05775,0.09228,AUTO,HAZARD_VISION_STOP,0.0000,0.0000,0.0000,0.0000,0.0000,0.0000,3
65.62,3.25519,0.05775,0.09228,AUTO,HAZARD_VISION_STOP,0.0000,0.0000,0.0000,0.0000,0.0000,0.0000,3
65.64,3.25519,0.05775,0.09228,AUTO,HAZARD_VISION_STOP,0.0000,0.0000,0.0000,0.0000,0.0000,0.0000,3
65.66,3.25519,0.05775,0.09228,AUTO,HAZARD_VISION_STOP,0.0000,0.0000,0.0000,0.0000,0.0000,0.0000,3
65.68,3.25519,0.05775,0.09228,AUTO,HAZARD_VISION_STOP,0.0000,0.0000,0.0000,0.0000,0.0000,0.0000,3
65.70,3.25519,0.05775,0.09228,AUTO,HAZARD_VISION_STOP,0.0000,0.0000,0.0000,0.0000,0.0000,0.0000,3
65.72,3.25519,0.05775,0.09228,AUTO,HAZARD_VISION_STOP,0.0000,0.0000,0.0000,0.0000,0.0000,0.0000,3
65.74,3.25519,0.05775,0.09228,AUTO,HAZARD_VISION_STOP,0.0000,0.0000,0.0000,0.0000,0.0000,0.0000,3
65.76,3.25519,0.05775,0.09228,AUTO,HAZARD_VISION_STOP,0.0000,0.0000,0.0000,0.0000,0.0000,0.0000,3
65.78,3.25519,0.05775,0.09228,AUTO,HAZARD_VISION_STOP,0.0000,0.0000,0.0000,0.0000,0.0000,0.0000,3
65.80,3.25519,0.05775,0.09228,AUTO,HAZARD_VISION_STOP,0.0000,0.0000,0.0000,0.0000,0.0000,0.0000,3
65.82,3.25519,0.05775,0.09228,AUTO,HAZARD_VISION_STOP,0.0000,0.0000,0.0000,0.0000,0.0000,0.0000,3
65.84,3.25519,0.05775,0.09228,AUTO,HAZARD_VISION_STOP,0.0000,0.0000,0.0000,0.0000,0.0000,0.0000,3
65.86,3.25519,0.05775,0.09228,AUTO,HAZARD_VISION_STOP,0.0000,0.0000,0.0000,0.0000,0.0000,0.0000,3
65.88,3.25519,0.05775,0.09228,AUTO,HAZARD_VISION_STOP,0.0000,0.0000,0.0000,0.0000,0.0000,0.0000,3
65.90,3.25519,0.05775,0.09228,AUTO,HAZARD_VISION_STOP,0.0000,0.0000,0.0000,0.0000,0.0000,0.0000,3
65.92,3.25519,0.05775,0.09228,AUTO,HAZARD_VISION_STOP,0.0000,0.0000,0.0000,0.0000,0.0000,0.0000,3
65.94,3.25519,0.05775,0.09228,AUTO,HAZARD_VISION_STOP,0.0000,0.0000,0.0000,0.0000,0.0000,0.0000,3
65.96,3.25519,0.05775,0.09228,AUTO,HAZARD_VISION_STOP,0.0000,0.0000,0.0000,0.0000,0.0000,0.0000,3
65.98,3.25519,0.05775,0.09228,AUTO,HAZARD_VISION_STOP,0.0000,0.0000,0.0000,0.0000,0.0000,0.0000,3
66.00,3.25519,0.05775,0.09228,AUTO,HAZARD_VISION_STOP,0.0000,0.0000,0.0000,0.0000,0.0000,0.0000,3
66.02,3.25519,0.05775,0.09228,AUTO,HAZARD_VISION_STOP,0.0000,0.0000,0.0000,0.0000,0.0000,0.0000,3
66.04,3.25519,0.05775,0.09228,AUTO,HAZARD_VISION_STOP,0.0000,0.0000,0.0000,0.0000,0.0000,0.0000,3
66.06,3.25519,0.05775,0.09228,AUTO,HAZARD_VISION_STOP,0.0000,0.0000,0.0000,0.0000,0.0000,0.0000,3
66.08,3.25519,0.05775,0.09228,AUTO,HAZARD_VISION_STOP,0.0000,0.0000,0.0000,0.0000,0.0000,0.0000,3
66.10,3.25519,0.05775,0.09228,AUTO,HAZARD_VISION_STOP,0.0000,0.0000,0.0000,0.0000,0.0000,0.0000,3
66.12,3.25519,0.05775,0.09228,AUTO,HAZARD_VISION_STOP,0.0000,0.0000,0.0000,0.0000,0.0000,0.0000,3
66.14,3.25519,0.05775,0.09228,AUTO,HAZARD_VISION_STOP,0.0000,0.0000,0.0000,0.0000,0.0000,0.0000,3
66.16,3.25519,0.05775,0.09228,AUTO,HAZARD_VISION_STOP,0.0000,0.0000,0.0000,0.0000,0.0000,0.0000,3
66.18,3.25519,0.05775,0.09228,AUTO,HAZARD_VISION_STOP,0.0000,0.0000,0.0000,0.0000,0.0000,0.0000,3
66.20,3.25519,0.05775,0.09228,AUTO,HAZARD_VISION_STOP,0.0000,0.0000,0.0000,0.0000,0.0000,0.0000,3
66.22,3.25519,0.05775,0.09228,AUTO,HAZARD_VISION_STOP,0.0000,0.0000,0.0000,0.0000,0.0000,0.0000,3
66.24,3.25519,0.05775,0.09228,AUTO,HAZARD_VISION_STOP,0.0000,0.0000,0.0000,0.0000,0.0000,0.0000,3
66.26,3.25519,0.05775,0.09228,AUTO,HAZARD_VISION_STOP,0.0000,0.0000,0.0000,0.0000,0.0000,0.0000,3
66.28,3.25519,0.05775,0.09228,AUTO,HAZARD_VISION_STOP,0.0000,0.0000,0.0000,0.0000,0.0000,0.0000,3
66.30,3.25519,0.05775,0.09228,AUTO,HAZARD_VISION_STOP,0.0000,0.0000,0.0000,0.0000,0.0000,0.0000,3
66.32,3.25519,0.05775,0.09228,AUTO,HAZARD_VISION_STOP,0.0000,0.0000,0.0000,0.0000,0.0000,0.0000,3
66.34,3.25519,0.05775,0.09228,AUTO,HAZARD_VISION_STOP,0.0000,0.0000,0.0000,0.0000,0.0000,0.0000,3
66.36,3.25519,0.05775,0.09228,AUTO,HAZARD_VISION_STOP,0.0000,0.0000,0.0000,0.0000,0.0000,0.0000,3
66.38,3.25519,0.05775,0.09228,AUTO,HAZARD_VISION_STOP,0.0000,0.0000,0.0000,0.0000,0.0000,0.0000,3
66.40,3.25519,0.05775,0.09228,AUTO,HAZARD_VISION_STOP,0.0000,0.0000,0.0000,0.0000,0.0000,0.0000,3
66.42,3.25519,0.05775,0.09228,AUTO,HAZARD_VISION_STOP,0.0000,0.0000,0.0000,0.0000,0.0000,0.0000,3
66.44,3.25519,0.05775,0.09228,AUTO,HAZARD_VISION_STOP,0.0000,0.0000,0.0000,0.0000,0.0000,0.0000,3
66.46,3.25519,0.05775,0.09228,AUTO,HAZARD_VISION_STOP,0.0000,0.0000,0.0000,0.0000,0.0000,0.0000,3
66.48,3.25519,0.05775,0.09228,AUTO,HAZARD_VISION_STOP,0.0000,0.0000,0.0000,0.0000,0.0000,0.0000,3
66.50,3.25519,0.05775,0.09228,AUTO,HAZARD_VISION_STOP,0.0000,0.0000,0.0000,0.0000,0.0000,0.0000,3
66.52,3.25519,0.05775,0.09228,AUTO,HAZARD_VISION_STOP,0.0000,0.0000,0.0000,0.0000,0.0000,0.0000,3
66.54,3.25519,0.05775,0.09228,AUTO,HAZARD_VISION_STOP,0.0000,0.0000,0.0000,0.0000,0.0000,0.0000,3
66.56,3.25519,0.05775,0.09228,AUTO,HAZARD_VISION_STOP,0.0000,0.0000,0.0000,0.0000,0.0000,0.0000,3
66.58,3.25519,0.05775,0.09228,AUTO,HAZARD_VISION_STOP,0.0000,0.0000,0.0000,0.0000,0.0000,0.0000,3
66.60,3.25519,0.05775,0.09228,AUTO,HAZARD_VISION_STOP,0.0000,0.0000,0.0000,0.0000,0.0000,0.0000,3
66.62,3.25519,0.05775,0.09228,AUTO,HAZARD_VISION_STOP,0.0000,0.0000,0.0000,0.0000,0.0000,0.0000,3
66.64,3.25519,0.05775,0.09228,AUTO,HAZARD_VISION_STOP,0.0000,0.0000,0.0000,0.0000,0.0000,0.0000,3
66.66,3.25519,0.05775,0.09228,AUTO,HAZARD_VISION_STOP,0.0000,0.0000,0.0000,0.0000,0.0000,0.0000,3
66.68,3.25519,0.05775,0.09228,AUTO,HAZARD_VISION_STOP,0.0000,0.0000,0.0000,0.0000,0.0000,0.0000,3
66.70,3.25519,0.05775,0.09228,AUTO,HAZARD_VISION_STOP,0.0000,0.0000,0.0000,0.0000,0.0000,0.0000,3
66.72,3.25519,0.05775,0.09228,AUTO,HAZARD_VISION_STOP,0.0000,0.0000,0.0000,0.0000,0.0000,0.0000,3
66.74,3.25519,0.05775,0.09228,AUTO,HAZARD_VISION_STOP,0.0000,0.0000,0.0000,0.0000,0.0000,0.0000,3
66.76,3.25519,0.05775,0.09228,AUTO,HAZARD_VISION_STOP,0.0000,0.0000,0.0000,0.0000,0.0000,0.0000,3
66.78,3.25519,0.05775,0.09228,AUTO,HAZARD_VISION_STOP,0.0000,0.0000,0.0000,0.0000,0.0000,0.0000,3
66.80,3.25519,0.05775,0.09228,AUTO,HAZARD_VISION_STOP,0.0000,0.0000,0.0000,0.0000,0.0000,0.0000,3
66.82,3.25519,0.05775,0.09228,AUTO,HAZARD_VISION_STOP,0.0000,0.0000,0.0000,0.0000,0.0000,0.0000,3
66.84,3.25519,0.05775,0.09228,AUTO,HAZARD_VISION_STOP,0.0000,0.0000,0.0000,0.0000,0.0000,0.0000,3
66.86,3.25519,0.05775,0.09228,AUTO,HAZARD_VISION_STOP,0.0000,0.0000,0.0000,0.0000,0.0000,0.0000,3
66.88,3.25519,0.05775,0.09228,AUTO,HAZARD_VISION_STOP,0.0000,0.0000,0.0000,0.0000,0.0000,0.0000,3
66.90,3.25519,0.05775,0.09228,AUTO,HAZARD_VISION_STOP,0.0000,0.0000,0.0000,0.0000,0.0000,0.0000,3
66.92,3.25519,0.05775,0.09228,AUTO,HAZARD_VISION_STOP,0.0000,0.0000,0.0000,0.0000,0.0000,0.0000,3
66.94,3.25519,0.05775,0.09228,AUTO,HAZARD_VISION_STOP,0.0000,0.0000,0.0000,0.0000,0.0000,0.0000,3
66.96,3.25519,0.05775,0.09228,AUTO,HAZARD_VISION_STOP,0.0000,0.0000,0.0000,0.0000,0.0000,0.0000,3
66.98,3.25519,0.05775,0.09228,AUTO,HAZARD_VISION_STOP,0.0000,0.0000,0.0000,0.0000,0.0000,0.0000,3
67.00,3.25519,0.05775,0.09228,AUTO,HAZARD_VISION_STOP,0.0000,0.0000,0.0000,0.0000,0.0000,0.0000,3
67.02,3.25519,0.05775,0.09228,AUTO,HAZARD_VISION_STOP,0.0000,0.0000,0.0000,0.0000,0.0000,0.0000,3
67.04,3.25519,0.05775,0.09228,AUTO,HAZARD_VISION_STOP,0.0000,0.0000,0.0000,0.0000,0.0000,0.0000,3
67.06,3.25519,0.05775,0.09228,AUTO,HAZARD_VISION_STOP,0.0000,0.0000,0.0000,0.0000,0.0000,0.0000,3
67.08,3.25519,0.05775,0.09228,AUTO,HAZARD_VISION_STOP,0.0000,0.0000,0.0000,0.0000,0.0000,0.0000,3
67.10,3.25519,0.05775,0.09228,AUTO,HAZARD_VISION_STOP,0.0000,0.0000,0.0000,0.0000,0.0000,0.0000,3
67.12,3.25519,0.05775,0.09228,AUTO,HAZARD_VISION_STOP,0.0000,0.0000,0.0000,0.0000,0.0000,0.0000,3
67.14,3.25519,0.05775,0.09228,AUTO,HAZARD_VISION_STOP,0.0000,0.0000,0.0000,0.0000,0.0000,0.0000,3
67.16,3.25519,0.05775,0.09228,AUTO,HAZARD_VISION_STOP,0.0000,0.0000,0.0000,0.0000,0.0000,0.0000,3
67.18,3.25519,0.05775,0.09228,AUTO,HAZARD_VISION_STOP,0.0000,0.0000,0.0000,0.0000,0.0000,0.0000,3
67.20,3.25519,0.05775,0.09228,AUTO,HAZARD_VISION_STOP,0.0000,0.0000,0.0000,0.0000,0.0000,0.0000,3
67.22,3.25519,0.05775,0.09228,AUTO,HAZARD_VISION_STOP,0.0000,0.0000,0.0000,0.0000,0.0000,0.0000,3
67.24,3.25519,0.05775,0.09228,AUTO,HAZARD_VISION_STOP,0.0000,0.0000,0.0000,0.0000,0.0000,0.0000,3
67.26,3.25519,0.05775,0.09228,AUTO,HAZARD_VISION_STOP,0.0000,0.0000,0.0000,0.0000,0.0000,0.0000,3
67.28,3.25519,0.05775,0.09228,AUTO,HAZARD_VISION_STOP,0.0000,0.0000,0.0000,0.0000,0.0000,0.0000,3
67.30,3.25519,0.05775,0.09228,AUTO,HAZARD_VISION_STOP,0.0000,0.0000,0.0000,0.0000,0.0000,0.0000,3
67.32,3.25519,0.05775,0.09228,AUTO,HAZARD_VISION_STOP,0.0000,0.0000,0.0000,0.0000,0.0000,0.0000,3
67.34,3.25519,0.05775,0.09228,AUTO,HAZARD_VISION_STOP,0.0000,0.0000,0.0000,0.0000,0.0000,0.0000,3
67.36,3.25519,0.05775,0.09228,AUTO,HAZARD_VISION_STOP,0.0000,0.0000,0.0000,0.0000,0.0000,0.0000,3
67.38,3.25519,0.05775,0.09228,AUTO,HAZARD_VISION_STOP,0.0000,0.0000,0.0000,0.0000,0.0000,0.0000,3
67.40,3.25519,0.05775,0.09228,AUTO,HAZARD_VISION_STOP,0.0000,0.0000,0.0000,0.0000,0.0000,0.0000,3
67.42,3.25519,0.05775,0.09228,AUTO,HAZARD_VISION_STOP,0.0000,0.0000,0.0000,0.0000,0.0000,0.0000,3
67.44,3.25519,0.05775,0.09228,AUTO,HAZARD_VISION_STOP,0.0000,0.0000,0.0000,0.0000,0.0000,0.0000,3
67.46,3.25519,0.05775,0.09228,AUTO,HAZARD_VISION_STOP,0.0000,0.0000,0.0000,0.0000,0.0000,0.0000,3
67.48,3.25519,0.05775,0.09228,AUTO,HAZARD_VISION_STOP,0.0000,0.0000,0.0000,0.0000,0.0000,0.0000,3
67.50,3.25519,0.05775,0.09228,AUTO,HAZARD_VISION_STOP,0.0000,0.0000,0.0000,0.0000,0.0000,0.0000,3
67.52,3.25519,0.05775,0.09228,AUTO,HAZARD_VISION_STOP,0.0000,0.0000,0.0000,0.0000,0.0000,0.0000,3
67.54,3.25519,0.05775,0.09228,AUTO,HAZARD_VISION_STOP,0.0000,0.0000,0.0000,0.0000,0.0000,0.0000,3
67.56,3.25519,0.05775,0.09228,AUTO,HAZARD_VISION_STOP,0.0000,0.0000,0.0000,0.0000,0.0000,0.0000,3
67.58,3.25519,0.05775,0.09228,AUTO,HAZARD_VISION_STOP,0.0000,0.0000,0.0000,0.0000,0.0000,0.0000,3
67.60,3.25519,0.05775,0.09228,AUTO,HAZARD_VISION_STOP,0.0000,0.0000,0.0000,0.0000,0.0000,0.0000,3
67.62,3.25519,0.05775,0.09228,AUTO,HAZARD_VISION_STOP,0.0000,0.0000,0.0000,0.0000,0.0000,0.0000,3
67.64,3.25519,0.05775,0.09228,AUTO,HAZARD_VISION_STOP,0.0000,0.0000,0.0000,0.0000,0.0000,0.0000,3
67.66,3.25519,0.05775,0.09228,AUTO,HAZARD_VISION_STOP,0.0000,0.0000,0.0000,0.0000,0.0000,0.0000,3
67.68,3.25519,0.05775,0.09228,AUTO,HAZARD_VISION_STOP,0.0000,0.0000,0.0000,0.0000,0.0000,0.0000,3
67.70,3.25519,0.05775,0.09228,AUTO,HAZARD_VISION_STOP,0.0000,0.0000,0.0000,0.0000,0.0000,0.0000,3
67.72,3.25519,0.05775,0.09228,AUTO,HAZARD_VISION_STOP,0.0000,0.0000,0.0000,0.0000,0.0000,0.0000,3
67.74,3.25519,0.05775,0.09228,AUTO,HAZARD_VISION_STOP,0.0000,0.0000,0.0000,0.0000,0.0000,0.0000,3
67.76,3.25519,0.05775,0.09228,AUTO,HAZARD_VISION_STOP,0.0000,0.0000,0.0000,0.0000,0.0000,0.0000,3
67.78,3.25519,0.05775,0.09228,AUTO,HAZARD_VISION_STOP,0.0000,0.0000,0.0000,0.0000,0.0000,0.0000,3
67.80,3.25519,0.05775,0.09228,AUTO,HAZARD_VISION_STOP,0.0000,0.0000,0.0000,0.0000,0.0000,0.0000,3
67.82,3.25519,0.05775,0.09228,AUTO,HAZARD_VISION_STOP,0.0000,0.0000,0.0000,0.0000,0.0000,0.0000,3
67.84,3.25519,0.05775,0.09228,AUTO,HAZARD_VISION_STOP,0.0000,0.0000,0.0000,0.0000,0.0000,0.0000,3
67.86,3.25519,0.05775,0.09228,AUTO,HAZARD_VISION_STOP,0.0000,0.0000,0.0000,0.0000,0.0000,0.0000,3
67.88,3.25519,0.05775,0.09228,AUTO,HAZARD_VISION_STOP,0.0000,0.0000,0.0000,0.0000,0.0000,0.0000,3
67.90,3.25519,0.05775,0.09228,AUTO,HAZARD_VISION_STOP,0.0000,0.0000,0.0000,0.0000,0.0000,0.0000,3
67.92,3.25519,0.05775,0.09228,AUTO,HAZARD_VISION_STOP,0.0000,0.0000,0.0000,0.0000,0.0000,0.0000,3
67.94,3.25519,0.05775,0.09228,AUTO,HAZARD_VISION_STOP,0.0000,0.0000,0.0000,0.0000,0.0000,0.0000,3
67.96,3.25519,0.05775,0.09228,AUTO,HAZARD_VISION_STOP,0.0000,0.0000,0.0000,0.0000,0.0000,0.0000,3
67.98,3.25519,0.05775,0.09228,AUTO,HAZARD_VISION_STOP,0.0000,0.0000,0.0000,0.0000,0.0000,0.0000,3
68.00,3.25519,0.05775,0.09228,AUTO,HAZARD_VISION_STOP,0.0000,0.0000,0.0000,0.0000,0.0000,0.0000,3
68.02,3.25519,0.05775,0.09228,AUTO,HAZARD_VISION_STOP,0.0000,0.0000,0.0000,0.0000,0.0000,0.0000,3
68.04,3.25519,0.05775,0.09228,AUTO,HAZARD_VISION_STOP,0.0000,0.0000,0.0000,0.0000,0.0000,0.0000,3
68.06,3.25519,0.05775,0.09228,AUTO,HAZARD_VISION_STOP,0.0000,0.0000,0.0000,0.0000,0.0000,0.0000,3
68.08,3.25519,0.05775,0.09228,AUTO,HAZARD_VISION_STOP,0.0000,0.0000,0.0000,0.0000,0.0000,0.0000,3
68.10,3.25519,0.05775,0.09228,AUTO,HAZARD_VISION_STOP,0.0000,0.0000,0.0000,0.0000,0.0000,0.0000,3
68.12,3.25519,0.05775,0.09228,AUTO,HAZARD_VISION_STOP,0.0000,0.0000,0.0000,0.0000,0.0000,0.0000,3
68.14,3.25519,0.05775,0.09228,AUTO,HAZARD_VISION_STOP,0.0000,0.0000,0.0000,0.0000,0.0000,0.0000,3
68.16,3.25519,0.05775,0.09228,AUTO,HAZARD_VISION_STOP,0.0000,0.0000,0.0000,0.0000,0.0000,0.0000,3
68.18,3.25519,0.05775,0.09228,AUTO,HAZARD_VISION_STOP,0.0000,0.0000,0.0000,0.0000,0.0000,0.0000,3
68.20,3.25519,0.05775,0.09228,AUTO,HAZARD_VISION_STOP,0.0000,0.0000,0.0000,0.0000,0.0000,0.0000,3
68.22,3.25519,0.05775,0.09228,AUTO,HAZARD_VISION_STOP,0.0000,0.0000,0.0000,0.0000,0.0000,0.0000,3
68.24,3.25519,0.05775,0.09228,AUTO,HAZARD_VISION_STOP,0.0000,0.0000,0.0000,0.0000,0.0000,0.0000,3
68.26,3.25519,0.05775,0.09228,AUTO,HAZARD_VISION_STOP,0.0000,0.0000,0.0000,0.0000,0.0000,0.0000,3
68.28,3.25519,0.05775,0.09228,AUTO,HAZARD_VISION_STOP,0.0000,0.0000,0.0000,0.0000,0.0000,0.0000,3
68.30,3.25519,0.05775,0.09228,AUTO,HAZARD_VISION_STOP,0.0000,0.0000,0.0000,0.0000,0.0000,0.0000,3
68.32,3.25519,0.05775,0.09228,AUTO,HAZARD_VISION_STOP,0.0000,0.0000,0.0000,0.0000,0.0000,0.0000,3
68.34,3.25519,0.05775,0.09228,AUTO,HAZARD_VISION_STOP,0.0000,0.0000,0.0000,0.0000,0.0000,0.0000,3
68.36,3.25519,0.05775,0.09228,AUTO,HAZARD_VISION_STOP,0.0000,0.0000,0.0000,0.0000,0.0000,0.0000,3
68.38,3.25519,0.05775,0.09228,AUTO,HAZARD_VISION_STOP,0.0000,0.0000,0.0000,0.0000,0.0000,0.0000,3
68.40,3.25519,0.05775,0.09228,AUTO,HAZARD_VISION_STOP,0.0000,0.0000,0.0000,0.0000,0.0000,0.0000,3
68.42,3.25519,0.05775,0.09228,AUTO,HAZARD_VISION_STOP,0.0000,0.0000,0.0000,0.0000,0.0000,0.0000,3
68.44,3.25519,0.05775,0.09228,AUTO,HAZARD_VISION_STOP,0.0000,0.0000,0.0000,0.0000,0.0000,0.0000,3
68.46,3.25519,0.05775,0.09228,AUTO,HAZARD_VISION_STOP,0.0000,0.0000,0.0000,0.0000,0.0000,0.0000,3
68.48,3.25519,0.05775,0.09228,AUTO,HAZARD_VISION_STOP,0.0000,0.0000,0.0000,0.0000,0.0000,0.0000,3
68.50,3.25519,0.05775,0.09228,AUTO,HAZARD_VISION_STOP,0.0000,0.0000,0.0000,0.0000,0.0000,0.0000,3
68.52,3.25519,0.05775,0.09228,AUTO,HAZARD_VISION_STOP,0.0000,0.0000,0.0000,0.0000,0.0000,0.0000,3
68.54,3.25519,0.05775,0.09228,AUTO,HAZARD_VISION_STOP,0.0000,0.0000,0.0000,0.0000,0.0000,0.0000,3
68.56,3.25519,0.05775,0.09228,AUTO,HAZARD_VISION_STOP,0.0000,0.0000,0.0000,0.0000,0.0000,0.0000,3
68.58,3.25519,0.05775,0.09228,AUTO,HAZARD_VISION_STOP,0.0000,0.0000,0.0000,0.0000,0.0000,0.0000,3
68.60,3.25519,0.05775,0.09228,AUTO,HAZARD_VISION_STOP,0.0000,0.0000,0.0000,0.0000,0.0000,0.0000,3
68.62,3.25519,0.05775,0.09228,AUTO,HAZARD_VISION_STOP,0.0000,0.0000,0.0000,0.0000,0.0000,0.0000,3
68.64,3.25519,0.05775,0.09228,AUTO,HAZARD_VISION_STOP,0.0000,0.0000,0.0000,0.0000,0.0000,0.0000,3
68.66,3.25519,0.05775,0.09228,AUTO,HAZARD_VISION_STOP,0.0000,0.0000,0.0000,0.0000,0.0000,0.0000,3
68.68,3.25519,0.05775,0.09228,AUTO,HAZARD_VISION_STOP,0.0000,0.0000,0.0000,0.0000,0.0000,0.0000,3
68.70,3.25519,0.05775,0.09228,AUTO,HAZARD_VISION_STOP,0.0000,0.0000,0.0000,0.0000,0.0000,0.0000,3
68.72,3.25519,0.05775,0.09228,AUTO,HAZARD_VISION_STOP,0.0000,0.0000,0.0000,0.0000,0.0000,0.0000,3
68.74,3.25519,0.05775,0.09228,AUTO,HAZARD_VISION_STOP,0.0000,0.0000,0.0000,0.0000,0.0000,0.0000,3
68.76,3.25519,0.05775,0.09228,AUTO,HAZARD_VISION_STOP,0.0000,0.0000,0.0000,0.0000,0.0000,0.0000,3
68.78,3.25519,0.05775,0.09228,AUTO,HAZARD_VISION_STOP,0.0000,0.0000,0.0000,0.0000,0.0000,0.0000,3
68.80,3.25519,0.05775,0.09228,AUTO,HAZARD_VISION_STOP,0.0000,0.0000,0.0000,0.0000,0.0000,0.0000,3
68.82,3.25519,0.05775,0.09228,AUTO,HAZARD_VISION_STOP,0.0000,0.0000,0.0000,0.0000,0.0000,0.0000,3
68.84,3.25519,0.05775,0.09228,AUTO,HAZARD_VISION_STOP,0.0000,0.0000,0.0000,0.0000,0.0000,0.0000,3
68.86,3.25519,0.05775,0.09228,AUTO,HAZARD_VISION_STOP,0.0000,0.0000,0.0000,0.0000,0.0000,0.0000,3
68.88,3.25519,0.05775,0.09228,AUTO,HAZARD_VISION_STOP,0.0000,0.0000,0.0000,0.0000,0.0000,0.0000,3
68.90,3.25519,0.05775,0.09228,AUTO,HAZARD_VISION_STOP,0.0000,0.0000,0.0000,0.0000,0.0000,0.0000,3
68.92,3.25519,0.05775,0.09228,AUTO,HAZARD_VISION_STOP,0.0000,0.0000,0.0000,0.0000,0.0000,0.0000,3
68.94,3.25519,0.05775,0.09228,AUTO,HAZARD_VISION_STOP,0.0000,0.0000,0.0000,0.0000,0.0000,0.0000,3
68.96,3.25519,0.05775,0.09228,AUTO,HAZARD_VISION_STOP,0.0000,0.0000,0.0000,0.0000,0.0000,0.0000,3
68.98,3.25519,0.05775,0.09228,AUTO,HAZARD_VISION_STOP,0.0000,0.0000,0.0000,0.0000,0.0000,0.0000,3
69.00,3.25519,0.05775,0.09228,AUTO,HAZARD_VISION_STOP,0.0000,0.0000,0.0000,0.0000,0.0000,0.0000,3
69.02,3.25519,0.05775,0.09228,AUTO,HAZARD_VISION_STOP,0.0000,0.0000,0.0000,0.0000,0.0000,0.0000,3
69.04,3.25519,0.05775,0.09228,AUTO,HAZARD_VISION_STOP,0.0000,0.0000,0.0000,0.0000,0.0000,0.0000,3
69.06,3.25519,0.05775,0.09228,AUTO,HAZARD_VISION_STOP,0.0000,0.0000,0.0000,0.0000,0.0000,0.0000,3
69.08,3.25519,0.05775,0.09228,AUTO,HAZARD_VISION_STOP,0.0000,0.0000,0.0000,0.0000,0.0000,0.0000,3
69.10,3.25519,0.05775,0.09228,AUTO,HAZARD_VISION_STOP,0.0000,0.0000,0.0000,0.0000,0.0000,0.0000,3
69.12,3.25519,0.05775,0.09228,AUTO,HAZARD_VISION_STOP,0.0000,0.0000,0.0000,0.0000,0.0000,0.0000,3
69.14,3.25519,0.05775,0.09228,AUTO,HAZARD_VISION_STOP,0.0000,0.0000,0.0000,0.0000,0.0000,0.0000,3
69.16,3.25519,0.05775,0.09228,AUTO,HAZARD_VISION_STOP,0.0000,0.0000,0.0000,0.0000,0.0000,0.0000,3
69.18,3.25519,0.05775,0.09228,AUTO,HAZARD_VISION_STOP,0.0000,0.0000,0.0000,0.0000,0.0000,0.0000,3
69.20,3.25519,0.05775,0.09228,AUTO,HAZARD_VISION_STOP,0.0000,0.0000,0.0000,0.0000,0.0000,0.0000,3
69.22,3.25519,0.05775,0.09228,AUTO,HAZARD_VISION_STOP,0.0000,0.0000,0.0000,0.0000,0.0000,0.0000,3
69.24,3.25519,0.05775,0.09228,AUTO,HAZARD_VISION_STOP,0.0000,0.0000,0.0000,0.0000,0.0000,0.0000,3
69.26,3.25519,0.05775,0.09228,AUTO,HAZARD_VISION_STOP,0.0000,0.0000,0.0000,0.0000,0.0000,0.0000,3
69.28,3.25519,0.05775,0.09228,AUTO,HAZARD_VISION_STOP,0.0000,0.0000,0.0000,0.0000,0.0000,0.0000,3
69.30,3.25519,0.05775,0.09228,AUTO,HAZARD_VISION_STOP,0.0000,0.0000,0.0000,0.0000,0.0000,0.0000,3
69.32,3.25519,0.05775,0.09228,AUTO,HAZARD_VISION_STOP,0.0000,0.0000,0.0000,0.0000,0.0000,0.0000,3
69.34,3.25519,0.05775,0.09228,AUTO,HAZARD_VISION_STOP,0.0000,0.0000,0.0000,0.0000,0.0000,0.0000,3
69.36,3.25519,0.05775,0.09228,AUTO,HAZARD_VISION_STOP,0.0000,0.0000,0.0000,0.0000,0.0000,0.0000,3
69.38,3.25519,0.05775,0.09228,AUTO,HAZARD_VISION_STOP,0.0000,0.0000,0.0000,0.0000,0.0000,0.0000,3
69.40,3.25519,0.05775,0.09228,AUTO,HAZARD_VISION_STOP,0.0000,0.0000,0.0000,0.0000,0.0000,0.0000,3
69.42,3.25519,0.05775,0.09228,AUTO,HAZARD_VISION_STOP,0.0000,0.0000,0.0000,0.0000,0.0000,0.0000,3
69.44,3.25519,0.05775,0.09228,AUTO,HAZARD_VISION_STOP,0.0000,0.0000,0.0000,0.0000,0.0000,0.0000,3
69.46,3.25519,0.05775,0.09228,AUTO,HAZARD_VISION_STOP,0.0000,0.0000,0.0000,0.0000,0.0000,0.0000,3
69.48,3.25519,0.05775,0.09228,AUTO,HAZARD_VISION_STOP,0.0000,0.0000,0.0000,0.0000,0.0000,0.0000,3
69.50,3.25519,0.05775,0.09228,AUTO,HAZARD_VISION_STOP,0.0000,0.0000,0.0000,0.0000,0.0000,0.0000,3
69.52,3.25519,0.05775,0.09228,AUTO,HAZARD_VISION_STOP,0.0000,0.0000,0.0000,0.0000,0.0000,0.0000,3
69.54,3.25519,0.05775,0.09228,AUTO,HAZARD_VISION_STOP,0.0000,0.0000,0.0000,0.0000,0.0000,0.0000,3
69.56,3.25519,0.05775,0.09228,AUTO,HAZARD_VISION_STOP,0.0000,0.0000,0.0000,0.0000,0.0000,0.0000,3
69.58,3.25519,0.05775,0.09228,AUTO,HAZARD_VISION_STOP,0.0000,0.0000,0.0000,0.0000,0.0000,0.0000,3
69.60,3.25519,0.05775,0.09228,AUTO,HAZARD_VISION_STOP,0.0000,0.0000,0.0000,0.0000,0.0000,0.0000,3
69.62,3.25519,0.05775,0.09228,AUTO,HAZARD_VISION_STOP,0.0000,0.0000,0.0000,0.0000,0.0000,0.0000,3
69.64,3.25519,0.05775,0.09228,AUTO,HAZARD_VISION_STOP,0.0000,0.0000,0.0000,0.0000,0.0000,0.0000,3
69.66,3.25519,0.05775,0.09228,AUTO,HAZARD_VISION_STOP,0.0000,0.0000,0.0000,0.0000,0.0000,0.0000,3
69.68,3.25519,0.05775,0.09228,AUTO,HAZARD_VISION_STOP,0.0000,0.0000,0.0000,0.0000,0.0000,0.0000,3
69.70,3.25519,0.05775,0.09228,AUTO,HAZARD_VISION_STOP,0.0000,0.0000,0.0000,0.0000,0.0000,0.0000,3
69.72,3.25519,0.05775,0.09228,AUTO,HAZARD_VISION_STOP,0.0000,0.0000,0.0000,0.0000,0.0000,0.0000,3
69.74,3.25519,0.05775,0.09228,AUTO,HAZARD_VISION_STOP,0.0000,0.0000,0.0000,0.0000,0.0000,0.0000,3
69.76,3.25519,0.05775,0.09228,AUTO,HAZARD_VISION_STOP,0.0000,0.0000,0.0000,0.0000,0.0000,0.0000,3
69.78,3.25519,0.05775,0.09228,AUTO,HAZARD_VISION_STOP,0.0000,0.0000,0.0000,0.0000,0.0000,0.0000,3
69.80,3.25519,0.05775,0.09228,AUTO,HAZARD_VISION_STOP,0.0000,0.0000,0.0000,0.0000,0.0000,0.0000,3
69.82,3.25519,0.05775,0.09228,AUTO,HAZARD_VISION_STOP,0.0000,0.0000,0.0000,0.0000,0.0000,0.0000,3
69.84,3.25519,0.05775,0.09228,AUTO,HAZARD_VISION_STOP,0.0000,0.0000,0.0000,0.0000,0.0000,0.0000,3
69.86,3.25519,0.05775,0.09228,AUTO,HAZARD_VISION_STOP,0.0000,0.0000,0.0000,0.0000,0.0000,0.0000,3
69.88,3.25519,0.05775,0.09228,AUTO,HAZARD_VISION_STOP,0.0000,0.0000,0.0000,0.0000,0.0000,0.0000,3
69.90,3.25519,0.05775,0.09228,AUTO,HAZARD_VISION_STOP,0.0000,0.0000,0.0000,0.0000,0.0000,0.0000,3
69.92,3.25519,0.05775,0.09228,AUTO,HAZARD_VISION_STOP,0.0000,0.0000,0.0000,0.0000,0.0000,0.0000,3
69.94,3.25519,0.05775,0.09228,AUTO,HAZARD_VISION_STOP,0.0000,0.0000,0.0000,0.0000,0.0000,0.0000,3
69.96,3.25519,0.05775,0.09228,AUTO,HAZARD_VISION_STOP,0.0000,0.0000,0.0000,0.0000,0.0000,0.0000,3
69.98,3.25519,0.05775,0.09228,AUTO,HAZARD_VISION_STOP,0.0000,0.0000,0.0000,0.0000,0.0000,0.0000,3
70.00,3.25519,0.05775,0.09228,AUTO,HAZARD_VISION_STOP,0.0000,0.0000,0.0000,0.0000,0.0000,0.0000,3
70.02,3.25519,0.05775,0.09228,AUTO,HAZARD_VISION_STOP,0.0000,0.0000,0.0000,0.0000,0.0000,0.0000,3
70.04,3.25519,0.05775,0.09228,AUTO,HAZARD_VISION_STOP,0.0000,0.0000,0.0000,0.0000,0.0000,0.0000,3
70.06,3.25519,0.05775,0.09228,AUTO,HAZARD_VISION_STOP,0.0000,0.0000,0.0000,0.0000,0.0000,0.0000,3
70.08,3.25519,0.05775,0.09228,AUTO,HAZARD_VISION_STOP,0.0000,0.0000,0.0000,0.0000,0.0000,0.0000,3
70.10,3.25519,0.05775,0.09228,AUTO,HAZARD_VISION_STOP,0.0000,0.0000,0.0000,0.0000,0.0000,0.0000,3
70.12,3.25519,0.05775,0.09228,AUTO,HAZARD_VISION_STOP,0.0000,0.0000,0.0000,0.0000,0.0000,0.0000,3
70.14,3.25519,0.05775,0.09228,AUTO,HAZARD_VISION_STOP,0.0000,0.0000,0.0000,0.0000,0.0000,0.0000,3
70.16,3.25519,0.05775,0.09228,AUTO,HAZARD_VISION_STOP,0.0000,0.0000,0.0000,0.0000,0.0000,0.0000,3
70.18,3.25519,0.05775,0.09228,AUTO,HAZARD_VISION_STOP,0.0000,0.0000,0.0000,0.0000,0.0000,0.0000,3
70.20,3.25519,0.05775,0.09228,AUTO,HAZARD_VISION_STOP,0.0000,0.0000,0.0000,0.0000,0.0000,0.0000,3
70.22,3.25519,0.05775,0.09228,AUTO,HAZARD_VISION_STOP,0.0000,0.0000,0.0000,0.0000,0.0000,0.0000,3
70.24,3.25519,0.05775,0.09228,AUTO,HAZARD_VISION_STOP,0.0000,0.0000,0.0000,0.0000,0.0000,0.0000,3
70.26,3.25519,0.05775,0.09228,AUTO,HAZARD_VISION_STOP,0.0000,0.0000,0.0000,0.0000,0.0000,0.0000,3
70.28,3.25519,0.05775,0.09228,AUTO,HAZARD_VISION_STOP,0.0000,0.0000,0.0000,0.0000,0.0000,0.0000,3
70.30,3.25519,0.05775,0.09228,AUTO,HAZARD_VISION_STOP,0.0000,0.0000,0.0000,0.0000,0.0000,0.0000,3
70.32,3.25519,0.05775,0.09228,AUTO,HAZARD_VISION_STOP,0.0000,0.0000,0.0000,0.0000,0.0000,0.0000,3
70.34,3.25519,0.05775,0.09228,AUTO,HAZARD_VISION_STOP,0.0000,0.0000,0.0000,0.0000,0.0000,0.0000,3
70.36,3.25519,0.05775,0.09228,AUTO,HAZARD_VISION_STOP,0.0000,0.0000,0.0000,0.0000,0.0000,0.0000,3
70.38,3.25519,0.05775,0.09228,AUTO,HAZARD_VISION_STOP,0.0000,0.0000,0.0000,0.0000,0.0000,0.0000,3
70.40,3.25519,0.05775,0.09228,AUTO,HAZARD_VISION_STOP,0.0000,0.0000,0.0000,0.0000,0.0000,0.0000,3
70.42,3.25519,0.05775,0.09228,AUTO,HAZARD_VISION_STOP,0.0000,0.0000,0.0000,0.0000,0.0000,0.0000,3
70.44,3.25519,0.05775,0.09228,AUTO,HAZARD_VISION_STOP,0.0000,0.0000,0.0000,0.0000,0.0000,0.0000,3
70.46,3.25519,0.05775,0.09228,AUTO,HAZARD_VISION_STOP,0.0000,0.0000,0.0000,0.0000,0.0000,0.0000,3
70.48,3.25519,0.05775,0.09228,AUTO,HAZARD_VISION_STOP,0.0000,0.0000,0.0000,0.0000,0.0000,0.0000,3
70.50,3.25519,0.05775,0.09228,AUTO,HAZARD_VISION_STOP,0.0000,0.0000,0.0000,0.0000,0.0000,0.0000,3
70.52,3.25519,0.05775,0.09228,AUTO,HAZARD_VISION_STOP,0.0000,0.0000,0.0000,0.0000,0.0000,0.0000,3
70.54,3.25519,0.05775,0.09228,AUTO,HAZARD_VISION_STOP,0.0000,0.0000,0.0000,0.0000,0.0000,0.0000,3
70.56,3.25519,0.05775,0.09228,AUTO,HAZARD_VISION_STOP,0.0000,0.0000,0.0000,0.0000,0.0000,0.0000,3
70.58,3.25519,0.05775,0.09228,AUTO,HAZARD_VISION_STOP,0.0000,0.0000,0.0000,0.0000,0.0000,0.0000,3
70.60,3.25519,0.05775,0.09228,AUTO,HAZARD_VISION_STOP,0.0000,0.0000,0.0000,0.0000,0.0000,0.0000,3
70.62,3.25519,0.05775,0.09228,AUTO,HAZARD_VISION_STOP,0.0000,0.0000,0.0000,0.0000,0.0000,0.0000,3
70.64,3.25519,0.05775,0.09228,AUTO,HAZARD_VISION_STOP,0.0000,0.0000,0.0000,0.0000,0.0000,0.0000,3
70.66,3.25519,0.05775,0.09228,AUTO,HAZARD_VISION_STOP,0.0000,0.0000,0.0000,0.0000,0.0000,0.0000,3
70.68,3.25519,0.05775,0.09228,AUTO,HAZARD_VISION_STOP,0.0000,0.0000,0.0000,0.0000,0.0000,0.0000,3
70.70,3.25519,0.05775,0.09228,AUTO,HAZARD_VISION_STOP,0.0000,0.0000,0.0000,0.0000,0.0000,0.0000,3
70.72,3.25519,0.05775,0.09228,AUTO,HAZARD_VISION_STOP,0.0000,0.0000,0.0000,0.0000,0.0000,0.0000,3
70.74,3.25519,0.05775,0.09228,AUTO,HAZARD_VISION_STOP,0.0000,0.0000,0.0000,0.0000,0.0000,0.0000,3
70.76,3.25519,0.05775,0.09228,AUTO,HAZARD_VISION_STOP,0.0000,0.0000,0.0000,0.0000,0.0000,0.0000,3
70.78,3.25519,0.05775,0.09228,AUTO,HAZARD_VISION_STOP,0.0000,0.0000,0.0000,0.0000,0.0000,0.0000,3
70.80,3.25519,0.05775,0.09228,AUTO,HAZARD_VISION_STOP,0.0000,0.0000,0.0000,0.0000,0.0000,0.0000,3
70.82,3.25519,0.05775,0.09228,AUTO,HAZARD_VISION_STOP,0.0000,0.0000,0.0000,0.0000,0.0000,0.0000,3
70.84,3.25519,0.05775,0.09228,AUTO,HAZARD_VISION_STOP,0.0000,0.0000,0.0000,0.0000,0.0000,0.0000,3
70.86,3.25519,0.05775,0.09228,AUTO,HAZARD_VISION_STOP,0.0000,0.0000,0.0000,0.0000,0.0000,0.0000,3
70.88,3.25519,0.05775,0.09228,AUTO,HAZARD_VISION_STOP,0.0000,0.0000,0.0000,0.0000,0.0000,0.0000,3
70.90,3.25519,0.05775,0.09228,AUTO,HAZARD_VISION_STOP,0.0000,0.0000,0.0000,0.0000,0.0000,0.0000,3
70.92,3.25519,0.05775,0.09228,AUTO,HAZARD_VISION_STOP,0.0000,0.0000,0.0000,0.0000,0.0000,0.0000,3
70.94,3.25519,0.05775,0.09228,AUTO,HAZARD_VISION_STOP,0.0000,0.0000,0.0000,0.0000,0.0000,0.0000,3
70.96,3.25519,0.05775,0.09228,AUTO,HAZARD_VISION_STOP,0.0000,0.0000,0.0000,0.0000,0.0000,0.0000,3
70.98,3.25519,0.05775,0.09228,AUTO,HAZARD_VISION_STOP,0.0000,0.0000,0.0000,0.0000,0.0000,0.0000,3
71.00,3.25519,0.05775,0.09228,AUTO,HAZARD_VISION_STOP,0.0000,0.0000,0.0000,0.0000,0.0000,0.0000,3
71.02,3.25519,0.05775,0.09228,AUTO,HAZARD_VISION_STOP,0.0000,0.0000,0.0000,0.0000,0.0000,0.0000,3
71.04,3.25519,0.05775,0.09228,AUTO,HAZARD_VISION_STOP,0.0000,0.0000,0.0000,0.0000,0.0000,0.0000,3
71.06,3.25519,0.05775,0.09228,AUTO,HAZARD_VISION_STOP,0.0000,0.0000,0.0000,0.0000,0.0000,0.0000,3
71.08,3.25519,0.05775,0.09228,AUTO,HAZARD_VISION_STOP,0.0000,0.0000,0.0000,0.0000,0.0000,0.0000,3
71.10,3.25519,0.05775,0.09228,AUTO,HAZARD_VISION_STOP,0.0000,0.0000,0.0000,0.0000,0.0000,0.0000,3
71.12,3.25519,0.05775,0.09228,AUTO,HAZARD_VISION_STOP,0.0000,0.0000,0.0000,0.0000,0.0000,0.0000,3
71.14,3.25519,0.05775,0.09228,AUTO,HAZARD_VISION_STOP,0.0000,0.0000,0.0000,0.0000,0.0000,0.0000,3
71.16,3.25519,0.05775,0.09228,AUTO,HAZARD_VISION_STOP,0.0000,0.0000,0.0000,0.0000,0.0000,0.0000,3
71.18,3.25519,0.05775,0.09228,AUTO,HAZARD_VISION_STOP,0.0000,0.0000,0.0000,0.0000,0.0000,0.0000,3
71.20,3.25519,0.05775,0.09228,AUTO,HAZARD_VISION_STOP,0.0000,0.0000,0.0000,0.0000,0.0000,0.0000,3
71.22,3.25519,0.05775,0.09228,AUTO,HAZARD_VISION_STOP,0.0000,0.0000,0.0000,0.0000,0.0000,0.0000,3
71.24,3.25519,0.05775,0.09228,AUTO,HAZARD_VISION_STOP,0.0000,0.0000,0.0000,0.0000,0.0000,0.0000,3
71.26,3.25519,0.05775,0.09228,AUTO,HAZARD_VISION_STOP,0.0000,0.0000,0.0000,0.0000,0.0000,0.0000,3
71.28,3.25519,0.05775,0.09228,AUTO,HAZARD_VISION_STOP,0.0000,0.0000,0.0000,0.0000,0.0000,0.0000,3
71.30,3.25519,0.05775,0.09228,AUTO,HAZARD_VISION_STOP,0.0000,0.0000,0.0000,0.0000,0.0000,0.0000,3
71.32,3.25519,0.05775,0.09228,AUTO,HAZARD_VISION_STOP,0.0000,0.0000,0.0000,0.0000,0.0000,0.0000,3
71.34,3.25519,0.05775,0.09228,AUTO,HAZARD_VISION_STOP,0.0000,0.0000,0.0000,0.0000,0.0000,0.0000,3
71.36,3.25519,0.05775,0.09228,AUTO,HAZARD_VISION_STOP,0.0000,0.0000,0.0000,0.0000,0.0000,0.0000,3
71.38,3.25519,0.05775,0.09228,AUTO,HAZARD_VISION_STOP,0.0000,0.0000,0.0000,0.0000,0.0000,0.0000,3
71.40,3.25519,0.05775,0.09228,AUTO,HAZARD_VISION_STOP,0.0000,0.0000,0.0000,0.0000,0.0000,0.0000,3
71.42,3.25519,0.05775,0.09228,AUTO,HAZARD_VISION_STOP,0.0000,0.0000,0.0000,0.0000,0.0000,0.0000,3
71.44,3.25519,0.05775,0.09228,AUTO,HAZARD_VISION_STOP,0.0000,0.0000,0.0000,0.0000,0.0000,0.0000,3
71.46,3.25519,0.05775,0.09228,AUTO,HAZARD_VISION_STOP,0.0000,0.0000,0.0000,0.0000,0.0000,0.0000,3
71.48,3.25519,0.05775,0.09228,AUTO,HAZARD_VISION_STOP,0.0000,0.0000,0.0000,0.0000,0.0000,0.0000,3
71.50,3.25519,0.05775,0.09228,AUTO,HAZARD_VISION_STOP,0.0000,0.0000,0.0000,0.0000,0.0000,0.0000,3
71.52,3.25519,0.05775,0.09228,AUTO,HAZARD_VISION_STOP,0.0000,0.0000,0.0000,0.0000,0.0000,0.0000,3
71.54,3.25519,0.05775,0.09228,AUTO,HAZARD_VISION_STOP,0.0000,0.0000,0.0000,0.0000,0.0000,0.0000,3
71.56,3.25519,0.05775,0.09228,AUTO,HAZARD_VISION_STOP,0.0000,0.0000,0.0000,0.0000,0.0000,0.0000,3
71.58,3.25519,0.05775,0.09228,AUTO,HAZARD_VISION_STOP,0.0000,0.0000,0.0000,0.0000,0.0000,0.0000,3
71.60,3.25519,0.05775,0.09228,AUTO,HAZARD_VISION_STOP,0.0000,0.0000,0.0000,0.0000,0.0000,0.0000,3
71.62,3.25519,0.05775,0.09228,AUTO,HAZARD_VISION_STOP,0.0000,0.0000,0.0000,0.0000,0.0000,0.0000,3
71.64,3.25519,0.05775,0.09228,AUTO,HAZARD_VISION_STOP,0.0000,0.0000,0.0000,0.0000,0.0000,0.0000,3
71.66,3.25519,0.05775,0.09228,AUTO,HAZARD_VISION_STOP,0.0000,0.0000,0.0000,0.0000,0.0000,0.0000,3
71.68,3.25519,0.05775,0.09228,AUTO,HAZARD_VISION_STOP,0.0000,0.0000,0.0000,0.0000,0.0000,0.0000,3
71.70,3.25519,0.05775,0.09228,AUTO,HAZARD_VISION_STOP,0.0000,0.0000,0.0000,0.0000,0.0000,0.0000,3
71.72,3.25519,0.05775,0.09228,AUTO,HAZARD_VISION_STOP,0.0000,0.0000,0.0000,0.0000,0.0000,0.0000,3
71.74,3.25519,0.05775,0.09228,AUTO,HAZARD_VISION_STOP,0.0000,0.0000,0.0000,0.0000,0.0000,0.0000,3
71.76,3.25519,0.05775,0.09228,AUTO,HAZARD_VISION_STOP,0.0000,0.0000,0.0000,0.0000,0.0000,0.0000,3
71.78,3.25519,0.05775,0.09228,AUTO,HAZARD_VISION_STOP,0.0000,0.0000,0.0000,0.0000,0.0000,0.0000,3
71.80,3.25519,0.05775,0.09228,AUTO,HAZARD_VISION_STOP,0.0000,0.0000,0.0000,0.0000,0.0000,0.0000,3
71.82,3.25519,0.05775,0.09228,AUTO,HAZARD_VISION_STOP,0.0000,0.0000,0.0000,0.0000,0.0000,0.0000,3
71.84,3.25519,0.05775,0.09228,AUTO,HAZARD_VISION_STOP,0.0000,0.0000,0.0000,0.0000,0.0000,0.0000,3
71.86,3.25519,0.05775,0.09228,AUTO,HAZARD_VISION_STOP,0.0000,0.0000,0.0000,0.0000,0.0000,0.0000,3
71.88,3.25519,0.05775,0.09228,AUTO,HAZARD_VISION_STOP,0.0000,0.0000,0.0000,0.0000,0.0000,0.0000,3
71.90,3.25519,0.05775,0.09228,AUTO,HAZARD_VISION_STOP,0.0000,0.0000,0.0000,0.0000,0.0000,0.0000,3
71.92,3.25519,0.05775,0.09228,AUTO,HAZARD_VISION_STOP,0.0000,0.0000,0.0000,0.0000,0.0000,0.0000,3
71.94,3.25519,0.05775,0.09228,AUTO,HAZARD_VISION_STOP,0.0000,0.0000,0.0000,0.0000,0.0000,0.0000,3
71.96,3.25519,0.05775,0.09228,AUTO,HAZARD_VISION_STOP,0.0000,0.0000,0.0000,0.0000,0.0000,0.0000,3
71.98,3.25519,0.05775,0.09228,AUTO,HAZARD_VISION_STOP,0.0000,0.0000,0.0000,0.0000,0.0000,0.0000,3
72.00,3.25519,0.05775,0.09228,AUTO,HAZARD_VISION_STOP,0.0000,0.0000,0.0000,0.0000,0.0000,0.0000,3
72.02,3.25519,0.05775,0.09228,AUTO,HAZARD_VISION_STOP,0.0000,0.0000,0.0000,0.0000,0.0000,0.0000,3
72.04,3.25519,0.05775,0.09228,AUTO,HAZARD_VISION_STOP,0.0000,0.0000,0.0000,0.0000,0.0000,0.0000,3
72.06,3.25519,0.05775,0.09228,AUTO,HAZARD_VISION_STOP,0.0000,0.0000,0.0000,0.0000,0.0000,0.0000,3
72.08,3.25519,0.05775,0.09228,AUTO,HAZARD_VISION_STOP,0.0000,0.0000,0.0000,0.0000,0.0000,0.0000,3
72.10,3.25519,0.05775,0.09228,AUTO,HAZARD_VISION_STOP,0.0000,0.0000,0.0000,0.0000,0.0000,0.0000,3
72.12,3.25519,0.05775,0.09228,AUTO,HAZARD_VISION_STOP,0.0000,0.0000,0.0000,0.0000,0.0000,0.0000,3
72.14,3.25519,0.05775,0.09228,AUTO,HAZARD_VISION_STOP,0.0000,0.0000,0.0000,0.0000,0.0000,0.0000,3
72.16,3.25519,0.05775,0.09228,AUTO,HAZARD_VISION_STOP,0.0000,0.0000,0.0000,0.0000,0.0000,0.0000,3
72.18,3.25519,0.05775,0.09228,AUTO,HAZARD_VISION_STOP,0.0000,0.0000,0.0000,0.0000,0.0000,0.0000,3
72.20,3.25519,0.05775,0.09228,AUTO,HAZARD_VISION_STOP,0.0000,0.0000,0.0000,0.0000,0.0000,0.0000,3
72.22,3.25519,0.05775,0.09228,AUTO,HAZARD_VISION_STOP,0.0000,0.0000,0.0000,0.0000,0.0000,0.0000,3
72.24,3.25519,0.05775,0.09228,AUTO,HAZARD_VISION_STOP,0.0000,0.0000,0.0000,0.0000,0.0000,0.0000,3
72.26,3.25519,0.05775,0.09228,AUTO,HAZARD_VISION_STOP,0.0000,0.0000,0.0000,0.0000,0.0000,0.0000,3
72.28,3.25519,0.05775,0.09228,AUTO,HAZARD_VISION_STOP,0.0000,0.0000,0.0000,0.0000,0.0000,0.0000,3
72.30,3.25519,0.05775,0.09228,AUTO,HAZARD_VISION_STOP,0.0000,0.0000,0.0000,0.0000,0.0000,0.0000,3
72.32,3.25519,0.05775,0.09228,AUTO,HAZARD_VISION_STOP,0.0000,0.0000,0.0000,0.0000,0.0000,0.0000,3
72.34,3.25519,0.05775,0.09228,AUTO,HAZARD_VISION_STOP,0.0000,0.0000,0.0000,0.0000,0.0000,0.0000,3
72.36,3.25519,0.05775,0.09228,AUTO,HAZARD_VISION_STOP,0.0000,0.0000,0.0000,0.0000,0.0000,0.0000,3
72.38,3.25519,0.05775,0.09228,AUTO,HAZARD_VISION_STOP,0.0000,0.0000,0.0000,0.0000,0.0000,0.0000,3
72.40,3.25519,0.05775,0.09228,AUTO,HAZARD_VISION_STOP,0.0000,0.0000,0.0000,0.0000,0.0000,0.0000,3
72.42,3.25519,0.05775,0.09228,AUTO,HAZARD_VISION_STOP,0.0000,0.0000,0.0000,0.0000,0.0000,0.0000,3
72.44,3.25519,0.05775,0.09228,AUTO,HAZARD_VISION_STOP,0.0000,0.0000,0.0000,0.0000,0.0000,0.0000,3
72.46,3.25519,0.05775,0.09228,AUTO,HAZARD_VISION_STOP,0.0000,0.0000,0.0000,0.0000,0.0000,0.0000,3
72.48,3.25519,0.05775,0.09228,AUTO,HAZARD_VISION_STOP,0.0000,0.0000,0.0000,0.0000,0.0000,0.0000,3
72.50,3.25519,0.05775,0.09228,AUTO,HAZARD_VISION_STOP,0.0000,0.0000,0.0000,0.0000,0.0000,0.0000,3
72.52,3.25519,0.05775,0.09228,AUTO,HAZARD_VISION_STOP,0.0000,0.0000,0.0000,0.0000,0.0000,0.0000,3
72.54,3.25519,0.05775,0.09228,AUTO,HAZARD_VISION_STOP,0.0000,0.0000,0.0000,0.0000,0.0000,0.0000,3
72.56,3.25519,0.05775,0.09228,AUTO,HAZARD_VISION_STOP,0.0000,0.0000,0.0000,0.0000,0.0000,0.0000,3
72.58,3.25519,0.05775,0.09228,AUTO,HAZARD_VISION_STOP,0.0000,0.0000,0.0000,0.0000,0.0000,0.0000,3
72.60,3.25519,0.05775,0.09228,AUTO,HAZARD_VISION_STOP,0.0000,0.0000,0.0000,0.0000,0.0000,0.0000,3
72.62,3.25519,0.05775,0.09228,AUTO,HAZARD_VISION_STOP,0.0000,0.0000,0.0000,0.0000,0.0000,0.0000,3
72.64,3.25519,0.05775,0.09228,AUTO,HAZARD_VISION_STOP,0.0000,0.0000,0.0000,0.0000,0.0000,0.0000,3
72.66,3.25519,0.05775,0.09228,AUTO,HAZARD_VISION_STOP,0.0000,0.0000,0.0000,0.0000,0.0000,0.0000,3
72.68,3.25519,0.05775,0.09228,AUTO,HAZARD_VISION_STOP,0.0000,0.0000,0.0000,0.0000,0.0000,0.0000,3
72.70,3.25519,0.05775,0.09228,AUTO,HAZARD_VISION_STOP,0.0000,0.0000,0.0000,0.0000,0.0000,0.0000,3
72.72,3.25519,0.05775,0.09228,AUTO,HAZARD_VISION_STOP,0.0000,0.0000,0.0000,0.0000,0.0000,0.0000,3
72.74,3.25519,0.05775,0.09228,AUTO,HAZARD_VISION_STOP,0.0000,0.0000,0.0000,0.0000,0.0000,0.0000,3
72.76,3.25519,0.05775,0.09228,AUTO,HAZARD_VISION_STOP,0.0000,0.0000,0.0000,0.0000,0.0000,0.0000,3
72.78,3.25519,0.05775,0.09228,AUTO,HAZARD_VISION_STOP,0.0000,0.0000,0.0000,0.0000,0.0000,0.0000,3
72.80,3.25519,0.05775,0.09228,AUTO,HAZARD_VISION_STOP,0.0000,0.0000,0.0000,0.0000,0.0000,0.0000,3
72.82,3.25519,0.05775,0.09228,AUTO,HAZARD_VISION_STOP,0.0000,0.0000,0.0000,0.0000,0.0000,0.0000,3
72.84,3.25519,0.05775,0.09228,AUTO,HAZARD_VISION_STOP,0.0000,0.0000,0.0000,0.0000,0.0000,0.0000,3
72.86,3.25519,0.05775,0.09228,AUTO,HAZARD_VISION_STOP,0.0000,0.0000,0.0000,0.0000,0.0000,0.0000,3
72.88,3.25519,0.05775,0.09228,AUTO,HAZARD_VISION_STOP,0.0000,0.0000,0.0000,0.0000,0.0000,0.0000,3
72.90,3.25519,0.05775,0.09228,AUTO,HAZARD_VISION_STOP,0.0000,0.0000,0.0000,0.0000,0.0000,0.0000,3
72.92,3.25519,0.05775,0.09228,AUTO,HAZARD_VISION_STOP,0.0000,0.0000,0.0000,0.0000,0.0000,0.0000,3
72.94,3.25519,0.05775,0.09228,AUTO,HAZARD_VISION_STOP,0.0000,0.0000,0.0000,0.0000,0.0000,0.0000,3
72.96,3.25519,0.05775,0.09228,AUTO,HAZARD_VISION_STOP,0.0000,0.0000,0.0000,0.0000,0.0000,0.0000,3
72.98,3.25519,0.05775,0.09228,AUTO,HAZARD_VISION_STOP,0.0000,0.0000,0.0000,0.0000,0.0000,0.0000,3
73.00,3.25519,0.05775,0.09228,AUTO,HAZARD_VISION_STOP,0.0000,0.0000,0.0000,0.0000,0.0000,0.0000,3
73.02,3.25519,0.05775,0.09228,AUTO,HAZARD_VISION_STOP,0.0000,0.0000,0.0000,0.0000,0.0000,0.0000,3
73.04,3.25519,0.05775,0.09228,AUTO,HAZARD_VISION_STOP,0.0000,0.0000,0.0000,0.0000,0.0000,0.0000,3
73.06,3.25519,0.05775,0.09228,AUTO,HAZARD_VISION_STOP,0.0000,0.0000,0.0000,0.0000,0.0000,0.0000,3
73.08,3.25519,0.05775,0.09228,AUTO,HAZARD_VISION_STOP,0.0000,0.0000,0.0000,0.0000,0.0000,0.0000,3
73.10,3.25519,0.05775,0.09228,AUTO,HAZARD_VISION_STOP,0.0000,0.0000,0.0000,0.0000,0.0000,0.0000,3
73.12,3.25519,0.05775,0.09228,AUTO,HAZARD_VISION_STOP,0.0000,0.0000,0.0000,0.0000,0.0000,0.0000,3
73.14,3.25519,0.05775,0.09228,AUTO,HAZARD_VISION_STOP,0.0000,0.0000,0.0000,0.0000,0.0000,0.0000,3
73.16,3.25519,0.05775,0.09228,AUTO,HAZARD_VISION_STOP,0.0000,0.0000,0.0000,0.0000,0.0000,0.0000,3
73.18,3.25519,0.05775,0.09228,AUTO,HAZARD_VISION_STOP,0.0000,0.0000,0.0000,0.0000,0.0000,0.0000,3
73.20,3.25519,0.05775,0.09228,AUTO,HAZARD_VISION_STOP,0.0000,0.0000,0.0000,0.0000,0.0000,0.0000,3
73.22,3.25519,0.05775,0.09228,AUTO,HAZARD_VISION_STOP,0.0000,0.0000,0.0000,0.0000,0.0000,0.0000,3
73.24,3.25519,0.05775,0.09228,AUTO,HAZARD_VISION_STOP,0.0000,0.0000,0.0000,0.0000,0.0000,0.0000,3
73.26,3.25519,0.05775,0.09228,AUTO,HAZARD_VISION_STOP,0.0000,0.0000,0.0000,0.0000,0.0000,0.0000,3
73.28,3.25519,0.05775,0.09228,AUTO,HAZARD_VISION_STOP,0.0000,0.0000,0.0000,0.0000,0.0000,0.0000,3
73.30,3.25519,0.05775,0.09228,AUTO,HAZARD_VISION_STOP,0.0000,0.0000,0.0000,0.0000,0.0000,0.0000,3
73.32,3.25519,0.05775,0.09228,AUTO,HAZARD_VISION_STOP,0.0000,0.0000,0.0000,0.0000,0.0000,0.0000,3
73.34,3.25519,0.05775,0.09228,AUTO,HAZARD_VISION_STOP,0.0000,0.0000,0.0000,0.0000,0.0000,0.0000,3
73.36,3.25519,0.05775,0.09228,AUTO,HAZARD_VISION_STOP,0.0000,0.0000,0.0000,0.0000,0.0000,0.0000,3
73.38,3.25519,0.05775,0.09228,AUTO,HAZARD_VISION_STOP,0.0000,0.0000,0.0000,0.0000,0.0000,0.0000,3
73.40,3.25519,0.05775,0.09228,AUTO,HAZARD_VISION_STOP,0.0000,0.0000,0.0000,0.0000,0.0000,0.0000,3
73.42,3.25519,0.05775,0.09228,AUTO,HAZARD_VISION_STOP,0.0000,0.0000,0.0000,0.0000,0.0000,0.0000,3
73.44,3.25519,0.05775,0.09228,AUTO,HAZARD_VISION_STOP,0.0000,0.0000,0.0000,0.0000,0.0000,0.0000,3
73.46,3.25519,0.05775,0.09228,AUTO,HAZARD_VISION_STOP,0.0000,0.0000,0.0000,0.0000,0.0000,0.0000,3
73.48,3.25519,0.05775,0.09228,AUTO,HAZARD_VISION_STOP,0.0000,0.0000,0.0000,0.0000,0.0000,0.0000,3
73.50,3.25519,0.05775,0.09228,AUTO,HAZARD_VISION_STOP,0.0000,0.0000,0.0000,0.0000,0.0000,0.0000,3
73.52,3.25519,0.05775,0.09228,AUTO,HAZARD_VISION_STOP,0.0000,0.0000,0.0000,0.0000,0.0000,0.0000,3
73.54,3.25519,0.05775,0.09228,AUTO,HAZARD_VISION_STOP,0.0000,0.0000,0.0000,0.0000,0.0000,0.0000,3
73.56,3.25519,0.05775,0.09228,AUTO,HAZARD_VISION_STOP,0.0000,0.0000,0.0000,0.0000,0.0000,0.0000,3
73.58,3.25519,0.05775,0.09228,AUTO,HAZARD_VISION_STOP,0.0000,0.0000,0.0000,0.0000,0.0000,0.0000,3
73.60,3.25519,0.05775,0.09228,AUTO,HAZARD_VISION_STOP,0.0000,0.0000,0.0000,0.0000,0.0000,0.0000,3
73.62,3.25519,0.05775,0.09228,AUTO,HAZARD_VISION_STOP,0.0000,0.0000,0.0000,0.0000,0.0000,0.0000,3
73.64,3.25519,0.05775,0.09228,AUTO,HAZARD_VISION_STOP,0.0000,0.0000,0.0000,0.0000,0.0000,0.0000,3
73.66,3.25519,0.05775,0.09228,AUTO,HAZARD_VISION_STOP,0.0000,0.0000,0.0000,0.0000,0.0000,0.0000,3
73.68,3.25519,0.05775,0.09228,AUTO,HAZARD_VISION_STOP,0.0000,0.0000,0.0000,0.0000,0.0000,0.0000,3
73.70,3.25519,0.05775,0.09228,AUTO,HAZARD_VISION_STOP,0.0000,0.0000,0.0000,0.0000,0.0000,0.0000,3
73.72,3.25519,0.05775,0.09228,AUTO,HAZARD_VISION_STOP,0.0000,0.0000,0.0000,0.0000,0.0000,0.0000,3
73.74,3.25519,0.05775,0.09228,AUTO,HAZARD_VISION_STOP,0.0000,0.0000,0.0000,0.0000,0.0000,0.0000,3
73.76,3.25519,0.05775,0.09228,AUTO,HAZARD_VISION_STOP,0.0000,0.0000,0.0000,0.0000,0.0000,0.0000,3
73.78,3.25519,0.05775,0.09228,AUTO,HAZARD_VISION_STOP,0.0000,0.0000,0.0000,0.0000,0.0000,0.0000,3
73.80,3.25519,0.05775,0.09228,AUTO,HAZARD_VISION_STOP,0.0000,0.0000,0.0000,0.0000,0.0000,0.0000,3
73.82,3.25519,0.05775,0.09228,AUTO,HAZARD_VISION_STOP,0.0000,0.0000,0.0000,0.0000,0.0000,0.0000,3
73.84,3.25519,0.05775,0.09228,AUTO,HAZARD_VISION_STOP,0.0000,0.0000,0.0000,0.0000,0.0000,0.0000,3
73.86,3.25519,0.05775,0.09228,AUTO,HAZARD_VISION_STOP,0.0000,0.0000,0.0000,0.0000,0.0000,0.0000,3
73.88,3.25519,0.05775,0.09228,AUTO,HAZARD_VISION_STOP,0.0000,0.0000,0.0000,0.0000,0.0000,0.0000,3
73.90,3.25519,0.05775,0.09228,AUTO,HAZARD_VISION_STOP,0.0000,0.0000,0.0000,0.0000,0.0000,0.0000,3
73.92,3.25519,0.05775,0.09228,AUTO,HAZARD_VISION_STOP,0.0000,0.0000,0.0000,0.0000,0.0000,0.0000,3
73.94,3.25519,0.05775,0.09228,AUTO,HAZARD_VISION_STOP,0.0000,0.0000,0.0000,0.0000,0.0000,0.0000,3
73.96,3.25519,0.05775,0.09228,AUTO,HAZARD_VISION_STOP,0.0000,0.0000,0.0000,0.0000,0.0000,0.0000,3
73.98,3.25519,0.05775,0.09228,AUTO,HAZARD_VISION_STOP,0.0000,0.0000,0.0000,0.0000,0.0000,0.0000,3
74.00,3.25519,0.05775,0.09228,AUTO,HAZARD_VISION_STOP,0.0000,0.0000,0.0000,0.0000,0.0000,0.0000,3
74.02,3.25519,0.05775,0.09228,AUTO,HAZARD_VISION_STOP,0.0000,0.0000,0.0000,0.0000,0.0000,0.0000,3
74.04,3.25519,0.05775,0.09228,AUTO,HAZARD_VISION_STOP,0.0000,0.0000,0.0000,0.0000,0.0000,0.0000,3
74.06,3.25519,0.05775,0.09228,AUTO,HAZARD_VISION_STOP,0.0000,0.0000,0.0000,0.0000,0.0000,0.0000,3
74.08,3.25519,0.05775,0.09228,AUTO,HAZARD_VISION_STOP,0.0000,0.0000,0.0000,0.0000,0.0000,0.0000,3
74.10,3.25519,0.05775,0.09228,AUTO,HAZARD_VISION_STOP,0.0000,0.0000,0.0000,0.0000,0.0000,0.0000,3
74.12,3.25519,0.05775,0.09228,AUTO,HAZARD_VISION_STOP,0.0000,0.0000,0.0000,0.0000,0.0000,0.0000,3
74.14,3.25519,0.05775,0.09228,AUTO,HAZARD_VISION_STOP,0.0000,0.0000,0.0000,0.0000,0.0000,0.0000,3
74.16,3.25519,0.05775,0.09228,AUTO,HAZARD_VISION_STOP,0.0000,0.0000,0.0000,0.0000,0.0000,0.0000,3
74.18,3.25519,0.05775,0.09228,AUTO,HAZARD_VISION_STOP,0.0000,0.0000,0.0000,0.0000,0.0000,0.0000,3
74.20,3.25519,0.05775,0.09228,AUTO,HAZARD_VISION_STOP,0.0000,0.0000,0.0000,0.0000,0.0000,0.0000,3
74.22,3.25519,0.05775,0.09228,AUTO,HAZARD_VISION_STOP,0.0000,0.0000,0.0000,0.0000,0.0000,0.0000,3
74.24,3.25519,0.05775,0.09228,AUTO,HAZARD_VISION_STOP,0.0000,0.0000,0.0000,0.0000,0.0000,0.0000,3
74.26,3.25519,0.05775,0.09228,AUTO,HAZARD_VISION_STOP,0.0000,0.0000,0.0000,0.0000,0.0000,0.0000,3
74.28,3.25519,0.05775,0.09228,AUTO,HAZARD_VISION_STOP,0.0000,0.0000,0.0000,0.0000,0.0000,0.0000,3
74.30,3.25519,0.05775,0.09228,AUTO,HAZARD_VISION_STOP,0.0000,0.0000,0.0000,0.0000,0.0000,0.0000,3
74.32,3.25519,0.05775,0.09228,AUTO,HAZARD_VISION_STOP,0.0000,0.0000,0.0000,0.0000,0.0000,0.0000,3
74.34,3.25519,0.05775,0.09228,AUTO,HAZARD_VISION_STOP,0.0000,0.0000,0.0000,0.0000,0.0000,0.0000,3
74.36,3.25519,0.05775,0.09228,AUTO,HAZARD_VISION_STOP,0.0000,0.0000,0.0000,0.0000,0.0000,0.0000,3
74.38,3.25519,0.05775,0.09228,AUTO,HAZARD_VISION_STOP,0.0000,0.0000,0.0000,0.0000,0.0000,0.0000,3
74.40,3.25519,0.05775,0.09228,AUTO,HAZARD_VISION_STOP,0.0000,0.0000,0.0000,0.0000,0.0000,0.0000,3
74.42,3.25519,0.05775,0.09228,AUTO,HAZARD_VISION_STOP,0.0000,0.0000,0.0000,0.0000,0.0000,0.0000,3
74.44,3.25519,0.05775,0.09228,AUTO,HAZARD_VISION_STOP,0.0000,0.0000,0.0000,0.0000,0.0000,0.0000,3
74.46,3.25519,0.05775,0.09228,AUTO,HAZARD_VISION_STOP,0.0000,0.0000,0.0000,0.0000,0.0000,0.0000,3
74.48,3.25519,0.05775,0.09228,AUTO,HAZARD_VISION_STOP,0.0000,0.0000,0.0000,0.0000,0.0000,0.0000,3
74.50,3.25519,0.05775,0.09228,AUTO,HAZARD_VISION_STOP,0.0000,0.0000,0.0000,0.0000,0.0000,0.0000,3
74.52,3.25519,0.05775,0.09228,AUTO,HAZARD_VISION_STOP,0.0000,0.0000,0.0000,0.0000,0.0000,0.0000,3
74.54,3.25519,0.05775,0.09228,AUTO,HAZARD_VISION_STOP,0.0000,0.0000,0.0000,0.0000,0.0000,0.0000,3
74.56,3.25519,0.05775,0.09228,AUTO,HAZARD_VISION_STOP,0.0000,0.0000,0.0000,0.0000,0.0000,0.0000,3
74.58,3.25519,0.05775,0.09228,AUTO,HAZARD_VISION_STOP,0.0000,0.0000,0.0000,0.0000,0.0000,0.0000,3
74.60,3.25519,0.05775,0.09228,AUTO,HAZARD_VISION_STOP,0.0000,0.0000,0.0000,0.0000,0.0000,0.0000,3
74.62,3.25519,0.05775,0.09228,AUTO,HAZARD_VISION_STOP,0.0000,0.0000,0.0000,0.0000,0.0000,0.0000,3
74.64,3.25519,0.05775,0.09228,AUTO,HAZARD_VISION_STOP,0.0000,0.0000,0.0000,0.0000,0.0000,0.0000,3
74.66,3.25519,0.05775,0.09228,AUTO,HAZARD_VISION_STOP,0.0000,0.0000,0.0000,0.0000,0.0000,0.0000,3
74.68,3.25519,0.05775,0.09228,AUTO,HAZARD_VISION_STOP,0.0000,0.0000,0.0000,0.0000,0.0000,0.0000,3
74.70,3.25519,0.05775,0.09228,AUTO,HAZARD_VISION_STOP,0.0000,0.0000,0.0000,0.0000,0.0000,0.0000,3
74.72,3.25519,0.05775,0.09228,AUTO,HAZARD_VISION_STOP,0.0000,0.0000,0.0000,0.0000,0.0000,0.0000,3
74.74,3.25519,0.05775,0.09228,AUTO,HAZARD_VISION_STOP,0.0000,0.0000,0.0000,0.0000,0.0000,0.0000,3
74.76,3.25519,0.05775,0.09228,AUTO,HAZARD_VISION_STOP,0.0000,0.0000,0.0000,0.0000,0.0000,0.0000,3
74.78,3.25519,0.05775,0.09228,AUTO,HAZARD_VISION_STOP,0.0000,0.0000,0.0000,0.0000,0.0000,0.0000,3
74.80,3.25519,0.05775,0.09228,AUTO,HAZARD_VISION_STOP,0.0000,0.0000,0.0000,0.0000,0.0000,0.0000,3
74.82,3.25519,0.05775,0.09228,AUTO,HAZARD_VISION_STOP,0.0000,0.0000,0.0000,0.0000,0.0000,0.0000,3
74.84,3.25519,0.05775,0.09228,AUTO,HAZARD_VISION_STOP,0.0000,0.0000,0.0000,0.0000,0.0000,0.0000,3
74.86,3.25519,0.05775,0.09228,AUTO,HAZARD_VISION_STOP,0.0000,0.0000,0.0000,0.0000,0.0000,0.0000,3
74.88,3.25519,0.05775,0.09228,AUTO,HAZARD_VISION_STOP,0.0000,0.0000,0.0000,0.0000,0.0000,0.0000,3
74.90,3.25519,0.05775,0.09228,AUTO,HAZARD_VISION_STOP,0.0000,0.0000,0.0000,0.0000,0.0000,0.0000,3
74.92,3.25519,0.05775,0.09228,AUTO,HAZARD_VISION_STOP,0.0000,0.0000,0.0000,0.0000,0.0000,0.0000,3
74.94,3.25519,0.05775,0.09228,AUTO,HAZARD_VISION_STOP,0.0000,0.0000,0.0000,0.0000,0.0000,0.0000,3
74.96,3.25519,0.05775,0.09228,AUTO,HAZARD_VISION_STOP,0.0000,0.0000,0.0000,0.0000,0.0000,0.0000,3
74.98,3.25519,0.05775,0.09228,AUTO,HAZARD_VISION_STOP,0.0000,0.0000,0.0000,0.0000,0.0000,0.0000,3
75.00,3.25519,0.05775,0.09228,AUTO,HAZARD_VISION_STOP,0.0000,0.0000,0.0000,0.0000,0.0000,0.0000,3
75.02,3.25519,0.05775,0.09228,AUTO,HAZARD_VISION_STOP,0.0000,0.0000,0.0000,0.0000,0.0000,0.0000,3
75.04,3.25519,0.05775,0.09228,AUTO,HAZARD_VISION_STOP,0.0000,0.0000,0.0000,0.0000,0.0000,0.0000,3
75.06,3.25519,0.05775,0.09228,AUTO,HAZARD_VISION_STOP,0.0000,0.0000,0.0000,0.0000,0.0000,0.0000,3
75.08,3.25519,0.05775,0.09228,AUTO,HAZARD_VISION_STOP,0.0000,0.0000,0.0000,0.0000,0.0000,0.0000,3
75.10,3.25519,0.05775,0.09228,AUTO,HAZARD_VISION_STOP,0.0000,0.0000,0.0000,0.0000,0.0000,0.0000,3
75.12,3.25519,0.05775,0.09228,AUTO,HAZARD_VISION_STOP,0.0000,0.0000,0.0000,0.0000,0.0000,0.0000,3
75.14,3.25519,0.05775,0.09228,AUTO,HAZARD_VISION_STOP,0.0000,0.0000,0.0000,0.0000,0.0000,0.0000,3
75.16,3.25519,0.05775,0.09228,AUTO,HAZARD_VISION_STOP,0.0000,0.0000,0.0000,0.0000,0.0000,0.0000,3
75.18,3.25519,0.05775,0.09228,AUTO,HAZARD_VISION_STOP,0.0000,0.0000,0.0000,0.0000,0.0000,0.0000,3
75.20,3.25519,0.05775,0.09228,AUTO,HAZARD_VISION_STOP,0.0000,0.0000,0.0000,0.0000,0.0000,0.0000,3
75.22,3.25519,0.05775,0.09228,AUTO,HAZARD_VISION_STOP,0.0000,0.0000,0.0000,0.0000,0.0000,0.0000,3
75.24,3.25519,0.05775,0.09228,AUTO,HAZARD_VISION_STOP,0.0000,0.0000,0.0000,0.0000,0.0000,0.0000,3
75.26,3.25519,0.05775,0.09228,AUTO,HAZARD_VISION_STOP,0.0000,0.0000,0.0000,0.0000,0.0000,0.0000,3
75.28,3.25519,0.05775,0.09228,AUTO,HAZARD_VISION_STOP,0.0000,0.0000,0.0000,0.0000,0.0000,0.0000,3
75.30,3.25519,0.05775,0.09228,AUTO,HAZARD_VISION_STOP,0.0000,0.0000,0.0000,0.0000,0.0000,0.0000,3
75.32,3.25519,0.05775,0.09228,AUTO,HAZARD_VISION_STOP,0.0000,0.0000,0.0000,0.0000,0.0000,0.0000,3
75.34,3.25519,0.05775,0.09228,AUTO,HAZARD_VISION_STOP,0.0000,0.0000,0.0000,0.0000,0.0000,0.0000,3
75.36,3.25519,0.05775,0.09228,AUTO,HAZARD_VISION_STOP,0.0000,0.0000,0.0000,0.0000,0.0000,0.0000,3
75.38,3.25519,0.05775,0.09228,AUTO,HAZARD_VISION_STOP,0.0000,0.0000,0.0000,0.0000,0.0000,0.0000,3
75.40,3.25519,0.05775,0.09228,AUTO,HAZARD_VISION_STOP,0.0000,0.0000,0.0000,0.0000,0.0000,0.0000,3
75.42,3.25519,0.05775,0.09228,AUTO,HAZARD_VISION_STOP,0.0000,0.0000,0.0000,0.0000,0.0000,0.0000,3
75.44,3.25519,0.05775,0.09228,AUTO,HAZARD_VISION_STOP,0.0000,0.0000,0.0000,0.0000,0.0000,0.0000,3
75.46,3.25519,0.05775,0.09228,AUTO,HAZARD_VISION_STOP,0.0000,0.0000,0.0000,0.0000,0.0000,0.0000,3
75.48,3.25519,0.05775,0.09228,AUTO,HAZARD_VISION_STOP,0.0000,0.0000,0.0000,0.0000,0.0000,0.0000,3
75.50,3.25519,0.05775,0.09228,AUTO,HAZARD_VISION_STOP,0.0000,0.0000,0.0000,0.0000,0.0000,0.0000,3
75.52,3.25519,0.05775,0.09228,AUTO,HAZARD_VISION_STOP,0.0000,0.0000,0.0000,0.0000,0.0000,0.0000,3
75.54,3.25519,0.05775,0.09228,AUTO,HAZARD_VISION_STOP,0.0000,0.0000,0.0000,0.0000,0.0000,0.0000,3
75.56,3.25519,0.05775,0.09228,AUTO,HAZARD_VISION_STOP,0.0000,0.0000,0.0000,0.0000,0.0000,0.0000,3
75.58,3.25519,0.05775,0.09228,AUTO,HAZARD_VISION_STOP,0.0000,0.0000,0.0000,0.0000,0.0000,0.0000,3
75.60,3.25519,0.05775,0.09228,AUTO,HAZARD_VISION_STOP,0.0000,0.0000,0.0000,0.0000,0.0000,0.0000,3
75.62,3.25519,0.05775,0.09228,AUTO,HAZARD_VISION_STOP,0.0000,0.0000,0.0000,0.0000,0.0000,0.0000,3
75.64,3.25519,0.05775,0.09228,AUTO,HAZARD_VISION_STOP,0.0000,0.0000,0.0000,0.0000,0.0000,0.0000,3
75.66,3.25519,0.05775,0.09228,AUTO,HAZARD_VISION_STOP,0.0000,0.0000,0.0000,0.0000,0.0000,0.0000,3
75.68,3.25519,0.05775,0.09228,AUTO,HAZARD_VISION_STOP,0.0000,0.0000,0.0000,0.0000,0.0000,0.0000,3
75.70,3.25519,0.05775,0.09228,AUTO,HAZARD_VISION_STOP,0.0000,0.0000,0.0000,0.0000,0.0000,0.0000,3
75.72,3.25519,0.05775,0.09228,AUTO,HAZARD_VISION_STOP,0.0000,0.0000,0.0000,0.0000,0.0000,0.0000,3
75.74,3.25519,0.05775,0.09228,AUTO,HAZARD_VISION_STOP,0.0000,0.0000,0.0000,0.0000,0.0000,0.0000,3
75.76,3.25519,0.05775,0.09228,AUTO,HAZARD_VISION_STOP,0.0000,0.0000,0.0000,0.0000,0.0000,0.0000,3
75.78,3.25519,0.05775,0.09228,AUTO,HAZARD_VISION_STOP,0.0000,0.0000,0.0000,0.0000,0.0000,0.0000,3
75.80,3.25519,0.05775,0.09228,AUTO,HAZARD_VISION_STOP,0.0000,0.0000,0.0000,0.0000,0.0000,0.0000,3
75.82,3.25519,0.05775,0.09228,AUTO,HAZARD_VISION_STOP,0.0000,0.0000,0.0000,0.0000,0.0000,0.0000,3
75.84,3.25519,0.05775,0.09228,AUTO,HAZARD_VISION_STOP,0.0000,0.0000,0.0000,0.0000,0.0000,0.0000,3
75.86,3.25519,0.05775,0.09228,AUTO,HAZARD_VISION_STOP,0.0000,0.0000,0.0000,0.0000,0.0000,0.0000,3
75.88,3.25519,0.05775,0.09228,AUTO,HAZARD_VISION_STOP,0.0000,0.0000,0.0000,0.0000,0.0000,0.0000,3
75.90,3.25519,0.05775,0.09228,AUTO,HAZARD_VISION_STOP,0.0000,0.0000,0.0000,0.0000,0.0000,0.0000,3
75.92,3.25519,0.05775,0.09228,AUTO,HAZARD_VISION_STOP,0.0000,0.0000,0.0000,0.0000,0.0000,0.0000,3
75.94,3.25519,0.05775,0.09228,AUTO,HAZARD_VISION_STOP,0.0000,0.0000,0.0000,0.0000,0.0000,0.0000,3
75.96,3.25519,0.05775,0.09228,AUTO,HAZARD_VISION_STOP,0.0000,0.0000,0.0000,0.0000,0.0000,0.0000,3
75.98,3.25519,0.05775,0.09228,AUTO,HAZARD_VISION_STOP,0.0000,0.0000,0.0000,0.0000,0.0000,0.0000,3
76.00,3.25519,0.05775,0.09228,AUTO,HAZARD_VISION_STOP,0.0000,0.0000,0.0000,0.0000,0.0000,0.0000,3
76.02,3.25519,0.05775,0.09228,AUTO,HAZARD_VISION_STOP,0.0000,0.0000,0.0000,0.0000,0.0000,0.0000,3
76.04,3.25519,0.05775,0.09228,AUTO,HAZARD_VISION_STOP,0.0000,0.0000,0.0000,0.0000,0.0000,0.0000,3
76.06,3.25519,0.05775,0.09228,AUTO,HAZARD_VISION_STOP,0.0000,0.0000,0.0000,0.0000,0.0000,0.0000,3
76.08,3.25519,0.05775,0.09228,AUTO,HAZARD_VISION_STOP,0.0000,0.0000,0.0000,0.0000,0.0000,0.0000,3
76.10,3.25519,0.05775,0.09228,AUTO,HAZARD_VISION_STOP,0.0000,0.0000,0.0000,0.0000,0.0000,0.0000,3
76.12,3.25519,0.05775,0.09228,AUTO,HAZARD_VISION_STOP,0.0000,0.0000,0.0000,0.0000,0.0000,0.0000,3
76.14,3.25519,0.05775,0.09228,AUTO,HAZARD_VISION_STOP,0.0000,0.0000,0.0000,0.0000,0.0000,0.0000,3
76.16,3.25519,0.05775,0.09228,AUTO,HAZARD_VISION_STOP,0.0000,0.0000,0.0000,0.0000,0.0000,0.0000,3
76.18,3.25519,0.05775,0.09228,AUTO,HAZARD_VISION_STOP,0.0000,0.0000,0.0000,0.0000,0.0000,0.0000,3
76.20,3.25519,0.05775,0.09228,AUTO,HAZARD_VISION_STOP,0.0000,0.0000,0.0000,0.0000,0.0000,0.0000,3
76.22,3.25519,0.05775,0.09228,AUTO,HAZARD_VISION_STOP,0.0000,0.0000,0.0000,0.0000,0.0000,0.0000,3
76.24,3.25519,0.05775,0.09228,AUTO,HAZARD_VISION_STOP,0.0000,0.0000,0.0000,0.0000,0.0000,0.0000,3
76.26,3.25519,0.05775,0.09228,AUTO,HAZARD_VISION_STOP,0.0000,0.0000,0.0000,0.0000,0.0000,0.0000,3
76.28,3.25519,0.05775,0.09228,AUTO,HAZARD_VISION_STOP,0.0000,0.0000,0.0000,0.0000,0.0000,0.0000,3
76.30,3.25519,0.05775,0.09228,AUTO,HAZARD_VISION_STOP,0.0000,0.0000,0.0000,0.0000,0.0000,0.0000,3
76.32,3.25519,0.05775,0.09228,AUTO,HAZARD_VISION_STOP,0.0000,0.0000,0.0000,0.0000,0.0000,0.0000,3
76.34,3.25519,0.05775,0.09228,AUTO,HAZARD_VISION_STOP,0.0000,0.0000,0.0000,0.0000,0.0000,0.0000,3
76.36,3.25519,0.05775,0.09228,AUTO,HAZARD_VISION_STOP,0.0000,0.0000,0.0000,0.0000,0.0000,0.0000,3
76.38,3.25519,0.05775,0.09228,AUTO,HAZARD_VISION_STOP,0.0000,0.0000,0.0000,0.0000,0.0000,0.0000,3
76.40,3.25519,0.05775,0.09228,AUTO,HAZARD_VISION_STOP,0.0000,0.0000,0.0000,0.0000,0.0000,0.0000,3
76.42,3.25519,0.05775,0.09228,AUTO,HAZARD_VISION_STOP,0.0000,0.0000,0.0000,0.0000,0.0000,0.0000,3
76.44,3.25519,0.05775,0.09228,AUTO,HAZARD_VISION_STOP,0.0000,0.0000,0.0000,0.0000,0.0000,0.0000,3
76.46,3.25519,0.05775,0.09228,AUTO,HAZARD_VISION_STOP,0.0000,0.0000,0.0000,0.0000,0.0000,0.0000,3
76.48,3.25519,0.05775,0.09228,AUTO,HAZARD_VISION_STOP,0.0000,0.0000,0.0000,0.0000,0.0000,0.0000,3
76.50,3.25519,0.05775,0.09228,AUTO,HAZARD_VISION_STOP,0.0000,0.0000,0.0000,0.0000,0.0000,0.0000,3
76.52,3.25519,0.05775,0.09228,AUTO,HAZARD_VISION_STOP,0.0000,0.0000,0.0000,0.0000,0.0000,0.0000,3
76.54,3.25519,0.05775,0.09228,AUTO,HAZARD_VISION_STOP,0.0000,0.0000,0.0000,0.0000,0.0000,0.0000,3
76.56,3.25519,0.05775,0.09228,AUTO,HAZARD_VISION_STOP,0.0000,0.0000,0.0000,0.0000,0.0000,0.0000,3
76.58,3.25519,0.05775,0.09228,AUTO,HAZARD_VISION_STOP,0.0000,0.0000,0.0000,0.0000,0.0000,0.0000,3
76.60,3.25519,0.05775,0.09228,AUTO,HAZARD_VISION_STOP,0.0000,0.0000,0.0000,0.0000,0.0000,0.0000,3
76.62,3.25519,0.05775,0.09228,AUTO,HAZARD_VISION_STOP,0.0000,0.0000,0.0000,0.0000,0.0000,0.0000,3
76.64,3.25519,0.05775,0.09228,AUTO,HAZARD_VISION_STOP,0.0000,0.0000,0.0000,0.0000,0.0000,0.0000,3
76.66,3.25519,0.05775,0.09228,AUTO,HAZARD_VISION_STOP,0.0000,0.0000,0.0000,0.0000,0.0000,0.0000,3
76.68,3.25519,0.05775,0.09228,AUTO,HAZARD_VISION_STOP,0.0000,0.0000,0.0000,0.0000,0.0000,0.0000,3
76.70,3.25519,0.05775,0.09228,AUTO,HAZARD_VISION_STOP,0.0000,0.0000,0.0000,0.0000,0.0000,0.0000,3
76.72,3.25519,0.05775,0.09228,AUTO,HAZARD_VISION_STOP,0.0000,0.0000,0.0000,0.0000,0.0000,0.0000,3
76.74,3.25519,0.05775,0.09228,AUTO,HAZARD_VISION_STOP,0.0000,0.0000,0.0000,0.0000,0.0000,0.0000,3
76.76,3.25519,0.05775,0.09228,AUTO,HAZARD_VISION_STOP,0.0000,0.0000,0.0000,0.0000,0.0000,0.0000,3
76.78,3.25519,0.05775,0.09228,AUTO,HAZARD_VISION_STOP,0.0000,0.0000,0.0000,0.0000,0.0000,0.0000,3
76.80,3.25519,0.05775,0.09228,AUTO,HAZARD_VISION_STOP,0.0000,0.0000,0.0000,0.0000,0.0000,0.0000,3
76.82,3.25519,0.05775,0.09228,AUTO,HAZARD_VISION_STOP,0.0000,0.0000,0.0000,0.0000,0.0000,0.0000,3
76.84,3.25519,0.05775,0.09228,AUTO,HAZARD_VISION_STOP,0.0000,0.0000,0.0000,0.0000,0.0000,0.0000,3
76.86,3.25519,0.05775,0.09228,AUTO,HAZARD_VISION_STOP,0.0000,0.0000,0.0000,0.0000,0.0000,0.0000,3
76.88,3.25519,0.05775,0.09228,AUTO,HAZARD_VISION_STOP,0.0000,0.0000,0.0000,0.0000,0.0000,0.0000,3
76.90,3.25519,0.05775,0.09228,AUTO,HAZARD_VISION_STOP,0.0000,0.0000,0.0000,0.0000,0.0000,0.0000,3
76.92,3.25519,0.05775,0.09228,AUTO,HAZARD_VISION_STOP,0.0000,0.0000,0.0000,0.0000,0.0000,0.0000,3
76.94,3.25519,0.05775,0.09228,AUTO,HAZARD_VISION_STOP,0.0000,0.0000,0.0000,0.0000,0.0000,0.0000,3
76.96,3.25519,0.05775,0.09228,AUTO,HAZARD_VISION_STOP,0.0000,0.0000,0.0000,0.0000,0.0000,0.0000,3
76.98,3.25519,0.05775,0.09228,AUTO,HAZARD_VISION_STOP,0.0000,0.0000,0.0000,0.0000,0.0000,0.0000,3
77.00,3.25519,0.05775,0.09228,AUTO,HAZARD_VISION_STOP,0.0000,0.0000,0.0000,0.0000,0.0000,0.0000,3
77.02,3.25519,0.05775,0.09228,AUTO,HAZARD_VISION_STOP,0.0000,0.0000,0.0000,0.0000,0.0000,0.0000,3
77.04,3.25519,0.05775,0.09228,AUTO,HAZARD_VISION_STOP,0.0000,0.0000,0.0000,0.0000,0.0000,0.0000,3
77.06,3.25519,0.05775,0.09228,AUTO,HAZARD_VISION_STOP,0.0000,0.0000,0.0000,0.0000,0.0000,0.0000,3
77.08,3.25519,0.05775,0.09228,AUTO,HAZARD_VISION_STOP,0.0000,0.0000,0.0000,0.0000,0.0000,0.0000,3
77.10,3.25519,0.05775,0.09228,AUTO,HAZARD_VISION_STOP,0.0000,0.0000,0.0000,0.0000,0.0000,0.0000,3
77.12,3.25519,0.05775,0.09228,AUTO,HAZARD_VISION_STOP,0.0000,0.0000,0.0000,0.0000,0.0000,0.0000,3
77.14,3.25519,0.05775,0.09228,AUTO,HAZARD_VISION_STOP,0.0000,0.0000,0.0000,0.0000,0.0000,0.0000,3
77.16,3.25519,0.05775,0.09228,AUTO,HAZARD_VISION_STOP,0.0000,0.0000,0.0000,0.0000,0.0000,0.0000,3
77.18,3.25519,0.05775,0.09228,AUTO,HAZARD_VISION_STOP,0.0000,0.0000,0.0000,0.0000,0.0000,0.0000,3
77.20,3.25519,0.05775,0.09228,AUTO,HAZARD_VISION_STOP,0.0000,0.0000,0.0000,0.0000,0.0000,0.0000,3
77.22,3.25519,0.05775,0.09228,AUTO,HAZARD_VISION_STOP,0.0000,0.0000,0.0000,0.0000,0.0000,0.0000,3
77.24,3.25519,0.05775,0.09228,AUTO,HAZARD_VISION_STOP,0.0000,0.0000,0.0000,0.0000,0.0000,0.0000,3
77.26,3.25519,0.05775,0.09228,AUTO,HAZARD_VISION_STOP,0.0000,0.0000,0.0000,0.0000,0.0000,0.0000,3
77.28,3.25519,0.05775,0.09228,AUTO,HAZARD_VISION_STOP,0.0000,0.0000,0.0000,0.0000,0.0000,0.0000,3
77.30,3.25519,0.05775,0.09228,AUTO,HAZARD_VISION_STOP,0.0000,0.0000,0.0000,0.0000,0.0000,0.0000,3
77.32,3.25519,0.05775,0.09228,AUTO,HAZARD_VISION_STOP,0.0000,0.0000,0.0000,0.0000,0.0000,0.0000,3
77.34,3.25519,0.05775,0.09228,AUTO,HAZARD_VISION_STOP,0.0000,0.0000,0.0000,0.0000,0.0000,0.0000,3
77.36,3.25519,0.05775,0.09228,AUTO,HAZARD_VISION_STOP,0.0000,0.0000,0.0000,0.0000,0.0000,0.0000,3
77.38,3.25519,0.05775,0.09228,AUTO,HAZARD_VISION_STOP,0.0000,0.0000,0.0000,0.0000,0.0000,0.0000,3
77.40,3.25519,0.05775,0.09228,AUTO,HAZARD_VISION_STOP,0.0000,0.0000,0.0000,0.0000,0.0000,0.0000,3
77.42,3.25519,0.05775,0.09228,AUTO,HAZARD_VISION_STOP,0.0000,0.0000,0.0000,0.0000,0.0000,0.0000,3
77.44,3.25519,0.05775,0.09228,AUTO,HAZARD_VISION_STOP,0.0000,0.0000,0.0000,0.0000,0.0000,0.0000,3
77.46,3.25519,0.05775,0.09228,AUTO,HAZARD_VISION_STOP,0.0000,0.0000,0.0000,0.0000,0.0000,0.0000,3
77.48,3.25519,0.05775,0.09228,AUTO,HAZARD_VISION_STOP,0.0000,0.0000,0.0000,0.0000,0.0000,0.0000,3
77.50,3.25519,0.05775,0.09228,AUTO,HAZARD_VISION_STOP,0.0000,0.0000,0.0000,0.0000,0.0000,0.0000,3
77.52,3.25519,0.05775,0.09228,AUTO,HAZARD_VISION_STOP,0.0000,0.0000,0.0000,0.0000,0.0000,0.0000,3
77.54,3.25519,0.05775,0.09228,AUTO,HAZARD_VISION_STOP,0.0000,0.0000,0.0000,0.0000,0.0000,0.0000,3
77.56,3.25519,0.05775,0.09228,AUTO,HAZARD_VISION_STOP,0.0000,0.0000,0.0000,0.0000,0.0000,0.0000,3
77.58,3.25519,0.05775,0.09228,AUTO,HAZARD_VISION_STOP,0.0000,0.0000,0.0000,0.0000,0.0000,0.0000,3
77.60,3.25519,0.05775,0.09228,AUTO,HAZARD_VISION_STOP,0.0000,0.0000,0.0000,0.0000,0.0000,0.0000,3
77.62,3.25519,0.05775,0.09228,AUTO,HAZARD_VISION_STOP,0.0000,0.0000,0.0000,0.0000,0.0000,0.0000,3
77.64,3.25519,0.05775,0.09228,AUTO,HAZARD_VISION_STOP,0.0000,0.0000,0.0000,0.0000,0.0000,0.0000,3
77.66,3.25519,0.05775,0.09228,AUTO,HAZARD_VISION_STOP,0.0000,0.0000,0.0000,0.0000,0.0000,0.0000,3
77.68,3.25519,0.05775,0.09228,AUTO,HAZARD_VISION_STOP,0.0000,0.0000,0.0000,0.0000,0.0000,0.0000,3
77.70,3.25519,0.05775,0.09228,AUTO,HAZARD_VISION_STOP,0.0000,0.0000,0.0000,0.0000,0.0000,0.0000,3
77.72,3.25519,0.05775,0.09228,AUTO,HAZARD_VISION_STOP,0.0000,0.0000,0.0000,0.0000,0.0000,0.0000,3
77.74,3.25519,0.05775,0.09228,AUTO,HAZARD_VISION_STOP,0.0000,0.0000,0.0000,0.0000,0.0000,0.0000,3
77.76,3.25519,0.05775,0.09228,AUTO,HAZARD_VISION_STOP,0.0000,0.0000,0.0000,0.0000,0.0000,0.0000,3
77.78,3.25519,0.05775,0.09228,AUTO,HAZARD_VISION_STOP,0.0000,0.0000,0.0000,0.0000,0.0000,0.0000,3
77.80,3.25519,0.05775,0.09228,AUTO,HAZARD_VISION_STOP,0.0000,0.0000,0.0000,0.0000,0.0000,0.0000,3
77.82,3.25519,0.05775,0.09228,AUTO,HAZARD_VISION_STOP,0.0000,0.0000,0.0000,0.0000,0.0000,0.0000,3
77.84,3.25519,0.05775,0.09228,AUTO,HAZARD_VISION_STOP,0.0000,0.0000,0.0000,0.0000,0.0000,0.0000,3
77.86,3.25519,0.05775,0.09228,AUTO,HAZARD_VISION_STOP,0.0000,0.0000,0.0000,0.0000,0.0000,0.0000,3
77.88,3.25519,0.05775,0.09228,AUTO,HAZARD_VISION_STOP,0.0000,0.0000,0.0000,0.0000,0.0000,0.0000,3
77.90,3.25519,0.05775,0.09228,AUTO,HAZARD_VISION_STOP,0.0000,0.0000,0.0000,0.0000,0.0000,0.0000,3
77.92,3.25519,0.05775,0.09228,AUTO,HAZARD_VISION_STOP,0.0000,0.0000,0.0000,0.0000,0.0000,0.0000,3
77.94,3.25519,0.05775,0.09228,AUTO,HAZARD_VISION_STOP,0.0000,0.0000,0.0000,0.0000,0.0000,0.0000,3
77.96,3.25519,0.05775,0.09228,AUTO,HAZARD_VISION_STOP,0.0000,0.0000,0.0000,0.0000,0.0000,0.0000,3
77.98,3.25519,0.05775,0.09228,AUTO,HAZARD_VISION_STOP,0.0000,0.0000,0.0000,0.0000,0.0000,0.0000,3
78.00,3.25519,0.05775,0.09228,AUTO,HAZARD_VISION_STOP,0.0000,0.0000,0.0000,0.0000,0.0000,0.0000,3
78.02,3.25519,0.05775,0.09228,AUTO,HAZARD_VISION_STOP,0.0000,0.0000,0.0000,0.0000,0.0000,0.0000,3
78.04,3.25519,0.05775,0.09228,AUTO,HAZARD_VISION_STOP,0.0000,0.0000,0.0000,0.0000,0.0000,0.0000,3
78.06,3.25519,0.05775,0.09228,AUTO,HAZARD_VISION_STOP,0.0000,0.0000,0.0000,0.0000,0.0000,0.0000,3
78.08,3.25519,0.05775,0.09228,AUTO,HAZARD_VISION_STOP,0.0000,0.0000,0.0000,0.0000,0.0000,0.0000,3
78.10,3.25519,0.05775,0.09228,AUTO,HAZARD_VISION_STOP,0.0000,0.0000,0.0000,0.0000,0.0000,0.0000,3
78.12,3.25519,0.05775,0.09228,AUTO,HAZARD_VISION_STOP,0.0000,0.0000,0.0000,0.0000,0.0000,0.0000,3
78.14,3.25519,0.05775,0.09228,AUTO,HAZARD_VISION_STOP,0.0000,0.0000,0.0000,0.0000,0.0000,0.0000,3
78.16,3.25519,0.05775,0.09228,AUTO,HAZARD_VISION_STOP,0.0000,0.0000,0.0000,0.0000,0.0000,0.0000,3
78.18,3.25519,0.05775,0.09228,AUTO,HAZARD_VISION_STOP,0.0000,0.0000,0.0000,0.0000,0.0000,0.0000,3
78.20,3.25519,0.05775,0.09228,AUTO,HAZARD_VISION_STOP,0.0000,0.0000,0.0000,0.0000,0.0000,0.0000,3
78.22,3.25519,0.05775,0.09228,AUTO,HAZARD_VISION_STOP,0.0000,0.0000,0.0000,0.0000,0.0000,0.0000,3
78.24,3.25519,0.05775,0.09228,AUTO,HAZARD_VISION_STOP,0.0000,0.0000,0.0000,0.0000,0.0000,0.0000,3
78.26,3.25519,0.05775,0.09228,AUTO,HAZARD_VISION_STOP,0.0000,0.0000,0.0000,0.0000,0.0000,0.0000,3
78.28,3.25519,0.05775,0.09228,AUTO,HAZARD_VISION_STOP,0.0000,0.0000,0.0000,0.0000,0.0000,0.0000,3
78.30,3.25519,0.05775,0.09228,AUTO,HAZARD_VISION_STOP,0.0000,0.0000,0.0000,0.0000,0.0000,0.0000,3
78.32,3.25519,0.05775,0.09228,AUTO,HAZARD_VISION_STOP,0.0000,0.0000,0.0000,0.0000,0.0000,0.0000,3
78.34,3.25519,0.05775,0.09228,AUTO,HAZARD_VISION_STOP,0.0000,0.0000,0.0000,0.0000,0.0000,0.0000,3
78.36,3.25519,0.05775,0.09228,AUTO,HAZARD_VISION_STOP,0.0000,0.0000,0.0000,0.0000,0.0000,0.0000,3
78.38,3.25519,0.05775,0.09228,AUTO,HAZARD_VISION_STOP,0.0000,0.0000,0.0000,0.0000,0.0000,0.0000,3
78.40,3.25519,0.05775,0.09228,AUTO,HAZARD_VISION_STOP,0.0000,0.0000,0.0000,0.0000,0.0000,0.0000,3
78.42,3.25519,0.05775,0.09228,AUTO,HAZARD_VISION_STOP,0.0000,0.0000,0.0000,0.0000,0.0000,0.0000,3
78.44,3.25519,0.05775,0.09228,AUTO,HAZARD_VISION_STOP,0.0000,0.0000,0.0000,0.0000,0.0000,0.0000,3
78.46,3.25519,0.05775,0.09228,AUTO,HAZARD_VISION_STOP,0.0000,0.0000,0.0000,0.0000,0.0000,0.0000,3
78.48,3.25519,0.05775,0.09228,AUTO,HAZARD_VISION_STOP,0.0000,0.0000,0.0000,0.0000,0.0000,0.0000,3
78.50,3.25519,0.05775,0.09228,AUTO,HAZARD_VISION_STOP,0.0000,0.0000,0.0000,0.0000,0.0000,0.0000,3
78.52,3.25519,0.05775,0.09228,AUTO,HAZARD_VISION_STOP,0.0000,0.0000,0.0000,0.0000,0.0000,0.0000,3
78.54,3.25519,0.05775,0.09228,AUTO,HAZARD_VISION_STOP,0.0000,0.0000,0.0000,0.0000,0.0000,0.0000,3
78.56,3.25519,0.05775,0.09228,AUTO,HAZARD_VISION_STOP,0.0000,0.0000,0.0000,0.0000,0.0000,0.0000,3
78.58,3.25519,0.05775,0.09228,AUTO,HAZARD_VISION_STOP,0.0000,0.0000,0.0000,0.0000,0.0000,0.0000,3
78.60,3.25519,0.05775,0.09228,AUTO,HAZARD_VISION_STOP,0.0000,0.0000,0.0000,0.0000,0.0000,0.0000,3
78.62,3.25519,0.05775,0.09228,AUTO,HAZARD_VISION_STOP,0.0000,0.0000,0.0000,0.0000,0.0000,0.0000,3
78.64,3.25519,0.05775,0.09228,AUTO,HAZARD_VISION_STOP,0.0000,0.0000,0.0000,0.0000,0.0000,0.0000,3
78.66,3.25519,0.05775,0.09228,AUTO,HAZARD_VISION_STOP,0.0000,0.0000,0.0000,0.0000,0.0000,0.0000,3
78.68,3.25519,0.05775,0.09228,AUTO,HAZARD_VISION_STOP,0.0000,0.0000,0.0000,0.0000,0.0000,0.0000,3
78.70,3.25519,0.05775,0.09228,AUTO,HAZARD_VISION_STOP,0.0000,0.0000,0.0000,0.0000,0.0000,0.0000,3
78.72,3.25519,0.05775,0.09228,AUTO,HAZARD_VISION_STOP,0.0000,0.0000,0.0000,0.0000,0.0000,0.0000,3
78.74,3.25519,0.05775,0.09228,AUTO,HAZARD_VISION_STOP,0.0000,0.0000,0.0000,0.0000,0.0000,0.0000,3
78.76,3.25519,0.05775,0.09228,AUTO,HAZARD_VISION_STOP,0.0000,0.0000,0.0000,0.0000,0.0000,0.0000,3
78.78,3.25519,0.05775,0.09228,AUTO,HAZARD_VISION_STOP,0.0000,0.0000,0.0000,0.0000,0.0000,0.0000,3
78.80,3.25519,0.05775,0.09228,AUTO,HAZARD_VISION_STOP,0.0000,0.0000,0.0000,0.0000,0.0000,0.0000,3
78.82,3.25519,0.05775,0.09228,AUTO,HAZARD_VISION_STOP,0.0000,0.0000,0.0000,0.0000,0.0000,0.0000,3
78.84,3.25519,0.05775,0.09228,AUTO,HAZARD_VISION_STOP,0.0000,0.0000,0.0000,0.0000,0.0000,0.0000,3
78.86,3.25519,0.05775,0.09228,AUTO,HAZARD_VISION_STOP,0.0000,0.0000,0.0000,0.0000,0.0000,0.0000,3
78.88,3.25519,0.05775,0.09228,AUTO,HAZARD_VISION_STOP,0.0000,0.0000,0.0000,0.0000,0.0000,0.0000,3
78.90,3.25519,0.05775,0.09228,AUTO,HAZARD_VISION_STOP,0.0000,0.0000,0.0000,0.0000,0.0000,0.0000,3
78.92,3.25519,0.05775,0.09228,AUTO,HAZARD_VISION_STOP,0.0000,0.0000,0.0000,0.0000,0.0000,0.0000,3
78.94,3.25519,0.05775,0.09228,AUTO,HAZARD_VISION_STOP,0.0000,0.0000,0.0000,0.0000,0.0000,0.0000,3
78.96,3.25519,0.05775,0.09228,AUTO,HAZARD_VISION_STOP,0.0000,0.0000,0.0000,0.0000,0.0000,0.0000,3
78.98,3.25519,0.05775,0.09228,AUTO,HAZARD_VISION_STOP,0.0000,0.0000,0.0000,0.0000,0.0000,0.0000,3
79.00,3.25519,0.05775,0.09228,AUTO,HAZARD_VISION_STOP,0.0000,0.0000,0.0000,0.0000,0.0000,0.0000,3
79.02,3.25519,0.05775,0.09228,AUTO,HAZARD_VISION_STOP,0.0000,0.0000,0.0000,0.0000,0.0000,0.0000,3
79.04,3.25519,0.05775,0.09228,AUTO,HAZARD_VISION_STOP,0.0000,0.0000,0.0000,0.0000,0.0000,0.0000,3
79.06,3.25519,0.05775,0.09228,AUTO,HAZARD_VISION_STOP,0.0000,0.0000,0.0000,0.0000,0.0000,0.0000,3
79.08,3.25519,0.05775,0.09228,AUTO,HAZARD_VISION_STOP,0.0000,0.0000,0.0000,0.0000,0.0000,0.0000,3
79.10,3.25519,0.05775,0.09228,AUTO,HAZARD_VISION_STOP,0.0000,0.0000,0.0000,0.0000,0.0000,0.0000,3
79.12,3.25519,0.05775,0.09228,AUTO,HAZARD_VISION_STOP,0.0000,0.0000,0.0000,0.0000,0.0000,0.0000,3
79.14,3.25519,0.05775,0.09228,AUTO,HAZARD_VISION_STOP,0.0000,0.0000,0.0000,0.0000,0.0000,0.0000,3
79.16,3.25519,0.05775,0.09228,AUTO,HAZARD_VISION_STOP,0.0000,0.0000,0.0000,0.0000,0.0000,0.0000,3
79.18,3.25519,0.05775,0.09228,AUTO,HAZARD_VISION_STOP,0.0000,0.0000,0.0000,0.0000,0.0000,0.0000,3
79.20,3.25519,0.05775,0.09228,AUTO,HAZARD_VISION_STOP,0.0000,0.0000,0.0000,0.0000,0.0000,0.0000,3
79.22,3.25519,0.05775,0.09228,AUTO,HAZARD_VISION_STOP,0.0000,0.0000,0.0000,0.0000,0.0000,0.0000,3
79.24,3.25519,0.05775,0.09228,AUTO,HAZARD_VISION_STOP,0.0000,0.0000,0.0000,0.0000,0.0000,0.0000,3
79.26,3.25519,0.05775,0.09228,AUTO,HAZARD_VISION_STOP,0.0000,0.0000,0.0000,0.0000,0.0000,0.0000,3
79.28,3.25519,0.05775,0.09228,AUTO,HAZARD_VISION_STOP,0.0000,0.0000,0.0000,0.0000,0.0000,0.0000,3
79.30,3.25519,0.05775,0.09228,AUTO,HAZARD_VISION_STOP,0.0000,0.0000,0.0000,0.0000,0.0000,0.0000,3
79.32,3.25519,0.05775,0.09228,AUTO,HAZARD_VISION_STOP,0.0000,0.0000,0.0000,0.0000,0.0000,0.0000,3
79.34,3.25519,0.05775,0.09228,AUTO,HAZARD_VISION_STOP,0.0000,0.0000,0.0000,0.0000,0.0000,0.0000,3
79.36,3.25519,0.05775,0.09228,AUTO,HAZARD_VISION_STOP,0.0000,0.0000,0.0000,0.0000,0.0000,0.0000,3
79.38,3.25519,0.05775,0.09228,AUTO,HAZARD_VISION_STOP,0.0000,0.0000,0.0000,0.0000,0.0000,0.0000,3
79.40,3.25519,0.05775,0.09228,AUTO,HAZARD_VISION_STOP,0.0000,0.0000,0.0000,0.0000,0.0000,0.0000,3
79.42,3.25519,0.05775,0.09228,AUTO,HAZARD_VISION_STOP,0.0000,0.0000,0.0000,0.0000,0.0000,0.0000,3
79.44,3.25519,0.05775,0.09228,AUTO,HAZARD_VISION_STOP,0.0000,0.0000,0.0000,0.0000,0.0000,0.0000,3
79.46,3.25519,0.05775,0.09228,AUTO,HAZARD_VISION_STOP,0.0000,0.0000,0.0000,0.0000,0.0000,0.0000,3
79.48,3.25519,0.05775,0.09228,AUTO,HAZARD_VISION_STOP,0.0000,0.0000,0.0000,0.0000,0.0000,0.0000,3
79.50,3.25519,0.05775,0.09228,AUTO,HAZARD_VISION_STOP,0.0000,0.0000,0.0000,0.0000,0.0000,0.0000,3
79.52,3.25519,0.05775,0.09228,AUTO,HAZARD_VISION_STOP,0.0000,0.0000,0.0000,0.0000,0.0000,0.0000,3
79.54,3.25519,0.05775,0.09228,AUTO,HAZARD_VISION_STOP,0.0000,0.0000,0.0000,0.0000,0.0000,0.0000,3
79.56,3.25519,0.05775,0.09228,AUTO,HAZARD_VISION_STOP,0.0000,0.0000,0.0000,0.0000,0.0000,0.0000,3
79.58,3.25519,0.05775,0.09228,AUTO,HAZARD_VISION_STOP,0.0000,0.0000,0.0000,0.0000,0.0000,0.0000,3
79.60,3.25519,0.05775,0.09228,AUTO,HAZARD_VISION_STOP,0.0000,0.0000,0.0000,0.0000,0.0000,0.0000,3
79.62,3.25519,0.05775,0.09228,AUTO,HAZARD_VISION_STOP,0.0000,0.0000,0.0000,0.0000,0.0000,0.0000,3
79.64,3.25519,0.05775,0.09228,AUTO,HAZARD_VISION_STOP,0.0000,0.0000,0.0000,0.0000,0.0000,0.0000,3
79.66,3.25519,0.05775,0.09228,AUTO,HAZARD_VISION_STOP,0.0000,0.0000,0.0000,0.0000,0.0000,0.0000,3
79.68,3.25519,0.05775,0.09228,AUTO,HAZARD_VISION_STOP,0.0000,0.0000,0.0000,0.0000,0.0000,0.0000,3
79.70,3.25519,0.05775,0.09228,AUTO,HAZARD_VISION_STOP,0.0000,0.0000,0.0000,0.0000,0.0000,0.0000,3
79.72,3.25519,0.05775,0.09228,AUTO,HAZARD_VISION_STOP,0.0000,0.0000,0.0000,0.0000,0.0000,0.0000,3
79.74,3.25519,0.05775,0.09228,AUTO,HAZARD_VISION_STOP,0.0000,0.0000,0.0000,0.0000,0.0000,0.0000,3
79.76,3.25519,0.05775,0.09228,AUTO,HAZARD_VISION_STOP,0.0000,0.0000,0.0000,0.0000,0.0000,0.0000,3
79.78,3.25519,0.05775,0.09228,AUTO,HAZARD_VISION_STOP,0.0000,0.0000,0.0000,0.0000,0.0000,0.0000,3
79.80,3.25519,0.05775,0.09228,AUTO,HAZARD_VISION_STOP,0.0000,0.0000,0.0000,0.0000,0.0000,0.0000,3
79.82,3.25519,0.05775,0.09228,AUTO,HAZARD_VISION_STOP,0.0000,0.0000,0.0000,0.0000,0.0000,0.0000,3
79.84,3.25519,0.05775,0.09228,AUTO,HAZARD_VISION_STOP,0.0000,0.0000,0.0000,0.0000,0.0000,0.0000,3
79.86,3.25519,0.05775,0.09228,AUTO,HAZARD_VISION_STOP,0.0000,0.0000,0.0000,0.0000,0.0000,0.0000,3
79.88,3.25519,0.05775,0.09228,AUTO,HAZARD_VISION_STOP,0.0000,0.0000,0.0000,0.0000,0.0000,0.0000,3
79.90,3.25519,0.05775,0.09228,AUTO,HAZARD_VISION_STOP,0.0000,0.0000,0.0000,0.0000,0.0000,0.0000,3
79.92,3.25519,0.05775,0.09228,AUTO,HAZARD_VISION_STOP,0.0000,0.0000,0.0000,0.0000,0.0000,0.0000,3
79.94,3.25519,0.05775,0.09228,AUTO,HAZARD_VISION_STOP,0.0000,0.0000,0.0000,0.0000,0.0000,0.0000,3
79.96,3.25519,0.05775,0.09228,AUTO,HAZARD_VISION_STOP,0.0000,0.0000,0.0000,0.0000,0.0000,0.0000,3
79.98,3.25519,0.05775,0.09228,AUTO,HAZARD_VISION_STOP,0.0000,0.0000,0.0000,0.0000,0.0000,0.0000,3
80.00,3.25519,0.05775,0.09228,AUTO,HAZARD_VISION_STOP,0.0000,0.0000,0.0000,0.0000,0.0000,0.0000,3
80.02,3.25519,0.05775,0.09228,AUTO,HAZARD_VISION_STOP,0.0000,0.0000,0.0000,0.0000,0.0000,0.0000,3
80.04,3.25519,0.05775,0.09228,AUTO,HAZARD_VISION_STOP,0.0000,0.0000,0.0000,0.0000,0.0000,0.0000,3
80.06,3.25519,0.05775,0.09228,AUTO,HAZARD_VISION_STOP,0.0000,0.0000,0.0000,0.0000,0.0000,0.0000,3
80.08,3.25519,0.05775,0.09228,AUTO,HAZARD_VISION_STOP,0.0000,0.0000,0.0000,0.0000,0.0000,0.0000,3
80.10,3.25519,0.05775,0.09228,AUTO,HAZARD_VISION_STOP,0.0000,0.0000,0.0000,0.0000,0.0000,0.0000,3
80.12,3.25519,0.05775,0.09228,AUTO,HAZARD_VISION_STOP,0.0000,0.0000,0.0000,0.0000,0.0000,0.0000,3
80.14,3.25519,0.05775,0.09228,AUTO,HAZARD_VISION_STOP,0.0000,0.0000,0.0000,0.0000,0.0000,0.0000,3
80.16,3.25519,0.05775,0.09228,AUTO,HAZARD_VISION_STOP,0.0000,0.0000,0.0000,0.0000,0.0000,0.0000,3
80.18,3.25519,0.05775,0.09228,AUTO,HAZARD_VISION_STOP,0.0000,0.0000,0.0000,0.0000,0.0000,0.0000,3
80.20,3.25519,0.05775,0.09228,AUTO,HAZARD_VISION_STOP,0.0000,0.0000,0.0000,0.0000,0.0000,0.0000,3
80.22,3.25519,0.05775,0.09228,AUTO,HAZARD_VISION_STOP,0.0000,0.0000,0.0000,0.0000,0.0000,0.0000,3
80.24,3.25519,0.05775,0.09228,AUTO,HAZARD_VISION_STOP,0.0000,0.0000,0.0000,0.0000,0.0000,0.0000,3
80.26,3.25519,0.05775,0.09228,AUTO,HAZARD_VISION_STOP,0.0000,0.0000,0.0000,0.0000,0.0000,0.0000,3
80.28,3.25519,0.05775,0.09228,AUTO,HAZARD_VISION_STOP,0.0000,0.0000,0.0000,0.0000,0.0000,0.0000,3
80.30,3.25519,0.05775,0.09228,AUTO,HAZARD_VISION_STOP,0.0000,0.0000,0.0000,0.0000,0.0000,0.0000,3
80.32,3.25519,0.05775,0.09228,AUTO,HAZARD_VISION_STOP,0.0000,0.0000,0.0000,0.0000,0.0000,0.0000,3
80.34,3.25519,0.05775,0.09228,AUTO,HAZARD_VISION_STOP,0.0000,0.0000,0.0000,0.0000,0.0000,0.0000,3
80.36,3.25519,0.05775,0.09228,AUTO,HAZARD_VISION_STOP,0.0000,0.0000,0.0000,0.0000,0.0000,0.0000,3
80.38,3.25519,0.05775,0.09228,AUTO,HAZARD_VISION_STOP,0.0000,0.0000,0.0000,0.0000,0.0000,0.0000,3
80.40,3.25519,0.05775,0.09228,AUTO,HAZARD_VISION_STOP,0.0000,0.0000,0.0000,0.0000,0.0000,0.0000,3
80.42,3.25519,0.05775,0.09228,AUTO,HAZARD_VISION_STOP,0.0000,0.0000,0.0000,0.0000,0.0000,0.0000,3
80.44,3.25519,0.05775,0.09228,AUTO,HAZARD_VISION_STOP,0.0000,0.0000,0.0000,0.0000,0.0000,0.0000,3
80.46,3.25519,0.05775,0.09228,AUTO,HAZARD_VISION_STOP,0.0000,0.0000,0.0000,0.0000,0.0000,0.0000,3
80.48,3.25519,0.05775,0.09228,AUTO,HAZARD_VISION_STOP,0.0000,0.0000,0.0000,0.0000,0.0000,0.0000,3
80.50,3.25519,0.05775,0.09228,AUTO,HAZARD_VISION_STOP,0.0000,0.0000,0.0000,0.0000,0.0000,0.0000,3
80.52,3.25519,0.05775,0.09228,AUTO,HAZARD_VISION_STOP,0.0000,0.0000,0.0000,0.0000,0.0000,0.0000,3
80.54,3.25519,0.05775,0.09228,AUTO,HAZARD_VISION_STOP,0.0000,0.0000,0.0000,0.0000,0.0000,0.0000,3
80.56,3.25519,0.05775,0.09228,AUTO,HAZARD_VISION_STOP,0.0000,0.0000,0.0000,0.0000,0.0000,0.0000,3
80.58,3.25519,0.05775,0.09228,AUTO,HAZARD_VISION_STOP,0.0000,0.0000,0.0000,0.0000,0.0000,0.0000,3
80.60,3.25519,0.05775,0.09228,AUTO,HAZARD_VISION_STOP,0.0000,0.0000,0.0000,0.0000,0.0000,0.0000,3
80.62,3.25519,0.05775,0.09228,AUTO,HAZARD_VISION_STOP,0.0000,0.0000,0.0000,0.0000,0.0000,0.0000,3
80.64,3.25519,0.05775,0.09228,AUTO,HAZARD_VISION_STOP,0.0000,0.0000,0.0000,0.0000,0.0000,0.0000,3
80.66,3.25519,0.05775,0.09228,AUTO,HAZARD_VISION_STOP,0.0000,0.0000,0.0000,0.0000,0.0000,0.0000,3
80.68,3.25519,0.05775,0.09228,AUTO,HAZARD_VISION_STOP,0.0000,0.0000,0.0000,0.0000,0.0000,0.0000,3
80.70,3.25519,0.05775,0.09228,AUTO,HAZARD_VISION_STOP,0.0000,0.0000,0.0000,0.0000,0.0000,0.0000,3
80.72,3.25519,0.05775,0.09228,AUTO,HAZARD_VISION_STOP,0.0000,0.0000,0.0000,0.0000,0.0000,0.0000,3
80.74,3.25519,0.05775,0.09228,AUTO,HAZARD_VISION_STOP,0.0000,0.0000,0.0000,0.0000,0.0000,0.0000,3
80.76,3.25519,0.05775,0.09228,AUTO,HAZARD_VISION_STOP,0.0000,0.0000,0.0000,0.0000,0.0000,0.0000,3
80.78,3.25519,0.05775,0.09228,AUTO,HAZARD_VISION_STOP,0.0000,0.0000,0.0000,0.0000,0.0000,0.0000,3
80.80,3.25519,0.05775,0.09228,AUTO,HAZARD_VISION_STOP,0.0000,0.0000,0.0000,0.0000,0.0000,0.0000,3
80.82,3.25519,0.05775,0.09228,AUTO,HAZARD_VISION_STOP,0.0000,0.0000,0.0000,0.0000,0.0000,0.0000,3
80.84,3.25519,0.05775,0.09228,AUTO,HAZARD_VISION_STOP,0.0000,0.0000,0.0000,0.0000,0.0000,0.0000,3
80.86,3.25519,0.05775,0.09228,AUTO,HAZARD_VISION_STOP,0.0000,0.0000,0.0000,0.0000,0.0000,0.0000,3
80.88,3.25519,0.05775,0.09228,AUTO,HAZARD_VISION_STOP,0.0000,0.0000,0.0000,0.0000,0.0000,0.0000,3
80.90,3.25519,0.05775,0.09228,AUTO,HAZARD_VISION_STOP,0.0000,0.0000,0.0000,0.0000,0.0000,0.0000,3
80.92,3.25519,0.05775,0.09228,AUTO,HAZARD_VISION_STOP,0.0000,0.0000,0.0000,0.0000,0.0000,0.0000,3
80.94,3.25519,0.05775,0.09228,AUTO,HAZARD_VISION_STOP,0.0000,0.0000,0.0000,0.0000,0.0000,0.0000,3
80.96,3.25519,0.05775,0.09228,AUTO,HAZARD_VISION_STOP,0.0000,0.0000,0.0000,0.0000,0.0000,0.0000,3
80.98,3.25519,0.05775,0.09228,AUTO,HAZARD_VISION_STOP,0.0000,0.0000,0.0000,0.0000,0.0000,0.0000,3
81.00,3.25519,0.05775,0.09228,AUTO,HAZARD_VISION_STOP,0.0000,0.0000,0.0000,0.0000,0.0000,0.0000,3
81.02,3.25519,0.05775,0.09228,AUTO,HAZARD_VISION_STOP,0.0000,0.0000,0.0000,0.0000,0.0000,0.0000,3
81.04,3.25519,0.05775,0.09228,AUTO,HAZARD_VISION_STOP,0.0000,0.0000,0.0000,0.0000,0.0000,0.0000,3
81.06,3.25519,0.05775,0.09228,AUTO,HAZARD_VISION_STOP,0.0000,0.0000,0.0000,0.0000,0.0000,0.0000,3
81.08,3.25519,0.05775,0.09228,AUTO,HAZARD_VISION_STOP,0.0000,0.0000,0.0000,0.0000,0.0000,0.0000,3
81.10,3.25519,0.05775,0.09228,AUTO,HAZARD_VISION_STOP,0.0000,0.0000,0.0000,0.0000,0.0000,0.0000,3
81.12,3.25519,0.05775,0.09228,AUTO,HAZARD_VISION_STOP,0.0000,0.0000,0.0000,0.0000,0.0000,0.0000,3
81.14,3.25519,0.05775,0.09228,AUTO,HAZARD_VISION_STOP,0.0000,0.0000,0.0000,0.0000,0.0000,0.0000,3
81.16,3.25519,0.05775,0.09228,AUTO,HAZARD_VISION_STOP,0.0000,0.0000,0.0000,0.0000,0.0000,0.0000,3
81.18,3.25519,0.05775,0.09228,AUTO,HAZARD_VISION_STOP,0.0000,0.0000,0.0000,0.0000,0.0000,0.0000,3
81.20,3.25519,0.05775,0.09228,AUTO,HAZARD_VISION_STOP,0.0000,0.0000,0.0000,0.0000,0.0000,0.0000,3
81.22,3.25519,0.05775,0.09228,AUTO,HAZARD_VISION_STOP,0.0000,0.0000,0.0000,0.0000,0.0000,0.0000,3
81.24,3.25519,0.05775,0.09228,AUTO,HAZARD_VISION_STOP,0.0000,0.0000,0.0000,0.0000,0.0000,0.0000,3
81.26,3.25519,0.05775,0.09228,AUTO,HAZARD_VISION_STOP,0.0000,0.0000,0.0000,0.0000,0.0000,0.0000,3
81.28,3.25519,0.05775,0.09228,AUTO,HAZARD_VISION_STOP,0.0000,0.0000,0.0000,0.0000,0.0000,0.0000,3
81.30,3.25519,0.05775,0.09228,AUTO,HAZARD_VISION_STOP,0.0000,0.0000,0.0000,0.0000,0.0000,0.0000,3
81.32,3.25519,0.05775,0.09228,AUTO,HAZARD_VISION_STOP,0.0000,0.0000,0.0000,0.0000,0.0000,0.0000,3
81.34,3.25519,0.05775,0.09228,AUTO,HAZARD_VISION_STOP,0.0000,0.0000,0.0000,0.0000,0.0000,0.0000,3
81.36,3.25519,0.05775,0.09228,AUTO,HAZARD_VISION_STOP,0.0000,0.0000,0.0000,0.0000,0.0000,0.0000,3
81.38,3.25519,0.05775,0.09228,AUTO,HAZARD_VISION_STOP,0.0000,0.0000,0.0000,0.0000,0.0000,0.0000,3
81.40,3.25519,0.05775,0.09228,AUTO,HAZARD_VISION_STOP,0.0000,0.0000,0.0000,0.0000,0.0000,0.0000,3
81.42,3.25519,0.05775,0.09228,AUTO,HAZARD_VISION_STOP,0.0000,0.0000,0.0000,0.0000,0.0000,0.0000,3
81.44,3.25519,0.05775,0.09228,AUTO,HAZARD_VISION_STOP,0.0000,0.0000,0.0000,0.0000,0.0000,0.0000,3
81.46,3.25519,0.05775,0.09228,AUTO,HAZARD_VISION_STOP,0.0000,0.0000,0.0000,0.0000,0.0000,0.0000,3
81.48,3.25519,0.05775,0.09228,AUTO,HAZARD_VISION_STOP,0.0000,0.0000,0.0000,0.0000,0.0000,0.0000,3
81.50,3.25519,0.05775,0.09228,AUTO,HAZARD_VISION_STOP,0.0000,0.0000,0.0000,0.0000,0.0000,0.0000,3
81.52,3.25519,0.05775,0.09228,AUTO,HAZARD_VISION_STOP,0.0000,0.0000,0.0000,0.0000,0.0000,0.0000,3
81.54,3.25519,0.05775,0.09228,AUTO,HAZARD_VISION_STOP,0.0000,0.0000,0.0000,0.0000,0.0000,0.0000,3
81.56,3.25519,0.05775,0.09228,AUTO,HAZARD_VISION_STOP,0.0000,0.0000,0.0000,0.0000,0.0000,0.0000,3
81.58,3.25519,0.05775,0.09228,AUTO,HAZARD_VISION_STOP,0.0000,0.0000,0.0000,0.0000,0.0000,0.0000,3
81.60,3.25519,0.05775,0.09228,AUTO,HAZARD_VISION_STOP,0.0000,0.0000,0.0000,0.0000,0.0000,0.0000,3
81.62,3.25519,0.05775,0.09228,AUTO,HAZARD_VISION_STOP,0.0000,0.0000,0.0000,0.0000,0.0000,0.0000,3
81.64,3.25519,0.05775,0.09228,AUTO,HAZARD_VISION_STOP,0.0000,0.0000,0.0000,0.0000,0.0000,0.0000,3
81.66,3.25519,0.05775,0.09228,AUTO,HAZARD_VISION_STOP,0.0000,0.0000,0.0000,0.0000,0.0000,0.0000,3
81.68,3.25519,0.05775,0.09228,AUTO,HAZARD_VISION_STOP,0.0000,0.0000,0.0000,0.0000,0.0000,0.0000,3
81.70,3.25519,0.05775,0.09228,AUTO,HAZARD_VISION_STOP,0.0000,0.0000,0.0000,0.0000,0.0000,0.0000,3
81.72,3.25519,0.05775,0.09228,AUTO,HAZARD_VISION_STOP,0.0000,0.0000,0.0000,0.0000,0.0000,0.0000,3
81.74,3.25519,0.05775,0.09228,AUTO,HAZARD_VISION_STOP,0.0000,0.0000,0.0000,0.0000,0.0000,0.0000,3
81.76,3.25519,0.05775,0.09228,AUTO,HAZARD_VISION_STOP,0.0000,0.0000,0.0000,0.0000,0.0000,0.0000,3
81.78,3.25519,0.05775,0.09228,AUTO,HAZARD_VISION_STOP,0.0000,0.0000,0.0000,0.0000,0.0000,0.0000,3
81.80,3.25519,0.05775,0.09228,AUTO,HAZARD_VISION_STOP,0.0000,0.0000,0.0000,0.0000,0.0000,0.0000,3
81.82,3.25519,0.05775,0.09228,AUTO,HAZARD_VISION_STOP,0.0000,0.0000,0.0000,0.0000,0.0000,0.0000,3
81.84,3.25519,0.05775,0.09228,AUTO,HAZARD_VISION_STOP,0.0000,0.0000,0.0000,0.0000,0.0000,0.0000,3
81.86,3.25519,0.05775,0.09228,AUTO,HAZARD_VISION_STOP,0.0000,0.0000,0.0000,0.0000,0.0000,0.0000,3
81.88,3.25519,0.05775,0.09228,AUTO,HAZARD_VISION_STOP,0.0000,0.0000,0.0000,0.0000,0.0000,0.0000,3
81.90,3.25519,0.05775,0.09228,AUTO,HAZARD_VISION_STOP,0.0000,0.0000,0.0000,0.0000,0.0000,0.0000,3
81.92,3.25519,0.05775,0.09228,AUTO,HAZARD_VISION_STOP,0.0000,0.0000,0.0000,0.0000,0.0000,0.0000,3
81.94,3.25519,0.05775,0.09228,AUTO,HAZARD_VISION_STOP,0.0000,0.0000,0.0000,0.0000,0.0000,0.0000,3
81.96,3.25519,0.05775,0.09228,AUTO,HAZARD_VISION_STOP,0.0000,0.0000,0.0000,0.0000,0.0000,0.0000,3
81.98,3.25519,0.05775,0.09228,AUTO,HAZARD_VISION_STOP,0.0000,0.0000,0.0000,0.0000,0.0000,0.0000,3
82.00,3.25519,0.05775,0.09228,AUTO,HAZARD_VISION_STOP,0.0000,0.0000,0.0000,0.0000,0.0000,0.0000,3
82.02,3.25519,0.05775,0.09228,AUTO,HAZARD_VISION_STOP,0.0000,0.0000,0.0000,0.0000,0.0000,0.0000,3
82.04,3.25519,0.05775,0.09228,AUTO,HAZARD_VISION_STOP,0.0000,0.0000,0.0000,0.0000,0.0000,0.0000,3
82.06,3.25519,0.05775,0.09228,AUTO,HAZARD_VISION_STOP,0.0000,0.0000,0.0000,0.0000,0.0000,0.0000,3
82.08,3.25519,0.05775,0.09228,AUTO,HAZARD_VISION_STOP,0.0000,0.0000,0.0000,0.0000,0.0000,0.0000,3
82.10,3.25519,0.05775,0.09228,AUTO,HAZARD_VISION_STOP,0.0000,0.0000,0.0000,0.0000,0.0000,0.0000,3
82.12,3.25519,0.05775,0.09228,AUTO,HAZARD_VISION_STOP,0.0000,0.0000,0.0000,0.0000,0.0000,0.0000,3
82.14,3.25519,0.05775,0.09228,AUTO,HAZARD_VISION_STOP,0.0000,0.0000,0.0000,0.0000,0.0000,0.0000,3
82.16,3.25519,0.05775,0.09228,AUTO,HAZARD_VISION_STOP,0.0000,0.0000,0.0000,0.0000,0.0000,0.0000,3
82.18,3.25519,0.05775,0.09228,AUTO,HAZARD_VISION_STOP,0.0000,0.0000,0.0000,0.0000,0.0000,0.0000,3
82.20,3.25519,0.05775,0.09228,AUTO,HAZARD_VISION_STOP,0.0000,0.0000,0.0000,0.0000,0.0000,0.0000,3
82.22,3.25519,0.05775,0.09228,AUTO,HAZARD_VISION_STOP,0.0000,0.0000,0.0000,0.0000,0.0000,0.0000,3
82.24,3.25519,0.05775,0.09228,AUTO,HAZARD_VISION_STOP,0.0000,0.0000,0.0000,0.0000,0.0000,0.0000,3
82.26,3.25519,0.05775,0.09228,AUTO,HAZARD_VISION_STOP,0.0000,0.0000,0.0000,0.0000,0.0000,0.0000,3
82.28,3.25519,0.05775,0.09228,AUTO,HAZARD_VISION_STOP,0.0000,0.0000,0.0000,0.0000,0.0000,0.0000,3
82.30,3.25519,0.05775,0.09228,AUTO,HAZARD_VISION_STOP,0.0000,0.0000,0.0000,0.0000,0.0000,0.0000,3
82.32,3.25519,0.05775,0.09228,AUTO,HAZARD_VISION_STOP,0.0000,0.0000,0.0000,0.0000,0.0000,0.0000,3
82.34,3.25519,0.05775,0.09228,AUTO,HAZARD_VISION_STOP,0.0000,0.0000,0.0000,0.0000,0.0000,0.0000,3
82.36,3.25519,0.05775,0.09228,AUTO,HAZARD_VISION_STOP,0.0000,0.0000,0.0000,0.0000,0.0000,0.0000,3
82.38,3.25519,0.05775,0.09228,AUTO,HAZARD_VISION_STOP,0.0000,0.0000,0.0000,0.0000,0.0000,0.0000,3
82.40,3.25519,0.05775,0.09228,AUTO,HAZARD_VISION_STOP,0.0000,0.0000,0.0000,0.0000,0.0000,0.0000,3
82.42,3.25519,0.05775,0.09228,AUTO,HAZARD_VISION_STOP,0.0000,0.0000,0.0000,0.0000,0.0000,0.0000,3
82.44,3.25519,0.05775,0.09228,AUTO,HAZARD_VISION_STOP,0.0000,0.0000,0.0000,0.0000,0.0000,0.0000,3
82.46,3.25519,0.05775,0.09228,AUTO,HAZARD_VISION_STOP,0.0000,0.0000,0.0000,0.0000,0.0000,0.0000,3
82.48,3.25519,0.05775,0.09228,AUTO,HAZARD_VISION_STOP,0.0000,0.0000,0.0000,0.0000,0.0000,0.0000,3
82.50,3.25519,0.05775,0.09228,AUTO,HAZARD_VISION_STOP,0.0000,0.0000,0.0000,0.0000,0.0000,0.0000,3
82.52,3.25519,0.05775,0.09228,AUTO,HAZARD_VISION_STOP,0.0000,0.0000,0.0000,0.0000,0.0000,0.0000,3
82.54,3.25519,0.05775,0.09228,AUTO,HAZARD_VISION_STOP,0.0000,0.0000,0.0000,0.0000,0.0000,0.0000,3
82.56,3.25519,0.05775,0.09228,AUTO,HAZARD_VISION_STOP,0.0000,0.0000,0.0000,0.0000,0.0000,0.0000,3
82.58,3.25519,0.05775,0.09228,AUTO,HAZARD_VISION_STOP,0.0000,0.0000,0.0000,0.0000,0.0000,0.0000,3
82.60,3.25519,0.05775,0.09228,AUTO,HAZARD_VISION_STOP,0.0000,0.0000,0.0000,0.0000,0.0000,0.0000,3
82.62,3.25519,0.05775,0.09228,AUTO,HAZARD_VISION_STOP,0.0000,0.0000,0.0000,0.0000,0.0000,0.0000,3
82.64,3.25519,0.05775,0.09228,AUTO,HAZARD_VISION_STOP,0.0000,0.0000,0.0000,0.0000,0.0000,0.0000,3
82.66,3.25519,0.05775,0.09228,AUTO,HAZARD_VISION_STOP,0.0000,0.0000,0.0000,0.0000,0.0000,0.0000,3
82.68,3.25519,0.05775,0.09228,AUTO,HAZARD_VISION_STOP,0.0000,0.0000,0.0000,0.0000,0.0000,0.0000,3
82.70,3.25519,0.05775,0.09228,AUTO,HAZARD_VISION_STOP,0.0000,0.0000,0.0000,0.0000,0.0000,0.0000,3
82.72,3.25519,0.05775,0.09228,AUTO,HAZARD_VISION_STOP,0.0000,0.0000,0.0000,0.0000,0.0000,0.0000,3
82.74,3.25519,0.05775,0.09228,AUTO,HAZARD_VISION_STOP,0.0000,0.0000,0.0000,0.0000,0.0000,0.0000,3
82.76,3.25519,0.05775,0.09228,AUTO,HAZARD_VISION_STOP,0.0000,0.0000,0.0000,0.0000,0.0000,0.0000,3
82.78,3.25519,0.05775,0.09228,AUTO,HAZARD_VISION_STOP,0.0000,0.0000,0.0000,0.0000,0.0000,0.0000,3
82.80,3.25519,0.05775,0.09228,AUTO,HAZARD_VISION_STOP,0.0000,0.0000,0.0000,0.0000,0.0000,0.0000,3
82.82,3.25519,0.05775,0.09228,AUTO,HAZARD_VISION_STOP,0.0000,0.0000,0.0000,0.0000,0.0000,0.0000,3
82.84,3.25519,0.05775,0.09228,AUTO,HAZARD_VISION_STOP,0.0000,0.0000,0.0000,0.0000,0.0000,0.0000,3
82.86,3.25519,0.05775,0.09228,AUTO,HAZARD_VISION_STOP,0.0000,0.0000,0.0000,0.0000,0.0000,0.0000,3
82.88,3.25519,0.05775,0.09228,AUTO,HAZARD_VISION_STOP,0.0000,0.0000,0.0000,0.0000,0.0000,0.0000,3
82.90,3.25519,0.05775,0.09228,AUTO,HAZARD_VISION_STOP,0.0000,0.0000,0.0000,0.0000,0.0000,0.0000,3
82.92,3.25519,0.05775,0.09228,AUTO,HAZARD_VISION_STOP,0.0000,0.0000,0.0000,0.0000,0.0000,0.0000,3
82.94,3.25519,0.05775,0.09228,AUTO,HAZARD_VISION_STOP,0.0000,0.0000,0.0000,0.0000,0.0000,0.0000,3
82.96,3.25519,0.05775,0.09228,AUTO,HAZARD_VISION_STOP,0.0000,0.0000,0.0000,0.0000,0.0000,0.0000,3
82.98,3.25519,0.05775,0.09228,AUTO,HAZARD_VISION_STOP,0.0000,0.0000,0.0000,0.0000,0.0000,0.0000,3
83.00,3.25519,0.05775,0.09228,AUTO,HAZARD_VISION_STOP,0.0000,0.0000,0.0000,0.0000,0.0000,0.0000,3
83.02,3.25519,0.05775,0.09228,AUTO,HAZARD_VISION_STOP,0.0000,0.0000,0.0000,0.0000,0.0000,0.0000,3
83.04,3.25519,0.05775,0.09228,AUTO,HAZARD_VISION_STOP,0.0000,0.0000,0.0000,0.0000,0.0000,0.0000,3
83.06,3.25519,0.05775,0.09228,AUTO,HAZARD_VISION_STOP,0.0000,0.0000,0.0000,0.0000,0.0000,0.0000,3
83.08,3.25519,0.05775,0.09228,AUTO,HAZARD_VISION_STOP,0.0000,0.0000,0.0000,0.0000,0.0000,0.0000,3
83.10,3.25519,0.05775,0.09228,AUTO,HAZARD_VISION_STOP,0.0000,0.0000,0.0000,0.0000,0.0000,0.0000,3
83.12,3.25519,0.05775,0.09228,AUTO,HAZARD_VISION_STOP,0.0000,0.0000,0.0000,0.0000,0.0000,0.0000,3
83.14,3.25519,0.05775,0.09228,AUTO,HAZARD_VISION_STOP,0.0000,0.0000,0.0000,0.0000,0.0000,0.0000,3
83.16,3.25519,0.05775,0.09228,AUTO,HAZARD_VISION_STOP,0.0000,0.0000,0.0000,0.0000,0.0000,0.0000,3
83.18,3.25519,0.05775,0.09228,AUTO,HAZARD_VISION_STOP,0.0000,0.0000,0.0000,0.0000,0.0000,0.0000,3
83.20,3.25519,0.05775,0.09228,AUTO,HAZARD_VISION_STOP,0.0000,0.0000,0.0000,0.0000,0.0000,0.0000,3
83.22,3.25519,0.05775,0.09228,AUTO,HAZARD_VISION_STOP,0.0000,0.0000,0.0000,0.0000,0.0000,0.0000,3
83.24,3.25519,0.05775,0.09228,AUTO,HAZARD_VISION_STOP,0.0000,0.0000,0.0000,0.0000,0.0000,0.0000,3
83.26,3.25519,0.05775,0.09228,AUTO,HAZARD_VISION_STOP,0.0000,0.0000,0.0000,0.0000,0.0000,0.0000,3
83.28,3.25519,0.05775,0.09228,AUTO,HAZARD_VISION_STOP,0.0000,0.0000,0.0000,0.0000,0.0000,0.0000,3
83.30,3.25519,0.05775,0.09228,AUTO,HAZARD_VISION_STOP,0.0000,0.0000,0.0000,0.0000,0.0000,0.0000,3
83.32,3.25519,0.05775,0.09228,AUTO,HAZARD_VISION_STOP,0.0000,0.0000,0.0000,0.0000,0.0000,0.0000,3
83.34,3.25519,0.05775,0.09228,AUTO,HAZARD_VISION_STOP,0.0000,0.0000,0.0000,0.0000,0.0000,0.0000,3
83.36,3.25519,0.05775,0.09228,AUTO,HAZARD_VISION_STOP,0.0000,0.0000,0.0000,0.0000,0.0000,0.0000,3
83.38,3.25519,0.05775,0.09228,AUTO,HAZARD_VISION_STOP,0.0000,0.0000,0.0000,0.0000,0.0000,0.0000,3
83.40,3.25519,0.05775,0.09228,AUTO,HAZARD_VISION_STOP,0.0000,0.0000,0.0000,0.0000,0.0000,0.0000,3
83.42,3.25519,0.05775,0.09228,AUTO,HAZARD_VISION_STOP,0.0000,0.0000,0.0000,0.0000,0.0000,0.0000,3
83.44,3.25519,0.05775,0.09228,AUTO,HAZARD_VISION_STOP,0.0000,0.0000,0.0000,0.0000,0.0000,0.0000,3
83.46,3.25519,0.05775,0.09228,AUTO,HAZARD_VISION_STOP,0.0000,0.0000,0.0000,0.0000,0.0000,0.0000,3
83.48,3.25519,0.05775,0.09228,AUTO,HAZARD_VISION_STOP,0.0000,0.0000,0.0000,0.0000,0.0000,0.0000,3
83.50,3.25519,0.05775,0.09228,AUTO,HAZARD_VISION_STOP,0.0000,0.0000,0.0000,0.0000,0.0000,0.0000,3
83.52,3.25519,0.05775,0.09228,AUTO,HAZARD_VISION_STOP,0.0000,0.0000,0.0000,0.0000,0.0000,0.0000,3
83.54,3.25519,0.05775,0.09228,AUTO,HAZARD_VISION_STOP,0.0000,0.0000,0.0000,0.0000,0.0000,0.0000,3
83.56,3.25519,0.05775,0.09228,AUTO,HAZARD_VISION_STOP,0.0000,0.0000,0.0000,0.0000,0.0000,0.0000,3
83.58,3.25519,0.05775,0.09228,AUTO,HAZARD_VISION_STOP,0.0000,0.0000,0.0000,0.0000,0.0000,0.0000,3
83.60,3.25519,0.05775,0.09228,AUTO,HAZARD_VISION_STOP,0.0000,0.0000,0.0000,0.0000,0.0000,0.0000,3
83.62,3.25519,0.05775,0.09228,AUTO,HAZARD_VISION_STOP,0.0000,0.0000,0.0000,0.0000,0.0000,0.0000,3
83.64,3.25519,0.05775,0.09228,AUTO,HAZARD_VISION_STOP,0.0000,0.0000,0.0000,0.0000,0.0000,0.0000,3
83.66,3.25519,0.05775,0.09228,AUTO,HAZARD_VISION_STOP,0.0000,0.0000,0.0000,0.0000,0.0000,0.0000,3
83.68,3.25519,0.05775,0.09228,AUTO,HAZARD_VISION_STOP,0.0000,0.0000,0.0000,0.0000,0.0000,0.0000,3
83.70,3.25519,0.05775,0.09228,AUTO,HAZARD_VISION_STOP,0.0000,0.0000,0.0000,0.0000,0.0000,0.0000,3
83.72,3.25519,0.05775,0.09228,AUTO,HAZARD_VISION_STOP,0.0000,0.0000,0.0000,0.0000,0.0000,0.0000,3
83.74,3.25519,0.05775,0.09228,AUTO,HAZARD_VISION_STOP,0.0000,0.0000,0.0000,0.0000,0.0000,0.0000,3
83.76,3.25519,0.05775,0.09228,AUTO,HAZARD_VISION_STOP,0.0000,0.0000,0.0000,0.0000,0.0000,0.0000,3
83.78,3.25519,0.05775,0.09228,AUTO,HAZARD_VISION_STOP,0.0000,0.0000,0.0000,0.0000,0.0000,0.0000,3
83.80,3.25519,0.05775,0.09228,AUTO,HAZARD_VISION_STOP,0.0000,0.0000,0.0000,0.0000,0.0000,0.0000,3
83.82,3.25519,0.05775,0.09228,AUTO,HAZARD_VISION_STOP,0.0000,0.0000,0.0000,0.0000,0.0000,0.0000,3
83.84,3.25519,0.05775,0.09228,AUTO,HAZARD_VISION_STOP,0.0000,0.0000,0.0000,0.0000,0.0000,0.0000,3
83.86,3.25519,0.05775,0.09228,AUTO,HAZARD_VISION_STOP,0.0000,0.0000,0.0000,0.0000,0.0000,0.0000,3
83.88,3.25519,0.05775,0.09228,AUTO,HAZARD_VISION_STOP,0.0000,0.0000,0.0000,0.0000,0.0000,0.0000,3
83.90,3.25519,0.05775,0.09228,AUTO,HAZARD_VISION_STOP,0.0000,0.0000,0.0000,0.0000,0.0000,0.0000,3
83.92,3.25519,0.05775,0.09228,AUTO,HAZARD_VISION_STOP,0.0000,0.0000,0.0000,0.0000,0.0000,0.0000,3
83.94,3.25519,0.05775,0.09228,AUTO,HAZARD_VISION_STOP,0.0000,0.0000,0.0000,0.0000,0.0000,0.0000,3
83.96,3.25519,0.05775,0.09228,AUTO,HAZARD_VISION_STOP,0.0000,0.0000,0.0000,0.0000,0.0000,0.0000,3
83.98,3.25519,0.05775,0.09228,AUTO,HAZARD_VISION_STOP,0.0000,0.0000,0.0000,0.0000,0.0000,0.0000,3
84.00,3.25519,0.05775,0.09228,AUTO,HAZARD_VISION_STOP,0.0000,0.0000,0.0000,0.0000,0.0000,0.0000,3
84.02,3.25519,0.05775,0.09228,AUTO,HAZARD_VISION_STOP,0.0000,0.0000,0.0000,0.0000,0.0000,0.0000,3
84.04,3.25519,0.05775,0.09228,AUTO,HAZARD_VISION_STOP,0.0000,0.0000,0.0000,0.0000,0.0000,0.0000,3
84.06,3.25519,0.05775,0.09228,AUTO,HAZARD_VISION_STOP,0.0000,0.0000,0.0000,0.0000,0.0000,0.0000,3
84.08,3.25519,0.05775,0.09228,AUTO,HAZARD_VISION_STOP,0.0000,0.0000,0.0000,0.0000,0.0000,0.0000,3
84.10,3.25519,0.05775,0.09228,AUTO,HAZARD_VISION_STOP,0.0000,0.0000,0.0000,0.0000,0.0000,0.0000,3
84.12,3.25519,0.05775,0.09228,AUTO,HAZARD_VISION_STOP,0.0000,0.0000,0.0000,0.0000,0.0000,0.0000,3
84.14,3.25519,0.05775,0.09228,AUTO,HAZARD_VISION_STOP,0.0000,0.0000,0.0000,0.0000,0.0000,0.0000,3
84.16,3.25519,0.05775,0.09228,AUTO,HAZARD_VISION_STOP,0.0000,0.0000,0.0000,0.0000,0.0000,0.0000,3
84.18,3.25519,0.05775,0.09228,AUTO,HAZARD_VISION_STOP,0.0000,0.0000,0.0000,0.0000,0.0000,0.0000,3
84.20,3.25519,0.05775,0.09228,AUTO,HAZARD_VISION_STOP,0.0000,0.0000,0.0000,0.0000,0.0000,0.0000,3
84.22,3.25519,0.05775,0.09228,AUTO,HAZARD_VISION_STOP,0.0000,0.0000,0.0000,0.0000,0.0000,0.0000,3
84.24,3.25519,0.05775,0.09228,AUTO,HAZARD_VISION_STOP,0.0000,0.0000,0.0000,0.0000,0.0000,0.0000,3
84.26,3.25519,0.05775,0.09228,AUTO,HAZARD_VISION_STOP,0.0000,0.0000,0.0000,0.0000,0.0000,0.0000,3
84.28,3.25519,0.05775,0.09228,AUTO,HAZARD_VISION_STOP,0.0000,0.0000,0.0000,0.0000,0.0000,0.0000,3
84.30,3.25519,0.05775,0.09228,AUTO,HAZARD_VISION_STOP,0.0000,0.0000,0.0000,0.0000,0.0000,0.0000,3
84.32,3.25519,0.05775,0.09228,AUTO,HAZARD_VISION_STOP,0.0000,0.0000,0.0000,0.0000,0.0000,0.0000,3
84.34,3.25519,0.05775,0.09228,AUTO,HAZARD_VISION_STOP,0.0000,0.0000,0.0000,0.0000,0.0000,0.0000,3
84.36,3.25519,0.05775,0.09228,AUTO,HAZARD_VISION_STOP,0.0000,0.0000,0.0000,0.0000,0.0000,0.0000,3
84.38,3.25519,0.05775,0.09228,AUTO,HAZARD_VISION_STOP,0.0000,0.0000,0.0000,0.0000,0.0000,0.0000,3
84.40,3.25519,0.05775,0.09228,AUTO,HAZARD_VISION_STOP,0.0000,0.0000,0.0000,0.0000,0.0000,0.0000,3
84.42,3.25519,0.05775,0.09228,AUTO,HAZARD_VISION_STOP,0.0000,0.0000,0.0000,0.0000,0.0000,0.0000,3
84.44,3.25519,0.05775,0.09228,AUTO,HAZARD_VISION_STOP,0.0000,0.0000,0.0000,0.0000,0.0000,0.0000,3
84.46,3.25519,0.05775,0.09228,AUTO,HAZARD_VISION_STOP,0.0000,0.0000,0.0000,0.0000,0.0000,0.0000,3
84.48,3.25519,0.05775,0.09228,AUTO,HAZARD_VISION_STOP,0.0000,0.0000,0.0000,0.0000,0.0000,0.0000,3
84.50,3.25519,0.05775,0.09228,AUTO,HAZARD_VISION_STOP,0.0000,0.0000,0.0000,0.0000,0.0000,0.0000,3
84.52,3.25519,0.05775,0.09228,AUTO,HAZARD_VISION_STOP,0.0000,0.0000,0.0000,0.0000,0.0000,0.0000,3
84.54,3.25519,0.05775,0.09228,AUTO,HAZARD_VISION_STOP,0.0000,0.0000,0.0000,0.0000,0.0000,0.0000,3
84.56,3.25519,0.05775,0.09228,AUTO,HAZARD_VISION_STOP,0.0000,0.0000,0.0000,0.0000,0.0000,0.0000,3
84.58,3.25519,0.05775,0.09228,AUTO,HAZARD_VISION_STOP,0.0000,0.0000,0.0000,0.0000,0.0000,0.0000,3
84.60,3.25519,0.05775,0.09228,AUTO,HAZARD_VISION_STOP,0.0000,0.0000,0.0000,0.0000,0.0000,0.0000,3
84.62,3.25519,0.05775,0.09228,AUTO,HAZARD_VISION_STOP,0.0000,0.0000,0.0000,0.0000,0.0000,0.0000,3
84.64,3.25519,0.05775,0.09228,AUTO,HAZARD_VISION_STOP,0.0000,0.0000,0.0000,0.0000,0.0000,0.0000,3
84.66,3.25519,0.05775,0.09228,AUTO,HAZARD_VISION_STOP,0.0000,0.0000,0.0000,0.0000,0.0000,0.0000,3
84.68,3.25519,0.05775,0.09228,AUTO,HAZARD_VISION_STOP,0.0000,0.0000,0.0000,0.0000,0.0000,0.0000,3
84.70,3.25519,0.05775,0.09228,AUTO,HAZARD_VISION_STOP,0.0000,0.0000,0.0000,0.0000,0.0000,0.0000,3
84.72,3.25519,0.05775,0.09228,AUTO,HAZARD_VISION_STOP,0.0000,0.0000,0.0000,0.0000,0.0000,0.0000,3
84.74,3.25519,0.05775,0.09228,AUTO,HAZARD_VISION_STOP,0.0000,0.0000,0.0000,0.0000,0.0000,0.0000,3
84.76,3.25519,0.05775,0.09228,AUTO,HAZARD_VISION_STOP,0.0000,0.0000,0.0000,0.0000,0.0000,0.0000,3
84.78,3.25519,0.05775,0.09228,AUTO,HAZARD_VISION_STOP,0.0000,0.0000,0.0000,0.0000,0.0000,0.0000,3
84.80,3.25519,0.05775,0.09228,AUTO,HAZARD_VISION_STOP,0.0000,0.0000,0.0000,0.0000,0.0000,0.0000,3
84.82,3.25519,0.05775,0.09228,AUTO,HAZARD_VISION_STOP,0.0000,0.0000,0.0000,0.0000,0.0000,0.0000,3
84.84,3.25519,0.05775,0.09228,AUTO,HAZARD_VISION_STOP,0.0000,0.0000,0.0000,0.0000,0.0000,0.0000,3
84.86,3.25519,0.05775,0.09228,AUTO,HAZARD_VISION_STOP,0.0000,0.0000,0.0000,0.0000,0.0000,0.0000,3
84.88,3.25519,0.05775,0.09228,AUTO,HAZARD_VISION_STOP,0.0000,0.0000,0.0000,0.0000,0.0000,0.0000,3
84.90,3.25519,0.05775,0.09228,AUTO,HAZARD_VISION_STOP,0.0000,0.0000,0.0000,0.0000,0.0000,0.0000,3
84.92,3.25519,0.05775,0.09228,AUTO,HAZARD_VISION_STOP,0.0000,0.0000,0.0000,0.0000,0.0000,0.0000,3
84.94,3.25519,0.05775,0.09228,AUTO,HAZARD_VISION_STOP,0.0000,0.0000,0.0000,0.0000,0.0000,0.0000,3
84.96,3.25519,0.05775,0.09228,AUTO,HAZARD_VISION_STOP,0.0000,0.0000,0.0000,0.0000,0.0000,0.0000,3
84.98,3.25519,0.05775,0.09228,AUTO,HAZARD_VISION_STOP,0.0000,0.0000,0.0000,0.0000,0.0000,0.0000,3
85.00,3.25519,0.05775,0.09228,AUTO,HAZARD_VISION_STOP,0.0000,0.0000,0.0000,0.0000,0.0000,0.0000,3
85.02,3.25519,0.05775,0.09228,AUTO,HAZARD_VISION_STOP,0.0000,0.0000,0.0000,0.0000,0.0000,0.0000,3
85.04,3.25519,0.05775,0.09228,AUTO,HAZARD_VISION_STOP,0.0000,0.0000,0.0000,0.0000,0.0000,0.0000,3
85.06,3.25519,0.05775,0.09228,AUTO,HAZARD_VISION_STOP,0.0000,0.0000,0.0000,0.0000,0.0000,0.0000,3
85.08,3.25519,0.05775,0.09228,AUTO,HAZARD_VISION_STOP,0.0000,0.0000,0.0000,0.0000,0.0000,0.0000,3
85.10,3.25519,0.05775,0.09228,AUTO,HAZARD_VISION_STOP,0.0000,0.0000,0.0000,0.0000,0.0000,0.0000,3
85.12,3.25519,0.05775,0.09228,AUTO,HAZARD_VISION_STOP,0.0000,0.0000,0.0000,0.0000,0.0000,0.0000,3
85.14,3.25519,0.05775,0.09228,AUTO,HAZARD_VISION_STOP,0.0000,0.0000,0.0000,0.0000,0.0000,0.0000,3
85.16,3.25519,0.05775,0.09228,AUTO,HAZARD_VISION_STOP,0.0000,0.0000,0.0000,0.0000,0.0000,0.0000,3
85.18,3.25519,0.05775,0.09228,AUTO,HAZARD_VISION_STOP,0.0000,0.0000,0.0000,0.0000,0.0000,0.0000,3
85.20,3.25519,0.05775,0.09228,AUTO,HAZARD_VISION_STOP,0.0000,0.0000,0.0000,0.0000,0.0000,0.0000,3
85.22,3.25519,0.05775,0.09228,AUTO,HAZARD_VISION_STOP,0.0000,0.0000,0.0000,0.0000,0.0000,0.0000,3
85.24,3.25519,0.05775,0.09228,AUTO,HAZARD_VISION_STOP,0.0000,0.0000,0.0000,0.0000,0.0000,0.0000,3
85.26,3.25519,0.05775,0.09228,AUTO,HAZARD_VISION_STOP,0.0000,0.0000,0.0000,0.0000,0.0000,0.0000,3
85.28,3.25519,0.05775,0.09228,AUTO,HAZARD_VISION_STOP,0.0000,0.0000,0.0000,0.0000,0.0000,0.0000,3
85.30,3.25519,0.05775,0.09228,AUTO,HAZARD_VISION_STOP,0.0000,0.0000,0.0000,0.0000,0.0000,0.0000,3
85.32,3.25519,0.05775,0.09228,AUTO,HAZARD_VISION_STOP,0.0000,0.0000,0.0000,0.0000,0.0000,0.0000,3
85.34,3.25519,0.05775,0.09228,AUTO,HAZARD_VISION_STOP,0.0000,0.0000,0.0000,0.0000,0.0000,0.0000,3
85.36,3.25519,0.05775,0.09228,AUTO,HAZARD_VISION_STOP,0.0000,0.0000,0.0000,0.0000,0.0000,0.0000,3
85.38,3.25519,0.05775,0.09228,AUTO,HAZARD_VISION_STOP,0.0000,0.0000,0.0000,0.0000,0.0000,0.0000,3
85.40,3.25519,0.05775,0.09228,AUTO,HAZARD_VISION_STOP,0.0000,0.0000,0.0000,0.0000,0.0000,0.0000,3
85.42,3.25519,0.05775,0.09228,AUTO,HAZARD_VISION_STOP,0.0000,0.0000,0.0000,0.0000,0.0000,0.0000,3
85.44,3.25519,0.05775,0.09228,AUTO,HAZARD_VISION_STOP,0.0000,0.0000,0.0000,0.0000,0.0000,0.0000,3
85.46,3.25519,0.05775,0.09228,AUTO,HAZARD_VISION_STOP,0.0000,0.0000,0.0000,0.0000,0.0000,0.0000,3
85.48,3.25519,0.05775,0.09228,AUTO,HAZARD_VISION_STOP,0.0000,0.0000,0.0000,0.0000,0.0000,0.0000,3
85.50,3.25519,0.05775,0.09228,AUTO,HAZARD_VISION_STOP,0.0000,0.0000,0.0000,0.0000,0.0000,0.0000,3
85.52,3.25519,0.05775,0.09228,AUTO,HAZARD_VISION_STOP,0.0000,0.0000,0.0000,0.0000,0.0000,0.0000,3
85.54,3.25519,0.05775,0.09228,AUTO,HAZARD_VISION_STOP,0.0000,0.0000,0.0000,0.0000,0.0000,0.0000,3
85.56,3.25519,0.05775,0.09228,AUTO,HAZARD_VISION_STOP,0.0000,0.0000,0.0000,0.0000,0.0000,0.0000,3
85.58,3.25519,0.05775,0.09228,AUTO,HAZARD_VISION_STOP,0.0000,0.0000,0.0000,0.0000,0.0000,0.0000,3
85.60,3.25519,0.05775,0.09228,AUTO,HAZARD_VISION_STOP,0.0000,0.0000,0.0000,0.0000,0.0000,0.0000,3
85.62,3.25519,0.05775,0.09228,AUTO,HAZARD_VISION_STOP,0.0000,0.0000,0.0000,0.0000,0.0000,0.0000,3
85.64,3.25519,0.05775,0.09228,AUTO,HAZARD_VISION_STOP,0.0000,0.0000,0.0000,0.0000,0.0000,0.0000,3
85.66,3.25519,0.05775,0.09228,AUTO,HAZARD_VISION_STOP,0.0000,0.0000,0.0000,0.0000,0.0000,0.0000,3
85.68,3.25519,0.05775,0.09228,AUTO,HAZARD_VISION_STOP,0.0000,0.0000,0.0000,0.0000,0.0000,0.0000,3
85.70,3.25519,0.05775,0.09228,AUTO,HAZARD_VISION_STOP,0.0000,0.0000,0.0000,0.0000,0.0000,0.0000,3
85.72,3.25519,0.05775,0.09228,AUTO,HAZARD_VISION_STOP,0.0000,0.0000,0.0000,0.0000,0.0000,0.0000,3
85.74,3.25519,0.05775,0.09228,AUTO,HAZARD_VISION_STOP,0.0000,0.0000,0.0000,0.0000,0.0000,0.0000,3
85.76,3.25519,0.05775,0.09228,AUTO,HAZARD_VISION_STOP,0.0000,0.0000,0.0000,0.0000,0.0000,0.0000,3
85.78,3.25519,0.05775,0.09228,AUTO,HAZARD_VISION_STOP,0.0000,0.0000,0.0000,0.0000,0.0000,0.0000,3
85.80,3.25519,0.05775,0.09228,AUTO,HAZARD_VISION_STOP,0.0000,0.0000,0.0000,0.0000,0.0000,0.0000,3
85.82,3.25519,0.05775,0.09228,AUTO,HAZARD_VISION_STOP,0.0000,0.0000,0.0000,0.0000,0.0000,0.0000,3
85.84,3.25519,0.05775,0.09228,AUTO,HAZARD_VISION_STOP,0.0000,0.0000,0.0000,0.0000,0.0000,0.0000,3
85.86,3.25519,0.05775,0.09228,AUTO,HAZARD_VISION_STOP,0.0000,0.0000,0.0000,0.0000,0.0000,0.0000,3
85.88,3.25519,0.05775,0.09228,AUTO,HAZARD_VISION_STOP,0.0000,0.0000,0.0000,0.0000,0.0000,0.0000,3
85.90,3.25519,0.05775,0.09228,AUTO,HAZARD_VISION_STOP,0.0000,0.0000,0.0000,0.0000,0.0000,0.0000,3
85.92,3.25519,0.05775,0.09228,AUTO,HAZARD_VISION_STOP,0.0000,0.0000,0.0000,0.0000,0.0000,0.0000,3
85.94,3.25519,0.05775,0.09228,AUTO,HAZARD_VISION_STOP,0.0000,0.0000,0.0000,0.0000,0.0000,0.0000,3
85.96,3.25519,0.05775,0.09228,AUTO,HAZARD_VISION_STOP,0.0000,0.0000,0.0000,0.0000,0.0000,0.0000,3
85.98,3.25519,0.05775,0.09228,AUTO,HAZARD_VISION_STOP,0.0000,0.0000,0.0000,0.0000,0.0000,0.0000,3
86.00,3.25519,0.05775,0.09228,AUTO,HAZARD_VISION_STOP,0.0000,0.0000,0.0000,0.0000,0.0000,0.0000,3
86.02,3.25519,0.05775,0.09228,AUTO,HAZARD_VISION_STOP,0.0000,0.0000,0.0000,0.0000,0.0000,0.0000,3
86.04,3.25519,0.05775,0.09228,AUTO,HAZARD_VISION_STOP,0.0000,0.0000,0.0000,0.0000,0.0000,0.0000,3
86.06,3.25519,0.05775,0.09228,AUTO,HAZARD_VISION_STOP,0.0000,0.0000,0.0000,0.0000,0.0000,0.0000,3
86.08,3.25519,0.05775,0.09228,AUTO,HAZARD_VISION_STOP,0.0000,0.0000,0.0000,0.0000,0.0000,0.0000,3
86.10,3.25519,0.05775,0.09228,AUTO,HAZARD_VISION_STOP,0.0000,0.0000,0.0000,0.0000,0.0000,0.0000,3
86.12,3.25519,0.05775,0.09228,AUTO,HAZARD_VISION_STOP,0.0000,0.0000,0.0000,0.0000,0.0000,0.0000,3
86.14,3.25519,0.05775,0.09228,AUTO,HAZARD_VISION_STOP,0.0000,0.0000,0.0000,0.0000,0.0000,0.0000,3
86.16,3.25519,0.05775,0.09228,AUTO,HAZARD_VISION_STOP,0.0000,0.0000,0.0000,0.0000,0.0000,0.0000,3
86.18,3.25519,0.05775,0.09228,AUTO,HAZARD_VISION_STOP,0.0000,0.0000,0.0000,0.0000,0.0000,0.0000,3
86.20,3.25519,0.05775,0.09228,AUTO,HAZARD_VISION_STOP,0.0000,0.0000,0.0000,0.0000,0.0000,0.0000,3
86.22,3.25519,0.05775,0.09228,AUTO,HAZARD_VISION_STOP,0.0000,0.0000,0.0000,0.0000,0.0000,0.0000,3
86.24,3.25519,0.05775,0.09228,AUTO,HAZARD_VISION_STOP,0.0000,0.0000,0.0000,0.0000,0.0000,0.0000,3
86.26,3.25519,0.05775,0.09228,AUTO,HAZARD_VISION_STOP,0.0000,0.0000,0.0000,0.0000,0.0000,0.0000,3
86.28,3.25519,0.05775,0.09228,AUTO,HAZARD_VISION_STOP,0.0000,0.0000,0.0000,0.0000,0.0000,0.0000,3
86.30,3.25519,0.05775,0.09228,AUTO,HAZARD_VISION_STOP,0.0000,0.0000,0.0000,0.0000,0.0000,0.0000,3
86.32,3.25519,0.05775,0.09228,AUTO,HAZARD_VISION_STOP,0.0000,0.0000,0.0000,0.0000,0.0000,0.0000,3
86.34,3.25519,0.05775,0.09228,AUTO,HAZARD_VISION_STOP,0.0000,0.0000,0.0000,0.0000,0.0000,0.0000,3
86.36,3.25519,0.05775,0.09228,AUTO,HAZARD_VISION_STOP,0.0000,0.0000,0.0000,0.0000,0.0000,0.0000,3
86.38,3.25519,0.05775,0.09228,AUTO,HAZARD_VISION_STOP,0.0000,0.0000,0.0000,0.0000,0.0000,0.0000,3
86.40,3.25519,0.05775,0.09228,AUTO,HAZARD_VISION_STOP,0.0000,0.0000,0.0000,0.0000,0.0000,0.0000,3
86.42,3.25519,0.05775,0.09228,AUTO,HAZARD_VISION_STOP,0.0000,0.0000,0.0000,0.0000,0.0000,0.0000,3
86.44,3.25519,0.05775,0.09228,AUTO,HAZARD_VISION_STOP,0.0000,0.0000,0.0000,0.0000,0.0000,0.0000,3
86.46,3.25519,0.05775,0.09228,AUTO,HAZARD_VISION_STOP,0.0000,0.0000,0.0000,0.0000,0.0000,0.0000,3
86.48,3.25519,0.05775,0.09228,AUTO,HAZARD_VISION_STOP,0.0000,0.0000,0.0000,0.0000,0.0000,0.0000,3
86.50,3.25519,0.05775,0.09228,AUTO,HAZARD_VISION_STOP,0.0000,0.0000,0.0000,0.0000,0.0000,0.0000,3
86.52,3.25519,0.05775,0.09228,AUTO,HAZARD_VISION_STOP,0.0000,0.0000,0.0000,0.0000,0.0000,0.0000,3
86.54,3.25519,0.05775,0.09228,AUTO,HAZARD_VISION_STOP,0.0000,0.0000,0.0000,0.0000,0.0000,0.0000,3
86.56,3.25519,0.05775,0.09228,AUTO,HAZARD_VISION_STOP,0.0000,0.0000,0.0000,0.0000,0.0000,0.0000,3
86.58,3.25519,0.05775,0.09228,AUTO,HAZARD_VISION_STOP,0.0000,0.0000,0.0000,0.0000,0.0000,0.0000,3
86.60,3.25519,0.05775,0.09228,AUTO,HAZARD_VISION_STOP,0.0000,0.0000,0.0000,0.0000,0.0000,0.0000,3
86.62,3.25519,0.05775,0.09228,AUTO,HAZARD_VISION_STOP,0.0000,0.0000,0.0000,0.0000,0.0000,0.0000,3
86.64,3.25519,0.05775,0.09228,AUTO,HAZARD_VISION_STOP,0.0000,0.0000,0.0000,0.0000,0.0000,0.0000,3
86.66,3.25519,0.05775,0.09228,AUTO,HAZARD_VISION_STOP,0.0000,0.0000,0.0000,0.0000,0.0000,0.0000,3
86.68,3.25519,0.05775,0.09228,AUTO,HAZARD_VISION_STOP,0.0000,0.0000,0.0000,0.0000,0.0000,0.0000,3
86.70,3.25519,0.05775,0.09228,AUTO,HAZARD_VISION_STOP,0.0000,0.0000,0.0000,0.0000,0.0000,0.0000,3
86.72,3.25519,0.05775,0.09228,AUTO,HAZARD_VISION_STOP,0.0000,0.0000,0.0000,0.0000,0.0000,0.0000,3
86.74,3.25519,0.05775,0.09228,AUTO,HAZARD_VISION_STOP,0.0000,0.0000,0.0000,0.0000,0.0000,0.0000,3
86.76,3.25519,0.05775,0.09228,AUTO,HAZARD_VISION_STOP,0.0000,0.0000,0.0000,0.0000,0.0000,0.0000,3
86.78,3.25519,0.05775,0.09228,AUTO,HAZARD_VISION_STOP,0.0000,0.0000,0.0000,0.0000,0.0000,0.0000,3
86.80,3.25519,0.05775,0.09228,AUTO,HAZARD_VISION_STOP,0.0000,0.0000,0.0000,0.0000,0.0000,0.0000,3
86.82,3.25519,0.05775,0.09228,AUTO,HAZARD_VISION_STOP,0.0000,0.0000,0.0000,0.0000,0.0000,0.0000,3
86.84,3.25519,0.05775,0.09228,AUTO,HAZARD_VISION_STOP,0.0000,0.0000,0.0000,0.0000,0.0000,0.0000,3
86.86,3.25519,0.05775,0.09228,AUTO,HAZARD_VISION_STOP,0.0000,0.0000,0.0000,0.0000,0.0000,0.0000,3
86.88,3.25519,0.05775,0.09228,AUTO,HAZARD_VISION_STOP,0.0000,0.0000,0.0000,0.0000,0.0000,0.0000,3
86.90,3.25519,0.05775,0.09228,AUTO,HAZARD_VISION_STOP,0.0000,0.0000,0.0000,0.0000,0.0000,0.0000,3
86.92,3.25519,0.05775,0.09228,AUTO,HAZARD_VISION_STOP,0.0000,0.0000,0.0000,0.0000,0.0000,0.0000,3
86.94,3.25519,0.05775,0.09228,AUTO,HAZARD_VISION_STOP,0.0000,0.0000,0.0000,0.0000,0.0000,0.0000,3
86.96,3.25519,0.05775,0.09228,AUTO,HAZARD_VISION_STOP,0.0000,0.0000,0.0000,0.0000,0.0000,0.0000,3
86.98,3.25519,0.05775,0.09228,AUTO,HAZARD_VISION_STOP,0.0000,0.0000,0.0000,0.0000,0.0000,0.0000,3
87.00,3.25519,0.05775,0.09228,AUTO,HAZARD_VISION_STOP,0.0000,0.0000,0.0000,0.0000,0.0000,0.0000,3
87.02,3.25519,0.05775,0.09228,AUTO,HAZARD_VISION_STOP,0.0000,0.0000,0.0000,0.0000,0.0000,0.0000,3
87.04,3.25519,0.05775,0.09228,AUTO,HAZARD_VISION_STOP,0.0000,0.0000,0.0000,0.0000,0.0000,0.0000,3
87.06,3.25519,0.05775,0.09228,AUTO,HAZARD_VISION_STOP,0.0000,0.0000,0.0000,0.0000,0.0000,0.0000,3
87.08,3.25519,0.05775,0.09228,AUTO,HAZARD_VISION_STOP,0.0000,0.0000,0.0000,0.0000,0.0000,0.0000,3
87.10,3.25519,0.05775,0.09228,AUTO,HAZARD_VISION_STOP,0.0000,0.0000,0.0000,0.0000,0.0000,0.0000,3
87.12,3.25519,0.05775,0.09228,AUTO,HAZARD_VISION_STOP,0.0000,0.0000,0.0000,0.0000,0.0000,0.0000,3
87.14,3.25519,0.05775,0.09228,AUTO,HAZARD_VISION_STOP,0.0000,0.0000,0.0000,0.0000,0.0000,0.0000,3
87.16,3.25519,0.05775,0.09228,AUTO,HAZARD_VISION_STOP,0.0000,0.0000,0.0000,0.0000,0.0000,0.0000,3
87.18,3.25519,0.05775,0.09228,AUTO,HAZARD_VISION_STOP,0.0000,0.0000,0.0000,0.0000,0.0000,0.0000,3
87.20,3.25519,0.05775,0.09228,AUTO,HAZARD_VISION_STOP,0.0000,0.0000,0.0000,0.0000,0.0000,0.0000,3
87.22,3.25519,0.05775,0.09228,AUTO,HAZARD_VISION_STOP,0.0000,0.0000,0.0000,0.0000,0.0000,0.0000,3
87.24,3.25519,0.05775,0.09228,AUTO,HAZARD_VISION_STOP,0.0000,0.0000,0.0000,0.0000,0.0000,0.0000,3
87.26,3.25519,0.05775,0.09228,AUTO,HAZARD_VISION_STOP,0.0000,0.0000,0.0000,0.0000,0.0000,0.0000,3
87.28,3.25519,0.05775,0.09228,AUTO,HAZARD_VISION_STOP,0.0000,0.0000,0.0000,0.0000,0.0000,0.0000,3
87.30,3.25519,0.05775,0.09228,AUTO,HAZARD_VISION_STOP,0.0000,0.0000,0.0000,0.0000,0.0000,0.0000,3
87.32,3.25519,0.05775,0.09228,AUTO,HAZARD_VISION_STOP,0.0000,0.0000,0.0000,0.0000,0.0000,0.0000,3
87.34,3.25519,0.05775,0.09228,AUTO,HAZARD_VISION_STOP,0.0000,0.0000,0.0000,0.0000,0.0000,0.0000,3
87.36,3.25519,0.05775,0.09228,AUTO,HAZARD_VISION_STOP,0.0000,0.0000,0.0000,0.0000,0.0000,0.0000,3
87.38,3.25519,0.05775,0.09228,AUTO,HAZARD_VISION_STOP,0.0000,0.0000,0.0000,0.0000,0.0000,0.0000,3
87.40,3.25519,0.05775,0.09228,AUTO,HAZARD_VISION_STOP,0.0000,0.0000,0.0000,0.0000,0.0000,0.0000,3
87.42,3.25519,0.05775,0.09228,AUTO,HAZARD_VISION_STOP,0.0000,0.0000,0.0000,0.0000,0.0000,0.0000,3
87.44,3.25519,0.05775,0.09228,AUTO,HAZARD_VISION_STOP,0.0000,0.0000,0.0000,0.0000,0.0000,0.0000,3
87.46,3.25519,0.05775,0.09228,AUTO,HAZARD_VISION_STOP,0.0000,0.0000,0.0000,0.0000,0.0000,0.0000,3
87.48,3.25519,0.05775,0.09228,AUTO,HAZARD_VISION_STOP,0.0000,0.0000,0.0000,0.0000,0.0000,0.0000,3
87.50,3.25519,0.05775,0.09228,AUTO,HAZARD_VISION_STOP,0.0000,0.0000,0.0000,0.0000,0.0000,0.0000,3
87.52,3.25519,0.05775,0.09228,AUTO,HAZARD_VISION_STOP,0.0000,0.0000,0.0000,0.0000,0.0000,0.0000,3
87.54,3.25519,0.05775,0.09228,AUTO,HAZARD_VISION_STOP,0.0000,0.0000,0.0000,0.0000,0.0000,0.0000,3
87.56,3.25519,0.05775,0.09228,AUTO,HAZARD_VISION_STOP,0.0000,0.0000,0.0000,0.0000,0.0000,0.0000,3
87.58,3.25519,0.05775,0.09228,AUTO,HAZARD_VISION_STOP,0.0000,0.0000,0.0000,0.0000,0.0000,0.0000,3
87.60,3.25519,0.05775,0.09228,AUTO,HAZARD_VISION_STOP,0.0000,0.0000,0.0000,0.0000,0.0000,0.0000,3
87.62,3.25519,0.05775,0.09228,AUTO,HAZARD_VISION_STOP,0.0000,0.0000,0.0000,0.0000,0.0000,0.0000,3
87.64,3.25519,0.05775,0.09228,AUTO,HAZARD_VISION_STOP,0.0000,0.0000,0.0000,0.0000,0.0000,0.0000,3
87.66,3.25519,0.05775,0.09228,AUTO,HAZARD_VISION_STOP,0.0000,0.0000,0.0000,0.0000,0.0000,0.0000,3
87.68,3.25519,0.05775,0.09228,AUTO,HAZARD_VISION_STOP,0.0000,0.0000,0.0000,0.0000,0.0000,0.0000,3
87.70,3.25519,0.05775,0.09228,AUTO,HAZARD_VISION_STOP,0.0000,0.0000,0.0000,0.0000,0.0000,0.0000,3
87.72,3.25519,0.05775,0.09228,AUTO,HAZARD_VISION_STOP,0.0000,0.0000,0.0000,0.0000,0.0000,0.0000,3
87.74,3.25519,0.05775,0.09228,AUTO,HAZARD_VISION_STOP,0.0000,0.0000,0.0000,0.0000,0.0000,0.0000,3
87.76,3.25519,0.05775,0.09228,AUTO,HAZARD_VISION_STOP,0.0000,0.0000,0.0000,0.0000,0.0000,0.0000,3
87.78,3.25519,0.05775,0.09228,AUTO,HAZARD_VISION_STOP,0.0000,0.0000,0.0000,0.0000,0.0000,0.0000,3
87.80,3.25519,0.05775,0.09228,AUTO,HAZARD_VISION_STOP,0.0000,0.0000,0.0000,0.0000,0.0000,0.0000,3
87.82,3.25519,0.05775,0.09228,AUTO,HAZARD_VISION_STOP,0.0000,0.0000,0.0000,0.0000,0.0000,0.0000,3
87.84,3.25519,0.05775,0.09228,AUTO,HAZARD_VISION_STOP,0.0000,0.0000,0.0000,0.0000,0.0000,0.0000,3
87.86,3.25519,0.05775,0.09228,AUTO,HAZARD_VISION_STOP,0.0000,0.0000,0.0000,0.0000,0.0000,0.0000,3
87.88,3.25519,0.05775,0.09228,AUTO,HAZARD_VISION_STOP,0.0000,0.0000,0.0000,0.0000,0.0000,0.0000,3
87.90,3.25519,0.05775,0.09228,AUTO,HAZARD_VISION_STOP,0.0000,0.0000,0.0000,0.0000,0.0000,0.0000,3
87.92,3.25519,0.05775,0.09228,AUTO,HAZARD_VISION_STOP,0.0000,0.0000,0.0000,0.0000,0.0000,0.0000,3
87.94,3.25519,0.05775,0.09228,AUTO,HAZARD_VISION_STOP,0.0000,0.0000,0.0000,0.0000,0.0000,0.0000,3
87.96,3.25519,0.05775,0.09228,AUTO,HAZARD_VISION_STOP,0.0000,0.0000,0.0000,0.0000,0.0000,0.0000,3
87.98,3.25519,0.05775,0.09228,AUTO,HAZARD_VISION_STOP,0.0000,0.0000,0.0000,0.0000,0.0000,0.0000,3
88.00,3.25519,0.05775,0.09228,AUTO,HAZARD_VISION_STOP,0.0000,0.0000,0.0000,0.0000,0.0000,0.0000,3
88.02,3.25519,0.05775,0.09228,AUTO,HAZARD_VISION_STOP,0.0000,0.0000,0.0000,0.0000,0.0000,0.0000,3
88.04,3.25519,0.05775,0.09228,AUTO,HAZARD_VISION_STOP,0.0000,0.0000,0.0000,0.0000,0.0000,0.0000,3
88.06,3.25519,0.05775,0.09228,AUTO,HAZARD_VISION_STOP,0.0000,0.0000,0.0000,0.0000,0.0000,0.0000,3
88.08,3.25519,0.05775,0.09228,AUTO,HAZARD_VISION_STOP,0.0000,0.0000,0.0000,0.0000,0.0000,0.0000,3
88.10,3.25519,0.05775,0.09228,AUTO,HAZARD_VISION_STOP,0.0000,0.0000,0.0000,0.0000,0.0000,0.0000,3
88.12,3.25519,0.05775,0.09228,AUTO,HAZARD_VISION_STOP,0.0000,0.0000,0.0000,0.0000,0.0000,0.0000,3
88.14,3.25519,0.05775,0.09228,AUTO,HAZARD_VISION_STOP,0.0000,0.0000,0.0000,0.0000,0.0000,0.0000,3
88.16,3.25519,0.05775,0.09228,AUTO,HAZARD_VISION_STOP,0.0000,0.0000,0.0000,0.0000,0.0000,0.0000,3
88.18,3.25519,0.05775,0.09228,AUTO,HAZARD_VISION_STOP,0.0000,0.0000,0.0000,0.0000,0.0000,0.0000,3
88.20,3.25519,0.05775,0.09228,AUTO,HAZARD_VISION_STOP,0.0000,0.0000,0.0000,0.0000,0.0000,0.0000,3
88.22,3.25519,0.05775,0.09228,AUTO,HAZARD_VISION_STOP,0.0000,0.0000,0.0000,0.0000,0.0000,0.0000,3
88.24,3.25519,0.05775,0.09228,AUTO,HAZARD_VISION_STOP,0.0000,0.0000,0.0000,0.0000,0.0000,0.0000,3
88.26,3.25519,0.05775,0.09228,AUTO,HAZARD_VISION_STOP,0.0000,0.0000,0.0000,0.0000,0.0000,0.0000,3
88.28,3.25519,0.05775,0.09228,AUTO,HAZARD_VISION_STOP,0.0000,0.0000,0.0000,0.0000,0.0000,0.0000,3
88.30,3.25519,0.05775,0.09228,AUTO,HAZARD_VISION_STOP,0.0000,0.0000,0.0000,0.0000,0.0000,0.0000,3
88.32,3.25519,0.05775,0.09228,AUTO,HAZARD_VISION_STOP,0.0000,0.0000,0.0000,0.0000,0.0000,0.0000,3
88.34,3.25519,0.05775,0.09228,AUTO,HAZARD_VISION_STOP,0.0000,0.0000,0.0000,0.0000,0.0000,0.0000,3
88.36,3.25519,0.05775,0.09228,AUTO,HAZARD_VISION_STOP,0.0000,0.0000,0.0000,0.0000,0.0000,0.0000,3
88.38,3.25519,0.05775,0.09228,AUTO,HAZARD_VISION_STOP,0.0000,0.0000,0.0000,0.0000,0.0000,0.0000,3
88.40,3.25519,0.05775,0.09228,AUTO,HAZARD_VISION_STOP,0.0000,0.0000,0.0000,0.0000,0.0000,0.0000,3
88.42,3.25519,0.05775,0.09228,AUTO,HAZARD_VISION_STOP,0.0000,0.0000,0.0000,0.0000,0.0000,0.0000,3
88.44,3.25519,0.05775,0.09228,AUTO,HAZARD_VISION_STOP,0.0000,0.0000,0.0000,0.0000,0.0000,0.0000,3
88.46,3.25519,0.05775,0.09228,AUTO,HAZARD_VISION_STOP,0.0000,0.0000,0.0000,0.0000,0.0000,0.0000,3
88.48,3.25519,0.05775,0.09228,AUTO,HAZARD_VISION_STOP,0.0000,0.0000,0.0000,0.0000,0.0000,0.0000,3
88.50,3.25519,0.05775,0.09228,AUTO,HAZARD_VISION_STOP,0.0000,0.0000,0.0000,0.0000,0.0000,0.0000,3
88.52,3.25519,0.05775,0.09228,AUTO,HAZARD_VISION_STOP,0.0000,0.0000,0.0000,0.0000,0.0000,0.0000,3
88.54,3.25519,0.05775,0.09228,AUTO,HAZARD_VISION_STOP,0.0000,0.0000,0.0000,0.0000,0.0000,0.0000,3
88.56,3.25519,0.05775,0.09228,AUTO,HAZARD_VISION_STOP,0.0000,0.0000,0.0000,0.0000,0.0000,0.0000,3
88.58,3.25519,0.05775,0.09228,AUTO,HAZARD_VISION_STOP,0.0000,0.0000,0.0000,0.0000,0.0000,0.0000,3
88.60,3.25519,0.05775,0.09228,AUTO,HAZARD_VISION_STOP,0.0000,0.0000,0.0000,0.0000,0.0000,0.0000,3
88.62,3.25519,0.05775,0.09228,AUTO,HAZARD_VISION_STOP,0.0000,0.0000,0.0000,0.0000,0.0000,0.0000,3
88.64,3.25519,0.05775,0.09228,AUTO,HAZARD_VISION_STOP,0.0000,0.0000,0.0000,0.0000,0.0000,0.0000,3
88.66,3.25519,0.05775,0.09228,AUTO,HAZARD_VISION_STOP,0.0000,0.0000,0.0000,0.0000,0.0000,0.0000,3
88.68,3.25519,0.05775,0.09228,AUTO,HAZARD_VISION_STOP,0.0000,0.0000,0.0000,0.0000,0.0000,0.0000,3
88.70,3.25519,0.05775,0.09228,AUTO,HAZARD_VISION_STOP,0.0000,0.0000,0.0000,0.0000,0.0000,0.0000,3
88.72,3.25519,0.05775,0.09228,AUTO,HAZARD_VISION_STOP,0.0000,0.0000,0.0000,0.0000,0.0000,0.0000,3
88.74,3.25519,0.05775,0.09228,AUTO,HAZARD_VISION_STOP,0.0000,0.0000,0.0000,0.0000,0.0000,0.0000,3
88.76,3.25519,0.05775,0.09228,AUTO,HAZARD_VISION_STOP,0.0000,0.0000,0.0000,0.0000,0.0000,0.0000,3
88.78,3.25519,0.05775,0.09228,AUTO,HAZARD_VISION_STOP,0.0000,0.0000,0.0000,0.0000,0.0000,0.0000,3
88.80,3.25519,0.05775,0.09228,AUTO,HAZARD_VISION_STOP,0.0000,0.0000,0.0000,0.0000,0.0000,0.0000,3
88.82,3.25519,0.05775,0.09228,AUTO,HAZARD_VISION_STOP,0.0000,0.0000,0.0000,0.0000,0.0000,0.0000,3
88.84,3.25519,0.05775,0.09228,AUTO,HAZARD_VISION_STOP,0.0000,0.0000,0.0000,0.0000,0.0000,0.0000,3
88.86,3.25519,0.05775,0.09228,AUTO,HAZARD_VISION_STOP,0.0000,0.0000,0.0000,0.0000,0.0000,0.0000,3
88.88,3.25519,0.05775,0.09228,AUTO,HAZARD_VISION_STOP,0.0000,0.0000,0.0000,0.0000,0.0000,0.0000,3
88.90,3.25519,0.05775,0.09228,AUTO,HAZARD_VISION_STOP,0.0000,0.0000,0.0000,0.0000,0.0000,0.0000,3
88.92,3.25519,0.05775,0.09228,AUTO,HAZARD_VISION_STOP,0.0000,0.0000,0.0000,0.0000,0.0000,0.0000,3
88.94,3.25519,0.05775,0.09228,AUTO,HAZARD_VISION_STOP,0.0000,0.0000,0.0000,0.0000,0.0000,0.0000,3
88.96,3.25519,0.05775,0.09228,AUTO,HAZARD_VISION_STOP,0.0000,0.0000,0.0000,0.0000,0.0000,0.0000,3
88.98,3.25519,0.05775,0.09228,AUTO,HAZARD_VISION_STOP,0.0000,0.0000,0.0000,0.0000,0.0000,0.0000,3
89.00,3.25519,0.05775,0.09228,AUTO,HAZARD_VISION_STOP,0.0000,0.0000,0.0000,0.0000,0.0000,0.0000,3
89.02,3.25519,0.05775,0.09228,AUTO,HAZARD_VISION_STOP,0.0000,0.0000,0.0000,0.0000,0.0000,0.0000,3
89.04,3.25519,0.05775,0.09228,AUTO,HAZARD_VISION_STOP,0.0000,0.0000,0.0000,0.0000,0.0000,0.0000,3
89.06,3.25519,0.05775,0.09228,AUTO,HAZARD_VISION_STOP,0.0000,0.0000,0.0000,0.0000,0.0000,0.0000,3
89.08,3.25519,0.05775,0.09228,AUTO,HAZARD_VISION_STOP,0.0000,0.0000,0.0000,0.0000,0.0000,0.0000,3
89.10,3.25519,0.05775,0.09228,AUTO,HAZARD_VISION_STOP,0.0000,0.0000,0.0000,0.0000,0.0000,0.0000,3
89.12,3.25519,0.05775,0.09228,AUTO,HAZARD_VISION_STOP,0.0000,0.0000,0.0000,0.0000,0.0000,0.0000,3
89.14,3.25519,0.05775,0.09228,AUTO,HAZARD_VISION_STOP,0.0000,0.0000,0.0000,0.0000,0.0000,0.0000,3
89.16,3.25519,0.05775,0.09228,AUTO,HAZARD_VISION_STOP,0.0000,0.0000,0.0000,0.0000,0.0000,0.0000,3
89.18,3.25519,0.05775,0.09228,AUTO,HAZARD_VISION_STOP,0.0000,0.0000,0.0000,0.0000,0.0000,0.0000,3
89.20,3.25519,0.05775,0.09228,AUTO,HAZARD_VISION_STOP,0.0000,0.0000,0.0000,0.0000,0.0000,0.0000,3
89.22,3.25519,0.05775,0.09228,AUTO,HAZARD_VISION_STOP,0.0000,0.0000,0.0000,0.0000,0.0000,0.0000,3
89.24,3.25519,0.05775,0.09228,AUTO,HAZARD_VISION_STOP,0.0000,0.0000,0.0000,0.0000,0.0000,0.0000,3
89.26,3.25519,0.05775,0.09228,AUTO,HAZARD_VISION_STOP,0.0000,0.0000,0.0000,0.0000,0.0000,0.0000,3
89.28,3.25519,0.05775,0.09228,AUTO,HAZARD_VISION_STOP,0.0000,0.0000,0.0000,0.0000,0.0000,0.0000,3
89.30,3.25519,0.05775,0.09228,AUTO,HAZARD_VISION_STOP,0.0000,0.0000,0.0000,0.0000,0.0000,0.0000,3
89.32,3.25519,0.05775,0.09228,AUTO,HAZARD_VISION_STOP,0.0000,0.0000,0.0000,0.0000,0.0000,0.0000,3
89.34,3.25519,0.05775,0.09228,AUTO,HAZARD_VISION_STOP,0.0000,0.0000,0.0000,0.0000,0.0000,0.0000,3
89.36,3.25519,0.05775,0.09228,AUTO,HAZARD_VISION_STOP,0.0000,0.0000,0.0000,0.0000,0.0000,0.0000,3
89.38,3.25519,0.05775,0.09228,AUTO,HAZARD_VISION_STOP,0.0000,0.0000,0.0000,0.0000,0.0000,0.0000,3
89.40,3.25519,0.05775,0.09228,AUTO,HAZARD_VISION_STOP,0.0000,0.0000,0.0000,0.0000,0.0000,0.0000,3
89.42,3.25519,0.05775,0.09228,AUTO,HAZARD_VISION_STOP,0.0000,0.0000,0.0000,0.0000,0.0000,0.0000,3
89.44,3.25519,0.05775,0.09228,AUTO,HAZARD_VISION_STOP,0.0000,0.0000,0.0000,0.0000,0.0000,0.0000,3
89.46,3.25519,0.05775,0.09228,AUTO,HAZARD_VISION_STOP,0.0000,0.0000,0.0000,0.0000,0.0000,0.0000,3
89.48,3.25519,0.05775,0.09228,AUTO,HAZARD_VISION_STOP,0.0000,0.0000,0.0000,0.0000,0.0000,0.0000,3
89.50,3.25519,0.05775,0.09228,AUTO,HAZARD_VISION_STOP,0.0000,0.0000,0.0000,0.0000,0.0000,0.0000,3
89.52,3.25519,0.05775,0.09228,AUTO,HAZARD_VISION_STOP,0.0000,0.0000,0.0000,0.0000,0.0000,0.0000,3
89.54,3.25519,0.05775,0.09228,AUTO,HAZARD_VISION_STOP,0.0000,0.0000,0.0000,0.0000,0.0000,0.0000,3
89.56,3.25519,0.05775,0.09228,AUTO,HAZARD_VISION_STOP,0.0000,0.0000,0.0000,0.0000,0.0000,0.0000,3
89.58,3.25519,0.05775,0.09228,AUTO,HAZARD_VISION_STOP,0.0000,0.0000,0.0000,0.0000,0.0000,0.0000,3
89.60,3.25519,0.05775,0.09228,AUTO,HAZARD_VISION_STOP,0.0000,0.0000,0.0000,0.0000,0.0000,0.0000,3
89.62,3.25519,0.05775,0.09228,AUTO,HAZARD_VISION_STOP,0.0000,0.0000,0.0000,0.0000,0.0000,0.0000,3
89.64,3.25519,0.05775,0.09228,AUTO,HAZARD_VISION_STOP,0.0000,0.0000,0.0000,0.0000,0.0000,0.0000,3
89.66,3.25519,0.05775,0.09228,AUTO,HAZARD_VISION_STOP,0.0000,0.0000,0.0000,0.0000,0.0000,0.0000,3
89.68,3.25519,0.05775,0.09228,AUTO,HAZARD_VISION_STOP,0.0000,0.0000,0.0000,0.0000,0.0000,0.0000,3
89.70,3.25519,0.05775,0.09228,AUTO,HAZARD_VISION_STOP,0.0000,0.0000,0.0000,0.0000,0.0000,0.0000,3
89.72,3.25519,0.05775,0.09228,AUTO,HAZARD_VISION_STOP,0.0000,0.0000,0.0000,0.0000,0.0000,0.0000,3
89.74,3.25519,0.05775,0.09228,AUTO,HAZARD_VISION_STOP,0.0000,0.0000,0.0000,0.0000,0.0000,0.0000,3
89.76,3.25519,0.05775,0.09228,AUTO,HAZARD_VISION_STOP,0.0000,0.0000,0.0000,0.0000,0.0000,0.0000,3
89.78,3.25519,0.05775,0.09228,AUTO,HAZARD_VISION_STOP,0.0000,0.0000,0.0000,0.0000,0.0000,0.0000,3
89.80,3.25519,0.05775,0.09228,AUTO,HAZARD_VISION_STOP,0.0000,0.0000,0.0000,0.0000,0.0000,0.0000,3
89.82,3.25519,0.05775,0.09228,AUTO,HAZARD_VISION_STOP,0.0000,0.0000,0.0000,0.0000,0.0000,0.0000,3
89.84,3.25519,0.05775,0.09228,AUTO,HAZARD_VISION_STOP,0.0000,0.0000,0.0000,0.0000,0.0000,0.0000,3
89.86,3.25519,0.05775,0.09228,AUTO,HAZARD_VISION_STOP,0.0000,0.0000,0.0000,0.0000,0.0000,0.0000,3
89.88,3.25519,0.05775,0.09228,AUTO,HAZARD_VISION_STOP,0.0000,0.0000,0.0000,0.0000,0.0000,0.0000,3
89.90,3.25519,0.05775,0.09228,AUTO,HAZARD_VISION_STOP,0.0000,0.0000,0.0000,0.0000,0.0000,0.0000,3
89.92,3.25519,0.05775,0.09228,AUTO,HAZARD_VISION_STOP,0.0000,0.0000,0.0000,0.0000,0.0000,0.0000,3
89.94,3.25519,0.05775,0.09228,AUTO,HAZARD_VISION_STOP,0.0000,0.0000,0.0000,0.0000,0.0000,0.0000,3
89.96,3.25519,0.05775,0.09228,AUTO,HAZARD_VISION_STOP,0.0000,0.0000,0.0000,0.0000,0.0000,0.0000,3
89.98,3.25519,0.05775,0.09228,AUTO,HAZARD_VISION_STOP,0.0000,0.0000,0.0000,0.0000,0.0000,0.0000,3
